solid ASCII
  facet normal 7.071068e-01 0.000000e+00 -7.071068e-01
    outer loop
      vertex   2.340000e+01 0.000000e+00 6.430000e+01
      vertex   1.720000e+01 0.000000e+00 5.810000e+01
      vertex   2.340000e+01 1.500000e+00 6.430000e+01
    endloop
  endfacet
  facet normal 7.071068e-01 0.000000e+00 -7.071068e-01
    outer loop
      vertex   2.340000e+01 1.500000e+00 6.430000e+01
      vertex   1.720000e+01 0.000000e+00 5.810000e+01
      vertex   1.720000e+01 1.500000e+00 5.810000e+01
    endloop
  endfacet
  facet normal 0.000000e+00 0.000000e+00 -1.000000e+00
    outer loop
      vertex   3.870000e+01 0.000000e+00 6.430000e+01
      vertex   2.340000e+01 0.000000e+00 6.430000e+01
      vertex   3.870000e+01 1.500000e+00 6.430000e+01
    endloop
  endfacet
  facet normal -0.000000e+00 0.000000e+00 -1.000000e+00
    outer loop
      vertex   3.870000e+01 1.500000e+00 6.430000e+01
      vertex   2.340000e+01 0.000000e+00 6.430000e+01
      vertex   2.340000e+01 1.500000e+00 6.430000e+01
    endloop
  endfacet
  facet normal -7.071068e-01 0.000000e+00 -7.071068e-01
    outer loop
      vertex   4.490000e+01 0.000000e+00 5.810000e+01
      vertex   3.870000e+01 0.000000e+00 6.430000e+01
      vertex   4.490000e+01 1.500000e+00 5.810000e+01
    endloop
  endfacet
  facet normal -7.071068e-01 0.000000e+00 -7.071068e-01
    outer loop
      vertex   4.490000e+01 1.500000e+00 5.810000e+01
      vertex   3.870000e+01 0.000000e+00 6.430000e+01
      vertex   3.870000e+01 1.500000e+00 6.430000e+01
    endloop
  endfacet
  facet normal -1.000000e+00 0.000000e+00 0.000000e+00
    outer loop
      vertex   4.490000e+01 0.000000e+00 2.170000e+01
      vertex   4.490000e+01 0.000000e+00 5.810000e+01
      vertex   4.490000e+01 1.500000e+00 2.170000e+01
    endloop
  endfacet
  facet normal -1.000000e+00 0.000000e+00 0.000000e+00
    outer loop
      vertex   4.490000e+01 1.500000e+00 2.170000e+01
      vertex   4.490000e+01 0.000000e+00 5.810000e+01
      vertex   4.490000e+01 1.500000e+00 5.810000e+01
    endloop
  endfacet
  facet normal -6.540313e-02 -2.363405e-15 9.978589e-01
    outer loop
      vertex   4.040000e+01 1.500000e+00 1.720000e+01
      vertex   4.040000e+01 0.000000e+00 1.720000e+01
      vertex   4.098737e+01 1.500000e+00 1.723850e+01
    endloop
  endfacet
  facet normal -6.540313e-02 0.000000e+00 9.978589e-01
    outer loop
      vertex   4.098737e+01 1.500000e+00 1.723850e+01
      vertex   4.040000e+01 0.000000e+00 1.720000e+01
      vertex   4.098737e+01 0.000000e+00 1.723850e+01
    endloop
  endfacet
  facet normal -1.950903e-01 0.000000e+00 9.807853e-01
    outer loop
      vertex   4.098737e+01 1.500000e+00 1.723850e+01
      vertex   4.098737e+01 0.000000e+00 1.723850e+01
      vertex   4.156469e+01 1.500000e+00 1.735333e+01
    endloop
  endfacet
  facet normal -1.950903e-01 0.000000e+00 9.807853e-01
    outer loop
      vertex   4.156469e+01 1.500000e+00 1.735333e+01
      vertex   4.098737e+01 0.000000e+00 1.723850e+01
      vertex   4.156469e+01 0.000000e+00 1.735333e+01
    endloop
  endfacet
  facet normal -3.214395e-01 0.000000e+00 9.469301e-01
    outer loop
      vertex   4.156469e+01 1.500000e+00 1.735333e+01
      vertex   4.156469e+01 0.000000e+00 1.735333e+01
      vertex   4.212208e+01 1.500000e+00 1.754254e+01
    endloop
  endfacet
  facet normal -3.214395e-01 0.000000e+00 9.469301e-01
    outer loop
      vertex   4.212208e+01 1.500000e+00 1.754254e+01
      vertex   4.156469e+01 0.000000e+00 1.735333e+01
      vertex   4.212208e+01 0.000000e+00 1.754254e+01
    endloop
  endfacet
  facet normal -4.422887e-01 0.000000e+00 8.968727e-01
    outer loop
      vertex   4.212208e+01 1.500000e+00 1.754254e+01
      vertex   4.212208e+01 0.000000e+00 1.754254e+01
      vertex   4.265000e+01 1.500000e+00 1.780289e+01
    endloop
  endfacet
  facet normal -4.422887e-01 0.000000e+00 8.968727e-01
    outer loop
      vertex   4.265000e+01 1.500000e+00 1.780289e+01
      vertex   4.212208e+01 0.000000e+00 1.754254e+01
      vertex   4.265000e+01 0.000000e+00 1.780289e+01
    endloop
  endfacet
  facet normal -5.555702e-01 0.000000e+00 8.314696e-01
    outer loop
      vertex   4.265000e+01 1.500000e+00 1.780289e+01
      vertex   4.265000e+01 0.000000e+00 1.780289e+01
      vertex   4.313943e+01 1.500000e+00 1.812991e+01
    endloop
  endfacet
  facet normal -5.555702e-01 0.000000e+00 8.314696e-01
    outer loop
      vertex   4.313943e+01 1.500000e+00 1.812991e+01
      vertex   4.265000e+01 0.000000e+00 1.780289e+01
      vertex   4.313943e+01 0.000000e+00 1.812991e+01
    endloop
  endfacet
  facet normal -6.593458e-01 0.000000e+00 7.518398e-01
    outer loop
      vertex   4.313943e+01 1.500000e+00 1.812991e+01
      vertex   4.313943e+01 0.000000e+00 1.812991e+01
      vertex   4.358198e+01 1.500000e+00 1.851802e+01
    endloop
  endfacet
  facet normal -6.593458e-01 0.000000e+00 7.518398e-01
    outer loop
      vertex   4.358198e+01 1.500000e+00 1.851802e+01
      vertex   4.313943e+01 0.000000e+00 1.812991e+01
      vertex   4.358198e+01 0.000000e+00 1.851802e+01
    endloop
  endfacet
  facet normal -7.518398e-01 0.000000e+00 6.593458e-01
    outer loop
      vertex   4.358198e+01 1.500000e+00 1.851802e+01
      vertex   4.358198e+01 0.000000e+00 1.851802e+01
      vertex   4.397009e+01 1.500000e+00 1.896057e+01
    endloop
  endfacet
  facet normal -7.518398e-01 0.000000e+00 6.593458e-01
    outer loop
      vertex   4.397009e+01 1.500000e+00 1.896057e+01
      vertex   4.358198e+01 0.000000e+00 1.851802e+01
      vertex   4.397009e+01 0.000000e+00 1.896057e+01
    endloop
  endfacet
  facet normal -8.314696e-01 0.000000e+00 5.555702e-01
    outer loop
      vertex   4.397009e+01 1.500000e+00 1.896057e+01
      vertex   4.397009e+01 0.000000e+00 1.896057e+01
      vertex   4.429711e+01 1.500000e+00 1.945000e+01
    endloop
  endfacet
  facet normal -8.314696e-01 0.000000e+00 5.555702e-01
    outer loop
      vertex   4.429711e+01 1.500000e+00 1.945000e+01
      vertex   4.397009e+01 0.000000e+00 1.896057e+01
      vertex   4.429711e+01 0.000000e+00 1.945000e+01
    endloop
  endfacet
  facet normal -8.968727e-01 0.000000e+00 4.422887e-01
    outer loop
      vertex   4.429711e+01 1.500000e+00 1.945000e+01
      vertex   4.429711e+01 0.000000e+00 1.945000e+01
      vertex   4.455746e+01 1.500000e+00 1.997792e+01
    endloop
  endfacet
  facet normal -8.968727e-01 0.000000e+00 4.422887e-01
    outer loop
      vertex   4.455746e+01 1.500000e+00 1.997792e+01
      vertex   4.429711e+01 0.000000e+00 1.945000e+01
      vertex   4.455746e+01 0.000000e+00 1.997792e+01
    endloop
  endfacet
  facet normal -9.469301e-01 0.000000e+00 3.214395e-01
    outer loop
      vertex   4.455746e+01 1.500000e+00 1.997792e+01
      vertex   4.455746e+01 0.000000e+00 1.997792e+01
      vertex   4.474667e+01 1.500000e+00 2.053531e+01
    endloop
  endfacet
  facet normal -9.469301e-01 0.000000e+00 3.214395e-01
    outer loop
      vertex   4.474667e+01 1.500000e+00 2.053531e+01
      vertex   4.455746e+01 0.000000e+00 1.997792e+01
      vertex   4.474667e+01 0.000000e+00 2.053531e+01
    endloop
  endfacet
  facet normal -9.807853e-01 0.000000e+00 1.950903e-01
    outer loop
      vertex   4.474667e+01 1.500000e+00 2.053531e+01
      vertex   4.474667e+01 0.000000e+00 2.053531e+01
      vertex   4.486150e+01 1.500000e+00 2.111263e+01
    endloop
  endfacet
  facet normal -9.807853e-01 0.000000e+00 1.950903e-01
    outer loop
      vertex   4.486150e+01 1.500000e+00 2.111263e+01
      vertex   4.474667e+01 0.000000e+00 2.053531e+01
      vertex   4.486150e+01 0.000000e+00 2.111263e+01
    endloop
  endfacet
  facet normal -9.978589e-01 0.000000e+00 6.540313e-02
    outer loop
      vertex   4.486150e+01 1.500000e+00 2.111263e+01
      vertex   4.486150e+01 0.000000e+00 2.111263e+01
      vertex   4.490000e+01 1.500000e+00 2.170000e+01
    endloop
  endfacet
  facet normal -9.978589e-01 0.000000e+00 6.540313e-02
    outer loop
      vertex   4.490000e+01 1.500000e+00 2.170000e+01
      vertex   4.486150e+01 0.000000e+00 2.111263e+01
      vertex   4.490000e+01 0.000000e+00 2.170000e+01
    endloop
  endfacet
  facet normal -1.899847e-16 2.368476e-15 1.000000e+00
    outer loop
      vertex   2.170000e+01 0.000000e+00 1.720000e+01
      vertex   4.040000e+01 0.000000e+00 1.720000e+01
      vertex   2.170000e+01 1.500000e+00 1.720000e+01
    endloop
  endfacet
  facet normal -5.699541e-16 -2.368476e-15 1.000000e+00
    outer loop
      vertex   2.170000e+01 1.500000e+00 1.720000e+01
      vertex   4.040000e+01 0.000000e+00 1.720000e+01
      vertex   4.040000e+01 1.500000e+00 1.720000e+01
    endloop
  endfacet
  facet normal 9.978589e-01 0.000000e+00 6.540313e-02
    outer loop
      vertex   1.720000e+01 1.500000e+00 2.170000e+01
      vertex   1.720000e+01 0.000000e+00 2.170000e+01
      vertex   1.723850e+01 1.500000e+00 2.111263e+01
    endloop
  endfacet
  facet normal 9.978589e-01 0.000000e+00 6.540313e-02
    outer loop
      vertex   1.723850e+01 1.500000e+00 2.111263e+01
      vertex   1.720000e+01 0.000000e+00 2.170000e+01
      vertex   1.723850e+01 0.000000e+00 2.111263e+01
    endloop
  endfacet
  facet normal 9.807853e-01 0.000000e+00 1.950903e-01
    outer loop
      vertex   1.723850e+01 1.500000e+00 2.111263e+01
      vertex   1.723850e+01 0.000000e+00 2.111263e+01
      vertex   1.735333e+01 1.500000e+00 2.053531e+01
    endloop
  endfacet
  facet normal 9.807853e-01 0.000000e+00 1.950903e-01
    outer loop
      vertex   1.735333e+01 1.500000e+00 2.053531e+01
      vertex   1.723850e+01 0.000000e+00 2.111263e+01
      vertex   1.735333e+01 0.000000e+00 2.053531e+01
    endloop
  endfacet
  facet normal 9.469301e-01 0.000000e+00 3.214395e-01
    outer loop
      vertex   1.735333e+01 1.500000e+00 2.053531e+01
      vertex   1.735333e+01 0.000000e+00 2.053531e+01
      vertex   1.754254e+01 1.500000e+00 1.997792e+01
    endloop
  endfacet
  facet normal 9.469301e-01 0.000000e+00 3.214395e-01
    outer loop
      vertex   1.754254e+01 1.500000e+00 1.997792e+01
      vertex   1.735333e+01 0.000000e+00 2.053531e+01
      vertex   1.754254e+01 0.000000e+00 1.997792e+01
    endloop
  endfacet
  facet normal 8.968727e-01 0.000000e+00 4.422887e-01
    outer loop
      vertex   1.754254e+01 1.500000e+00 1.997792e+01
      vertex   1.754254e+01 0.000000e+00 1.997792e+01
      vertex   1.780289e+01 1.500000e+00 1.945000e+01
    endloop
  endfacet
  facet normal 8.968727e-01 0.000000e+00 4.422887e-01
    outer loop
      vertex   1.780289e+01 1.500000e+00 1.945000e+01
      vertex   1.754254e+01 0.000000e+00 1.997792e+01
      vertex   1.780289e+01 0.000000e+00 1.945000e+01
    endloop
  endfacet
  facet normal 8.314696e-01 0.000000e+00 5.555702e-01
    outer loop
      vertex   1.780289e+01 1.500000e+00 1.945000e+01
      vertex   1.780289e+01 0.000000e+00 1.945000e+01
      vertex   1.812991e+01 1.500000e+00 1.896057e+01
    endloop
  endfacet
  facet normal 8.314696e-01 0.000000e+00 5.555702e-01
    outer loop
      vertex   1.812991e+01 1.500000e+00 1.896057e+01
      vertex   1.780289e+01 0.000000e+00 1.945000e+01
      vertex   1.812991e+01 0.000000e+00 1.896057e+01
    endloop
  endfacet
  facet normal 7.518398e-01 0.000000e+00 6.593458e-01
    outer loop
      vertex   1.812991e+01 1.500000e+00 1.896057e+01
      vertex   1.812991e+01 0.000000e+00 1.896057e+01
      vertex   1.851802e+01 1.500000e+00 1.851802e+01
    endloop
  endfacet
  facet normal 7.518398e-01 0.000000e+00 6.593458e-01
    outer loop
      vertex   1.851802e+01 1.500000e+00 1.851802e+01
      vertex   1.812991e+01 0.000000e+00 1.896057e+01
      vertex   1.851802e+01 0.000000e+00 1.851802e+01
    endloop
  endfacet
  facet normal 6.593458e-01 0.000000e+00 7.518398e-01
    outer loop
      vertex   1.851802e+01 1.500000e+00 1.851802e+01
      vertex   1.851802e+01 0.000000e+00 1.851802e+01
      vertex   1.896057e+01 1.500000e+00 1.812991e+01
    endloop
  endfacet
  facet normal 6.593458e-01 0.000000e+00 7.518398e-01
    outer loop
      vertex   1.896057e+01 1.500000e+00 1.812991e+01
      vertex   1.851802e+01 0.000000e+00 1.851802e+01
      vertex   1.896057e+01 0.000000e+00 1.812991e+01
    endloop
  endfacet
  facet normal 5.555702e-01 0.000000e+00 8.314696e-01
    outer loop
      vertex   1.896057e+01 1.500000e+00 1.812991e+01
      vertex   1.896057e+01 0.000000e+00 1.812991e+01
      vertex   1.945000e+01 1.500000e+00 1.780289e+01
    endloop
  endfacet
  facet normal 5.555702e-01 0.000000e+00 8.314696e-01
    outer loop
      vertex   1.945000e+01 1.500000e+00 1.780289e+01
      vertex   1.896057e+01 0.000000e+00 1.812991e+01
      vertex   1.945000e+01 0.000000e+00 1.780289e+01
    endloop
  endfacet
  facet normal 4.422887e-01 0.000000e+00 8.968727e-01
    outer loop
      vertex   1.945000e+01 1.500000e+00 1.780289e+01
      vertex   1.945000e+01 0.000000e+00 1.780289e+01
      vertex   1.997792e+01 1.500000e+00 1.754254e+01
    endloop
  endfacet
  facet normal 4.422887e-01 0.000000e+00 8.968727e-01
    outer loop
      vertex   1.997792e+01 1.500000e+00 1.754254e+01
      vertex   1.945000e+01 0.000000e+00 1.780289e+01
      vertex   1.997792e+01 0.000000e+00 1.754254e+01
    endloop
  endfacet
  facet normal 3.214395e-01 0.000000e+00 9.469301e-01
    outer loop
      vertex   1.997792e+01 1.500000e+00 1.754254e+01
      vertex   1.997792e+01 0.000000e+00 1.754254e+01
      vertex   2.053531e+01 1.500000e+00 1.735333e+01
    endloop
  endfacet
  facet normal 3.214395e-01 0.000000e+00 9.469301e-01
    outer loop
      vertex   2.053531e+01 1.500000e+00 1.735333e+01
      vertex   1.997792e+01 0.000000e+00 1.754254e+01
      vertex   2.053531e+01 0.000000e+00 1.735333e+01
    endloop
  endfacet
  facet normal 1.950903e-01 0.000000e+00 9.807853e-01
    outer loop
      vertex   2.053531e+01 1.500000e+00 1.735333e+01
      vertex   2.053531e+01 0.000000e+00 1.735333e+01
      vertex   2.111263e+01 1.500000e+00 1.723850e+01
    endloop
  endfacet
  facet normal 1.950903e-01 0.000000e+00 9.807853e-01
    outer loop
      vertex   2.111263e+01 1.500000e+00 1.723850e+01
      vertex   2.053531e+01 0.000000e+00 1.735333e+01
      vertex   2.111263e+01 0.000000e+00 1.723850e+01
    endloop
  endfacet
  facet normal 6.540313e-02 0.000000e+00 9.978589e-01
    outer loop
      vertex   2.111263e+01 1.500000e+00 1.723850e+01
      vertex   2.111263e+01 0.000000e+00 1.723850e+01
      vertex   2.170000e+01 1.500000e+00 1.720000e+01
    endloop
  endfacet
  facet normal 6.540313e-02 2.363405e-15 9.978589e-01
    outer loop
      vertex   2.170000e+01 1.500000e+00 1.720000e+01
      vertex   2.111263e+01 0.000000e+00 1.723850e+01
      vertex   2.170000e+01 0.000000e+00 1.720000e+01
    endloop
  endfacet
  facet normal 1.000000e+00 -0.000000e+00 1.952040e-16
    outer loop
      vertex   1.720000e+01 0.000000e+00 5.810000e+01
      vertex   1.720000e+01 0.000000e+00 2.170000e+01
      vertex   1.720000e+01 1.500000e+00 5.810000e+01
    endloop
  endfacet
  facet normal 1.000000e+00 0.000000e+00 1.952040e-16
    outer loop
      vertex   1.720000e+01 1.500000e+00 5.810000e+01
      vertex   1.720000e+01 0.000000e+00 2.170000e+01
      vertex   1.720000e+01 1.500000e+00 2.170000e+01
    endloop
  endfacet
  facet normal 0.000000e+00 1.000000e+00 0.000000e+00
    outer loop
      vertex   1.720000e+01 1.500000e+00 2.170000e+01
      vertex   1.470000e+01 1.500000e+00 2.170000e+01
      vertex   1.720000e+01 1.500000e+00 5.810000e+01
    endloop
  endfacet
  facet normal 0.000000e+00 1.000000e+00 0.000000e+00
    outer loop
      vertex   1.720000e+01 1.500000e+00 5.810000e+01
      vertex   1.470000e+01 1.500000e+00 2.170000e+01
      vertex   1.470000e+01 1.500000e+00 5.913553e+01
    endloop
  endfacet
  facet normal 0.000000e+00 1.000000e+00 -0.000000e+00
    outer loop
      vertex   1.720000e+01 1.500000e+00 5.810000e+01
      vertex   1.470000e+01 1.500000e+00 5.913553e+01
      vertex   2.236447e+01 1.500000e+00 6.680000e+01
    endloop
  endfacet
  facet normal -0.000000e+00 1.000000e+00 0.000000e+00
    outer loop
      vertex   1.470000e+01 1.500000e+00 2.170000e+01
      vertex   1.720000e+01 1.500000e+00 2.170000e+01
      vertex   1.474401e+01 1.500000e+00 2.091625e+01
    endloop
  endfacet
  facet normal 0.000000e+00 1.000000e+00 0.000000e+00
    outer loop
      vertex   1.474401e+01 1.500000e+00 2.091625e+01
      vertex   1.720000e+01 1.500000e+00 2.170000e+01
      vertex   1.723850e+01 1.500000e+00 2.111263e+01
    endloop
  endfacet
  facet normal -0.000000e+00 1.000000e+00 0.000000e+00
    outer loop
      vertex   1.474401e+01 1.500000e+00 2.091625e+01
      vertex   1.723850e+01 1.500000e+00 2.111263e+01
      vertex   1.487550e+01 1.500000e+00 2.014235e+01
    endloop
  endfacet
  facet normal -0.000000e+00 1.000000e+00 0.000000e+00
    outer loop
      vertex   1.487550e+01 1.500000e+00 2.014235e+01
      vertex   1.723850e+01 1.500000e+00 2.111263e+01
      vertex   1.509282e+01 1.500000e+00 1.938805e+01
    endloop
  endfacet
  facet normal 0.000000e+00 1.000000e+00 0.000000e+00
    outer loop
      vertex   1.509282e+01 1.500000e+00 1.938805e+01
      vertex   1.723850e+01 1.500000e+00 2.111263e+01
      vertex   1.735333e+01 1.500000e+00 2.053531e+01
    endloop
  endfacet
  facet normal -0.000000e+00 1.000000e+00 0.000000e+00
    outer loop
      vertex   1.509282e+01 1.500000e+00 1.938805e+01
      vertex   1.735333e+01 1.500000e+00 2.053531e+01
      vertex   1.539322e+01 1.500000e+00 1.866281e+01
    endloop
  endfacet
  facet normal -0.000000e+00 1.000000e+00 0.000000e+00
    outer loop
      vertex   1.539322e+01 1.500000e+00 1.866281e+01
      vertex   1.735333e+01 1.500000e+00 2.053531e+01
      vertex   1.577293e+01 1.500000e+00 1.797578e+01
    endloop
  endfacet
  facet normal 0.000000e+00 1.000000e+00 0.000000e+00
    outer loop
      vertex   1.577293e+01 1.500000e+00 1.797578e+01
      vertex   1.735333e+01 1.500000e+00 2.053531e+01
      vertex   1.754254e+01 1.500000e+00 1.997792e+01
    endloop
  endfacet
  facet normal -0.000000e+00 1.000000e+00 0.000000e+00
    outer loop
      vertex   1.577293e+01 1.500000e+00 1.797578e+01
      vertex   1.754254e+01 1.500000e+00 1.997792e+01
      vertex   1.622718e+01 1.500000e+00 1.733557e+01
    endloop
  endfacet
  facet normal 0.000000e+00 1.000000e+00 0.000000e+00
    outer loop
      vertex   1.622718e+01 1.500000e+00 1.733557e+01
      vertex   1.754254e+01 1.500000e+00 1.997792e+01
      vertex   1.780289e+01 1.500000e+00 1.945000e+01
    endloop
  endfacet
  facet normal -0.000000e+00 1.000000e+00 0.000000e+00
    outer loop
      vertex   1.622718e+01 1.500000e+00 1.733557e+01
      vertex   1.780289e+01 1.500000e+00 1.945000e+01
      vertex   1.675025e+01 1.500000e+00 1.675025e+01
    endloop
  endfacet
  facet normal 0.000000e+00 1.000000e+00 0.000000e+00
    outer loop
      vertex   1.675025e+01 1.500000e+00 1.675025e+01
      vertex   1.780289e+01 1.500000e+00 1.945000e+01
      vertex   1.812991e+01 1.500000e+00 1.896057e+01
    endloop
  endfacet
  facet normal -0.000000e+00 1.000000e+00 0.000000e+00
    outer loop
      vertex   1.675025e+01 1.500000e+00 1.675025e+01
      vertex   1.812991e+01 1.500000e+00 1.896057e+01
      vertex   1.733557e+01 1.500000e+00 1.622718e+01
    endloop
  endfacet
  facet normal 0.000000e+00 1.000000e+00 0.000000e+00
    outer loop
      vertex   1.733557e+01 1.500000e+00 1.622718e+01
      vertex   1.812991e+01 1.500000e+00 1.896057e+01
      vertex   1.851802e+01 1.500000e+00 1.851802e+01
    endloop
  endfacet
  facet normal -0.000000e+00 1.000000e+00 0.000000e+00
    outer loop
      vertex   1.733557e+01 1.500000e+00 1.622718e+01
      vertex   1.851802e+01 1.500000e+00 1.851802e+01
      vertex   1.797578e+01 1.500000e+00 1.577293e+01
    endloop
  endfacet
  facet normal 0.000000e+00 1.000000e+00 0.000000e+00
    outer loop
      vertex   1.797578e+01 1.500000e+00 1.577293e+01
      vertex   1.851802e+01 1.500000e+00 1.851802e+01
      vertex   1.896057e+01 1.500000e+00 1.812991e+01
    endloop
  endfacet
  facet normal -0.000000e+00 1.000000e+00 0.000000e+00
    outer loop
      vertex   1.797578e+01 1.500000e+00 1.577293e+01
      vertex   1.896057e+01 1.500000e+00 1.812991e+01
      vertex   1.866281e+01 1.500000e+00 1.539322e+01
    endloop
  endfacet
  facet normal 0.000000e+00 1.000000e+00 0.000000e+00
    outer loop
      vertex   1.866281e+01 1.500000e+00 1.539322e+01
      vertex   1.896057e+01 1.500000e+00 1.812991e+01
      vertex   1.945000e+01 1.500000e+00 1.780289e+01
    endloop
  endfacet
  facet normal -0.000000e+00 1.000000e+00 0.000000e+00
    outer loop
      vertex   1.866281e+01 1.500000e+00 1.539322e+01
      vertex   1.945000e+01 1.500000e+00 1.780289e+01
      vertex   1.938805e+01 1.500000e+00 1.509282e+01
    endloop
  endfacet
  facet normal 0.000000e+00 1.000000e+00 0.000000e+00
    outer loop
      vertex   1.938805e+01 1.500000e+00 1.509282e+01
      vertex   1.945000e+01 1.500000e+00 1.780289e+01
      vertex   1.997792e+01 1.500000e+00 1.754254e+01
    endloop
  endfacet
  facet normal -0.000000e+00 1.000000e+00 0.000000e+00
    outer loop
      vertex   1.938805e+01 1.500000e+00 1.509282e+01
      vertex   1.997792e+01 1.500000e+00 1.754254e+01
      vertex   2.014235e+01 1.500000e+00 1.487550e+01
    endloop
  endfacet
  facet normal 0.000000e+00 1.000000e+00 -0.000000e+00
    outer loop
      vertex   2.014235e+01 1.500000e+00 1.487550e+01
      vertex   1.997792e+01 1.500000e+00 1.754254e+01
      vertex   2.053531e+01 1.500000e+00 1.735333e+01
    endloop
  endfacet
  facet normal -0.000000e+00 1.000000e+00 0.000000e+00
    outer loop
      vertex   2.014235e+01 1.500000e+00 1.487550e+01
      vertex   2.053531e+01 1.500000e+00 1.735333e+01
      vertex   2.091625e+01 1.500000e+00 1.474401e+01
    endloop
  endfacet
  facet normal 0.000000e+00 1.000000e+00 -0.000000e+00
    outer loop
      vertex   2.091625e+01 1.500000e+00 1.474401e+01
      vertex   2.053531e+01 1.500000e+00 1.735333e+01
      vertex   2.111263e+01 1.500000e+00 1.723850e+01
    endloop
  endfacet
  facet normal -0.000000e+00 1.000000e+00 0.000000e+00
    outer loop
      vertex   2.091625e+01 1.500000e+00 1.474401e+01
      vertex   2.111263e+01 1.500000e+00 1.723850e+01
      vertex   2.170000e+01 1.500000e+00 1.470000e+01
    endloop
  endfacet
  facet normal 0.000000e+00 1.000000e+00 -0.000000e+00
    outer loop
      vertex   2.170000e+01 1.500000e+00 1.470000e+01
      vertex   2.111263e+01 1.500000e+00 1.723850e+01
      vertex   2.170000e+01 1.500000e+00 1.720000e+01
    endloop
  endfacet
  facet normal 0.000000e+00 1.000000e+00 0.000000e+00
    outer loop
      vertex   2.170000e+01 1.500000e+00 1.470000e+01
      vertex   2.170000e+01 1.500000e+00 1.720000e+01
      vertex   4.040000e+01 1.500000e+00 1.720000e+01
    endloop
  endfacet
  facet normal 0.000000e+00 1.000000e+00 0.000000e+00
    outer loop
      vertex   2.170000e+01 1.500000e+00 1.470000e+01
      vertex   4.040000e+01 1.500000e+00 1.720000e+01
      vertex   4.040000e+01 1.500000e+00 1.470000e+01
    endloop
  endfacet
  facet normal 0.000000e+00 1.000000e+00 0.000000e+00
    outer loop
      vertex   4.040000e+01 1.500000e+00 1.470000e+01
      vertex   4.040000e+01 1.500000e+00 1.720000e+01
      vertex   4.098737e+01 1.500000e+00 1.723850e+01
    endloop
  endfacet
  facet normal 0.000000e+00 1.000000e+00 0.000000e+00
    outer loop
      vertex   4.040000e+01 1.500000e+00 1.470000e+01
      vertex   4.098737e+01 1.500000e+00 1.723850e+01
      vertex   4.118375e+01 1.500000e+00 1.474401e+01
    endloop
  endfacet
  facet normal 0.000000e+00 1.000000e+00 -0.000000e+00
    outer loop
      vertex   4.118375e+01 1.500000e+00 1.474401e+01
      vertex   4.098737e+01 1.500000e+00 1.723850e+01
      vertex   4.156469e+01 1.500000e+00 1.735333e+01
    endloop
  endfacet
  facet normal 0.000000e+00 1.000000e+00 0.000000e+00
    outer loop
      vertex   4.118375e+01 1.500000e+00 1.474401e+01
      vertex   4.156469e+01 1.500000e+00 1.735333e+01
      vertex   4.195765e+01 1.500000e+00 1.487550e+01
    endloop
  endfacet
  facet normal 0.000000e+00 1.000000e+00 -0.000000e+00
    outer loop
      vertex   4.195765e+01 1.500000e+00 1.487550e+01
      vertex   4.156469e+01 1.500000e+00 1.735333e+01
      vertex   4.212208e+01 1.500000e+00 1.754254e+01
    endloop
  endfacet
  facet normal 0.000000e+00 1.000000e+00 0.000000e+00
    outer loop
      vertex   4.195765e+01 1.500000e+00 1.487550e+01
      vertex   4.212208e+01 1.500000e+00 1.754254e+01
      vertex   4.271195e+01 1.500000e+00 1.509282e+01
    endloop
  endfacet
  facet normal 0.000000e+00 1.000000e+00 0.000000e+00
    outer loop
      vertex   4.271195e+01 1.500000e+00 1.509282e+01
      vertex   4.212208e+01 1.500000e+00 1.754254e+01
      vertex   4.265000e+01 1.500000e+00 1.780289e+01
    endloop
  endfacet
  facet normal 0.000000e+00 1.000000e+00 -0.000000e+00
    outer loop
      vertex   4.271195e+01 1.500000e+00 1.509282e+01
      vertex   4.265000e+01 1.500000e+00 1.780289e+01
      vertex   4.343719e+01 1.500000e+00 1.539322e+01
    endloop
  endfacet
  facet normal 0.000000e+00 1.000000e+00 0.000000e+00
    outer loop
      vertex   4.343719e+01 1.500000e+00 1.539322e+01
      vertex   4.265000e+01 1.500000e+00 1.780289e+01
      vertex   4.313943e+01 1.500000e+00 1.812991e+01
    endloop
  endfacet
  facet normal 0.000000e+00 1.000000e+00 -0.000000e+00
    outer loop
      vertex   4.343719e+01 1.500000e+00 1.539322e+01
      vertex   4.313943e+01 1.500000e+00 1.812991e+01
      vertex   4.412422e+01 1.500000e+00 1.577293e+01
    endloop
  endfacet
  facet normal 0.000000e+00 1.000000e+00 0.000000e+00
    outer loop
      vertex   4.412422e+01 1.500000e+00 1.577293e+01
      vertex   4.313943e+01 1.500000e+00 1.812991e+01
      vertex   4.358198e+01 1.500000e+00 1.851802e+01
    endloop
  endfacet
  facet normal 0.000000e+00 1.000000e+00 -0.000000e+00
    outer loop
      vertex   4.412422e+01 1.500000e+00 1.577293e+01
      vertex   4.358198e+01 1.500000e+00 1.851802e+01
      vertex   4.476443e+01 1.500000e+00 1.622718e+01
    endloop
  endfacet
  facet normal 0.000000e+00 1.000000e+00 0.000000e+00
    outer loop
      vertex   4.476443e+01 1.500000e+00 1.622718e+01
      vertex   4.358198e+01 1.500000e+00 1.851802e+01
      vertex   4.397009e+01 1.500000e+00 1.896057e+01
    endloop
  endfacet
  facet normal 0.000000e+00 1.000000e+00 -0.000000e+00
    outer loop
      vertex   4.476443e+01 1.500000e+00 1.622718e+01
      vertex   4.397009e+01 1.500000e+00 1.896057e+01
      vertex   4.534975e+01 1.500000e+00 1.675025e+01
    endloop
  endfacet
  facet normal 0.000000e+00 1.000000e+00 0.000000e+00
    outer loop
      vertex   4.534975e+01 1.500000e+00 1.675025e+01
      vertex   4.397009e+01 1.500000e+00 1.896057e+01
      vertex   4.429711e+01 1.500000e+00 1.945000e+01
    endloop
  endfacet
  facet normal 0.000000e+00 1.000000e+00 -0.000000e+00
    outer loop
      vertex   4.534975e+01 1.500000e+00 1.675025e+01
      vertex   4.429711e+01 1.500000e+00 1.945000e+01
      vertex   4.587282e+01 1.500000e+00 1.733557e+01
    endloop
  endfacet
  facet normal 0.000000e+00 1.000000e+00 0.000000e+00
    outer loop
      vertex   4.587282e+01 1.500000e+00 1.733557e+01
      vertex   4.429711e+01 1.500000e+00 1.945000e+01
      vertex   4.455746e+01 1.500000e+00 1.997792e+01
    endloop
  endfacet
  facet normal 0.000000e+00 1.000000e+00 -0.000000e+00
    outer loop
      vertex   4.587282e+01 1.500000e+00 1.733557e+01
      vertex   4.455746e+01 1.500000e+00 1.997792e+01
      vertex   4.632707e+01 1.500000e+00 1.797578e+01
    endloop
  endfacet
  facet normal 0.000000e+00 1.000000e+00 0.000000e+00
    outer loop
      vertex   4.632707e+01 1.500000e+00 1.797578e+01
      vertex   4.455746e+01 1.500000e+00 1.997792e+01
      vertex   4.474667e+01 1.500000e+00 2.053531e+01
    endloop
  endfacet
  facet normal 0.000000e+00 1.000000e+00 -0.000000e+00
    outer loop
      vertex   4.632707e+01 1.500000e+00 1.797578e+01
      vertex   4.474667e+01 1.500000e+00 2.053531e+01
      vertex   4.670678e+01 1.500000e+00 1.866281e+01
    endloop
  endfacet
  facet normal 0.000000e+00 1.000000e+00 -0.000000e+00
    outer loop
      vertex   4.670678e+01 1.500000e+00 1.866281e+01
      vertex   4.474667e+01 1.500000e+00 2.053531e+01
      vertex   4.700718e+01 1.500000e+00 1.938805e+01
    endloop
  endfacet
  facet normal 0.000000e+00 1.000000e+00 0.000000e+00
    outer loop
      vertex   4.700718e+01 1.500000e+00 1.938805e+01
      vertex   4.474667e+01 1.500000e+00 2.053531e+01
      vertex   4.486150e+01 1.500000e+00 2.111263e+01
    endloop
  endfacet
  facet normal 0.000000e+00 1.000000e+00 -0.000000e+00
    outer loop
      vertex   4.700718e+01 1.500000e+00 1.938805e+01
      vertex   4.486150e+01 1.500000e+00 2.111263e+01
      vertex   4.722450e+01 1.500000e+00 2.014235e+01
    endloop
  endfacet
  facet normal 0.000000e+00 1.000000e+00 -0.000000e+00
    outer loop
      vertex   4.722450e+01 1.500000e+00 2.014235e+01
      vertex   4.486150e+01 1.500000e+00 2.111263e+01
      vertex   4.735599e+01 1.500000e+00 2.091625e+01
    endloop
  endfacet
  facet normal 0.000000e+00 1.000000e+00 0.000000e+00
    outer loop
      vertex   4.735599e+01 1.500000e+00 2.091625e+01
      vertex   4.486150e+01 1.500000e+00 2.111263e+01
      vertex   4.490000e+01 1.500000e+00 2.170000e+01
    endloop
  endfacet
  facet normal 0.000000e+00 1.000000e+00 -0.000000e+00
    outer loop
      vertex   4.735599e+01 1.500000e+00 2.091625e+01
      vertex   4.490000e+01 1.500000e+00 2.170000e+01
      vertex   4.740000e+01 1.500000e+00 2.170000e+01
    endloop
  endfacet
  facet normal 0.000000e+00 1.000000e+00 0.000000e+00
    outer loop
      vertex   4.740000e+01 1.500000e+00 2.170000e+01
      vertex   4.490000e+01 1.500000e+00 2.170000e+01
      vertex   4.490000e+01 1.500000e+00 5.810000e+01
    endloop
  endfacet
  facet normal 0.000000e+00 1.000000e+00 -0.000000e+00
    outer loop
      vertex   4.740000e+01 1.500000e+00 2.170000e+01
      vertex   4.490000e+01 1.500000e+00 5.810000e+01
      vertex   4.740000e+01 1.500000e+00 5.913553e+01
    endloop
  endfacet
  facet normal 0.000000e+00 1.000000e+00 0.000000e+00
    outer loop
      vertex   4.740000e+01 1.500000e+00 5.913553e+01
      vertex   4.490000e+01 1.500000e+00 5.810000e+01
      vertex   3.973553e+01 1.500000e+00 6.680000e+01
    endloop
  endfacet
  facet normal 0.000000e+00 1.000000e+00 0.000000e+00
    outer loop
      vertex   3.973553e+01 1.500000e+00 6.680000e+01
      vertex   4.490000e+01 1.500000e+00 5.810000e+01
      vertex   3.870000e+01 1.500000e+00 6.430000e+01
    endloop
  endfacet
  facet normal 0.000000e+00 1.000000e+00 0.000000e+00
    outer loop
      vertex   3.973553e+01 1.500000e+00 6.680000e+01
      vertex   3.870000e+01 1.500000e+00 6.430000e+01
      vertex   2.340000e+01 1.500000e+00 6.430000e+01
    endloop
  endfacet
  facet normal 0.000000e+00 1.000000e+00 0.000000e+00
    outer loop
      vertex   3.973553e+01 1.500000e+00 6.680000e+01
      vertex   2.340000e+01 1.500000e+00 6.430000e+01
      vertex   2.236447e+01 1.500000e+00 6.680000e+01
    endloop
  endfacet
  facet normal 0.000000e+00 1.000000e+00 0.000000e+00
    outer loop
      vertex   2.236447e+01 1.500000e+00 6.680000e+01
      vertex   2.340000e+01 1.500000e+00 6.430000e+01
      vertex   1.720000e+01 1.500000e+00 5.810000e+01
    endloop
  endfacet
  facet normal 7.071068e-01 0.000000e+00 -7.071068e-01
    outer loop
      vertex   2.236447e+01 1.500000e+00 6.680000e+01
      vertex   1.470000e+01 1.500000e+00 5.913553e+01
      vertex   2.236447e+01 2.500000e+00 6.680000e+01
    endloop
  endfacet
  facet normal 7.071068e-01 0.000000e+00 -7.071068e-01
    outer loop
      vertex   2.236447e+01 2.500000e+00 6.680000e+01
      vertex   1.470000e+01 1.500000e+00 5.913553e+01
      vertex   1.470000e+01 2.500000e+00 5.913553e+01
    endloop
  endfacet
  facet normal 1.000000e+00 -0.000000e+00 3.796087e-16
    outer loop
      vertex   1.470000e+01 1.500000e+00 5.913553e+01
      vertex   1.470000e+01 1.500000e+00 2.170000e+01
      vertex   1.470000e+01 2.500000e+00 5.913553e+01
    endloop
  endfacet
  facet normal 1.000000e+00 0.000000e+00 3.796087e-16
    outer loop
      vertex   1.470000e+01 2.500000e+00 5.913553e+01
      vertex   1.470000e+01 1.500000e+00 2.170000e+01
      vertex   1.470000e+01 2.500000e+00 2.170000e+01
    endloop
  endfacet
  facet normal 9.984268e-01 0.000000e+00 5.607045e-02
    outer loop
      vertex   1.470000e+01 2.500000e+00 2.170000e+01
      vertex   1.470000e+01 1.500000e+00 2.170000e+01
      vertex   1.474401e+01 2.500000e+00 2.091625e+01
    endloop
  endfacet
  facet normal 9.984268e-01 0.000000e+00 5.607045e-02
    outer loop
      vertex   1.474401e+01 2.500000e+00 2.091625e+01
      vertex   1.470000e+01 1.500000e+00 2.170000e+01
      vertex   1.474401e+01 1.500000e+00 2.091625e+01
    endloop
  endfacet
  facet normal 9.858710e-01 0.000000e+00 1.675062e-01
    outer loop
      vertex   1.474401e+01 2.500000e+00 2.091625e+01
      vertex   1.474401e+01 1.500000e+00 2.091625e+01
      vertex   1.487550e+01 2.500000e+00 2.014235e+01
    endloop
  endfacet
  facet normal 9.858710e-01 0.000000e+00 1.675062e-01
    outer loop
      vertex   1.487550e+01 2.500000e+00 2.014235e+01
      vertex   1.474401e+01 1.500000e+00 2.091625e+01
      vertex   1.487550e+01 1.500000e+00 2.014235e+01
    endloop
  endfacet
  facet normal 9.609173e-01 0.000000e+00 2.768355e-01
    outer loop
      vertex   1.487550e+01 2.500000e+00 2.014235e+01
      vertex   1.487550e+01 1.500000e+00 2.014235e+01
      vertex   1.509282e+01 2.500000e+00 1.938805e+01
    endloop
  endfacet
  facet normal 9.609173e-01 0.000000e+00 2.768355e-01
    outer loop
      vertex   1.509282e+01 2.500000e+00 1.938805e+01
      vertex   1.487550e+01 1.500000e+00 2.014235e+01
      vertex   1.509282e+01 1.500000e+00 1.938805e+01
    endloop
  endfacet
  facet normal 9.238795e-01 0.000000e+00 3.826834e-01
    outer loop
      vertex   1.509282e+01 2.500000e+00 1.938805e+01
      vertex   1.509282e+01 1.500000e+00 1.938805e+01
      vertex   1.539322e+01 2.500000e+00 1.866281e+01
    endloop
  endfacet
  facet normal 9.238795e-01 0.000000e+00 3.826834e-01
    outer loop
      vertex   1.539322e+01 2.500000e+00 1.866281e+01
      vertex   1.509282e+01 1.500000e+00 1.938805e+01
      vertex   1.539322e+01 1.500000e+00 1.866281e+01
    endloop
  endfacet
  facet normal 8.752234e-01 0.000000e+00 4.837189e-01
    outer loop
      vertex   1.539322e+01 2.500000e+00 1.866281e+01
      vertex   1.539322e+01 1.500000e+00 1.866281e+01
      vertex   1.577293e+01 2.500000e+00 1.797578e+01
    endloop
  endfacet
  facet normal 8.752234e-01 0.000000e+00 4.837189e-01
    outer loop
      vertex   1.577293e+01 2.500000e+00 1.797578e+01
      vertex   1.539322e+01 1.500000e+00 1.866281e+01
      vertex   1.577293e+01 1.500000e+00 1.797578e+01
    endloop
  endfacet
  facet normal 8.155609e-01 0.000000e+00 5.786713e-01
    outer loop
      vertex   1.577293e+01 2.500000e+00 1.797578e+01
      vertex   1.577293e+01 1.500000e+00 1.797578e+01
      vertex   1.622718e+01 2.500000e+00 1.733557e+01
    endloop
  endfacet
  facet normal 8.155609e-01 0.000000e+00 5.786713e-01
    outer loop
      vertex   1.622718e+01 2.500000e+00 1.733557e+01
      vertex   1.577293e+01 1.500000e+00 1.797578e+01
      vertex   1.622718e+01 1.500000e+00 1.733557e+01
    endloop
  endfacet
  facet normal 7.456422e-01 0.000000e+00 6.663466e-01
    outer loop
      vertex   1.622718e+01 2.500000e+00 1.733557e+01
      vertex   1.622718e+01 1.500000e+00 1.733557e+01
      vertex   1.675025e+01 2.500000e+00 1.675025e+01
    endloop
  endfacet
  facet normal 7.456422e-01 0.000000e+00 6.663466e-01
    outer loop
      vertex   1.675025e+01 2.500000e+00 1.675025e+01
      vertex   1.622718e+01 1.500000e+00 1.733557e+01
      vertex   1.675025e+01 1.500000e+00 1.675025e+01
    endloop
  endfacet
  facet normal 6.663466e-01 0.000000e+00 7.456422e-01
    outer loop
      vertex   1.675025e+01 2.500000e+00 1.675025e+01
      vertex   1.675025e+01 1.500000e+00 1.675025e+01
      vertex   1.733557e+01 2.500000e+00 1.622718e+01
    endloop
  endfacet
  facet normal 6.663466e-01 0.000000e+00 7.456422e-01
    outer loop
      vertex   1.733557e+01 2.500000e+00 1.622718e+01
      vertex   1.675025e+01 1.500000e+00 1.675025e+01
      vertex   1.733557e+01 1.500000e+00 1.622718e+01
    endloop
  endfacet
  facet normal 5.786713e-01 0.000000e+00 8.155609e-01
    outer loop
      vertex   1.733557e+01 2.500000e+00 1.622718e+01
      vertex   1.733557e+01 1.500000e+00 1.622718e+01
      vertex   1.797578e+01 2.500000e+00 1.577293e+01
    endloop
  endfacet
  facet normal 5.786713e-01 0.000000e+00 8.155609e-01
    outer loop
      vertex   1.797578e+01 2.500000e+00 1.577293e+01
      vertex   1.733557e+01 1.500000e+00 1.622718e+01
      vertex   1.797578e+01 1.500000e+00 1.577293e+01
    endloop
  endfacet
  facet normal 4.837189e-01 0.000000e+00 8.752234e-01
    outer loop
      vertex   1.797578e+01 2.500000e+00 1.577293e+01
      vertex   1.797578e+01 1.500000e+00 1.577293e+01
      vertex   1.866281e+01 2.500000e+00 1.539322e+01
    endloop
  endfacet
  facet normal 4.837189e-01 0.000000e+00 8.752234e-01
    outer loop
      vertex   1.866281e+01 2.500000e+00 1.539322e+01
      vertex   1.797578e+01 1.500000e+00 1.577293e+01
      vertex   1.866281e+01 1.500000e+00 1.539322e+01
    endloop
  endfacet
  facet normal 3.826834e-01 0.000000e+00 9.238795e-01
    outer loop
      vertex   1.866281e+01 2.500000e+00 1.539322e+01
      vertex   1.866281e+01 1.500000e+00 1.539322e+01
      vertex   1.938805e+01 2.500000e+00 1.509282e+01
    endloop
  endfacet
  facet normal 3.826834e-01 0.000000e+00 9.238795e-01
    outer loop
      vertex   1.938805e+01 2.500000e+00 1.509282e+01
      vertex   1.866281e+01 1.500000e+00 1.539322e+01
      vertex   1.938805e+01 1.500000e+00 1.509282e+01
    endloop
  endfacet
  facet normal 2.768355e-01 0.000000e+00 9.609173e-01
    outer loop
      vertex   1.938805e+01 2.500000e+00 1.509282e+01
      vertex   1.938805e+01 1.500000e+00 1.509282e+01
      vertex   2.014235e+01 2.500000e+00 1.487550e+01
    endloop
  endfacet
  facet normal 2.768355e-01 0.000000e+00 9.609173e-01
    outer loop
      vertex   2.014235e+01 2.500000e+00 1.487550e+01
      vertex   1.938805e+01 1.500000e+00 1.509282e+01
      vertex   2.014235e+01 1.500000e+00 1.487550e+01
    endloop
  endfacet
  facet normal 1.675062e-01 0.000000e+00 9.858710e-01
    outer loop
      vertex   2.014235e+01 2.500000e+00 1.487550e+01
      vertex   2.014235e+01 1.500000e+00 1.487550e+01
      vertex   2.091625e+01 2.500000e+00 1.474401e+01
    endloop
  endfacet
  facet normal 1.675062e-01 0.000000e+00 9.858710e-01
    outer loop
      vertex   2.091625e+01 2.500000e+00 1.474401e+01
      vertex   2.014235e+01 1.500000e+00 1.487550e+01
      vertex   2.091625e+01 1.500000e+00 1.474401e+01
    endloop
  endfacet
  facet normal 5.607045e-02 0.000000e+00 9.984268e-01
    outer loop
      vertex   2.091625e+01 2.500000e+00 1.474401e+01
      vertex   2.091625e+01 1.500000e+00 1.474401e+01
      vertex   2.170000e+01 2.500000e+00 1.470000e+01
    endloop
  endfacet
  facet normal 5.607045e-02 0.000000e+00 9.984268e-01
    outer loop
      vertex   2.170000e+01 2.500000e+00 1.470000e+01
      vertex   2.091625e+01 1.500000e+00 1.474401e+01
      vertex   2.170000e+01 1.500000e+00 1.470000e+01
    endloop
  endfacet
  facet normal 0.000000e+00 0.000000e+00 1.000000e+00
    outer loop
      vertex   2.170000e+01 1.500000e+00 1.470000e+01
      vertex   4.040000e+01 1.500000e+00 1.470000e+01
      vertex   2.170000e+01 2.500000e+00 1.470000e+01
    endloop
  endfacet
  facet normal 1.899847e-16 3.552714e-15 1.000000e+00
    outer loop
      vertex   2.170000e+01 2.500000e+00 1.470000e+01
      vertex   4.040000e+01 1.500000e+00 1.470000e+01
      vertex   4.040000e+01 2.500000e+00 1.470000e+01
    endloop
  endfacet
  facet normal -5.607045e-02 3.547125e-15 9.984268e-01
    outer loop
      vertex   4.040000e+01 2.500000e+00 1.470000e+01
      vertex   4.040000e+01 1.500000e+00 1.470000e+01
      vertex   4.118375e+01 2.500000e+00 1.474401e+01
    endloop
  endfacet
  facet normal -5.607045e-02 0.000000e+00 9.984268e-01
    outer loop
      vertex   4.118375e+01 2.500000e+00 1.474401e+01
      vertex   4.040000e+01 1.500000e+00 1.470000e+01
      vertex   4.118375e+01 1.500000e+00 1.474401e+01
    endloop
  endfacet
  facet normal -1.675062e-01 0.000000e+00 9.858710e-01
    outer loop
      vertex   4.118375e+01 2.500000e+00 1.474401e+01
      vertex   4.118375e+01 1.500000e+00 1.474401e+01
      vertex   4.195765e+01 2.500000e+00 1.487550e+01
    endloop
  endfacet
  facet normal -1.675062e-01 0.000000e+00 9.858710e-01
    outer loop
      vertex   4.195765e+01 2.500000e+00 1.487550e+01
      vertex   4.118375e+01 1.500000e+00 1.474401e+01
      vertex   4.195765e+01 1.500000e+00 1.487550e+01
    endloop
  endfacet
  facet normal -2.768355e-01 0.000000e+00 9.609173e-01
    outer loop
      vertex   4.195765e+01 2.500000e+00 1.487550e+01
      vertex   4.195765e+01 1.500000e+00 1.487550e+01
      vertex   4.271195e+01 2.500000e+00 1.509282e+01
    endloop
  endfacet
  facet normal -2.768355e-01 0.000000e+00 9.609173e-01
    outer loop
      vertex   4.271195e+01 2.500000e+00 1.509282e+01
      vertex   4.195765e+01 1.500000e+00 1.487550e+01
      vertex   4.271195e+01 1.500000e+00 1.509282e+01
    endloop
  endfacet
  facet normal -3.826834e-01 0.000000e+00 9.238795e-01
    outer loop
      vertex   4.271195e+01 2.500000e+00 1.509282e+01
      vertex   4.271195e+01 1.500000e+00 1.509282e+01
      vertex   4.343719e+01 2.500000e+00 1.539322e+01
    endloop
  endfacet
  facet normal -3.826834e-01 0.000000e+00 9.238795e-01
    outer loop
      vertex   4.343719e+01 2.500000e+00 1.539322e+01
      vertex   4.271195e+01 1.500000e+00 1.509282e+01
      vertex   4.343719e+01 1.500000e+00 1.539322e+01
    endloop
  endfacet
  facet normal -4.837189e-01 0.000000e+00 8.752234e-01
    outer loop
      vertex   4.343719e+01 2.500000e+00 1.539322e+01
      vertex   4.343719e+01 1.500000e+00 1.539322e+01
      vertex   4.412422e+01 2.500000e+00 1.577293e+01
    endloop
  endfacet
  facet normal -4.837189e-01 0.000000e+00 8.752234e-01
    outer loop
      vertex   4.412422e+01 2.500000e+00 1.577293e+01
      vertex   4.343719e+01 1.500000e+00 1.539322e+01
      vertex   4.412422e+01 1.500000e+00 1.577293e+01
    endloop
  endfacet
  facet normal -5.786713e-01 0.000000e+00 8.155609e-01
    outer loop
      vertex   4.412422e+01 2.500000e+00 1.577293e+01
      vertex   4.412422e+01 1.500000e+00 1.577293e+01
      vertex   4.476443e+01 2.500000e+00 1.622718e+01
    endloop
  endfacet
  facet normal -5.786713e-01 0.000000e+00 8.155609e-01
    outer loop
      vertex   4.476443e+01 2.500000e+00 1.622718e+01
      vertex   4.412422e+01 1.500000e+00 1.577293e+01
      vertex   4.476443e+01 1.500000e+00 1.622718e+01
    endloop
  endfacet
  facet normal -6.663466e-01 0.000000e+00 7.456422e-01
    outer loop
      vertex   4.476443e+01 2.500000e+00 1.622718e+01
      vertex   4.476443e+01 1.500000e+00 1.622718e+01
      vertex   4.534975e+01 2.500000e+00 1.675025e+01
    endloop
  endfacet
  facet normal -6.663466e-01 0.000000e+00 7.456422e-01
    outer loop
      vertex   4.534975e+01 2.500000e+00 1.675025e+01
      vertex   4.476443e+01 1.500000e+00 1.622718e+01
      vertex   4.534975e+01 1.500000e+00 1.675025e+01
    endloop
  endfacet
  facet normal -7.456422e-01 0.000000e+00 6.663466e-01
    outer loop
      vertex   4.534975e+01 2.500000e+00 1.675025e+01
      vertex   4.534975e+01 1.500000e+00 1.675025e+01
      vertex   4.587282e+01 2.500000e+00 1.733557e+01
    endloop
  endfacet
  facet normal -7.456422e-01 0.000000e+00 6.663466e-01
    outer loop
      vertex   4.587282e+01 2.500000e+00 1.733557e+01
      vertex   4.534975e+01 1.500000e+00 1.675025e+01
      vertex   4.587282e+01 1.500000e+00 1.733557e+01
    endloop
  endfacet
  facet normal -8.155609e-01 0.000000e+00 5.786713e-01
    outer loop
      vertex   4.587282e+01 2.500000e+00 1.733557e+01
      vertex   4.587282e+01 1.500000e+00 1.733557e+01
      vertex   4.632707e+01 2.500000e+00 1.797578e+01
    endloop
  endfacet
  facet normal -8.155609e-01 0.000000e+00 5.786713e-01
    outer loop
      vertex   4.632707e+01 2.500000e+00 1.797578e+01
      vertex   4.587282e+01 1.500000e+00 1.733557e+01
      vertex   4.632707e+01 1.500000e+00 1.797578e+01
    endloop
  endfacet
  facet normal -8.752234e-01 0.000000e+00 4.837189e-01
    outer loop
      vertex   4.632707e+01 2.500000e+00 1.797578e+01
      vertex   4.632707e+01 1.500000e+00 1.797578e+01
      vertex   4.670678e+01 2.500000e+00 1.866281e+01
    endloop
  endfacet
  facet normal -8.752234e-01 0.000000e+00 4.837189e-01
    outer loop
      vertex   4.670678e+01 2.500000e+00 1.866281e+01
      vertex   4.632707e+01 1.500000e+00 1.797578e+01
      vertex   4.670678e+01 1.500000e+00 1.866281e+01
    endloop
  endfacet
  facet normal -9.238795e-01 0.000000e+00 3.826834e-01
    outer loop
      vertex   4.670678e+01 2.500000e+00 1.866281e+01
      vertex   4.670678e+01 1.500000e+00 1.866281e+01
      vertex   4.700718e+01 2.500000e+00 1.938805e+01
    endloop
  endfacet
  facet normal -9.238795e-01 0.000000e+00 3.826834e-01
    outer loop
      vertex   4.700718e+01 2.500000e+00 1.938805e+01
      vertex   4.670678e+01 1.500000e+00 1.866281e+01
      vertex   4.700718e+01 1.500000e+00 1.938805e+01
    endloop
  endfacet
  facet normal -9.609173e-01 0.000000e+00 2.768355e-01
    outer loop
      vertex   4.700718e+01 2.500000e+00 1.938805e+01
      vertex   4.700718e+01 1.500000e+00 1.938805e+01
      vertex   4.722450e+01 2.500000e+00 2.014235e+01
    endloop
  endfacet
  facet normal -9.609173e-01 0.000000e+00 2.768355e-01
    outer loop
      vertex   4.722450e+01 2.500000e+00 2.014235e+01
      vertex   4.700718e+01 1.500000e+00 1.938805e+01
      vertex   4.722450e+01 1.500000e+00 2.014235e+01
    endloop
  endfacet
  facet normal -9.858710e-01 0.000000e+00 1.675062e-01
    outer loop
      vertex   4.722450e+01 2.500000e+00 2.014235e+01
      vertex   4.722450e+01 1.500000e+00 2.014235e+01
      vertex   4.735599e+01 2.500000e+00 2.091625e+01
    endloop
  endfacet
  facet normal -9.858710e-01 0.000000e+00 1.675062e-01
    outer loop
      vertex   4.735599e+01 2.500000e+00 2.091625e+01
      vertex   4.722450e+01 1.500000e+00 2.014235e+01
      vertex   4.735599e+01 1.500000e+00 2.091625e+01
    endloop
  endfacet
  facet normal -9.984268e-01 0.000000e+00 5.607045e-02
    outer loop
      vertex   4.735599e+01 2.500000e+00 2.091625e+01
      vertex   4.735599e+01 1.500000e+00 2.091625e+01
      vertex   4.740000e+01 2.500000e+00 2.170000e+01
    endloop
  endfacet
  facet normal -9.984268e-01 0.000000e+00 5.607045e-02
    outer loop
      vertex   4.740000e+01 2.500000e+00 2.170000e+01
      vertex   4.735599e+01 1.500000e+00 2.091625e+01
      vertex   4.740000e+01 1.500000e+00 2.170000e+01
    endloop
  endfacet
  facet normal -1.000000e+00 0.000000e+00 5.694131e-16
    outer loop
      vertex   4.740000e+01 1.500000e+00 2.170000e+01
      vertex   4.740000e+01 1.500000e+00 5.913553e+01
      vertex   4.740000e+01 2.500000e+00 2.170000e+01
    endloop
  endfacet
  facet normal -1.000000e+00 0.000000e+00 5.694131e-16
    outer loop
      vertex   4.740000e+01 2.500000e+00 2.170000e+01
      vertex   4.740000e+01 1.500000e+00 5.913553e+01
      vertex   4.740000e+01 2.500000e+00 5.913553e+01
    endloop
  endfacet
  facet normal -7.071068e-01 0.000000e+00 -7.071068e-01
    outer loop
      vertex   4.740000e+01 1.500000e+00 5.913553e+01
      vertex   3.973553e+01 1.500000e+00 6.680000e+01
      vertex   4.740000e+01 2.500000e+00 5.913553e+01
    endloop
  endfacet
  facet normal -7.071068e-01 4.588718e-15 -7.071068e-01
    outer loop
      vertex   4.740000e+01 2.500000e+00 5.913553e+01
      vertex   3.973553e+01 1.500000e+00 6.680000e+01
      vertex   3.973553e+01 2.500000e+00 6.680000e+01
    endloop
  endfacet
  facet normal 0.000000e+00 0.000000e+00 -1.000000e+00
    outer loop
      vertex   3.973553e+01 1.500000e+00 6.680000e+01
      vertex   2.236447e+01 1.500000e+00 6.680000e+01
      vertex   3.973553e+01 2.500000e+00 6.680000e+01
    endloop
  endfacet
  facet normal -0.000000e+00 0.000000e+00 -1.000000e+00
    outer loop
      vertex   3.973553e+01 2.500000e+00 6.680000e+01
      vertex   2.236447e+01 1.500000e+00 6.680000e+01
      vertex   2.236447e+01 2.500000e+00 6.680000e+01
    endloop
  endfacet
  facet normal 7.071068e-01 0.000000e+00 -7.071068e-01
    outer loop
      vertex   7.290000e+01 0.000000e+00 7.180000e+01
      vertex   6.490000e+01 0.000000e+00 6.380000e+01
      vertex   7.290000e+01 2.500000e+00 7.180000e+01
    endloop
  endfacet
  facet normal 7.071068e-01 0.000000e+00 -7.071068e-01
    outer loop
      vertex   7.290000e+01 2.500000e+00 7.180000e+01
      vertex   6.490000e+01 0.000000e+00 6.380000e+01
      vertex   6.490000e+01 2.500000e+00 6.380000e+01
    endloop
  endfacet
  facet normal 0.000000e+00 0.000000e+00 -1.000000e+00
    outer loop
      vertex   7.690000e+01 0.000000e+00 7.180000e+01
      vertex   7.290000e+01 0.000000e+00 7.180000e+01
      vertex   7.690000e+01 2.500000e+00 7.180000e+01
    endloop
  endfacet
  facet normal -0.000000e+00 0.000000e+00 -1.000000e+00
    outer loop
      vertex   7.690000e+01 2.500000e+00 7.180000e+01
      vertex   7.290000e+01 0.000000e+00 7.180000e+01
      vertex   7.290000e+01 2.500000e+00 7.180000e+01
    endloop
  endfacet
  facet normal -7.071068e-01 0.000000e+00 7.071068e-01
    outer loop
      vertex   6.490000e+01 0.000000e+00 5.980000e+01
      vertex   7.690000e+01 0.000000e+00 7.180000e+01
      vertex   6.490000e+01 2.500000e+00 5.980000e+01
    endloop
  endfacet
  facet normal -7.071068e-01 0.000000e+00 7.071068e-01
    outer loop
      vertex   6.490000e+01 2.500000e+00 5.980000e+01
      vertex   7.690000e+01 0.000000e+00 7.180000e+01
      vertex   7.690000e+01 2.500000e+00 7.180000e+01
    endloop
  endfacet
  facet normal 1.000000e+00 -0.000000e+00 0.000000e+00
    outer loop
      vertex   6.490000e+01 0.000000e+00 6.380000e+01
      vertex   6.490000e+01 0.000000e+00 5.980000e+01
      vertex   6.490000e+01 2.500000e+00 6.380000e+01
    endloop
  endfacet
  facet normal 1.000000e+00 0.000000e+00 0.000000e+00
    outer loop
      vertex   6.490000e+01 2.500000e+00 6.380000e+01
      vertex   6.490000e+01 0.000000e+00 5.980000e+01
      vertex   6.490000e+01 2.500000e+00 5.980000e+01
    endloop
  endfacet
  facet normal 0.000000e+00 0.000000e+00 -1.000000e+00
    outer loop
      vertex   1.649000e+02 0.000000e+00 7.180000e+01
      vertex   1.609000e+02 0.000000e+00 7.180000e+01
      vertex   1.649000e+02 2.500000e+00 7.180000e+01
    endloop
  endfacet
  facet normal -0.000000e+00 0.000000e+00 -1.000000e+00
    outer loop
      vertex   1.649000e+02 2.500000e+00 7.180000e+01
      vertex   1.609000e+02 0.000000e+00 7.180000e+01
      vertex   1.609000e+02 2.500000e+00 7.180000e+01
    endloop
  endfacet
  facet normal -7.071068e-01 -5.024296e-16 7.071068e-01
    outer loop
      vertex   1.053000e+02 0.000000e+00 1.220000e+01
      vertex   1.649000e+02 0.000000e+00 7.180000e+01
      vertex   1.053000e+02 2.500000e+00 1.220000e+01
    endloop
  endfacet
  facet normal -7.071068e-01 0.000000e+00 7.071068e-01
    outer loop
      vertex   1.053000e+02 2.500000e+00 1.220000e+01
      vertex   1.649000e+02 0.000000e+00 7.180000e+01
      vertex   1.649000e+02 2.500000e+00 7.180000e+01
    endloop
  endfacet
  facet normal 0.000000e+00 -7.105427e-16 1.000000e+00
    outer loop
      vertex   1.013000e+02 0.000000e+00 1.220000e+01
      vertex   1.053000e+02 0.000000e+00 1.220000e+01
      vertex   1.013000e+02 2.500000e+00 1.220000e+01
    endloop
  endfacet
  facet normal 0.000000e+00 -7.105427e-16 1.000000e+00
    outer loop
      vertex   1.013000e+02 2.500000e+00 1.220000e+01
      vertex   1.053000e+02 0.000000e+00 1.220000e+01
      vertex   1.053000e+02 2.500000e+00 1.220000e+01
    endloop
  endfacet
  facet normal 7.071068e-01 0.000000e+00 -7.071068e-01
    outer loop
      vertex   1.609000e+02 0.000000e+00 7.180000e+01
      vertex   1.013000e+02 0.000000e+00 1.220000e+01
      vertex   1.609000e+02 2.500000e+00 7.180000e+01
    endloop
  endfacet
  facet normal 7.071068e-01 0.000000e+00 -7.071068e-01
    outer loop
      vertex   1.609000e+02 2.500000e+00 7.180000e+01
      vertex   1.013000e+02 0.000000e+00 1.220000e+01
      vertex   1.013000e+02 2.500000e+00 1.220000e+01
    endloop
  endfacet
  facet normal 7.071068e-01 0.000000e+00 -7.071068e-01
    outer loop
      vertex   9.690000e+01 0.000000e+00 7.180000e+01
      vertex   6.490000e+01 0.000000e+00 3.980000e+01
      vertex   9.690000e+01 2.500000e+00 7.180000e+01
    endloop
  endfacet
  facet normal 7.071068e-01 0.000000e+00 -7.071068e-01
    outer loop
      vertex   9.690000e+01 2.500000e+00 7.180000e+01
      vertex   6.490000e+01 0.000000e+00 3.980000e+01
      vertex   6.490000e+01 2.500000e+00 3.980000e+01
    endloop
  endfacet
  facet normal 0.000000e+00 0.000000e+00 -1.000000e+00
    outer loop
      vertex   1.009000e+02 0.000000e+00 7.180000e+01
      vertex   9.690000e+01 0.000000e+00 7.180000e+01
      vertex   1.009000e+02 2.500000e+00 7.180000e+01
    endloop
  endfacet
  facet normal -0.000000e+00 0.000000e+00 -1.000000e+00
    outer loop
      vertex   1.009000e+02 2.500000e+00 7.180000e+01
      vertex   9.690000e+01 0.000000e+00 7.180000e+01
      vertex   9.690000e+01 2.500000e+00 7.180000e+01
    endloop
  endfacet
  facet normal -7.071068e-01 0.000000e+00 7.071068e-01
    outer loop
      vertex   6.490000e+01 0.000000e+00 3.580000e+01
      vertex   1.009000e+02 0.000000e+00 7.180000e+01
      vertex   6.490000e+01 2.500000e+00 3.580000e+01
    endloop
  endfacet
  facet normal -7.071068e-01 0.000000e+00 7.071068e-01
    outer loop
      vertex   6.490000e+01 2.500000e+00 3.580000e+01
      vertex   1.009000e+02 0.000000e+00 7.180000e+01
      vertex   1.009000e+02 2.500000e+00 7.180000e+01
    endloop
  endfacet
  facet normal 1.000000e+00 -0.000000e+00 0.000000e+00
    outer loop
      vertex   6.490000e+01 0.000000e+00 3.980000e+01
      vertex   6.490000e+01 0.000000e+00 3.580000e+01
      vertex   6.490000e+01 2.500000e+00 3.980000e+01
    endloop
  endfacet
  facet normal 1.000000e+00 0.000000e+00 0.000000e+00
    outer loop
      vertex   6.490000e+01 2.500000e+00 3.980000e+01
      vertex   6.490000e+01 0.000000e+00 3.580000e+01
      vertex   6.490000e+01 2.500000e+00 3.580000e+01
    endloop
  endfacet
  facet normal 9.961947e-01 0.000000e+00 -8.715574e-02
    outer loop
      vertex   1.034243e+02 2.500000e+00 7.802784e+01
      vertex   1.034243e+02 0.000000e+00 7.802784e+01
      vertex   1.034000e+02 2.500000e+00 7.775000e+01
    endloop
  endfacet
  facet normal 9.961947e-01 0.000000e+00 -8.715574e-02
    outer loop
      vertex   1.034000e+02 2.500000e+00 7.775000e+01
      vertex   1.034243e+02 0.000000e+00 7.802784e+01
      vertex   1.034000e+02 0.000000e+00 7.775000e+01
    endloop
  endfacet
  facet normal 9.961947e-01 0.000000e+00 8.715574e-02
    outer loop
      vertex   1.034000e+02 2.500000e+00 7.775000e+01
      vertex   1.034000e+02 0.000000e+00 7.775000e+01
      vertex   1.034243e+02 2.500000e+00 7.747216e+01
    endloop
  endfacet
  facet normal 9.961947e-01 0.000000e+00 8.715574e-02
    outer loop
      vertex   1.034243e+02 2.500000e+00 7.747216e+01
      vertex   1.034000e+02 0.000000e+00 7.775000e+01
      vertex   1.034243e+02 0.000000e+00 7.747216e+01
    endloop
  endfacet
  facet normal 9.659258e-01 0.000000e+00 2.588190e-01
    outer loop
      vertex   1.034243e+02 2.500000e+00 7.747216e+01
      vertex   1.034243e+02 0.000000e+00 7.747216e+01
      vertex   1.034965e+02 2.500000e+00 7.720277e+01
    endloop
  endfacet
  facet normal 9.659258e-01 0.000000e+00 2.588190e-01
    outer loop
      vertex   1.034965e+02 2.500000e+00 7.720277e+01
      vertex   1.034243e+02 0.000000e+00 7.747216e+01
      vertex   1.034965e+02 0.000000e+00 7.720277e+01
    endloop
  endfacet
  facet normal 9.063078e-01 0.000000e+00 4.226183e-01
    outer loop
      vertex   1.034965e+02 2.500000e+00 7.720277e+01
      vertex   1.034965e+02 0.000000e+00 7.720277e+01
      vertex   1.036144e+02 2.500000e+00 7.695000e+01
    endloop
  endfacet
  facet normal 9.063078e-01 0.000000e+00 4.226183e-01
    outer loop
      vertex   1.036144e+02 2.500000e+00 7.695000e+01
      vertex   1.034965e+02 0.000000e+00 7.720277e+01
      vertex   1.036144e+02 0.000000e+00 7.695000e+01
    endloop
  endfacet
  facet normal 8.191520e-01 0.000000e+00 5.735764e-01
    outer loop
      vertex   1.036144e+02 2.500000e+00 7.695000e+01
      vertex   1.036144e+02 0.000000e+00 7.695000e+01
      vertex   1.037743e+02 2.500000e+00 7.672154e+01
    endloop
  endfacet
  facet normal 8.191520e-01 0.000000e+00 5.735764e-01
    outer loop
      vertex   1.037743e+02 2.500000e+00 7.672154e+01
      vertex   1.036144e+02 0.000000e+00 7.695000e+01
      vertex   1.037743e+02 0.000000e+00 7.672154e+01
    endloop
  endfacet
  facet normal 7.071068e-01 0.000000e+00 7.071068e-01
    outer loop
      vertex   1.037743e+02 2.500000e+00 7.672154e+01
      vertex   1.037743e+02 0.000000e+00 7.672154e+01
      vertex   1.039715e+02 2.500000e+00 7.652433e+01
    endloop
  endfacet
  facet normal 7.071068e-01 0.000000e+00 7.071068e-01
    outer loop
      vertex   1.039715e+02 2.500000e+00 7.652433e+01
      vertex   1.037743e+02 0.000000e+00 7.672154e+01
      vertex   1.039715e+02 0.000000e+00 7.652433e+01
    endloop
  endfacet
  facet normal 5.735764e-01 0.000000e+00 8.191520e-01
    outer loop
      vertex   1.039715e+02 2.500000e+00 7.652433e+01
      vertex   1.039715e+02 0.000000e+00 7.652433e+01
      vertex   1.042000e+02 2.500000e+00 7.636436e+01
    endloop
  endfacet
  facet normal 5.735764e-01 0.000000e+00 8.191520e-01
    outer loop
      vertex   1.042000e+02 2.500000e+00 7.636436e+01
      vertex   1.039715e+02 0.000000e+00 7.652433e+01
      vertex   1.042000e+02 0.000000e+00 7.636436e+01
    endloop
  endfacet
  facet normal 4.226183e-01 0.000000e+00 9.063078e-01
    outer loop
      vertex   1.042000e+02 2.500000e+00 7.636436e+01
      vertex   1.042000e+02 0.000000e+00 7.636436e+01
      vertex   1.044528e+02 2.500000e+00 7.624649e+01
    endloop
  endfacet
  facet normal 4.226183e-01 0.000000e+00 9.063078e-01
    outer loop
      vertex   1.044528e+02 2.500000e+00 7.624649e+01
      vertex   1.042000e+02 0.000000e+00 7.636436e+01
      vertex   1.044528e+02 0.000000e+00 7.624649e+01
    endloop
  endfacet
  facet normal 2.588190e-01 0.000000e+00 9.659258e-01
    outer loop
      vertex   1.044528e+02 2.500000e+00 7.624649e+01
      vertex   1.044528e+02 0.000000e+00 7.624649e+01
      vertex   1.047222e+02 2.500000e+00 7.617431e+01
    endloop
  endfacet
  facet normal 2.588190e-01 0.000000e+00 9.659258e-01
    outer loop
      vertex   1.047222e+02 2.500000e+00 7.617431e+01
      vertex   1.044528e+02 0.000000e+00 7.624649e+01
      vertex   1.047222e+02 0.000000e+00 7.617431e+01
    endloop
  endfacet
  facet normal 8.715574e-02 0.000000e+00 9.961947e-01
    outer loop
      vertex   1.047222e+02 2.500000e+00 7.617431e+01
      vertex   1.047222e+02 0.000000e+00 7.617431e+01
      vertex   1.050000e+02 2.500000e+00 7.615000e+01
    endloop
  endfacet
  facet normal 8.715574e-02 0.000000e+00 9.961947e-01
    outer loop
      vertex   1.050000e+02 2.500000e+00 7.615000e+01
      vertex   1.047222e+02 0.000000e+00 7.617431e+01
      vertex   1.050000e+02 0.000000e+00 7.615000e+01
    endloop
  endfacet
  facet normal -8.715574e-02 0.000000e+00 9.961947e-01
    outer loop
      vertex   1.050000e+02 2.500000e+00 7.615000e+01
      vertex   1.050000e+02 0.000000e+00 7.615000e+01
      vertex   1.052778e+02 2.500000e+00 7.617431e+01
    endloop
  endfacet
  facet normal -8.715574e-02 0.000000e+00 9.961947e-01
    outer loop
      vertex   1.052778e+02 2.500000e+00 7.617431e+01
      vertex   1.050000e+02 0.000000e+00 7.615000e+01
      vertex   1.052778e+02 0.000000e+00 7.617431e+01
    endloop
  endfacet
  facet normal -2.588190e-01 0.000000e+00 9.659258e-01
    outer loop
      vertex   1.052778e+02 2.500000e+00 7.617431e+01
      vertex   1.052778e+02 0.000000e+00 7.617431e+01
      vertex   1.055472e+02 2.500000e+00 7.624649e+01
    endloop
  endfacet
  facet normal -2.588190e-01 0.000000e+00 9.659258e-01
    outer loop
      vertex   1.055472e+02 2.500000e+00 7.624649e+01
      vertex   1.052778e+02 0.000000e+00 7.617431e+01
      vertex   1.055472e+02 0.000000e+00 7.624649e+01
    endloop
  endfacet
  facet normal -4.226183e-01 0.000000e+00 9.063078e-01
    outer loop
      vertex   1.055472e+02 2.500000e+00 7.624649e+01
      vertex   1.055472e+02 0.000000e+00 7.624649e+01
      vertex   1.058000e+02 2.500000e+00 7.636436e+01
    endloop
  endfacet
  facet normal -4.226183e-01 0.000000e+00 9.063078e-01
    outer loop
      vertex   1.058000e+02 2.500000e+00 7.636436e+01
      vertex   1.055472e+02 0.000000e+00 7.624649e+01
      vertex   1.058000e+02 0.000000e+00 7.636436e+01
    endloop
  endfacet
  facet normal -5.735764e-01 0.000000e+00 8.191520e-01
    outer loop
      vertex   1.058000e+02 2.500000e+00 7.636436e+01
      vertex   1.058000e+02 0.000000e+00 7.636436e+01
      vertex   1.060285e+02 2.500000e+00 7.652433e+01
    endloop
  endfacet
  facet normal -5.735764e-01 0.000000e+00 8.191520e-01
    outer loop
      vertex   1.060285e+02 2.500000e+00 7.652433e+01
      vertex   1.058000e+02 0.000000e+00 7.636436e+01
      vertex   1.060285e+02 0.000000e+00 7.652433e+01
    endloop
  endfacet
  facet normal -7.071068e-01 0.000000e+00 7.071068e-01
    outer loop
      vertex   1.060285e+02 2.500000e+00 7.652433e+01
      vertex   1.060285e+02 0.000000e+00 7.652433e+01
      vertex   1.062257e+02 2.500000e+00 7.672154e+01
    endloop
  endfacet
  facet normal -7.071068e-01 0.000000e+00 7.071068e-01
    outer loop
      vertex   1.062257e+02 2.500000e+00 7.672154e+01
      vertex   1.060285e+02 0.000000e+00 7.652433e+01
      vertex   1.062257e+02 0.000000e+00 7.672154e+01
    endloop
  endfacet
  facet normal -8.191520e-01 0.000000e+00 5.735764e-01
    outer loop
      vertex   1.062257e+02 2.500000e+00 7.672154e+01
      vertex   1.062257e+02 0.000000e+00 7.672154e+01
      vertex   1.063856e+02 2.500000e+00 7.695000e+01
    endloop
  endfacet
  facet normal -8.191520e-01 0.000000e+00 5.735764e-01
    outer loop
      vertex   1.063856e+02 2.500000e+00 7.695000e+01
      vertex   1.062257e+02 0.000000e+00 7.672154e+01
      vertex   1.063856e+02 0.000000e+00 7.695000e+01
    endloop
  endfacet
  facet normal -9.063078e-01 0.000000e+00 4.226183e-01
    outer loop
      vertex   1.063856e+02 2.500000e+00 7.695000e+01
      vertex   1.063856e+02 0.000000e+00 7.695000e+01
      vertex   1.065035e+02 2.500000e+00 7.720277e+01
    endloop
  endfacet
  facet normal -9.063078e-01 0.000000e+00 4.226183e-01
    outer loop
      vertex   1.065035e+02 2.500000e+00 7.720277e+01
      vertex   1.063856e+02 0.000000e+00 7.695000e+01
      vertex   1.065035e+02 0.000000e+00 7.720277e+01
    endloop
  endfacet
  facet normal -9.659258e-01 0.000000e+00 2.588190e-01
    outer loop
      vertex   1.065035e+02 2.500000e+00 7.720277e+01
      vertex   1.065035e+02 0.000000e+00 7.720277e+01
      vertex   1.065757e+02 2.500000e+00 7.747216e+01
    endloop
  endfacet
  facet normal -9.659258e-01 0.000000e+00 2.588190e-01
    outer loop
      vertex   1.065757e+02 2.500000e+00 7.747216e+01
      vertex   1.065035e+02 0.000000e+00 7.720277e+01
      vertex   1.065757e+02 0.000000e+00 7.747216e+01
    endloop
  endfacet
  facet normal -9.961947e-01 0.000000e+00 8.715574e-02
    outer loop
      vertex   1.065757e+02 2.500000e+00 7.747216e+01
      vertex   1.065757e+02 0.000000e+00 7.747216e+01
      vertex   1.066000e+02 2.500000e+00 7.775000e+01
    endloop
  endfacet
  facet normal -9.961947e-01 0.000000e+00 8.715574e-02
    outer loop
      vertex   1.066000e+02 2.500000e+00 7.775000e+01
      vertex   1.065757e+02 0.000000e+00 7.747216e+01
      vertex   1.066000e+02 0.000000e+00 7.775000e+01
    endloop
  endfacet
  facet normal -9.961947e-01 -0.000000e+00 -8.715574e-02
    outer loop
      vertex   1.066000e+02 2.500000e+00 7.775000e+01
      vertex   1.066000e+02 0.000000e+00 7.775000e+01
      vertex   1.065757e+02 2.500000e+00 7.802784e+01
    endloop
  endfacet
  facet normal -9.961947e-01 -0.000000e+00 -8.715574e-02
    outer loop
      vertex   1.065757e+02 2.500000e+00 7.802784e+01
      vertex   1.066000e+02 0.000000e+00 7.775000e+01
      vertex   1.065757e+02 0.000000e+00 7.802784e+01
    endloop
  endfacet
  facet normal -9.659258e-01 -0.000000e+00 -2.588190e-01
    outer loop
      vertex   1.065757e+02 2.500000e+00 7.802784e+01
      vertex   1.065757e+02 0.000000e+00 7.802784e+01
      vertex   1.065035e+02 2.500000e+00 7.829723e+01
    endloop
  endfacet
  facet normal -9.659258e-01 -0.000000e+00 -2.588190e-01
    outer loop
      vertex   1.065035e+02 2.500000e+00 7.829723e+01
      vertex   1.065757e+02 0.000000e+00 7.802784e+01
      vertex   1.065035e+02 0.000000e+00 7.829723e+01
    endloop
  endfacet
  facet normal -9.063078e-01 -0.000000e+00 -4.226183e-01
    outer loop
      vertex   1.065035e+02 2.500000e+00 7.829723e+01
      vertex   1.065035e+02 0.000000e+00 7.829723e+01
      vertex   1.063856e+02 2.500000e+00 7.855000e+01
    endloop
  endfacet
  facet normal -9.063078e-01 -0.000000e+00 -4.226183e-01
    outer loop
      vertex   1.063856e+02 2.500000e+00 7.855000e+01
      vertex   1.065035e+02 0.000000e+00 7.829723e+01
      vertex   1.063856e+02 0.000000e+00 7.855000e+01
    endloop
  endfacet
  facet normal -8.191520e-01 -0.000000e+00 -5.735764e-01
    outer loop
      vertex   1.063856e+02 2.500000e+00 7.855000e+01
      vertex   1.063856e+02 0.000000e+00 7.855000e+01
      vertex   1.062257e+02 2.500000e+00 7.877846e+01
    endloop
  endfacet
  facet normal -8.191520e-01 -0.000000e+00 -5.735764e-01
    outer loop
      vertex   1.062257e+02 2.500000e+00 7.877846e+01
      vertex   1.063856e+02 0.000000e+00 7.855000e+01
      vertex   1.062257e+02 0.000000e+00 7.877846e+01
    endloop
  endfacet
  facet normal -7.071068e-01 -0.000000e+00 -7.071068e-01
    outer loop
      vertex   1.062257e+02 2.500000e+00 7.877846e+01
      vertex   1.062257e+02 0.000000e+00 7.877846e+01
      vertex   1.060285e+02 2.500000e+00 7.897567e+01
    endloop
  endfacet
  facet normal -7.071068e-01 -0.000000e+00 -7.071068e-01
    outer loop
      vertex   1.060285e+02 2.500000e+00 7.897567e+01
      vertex   1.062257e+02 0.000000e+00 7.877846e+01
      vertex   1.060285e+02 0.000000e+00 7.897567e+01
    endloop
  endfacet
  facet normal -5.735764e-01 -0.000000e+00 -8.191520e-01
    outer loop
      vertex   1.060285e+02 2.500000e+00 7.897567e+01
      vertex   1.060285e+02 0.000000e+00 7.897567e+01
      vertex   1.058000e+02 2.500000e+00 7.913564e+01
    endloop
  endfacet
  facet normal -5.735764e-01 -0.000000e+00 -8.191520e-01
    outer loop
      vertex   1.058000e+02 2.500000e+00 7.913564e+01
      vertex   1.060285e+02 0.000000e+00 7.897567e+01
      vertex   1.058000e+02 0.000000e+00 7.913564e+01
    endloop
  endfacet
  facet normal -4.226183e-01 -0.000000e+00 -9.063078e-01
    outer loop
      vertex   1.058000e+02 2.500000e+00 7.913564e+01
      vertex   1.058000e+02 0.000000e+00 7.913564e+01
      vertex   1.055472e+02 2.500000e+00 7.925351e+01
    endloop
  endfacet
  facet normal -4.226183e-01 -0.000000e+00 -9.063078e-01
    outer loop
      vertex   1.055472e+02 2.500000e+00 7.925351e+01
      vertex   1.058000e+02 0.000000e+00 7.913564e+01
      vertex   1.055472e+02 0.000000e+00 7.925351e+01
    endloop
  endfacet
  facet normal -2.588190e-01 -0.000000e+00 -9.659258e-01
    outer loop
      vertex   1.055472e+02 2.500000e+00 7.925351e+01
      vertex   1.055472e+02 0.000000e+00 7.925351e+01
      vertex   1.052778e+02 2.500000e+00 7.932569e+01
    endloop
  endfacet
  facet normal -2.588190e-01 -0.000000e+00 -9.659258e-01
    outer loop
      vertex   1.052778e+02 2.500000e+00 7.932569e+01
      vertex   1.055472e+02 0.000000e+00 7.925351e+01
      vertex   1.052778e+02 0.000000e+00 7.932569e+01
    endloop
  endfacet
  facet normal -8.715574e-02 -0.000000e+00 -9.961947e-01
    outer loop
      vertex   1.052778e+02 2.500000e+00 7.932569e+01
      vertex   1.052778e+02 0.000000e+00 7.932569e+01
      vertex   1.050000e+02 2.500000e+00 7.935000e+01
    endloop
  endfacet
  facet normal -8.715574e-02 -0.000000e+00 -9.961947e-01
    outer loop
      vertex   1.050000e+02 2.500000e+00 7.935000e+01
      vertex   1.052778e+02 0.000000e+00 7.932569e+01
      vertex   1.050000e+02 0.000000e+00 7.935000e+01
    endloop
  endfacet
  facet normal 8.715574e-02 0.000000e+00 -9.961947e-01
    outer loop
      vertex   1.050000e+02 2.500000e+00 7.935000e+01
      vertex   1.050000e+02 0.000000e+00 7.935000e+01
      vertex   1.047222e+02 2.500000e+00 7.932569e+01
    endloop
  endfacet
  facet normal 8.715574e-02 0.000000e+00 -9.961947e-01
    outer loop
      vertex   1.047222e+02 2.500000e+00 7.932569e+01
      vertex   1.050000e+02 0.000000e+00 7.935000e+01
      vertex   1.047222e+02 0.000000e+00 7.932569e+01
    endloop
  endfacet
  facet normal 2.588190e-01 0.000000e+00 -9.659258e-01
    outer loop
      vertex   1.047222e+02 2.500000e+00 7.932569e+01
      vertex   1.047222e+02 0.000000e+00 7.932569e+01
      vertex   1.044528e+02 2.500000e+00 7.925351e+01
    endloop
  endfacet
  facet normal 2.588190e-01 0.000000e+00 -9.659258e-01
    outer loop
      vertex   1.044528e+02 2.500000e+00 7.925351e+01
      vertex   1.047222e+02 0.000000e+00 7.932569e+01
      vertex   1.044528e+02 0.000000e+00 7.925351e+01
    endloop
  endfacet
  facet normal 4.226183e-01 0.000000e+00 -9.063078e-01
    outer loop
      vertex   1.044528e+02 2.500000e+00 7.925351e+01
      vertex   1.044528e+02 0.000000e+00 7.925351e+01
      vertex   1.042000e+02 2.500000e+00 7.913564e+01
    endloop
  endfacet
  facet normal 4.226183e-01 0.000000e+00 -9.063078e-01
    outer loop
      vertex   1.042000e+02 2.500000e+00 7.913564e+01
      vertex   1.044528e+02 0.000000e+00 7.925351e+01
      vertex   1.042000e+02 0.000000e+00 7.913564e+01
    endloop
  endfacet
  facet normal 5.735764e-01 0.000000e+00 -8.191520e-01
    outer loop
      vertex   1.042000e+02 2.500000e+00 7.913564e+01
      vertex   1.042000e+02 0.000000e+00 7.913564e+01
      vertex   1.039715e+02 2.500000e+00 7.897567e+01
    endloop
  endfacet
  facet normal 5.735764e-01 0.000000e+00 -8.191520e-01
    outer loop
      vertex   1.039715e+02 2.500000e+00 7.897567e+01
      vertex   1.042000e+02 0.000000e+00 7.913564e+01
      vertex   1.039715e+02 0.000000e+00 7.897567e+01
    endloop
  endfacet
  facet normal 7.071068e-01 0.000000e+00 -7.071068e-01
    outer loop
      vertex   1.039715e+02 2.500000e+00 7.897567e+01
      vertex   1.039715e+02 0.000000e+00 7.897567e+01
      vertex   1.037743e+02 2.500000e+00 7.877846e+01
    endloop
  endfacet
  facet normal 7.071068e-01 0.000000e+00 -7.071068e-01
    outer loop
      vertex   1.037743e+02 2.500000e+00 7.877846e+01
      vertex   1.039715e+02 0.000000e+00 7.897567e+01
      vertex   1.037743e+02 0.000000e+00 7.877846e+01
    endloop
  endfacet
  facet normal 8.191520e-01 0.000000e+00 -5.735764e-01
    outer loop
      vertex   1.037743e+02 2.500000e+00 7.877846e+01
      vertex   1.037743e+02 0.000000e+00 7.877846e+01
      vertex   1.036144e+02 2.500000e+00 7.855000e+01
    endloop
  endfacet
  facet normal 8.191520e-01 0.000000e+00 -5.735764e-01
    outer loop
      vertex   1.036144e+02 2.500000e+00 7.855000e+01
      vertex   1.037743e+02 0.000000e+00 7.877846e+01
      vertex   1.036144e+02 0.000000e+00 7.855000e+01
    endloop
  endfacet
  facet normal 9.063078e-01 0.000000e+00 -4.226183e-01
    outer loop
      vertex   1.036144e+02 2.500000e+00 7.855000e+01
      vertex   1.036144e+02 0.000000e+00 7.855000e+01
      vertex   1.034965e+02 2.500000e+00 7.829723e+01
    endloop
  endfacet
  facet normal 9.063078e-01 0.000000e+00 -4.226183e-01
    outer loop
      vertex   1.034965e+02 2.500000e+00 7.829723e+01
      vertex   1.036144e+02 0.000000e+00 7.855000e+01
      vertex   1.034965e+02 0.000000e+00 7.829723e+01
    endloop
  endfacet
  facet normal 9.659258e-01 0.000000e+00 -2.588190e-01
    outer loop
      vertex   1.034965e+02 2.500000e+00 7.829723e+01
      vertex   1.034965e+02 0.000000e+00 7.829723e+01
      vertex   1.034243e+02 2.500000e+00 7.802784e+01
    endloop
  endfacet
  facet normal 9.659258e-01 0.000000e+00 -2.588190e-01
    outer loop
      vertex   1.034243e+02 2.500000e+00 7.802784e+01
      vertex   1.034965e+02 0.000000e+00 7.829723e+01
      vertex   1.034243e+02 0.000000e+00 7.802784e+01
    endloop
  endfacet
  facet normal -1.000000e+00 0.000000e+00 0.000000e+00
    outer loop
      vertex   1.978000e+02 0.000000e+00 5.670000e+01
      vertex   1.978000e+02 0.000000e+00 6.070000e+01
      vertex   1.978000e+02 2.500000e+00 5.670000e+01
    endloop
  endfacet
  facet normal -1.000000e+00 0.000000e+00 0.000000e+00
    outer loop
      vertex   1.978000e+02 2.500000e+00 5.670000e+01
      vertex   1.978000e+02 0.000000e+00 6.070000e+01
      vertex   1.978000e+02 2.500000e+00 6.070000e+01
    endloop
  endfacet
  facet normal -7.071068e-01 -5.024296e-16 7.071068e-01
    outer loop
      vertex   1.533000e+02 0.000000e+00 1.220000e+01
      vertex   1.978000e+02 0.000000e+00 5.670000e+01
      vertex   1.533000e+02 2.500000e+00 1.220000e+01
    endloop
  endfacet
  facet normal -7.071068e-01 0.000000e+00 7.071068e-01
    outer loop
      vertex   1.533000e+02 2.500000e+00 1.220000e+01
      vertex   1.978000e+02 0.000000e+00 5.670000e+01
      vertex   1.978000e+02 2.500000e+00 5.670000e+01
    endloop
  endfacet
  facet normal 0.000000e+00 -7.105427e-16 1.000000e+00
    outer loop
      vertex   1.493000e+02 0.000000e+00 1.220000e+01
      vertex   1.533000e+02 0.000000e+00 1.220000e+01
      vertex   1.493000e+02 2.500000e+00 1.220000e+01
    endloop
  endfacet
  facet normal 0.000000e+00 -7.105427e-16 1.000000e+00
    outer loop
      vertex   1.493000e+02 2.500000e+00 1.220000e+01
      vertex   1.533000e+02 0.000000e+00 1.220000e+01
      vertex   1.533000e+02 2.500000e+00 1.220000e+01
    endloop
  endfacet
  facet normal 7.071068e-01 0.000000e+00 -7.071068e-01
    outer loop
      vertex   1.978000e+02 0.000000e+00 6.070000e+01
      vertex   1.493000e+02 0.000000e+00 1.220000e+01
      vertex   1.978000e+02 2.500000e+00 6.070000e+01
    endloop
  endfacet
  facet normal 7.071068e-01 0.000000e+00 -7.071068e-01
    outer loop
      vertex   1.978000e+02 2.500000e+00 6.070000e+01
      vertex   1.493000e+02 0.000000e+00 1.220000e+01
      vertex   1.493000e+02 2.500000e+00 1.220000e+01
    endloop
  endfacet
  facet normal 0.000000e+00 0.000000e+00 -1.000000e+00
    outer loop
      vertex   1.489000e+02 0.000000e+00 7.180000e+01
      vertex   1.449000e+02 0.000000e+00 7.180000e+01
      vertex   1.489000e+02 2.500000e+00 7.180000e+01
    endloop
  endfacet
  facet normal -0.000000e+00 0.000000e+00 -1.000000e+00
    outer loop
      vertex   1.489000e+02 2.500000e+00 7.180000e+01
      vertex   1.449000e+02 0.000000e+00 7.180000e+01
      vertex   1.449000e+02 2.500000e+00 7.180000e+01
    endloop
  endfacet
  facet normal -7.071068e-01 -5.024296e-16 7.071068e-01
    outer loop
      vertex   8.930000e+01 0.000000e+00 1.220000e+01
      vertex   1.489000e+02 0.000000e+00 7.180000e+01
      vertex   8.930000e+01 2.500000e+00 1.220000e+01
    endloop
  endfacet
  facet normal -7.071068e-01 0.000000e+00 7.071068e-01
    outer loop
      vertex   8.930000e+01 2.500000e+00 1.220000e+01
      vertex   1.489000e+02 0.000000e+00 7.180000e+01
      vertex   1.489000e+02 2.500000e+00 7.180000e+01
    endloop
  endfacet
  facet normal 0.000000e+00 -7.105427e-16 1.000000e+00
    outer loop
      vertex   8.530000e+01 0.000000e+00 1.220000e+01
      vertex   8.930000e+01 0.000000e+00 1.220000e+01
      vertex   8.530000e+01 2.500000e+00 1.220000e+01
    endloop
  endfacet
  facet normal 0.000000e+00 -7.105427e-16 1.000000e+00
    outer loop
      vertex   8.530000e+01 2.500000e+00 1.220000e+01
      vertex   8.930000e+01 0.000000e+00 1.220000e+01
      vertex   8.930000e+01 2.500000e+00 1.220000e+01
    endloop
  endfacet
  facet normal 7.071068e-01 0.000000e+00 -7.071068e-01
    outer loop
      vertex   1.449000e+02 0.000000e+00 7.180000e+01
      vertex   8.530000e+01 0.000000e+00 1.220000e+01
      vertex   1.449000e+02 2.500000e+00 7.180000e+01
    endloop
  endfacet
  facet normal 7.071068e-01 2.158087e-15 -7.071068e-01
    outer loop
      vertex   1.449000e+02 2.500000e+00 7.180000e+01
      vertex   8.530000e+01 0.000000e+00 1.220000e+01
      vertex   8.530000e+01 2.500000e+00 1.220000e+01
    endloop
  endfacet
  facet normal 0.000000e+00 0.000000e+00 -1.000000e+00
    outer loop
      vertex   1.569000e+02 0.000000e+00 7.180000e+01
      vertex   1.529000e+02 0.000000e+00 7.180000e+01
      vertex   1.569000e+02 2.500000e+00 7.180000e+01
    endloop
  endfacet
  facet normal -0.000000e+00 0.000000e+00 -1.000000e+00
    outer loop
      vertex   1.569000e+02 2.500000e+00 7.180000e+01
      vertex   1.529000e+02 0.000000e+00 7.180000e+01
      vertex   1.529000e+02 2.500000e+00 7.180000e+01
    endloop
  endfacet
  facet normal -7.071068e-01 -5.024296e-16 7.071068e-01
    outer loop
      vertex   9.730000e+01 0.000000e+00 1.220000e+01
      vertex   1.569000e+02 0.000000e+00 7.180000e+01
      vertex   9.730000e+01 2.500000e+00 1.220000e+01
    endloop
  endfacet
  facet normal -7.071068e-01 0.000000e+00 7.071068e-01
    outer loop
      vertex   9.730000e+01 2.500000e+00 1.220000e+01
      vertex   1.569000e+02 0.000000e+00 7.180000e+01
      vertex   1.569000e+02 2.500000e+00 7.180000e+01
    endloop
  endfacet
  facet normal 0.000000e+00 -7.105427e-16 1.000000e+00
    outer loop
      vertex   9.330000e+01 0.000000e+00 1.220000e+01
      vertex   9.730000e+01 0.000000e+00 1.220000e+01
      vertex   9.330000e+01 2.500000e+00 1.220000e+01
    endloop
  endfacet
  facet normal 0.000000e+00 -7.105427e-16 1.000000e+00
    outer loop
      vertex   9.330000e+01 2.500000e+00 1.220000e+01
      vertex   9.730000e+01 0.000000e+00 1.220000e+01
      vertex   9.730000e+01 2.500000e+00 1.220000e+01
    endloop
  endfacet
  facet normal 7.071068e-01 0.000000e+00 -7.071068e-01
    outer loop
      vertex   1.529000e+02 0.000000e+00 7.180000e+01
      vertex   9.330000e+01 0.000000e+00 1.220000e+01
      vertex   1.529000e+02 2.500000e+00 7.180000e+01
    endloop
  endfacet
  facet normal 7.071068e-01 2.158087e-15 -7.071068e-01
    outer loop
      vertex   1.529000e+02 2.500000e+00 7.180000e+01
      vertex   9.330000e+01 0.000000e+00 1.220000e+01
      vertex   9.330000e+01 2.500000e+00 1.220000e+01
    endloop
  endfacet
  facet normal 0.000000e+00 0.000000e+00 -1.000000e+00
    outer loop
      vertex   1.809000e+02 0.000000e+00 7.180000e+01
      vertex   1.769000e+02 0.000000e+00 7.180000e+01
      vertex   1.809000e+02 2.500000e+00 7.180000e+01
    endloop
  endfacet
  facet normal -0.000000e+00 0.000000e+00 -1.000000e+00
    outer loop
      vertex   1.809000e+02 2.500000e+00 7.180000e+01
      vertex   1.769000e+02 0.000000e+00 7.180000e+01
      vertex   1.769000e+02 2.500000e+00 7.180000e+01
    endloop
  endfacet
  facet normal -7.071068e-01 -5.024296e-16 7.071068e-01
    outer loop
      vertex   1.213000e+02 0.000000e+00 1.220000e+01
      vertex   1.809000e+02 0.000000e+00 7.180000e+01
      vertex   1.213000e+02 2.500000e+00 1.220000e+01
    endloop
  endfacet
  facet normal -7.071068e-01 0.000000e+00 7.071068e-01
    outer loop
      vertex   1.213000e+02 2.500000e+00 1.220000e+01
      vertex   1.809000e+02 0.000000e+00 7.180000e+01
      vertex   1.809000e+02 2.500000e+00 7.180000e+01
    endloop
  endfacet
  facet normal 0.000000e+00 -7.105427e-16 1.000000e+00
    outer loop
      vertex   1.173000e+02 0.000000e+00 1.220000e+01
      vertex   1.213000e+02 0.000000e+00 1.220000e+01
      vertex   1.173000e+02 2.500000e+00 1.220000e+01
    endloop
  endfacet
  facet normal 0.000000e+00 -7.105427e-16 1.000000e+00
    outer loop
      vertex   1.173000e+02 2.500000e+00 1.220000e+01
      vertex   1.213000e+02 0.000000e+00 1.220000e+01
      vertex   1.213000e+02 2.500000e+00 1.220000e+01
    endloop
  endfacet
  facet normal 7.071068e-01 0.000000e+00 -7.071068e-01
    outer loop
      vertex   1.769000e+02 0.000000e+00 7.180000e+01
      vertex   1.173000e+02 0.000000e+00 1.220000e+01
      vertex   1.769000e+02 2.500000e+00 7.180000e+01
    endloop
  endfacet
  facet normal 7.071068e-01 2.158087e-15 -7.071068e-01
    outer loop
      vertex   1.769000e+02 2.500000e+00 7.180000e+01
      vertex   1.173000e+02 0.000000e+00 1.220000e+01
      vertex   1.173000e+02 2.500000e+00 1.220000e+01
    endloop
  endfacet
  facet normal 7.105427e-15 0.000000e+00 -1.000000e+00
    outer loop
      vertex   1.969000e+02 0.000000e+00 7.180000e+01
      vertex   1.929000e+02 0.000000e+00 7.180000e+01
      vertex   1.969000e+02 2.500000e+00 7.180000e+01
    endloop
  endfacet
  facet normal 7.105427e-15 0.000000e+00 -1.000000e+00
    outer loop
      vertex   1.969000e+02 2.500000e+00 7.180000e+01
      vertex   1.929000e+02 0.000000e+00 7.180000e+01
      vertex   1.929000e+02 2.500000e+00 7.180000e+01
    endloop
  endfacet
  facet normal -7.071068e-01 -5.024296e-16 7.071068e-01
    outer loop
      vertex   1.373000e+02 0.000000e+00 1.220000e+01
      vertex   1.969000e+02 0.000000e+00 7.180000e+01
      vertex   1.373000e+02 2.500000e+00 1.220000e+01
    endloop
  endfacet
  facet normal -7.071068e-01 0.000000e+00 7.071068e-01
    outer loop
      vertex   1.373000e+02 2.500000e+00 1.220000e+01
      vertex   1.969000e+02 0.000000e+00 7.180000e+01
      vertex   1.969000e+02 2.500000e+00 7.180000e+01
    endloop
  endfacet
  facet normal 0.000000e+00 -7.105427e-16 1.000000e+00
    outer loop
      vertex   1.333000e+02 0.000000e+00 1.220000e+01
      vertex   1.373000e+02 0.000000e+00 1.220000e+01
      vertex   1.333000e+02 2.500000e+00 1.220000e+01
    endloop
  endfacet
  facet normal 0.000000e+00 -7.105427e-16 1.000000e+00
    outer loop
      vertex   1.333000e+02 2.500000e+00 1.220000e+01
      vertex   1.373000e+02 0.000000e+00 1.220000e+01
      vertex   1.373000e+02 2.500000e+00 1.220000e+01
    endloop
  endfacet
  facet normal 7.071068e-01 0.000000e+00 -7.071068e-01
    outer loop
      vertex   1.929000e+02 0.000000e+00 7.180000e+01
      vertex   1.333000e+02 0.000000e+00 1.220000e+01
      vertex   1.929000e+02 2.500000e+00 7.180000e+01
    endloop
  endfacet
  facet normal 7.071068e-01 2.158087e-15 -7.071068e-01
    outer loop
      vertex   1.929000e+02 2.500000e+00 7.180000e+01
      vertex   1.333000e+02 0.000000e+00 1.220000e+01
      vertex   1.333000e+02 2.500000e+00 1.220000e+01
    endloop
  endfacet
  facet normal 7.071068e-01 0.000000e+00 -7.071068e-01
    outer loop
      vertex   1.049000e+02 0.000000e+00 7.180000e+01
      vertex   6.490000e+01 0.000000e+00 3.180000e+01
      vertex   1.049000e+02 2.500000e+00 7.180000e+01
    endloop
  endfacet
  facet normal 7.071068e-01 0.000000e+00 -7.071068e-01
    outer loop
      vertex   1.049000e+02 2.500000e+00 7.180000e+01
      vertex   6.490000e+01 0.000000e+00 3.180000e+01
      vertex   6.490000e+01 2.500000e+00 3.180000e+01
    endloop
  endfacet
  facet normal 0.000000e+00 0.000000e+00 -1.000000e+00
    outer loop
      vertex   1.089000e+02 0.000000e+00 7.180000e+01
      vertex   1.049000e+02 0.000000e+00 7.180000e+01
      vertex   1.089000e+02 2.500000e+00 7.180000e+01
    endloop
  endfacet
  facet normal -0.000000e+00 0.000000e+00 -1.000000e+00
    outer loop
      vertex   1.089000e+02 2.500000e+00 7.180000e+01
      vertex   1.049000e+02 0.000000e+00 7.180000e+01
      vertex   1.049000e+02 2.500000e+00 7.180000e+01
    endloop
  endfacet
  facet normal -7.071068e-01 0.000000e+00 7.071068e-01
    outer loop
      vertex   6.490000e+01 0.000000e+00 2.780000e+01
      vertex   1.089000e+02 0.000000e+00 7.180000e+01
      vertex   6.490000e+01 2.500000e+00 2.780000e+01
    endloop
  endfacet
  facet normal -7.071068e-01 0.000000e+00 7.071068e-01
    outer loop
      vertex   6.490000e+01 2.500000e+00 2.780000e+01
      vertex   1.089000e+02 0.000000e+00 7.180000e+01
      vertex   1.089000e+02 2.500000e+00 7.180000e+01
    endloop
  endfacet
  facet normal 1.000000e+00 -0.000000e+00 0.000000e+00
    outer loop
      vertex   6.490000e+01 0.000000e+00 3.180000e+01
      vertex   6.490000e+01 0.000000e+00 2.780000e+01
      vertex   6.490000e+01 2.500000e+00 3.180000e+01
    endloop
  endfacet
  facet normal 1.000000e+00 0.000000e+00 0.000000e+00
    outer loop
      vertex   6.490000e+01 2.500000e+00 3.180000e+01
      vertex   6.490000e+01 0.000000e+00 2.780000e+01
      vertex   6.490000e+01 2.500000e+00 2.780000e+01
    endloop
  endfacet
  facet normal 0.000000e+00 0.000000e+00 -1.000000e+00
    outer loop
      vertex   1.729000e+02 0.000000e+00 7.180000e+01
      vertex   1.689000e+02 0.000000e+00 7.180000e+01
      vertex   1.729000e+02 2.500000e+00 7.180000e+01
    endloop
  endfacet
  facet normal -0.000000e+00 0.000000e+00 -1.000000e+00
    outer loop
      vertex   1.729000e+02 2.500000e+00 7.180000e+01
      vertex   1.689000e+02 0.000000e+00 7.180000e+01
      vertex   1.689000e+02 2.500000e+00 7.180000e+01
    endloop
  endfacet
  facet normal -7.071068e-01 -5.024296e-16 7.071068e-01
    outer loop
      vertex   1.133000e+02 0.000000e+00 1.220000e+01
      vertex   1.729000e+02 0.000000e+00 7.180000e+01
      vertex   1.133000e+02 2.500000e+00 1.220000e+01
    endloop
  endfacet
  facet normal -7.071068e-01 0.000000e+00 7.071068e-01
    outer loop
      vertex   1.133000e+02 2.500000e+00 1.220000e+01
      vertex   1.729000e+02 0.000000e+00 7.180000e+01
      vertex   1.729000e+02 2.500000e+00 7.180000e+01
    endloop
  endfacet
  facet normal 0.000000e+00 -7.105427e-16 1.000000e+00
    outer loop
      vertex   1.093000e+02 0.000000e+00 1.220000e+01
      vertex   1.133000e+02 0.000000e+00 1.220000e+01
      vertex   1.093000e+02 2.500000e+00 1.220000e+01
    endloop
  endfacet
  facet normal 0.000000e+00 -7.105427e-16 1.000000e+00
    outer loop
      vertex   1.093000e+02 2.500000e+00 1.220000e+01
      vertex   1.133000e+02 0.000000e+00 1.220000e+01
      vertex   1.133000e+02 2.500000e+00 1.220000e+01
    endloop
  endfacet
  facet normal 7.071068e-01 0.000000e+00 -7.071068e-01
    outer loop
      vertex   1.689000e+02 0.000000e+00 7.180000e+01
      vertex   1.093000e+02 0.000000e+00 1.220000e+01
      vertex   1.689000e+02 2.500000e+00 7.180000e+01
    endloop
  endfacet
  facet normal 7.071068e-01 2.158087e-15 -7.071068e-01
    outer loop
      vertex   1.689000e+02 2.500000e+00 7.180000e+01
      vertex   1.093000e+02 0.000000e+00 1.220000e+01
      vertex   1.093000e+02 2.500000e+00 1.220000e+01
    endloop
  endfacet
  facet normal 9.961947e-01 0.000000e+00 -8.715574e-02
    outer loop
      vertex   2.014243e+02 2.500000e+00 7.727784e+01
      vertex   2.014243e+02 0.000000e+00 7.727784e+01
      vertex   2.014000e+02 2.500000e+00 7.700000e+01
    endloop
  endfacet
  facet normal 9.961947e-01 0.000000e+00 -8.715574e-02
    outer loop
      vertex   2.014000e+02 2.500000e+00 7.700000e+01
      vertex   2.014243e+02 0.000000e+00 7.727784e+01
      vertex   2.014000e+02 0.000000e+00 7.700000e+01
    endloop
  endfacet
  facet normal 9.961947e-01 0.000000e+00 8.715574e-02
    outer loop
      vertex   2.014000e+02 2.500000e+00 7.700000e+01
      vertex   2.014000e+02 0.000000e+00 7.700000e+01
      vertex   2.014243e+02 2.500000e+00 7.672216e+01
    endloop
  endfacet
  facet normal 9.961947e-01 0.000000e+00 8.715574e-02
    outer loop
      vertex   2.014243e+02 2.500000e+00 7.672216e+01
      vertex   2.014000e+02 0.000000e+00 7.700000e+01
      vertex   2.014243e+02 0.000000e+00 7.672216e+01
    endloop
  endfacet
  facet normal 9.659258e-01 0.000000e+00 2.588190e-01
    outer loop
      vertex   2.014243e+02 2.500000e+00 7.672216e+01
      vertex   2.014243e+02 0.000000e+00 7.672216e+01
      vertex   2.014965e+02 2.500000e+00 7.645277e+01
    endloop
  endfacet
  facet normal 9.659258e-01 0.000000e+00 2.588190e-01
    outer loop
      vertex   2.014965e+02 2.500000e+00 7.645277e+01
      vertex   2.014243e+02 0.000000e+00 7.672216e+01
      vertex   2.014965e+02 0.000000e+00 7.645277e+01
    endloop
  endfacet
  facet normal 9.063078e-01 0.000000e+00 4.226183e-01
    outer loop
      vertex   2.014965e+02 2.500000e+00 7.645277e+01
      vertex   2.014965e+02 0.000000e+00 7.645277e+01
      vertex   2.016144e+02 2.500000e+00 7.620000e+01
    endloop
  endfacet
  facet normal 9.063078e-01 0.000000e+00 4.226183e-01
    outer loop
      vertex   2.016144e+02 2.500000e+00 7.620000e+01
      vertex   2.014965e+02 0.000000e+00 7.645277e+01
      vertex   2.016144e+02 0.000000e+00 7.620000e+01
    endloop
  endfacet
  facet normal 8.191520e-01 0.000000e+00 5.735764e-01
    outer loop
      vertex   2.016144e+02 2.500000e+00 7.620000e+01
      vertex   2.016144e+02 0.000000e+00 7.620000e+01
      vertex   2.017743e+02 2.500000e+00 7.597154e+01
    endloop
  endfacet
  facet normal 8.191520e-01 0.000000e+00 5.735764e-01
    outer loop
      vertex   2.017743e+02 2.500000e+00 7.597154e+01
      vertex   2.016144e+02 0.000000e+00 7.620000e+01
      vertex   2.017743e+02 0.000000e+00 7.597154e+01
    endloop
  endfacet
  facet normal 7.071068e-01 0.000000e+00 7.071068e-01
    outer loop
      vertex   2.017743e+02 2.500000e+00 7.597154e+01
      vertex   2.017743e+02 0.000000e+00 7.597154e+01
      vertex   2.019715e+02 2.500000e+00 7.577433e+01
    endloop
  endfacet
  facet normal 7.071068e-01 0.000000e+00 7.071068e-01
    outer loop
      vertex   2.019715e+02 2.500000e+00 7.577433e+01
      vertex   2.017743e+02 0.000000e+00 7.597154e+01
      vertex   2.019715e+02 0.000000e+00 7.577433e+01
    endloop
  endfacet
  facet normal 5.735764e-01 0.000000e+00 8.191520e-01
    outer loop
      vertex   2.019715e+02 2.500000e+00 7.577433e+01
      vertex   2.019715e+02 0.000000e+00 7.577433e+01
      vertex   2.022000e+02 2.500000e+00 7.561436e+01
    endloop
  endfacet
  facet normal 5.735764e-01 0.000000e+00 8.191520e-01
    outer loop
      vertex   2.022000e+02 2.500000e+00 7.561436e+01
      vertex   2.019715e+02 0.000000e+00 7.577433e+01
      vertex   2.022000e+02 0.000000e+00 7.561436e+01
    endloop
  endfacet
  facet normal 4.226183e-01 0.000000e+00 9.063078e-01
    outer loop
      vertex   2.022000e+02 2.500000e+00 7.561436e+01
      vertex   2.022000e+02 0.000000e+00 7.561436e+01
      vertex   2.024528e+02 2.500000e+00 7.549649e+01
    endloop
  endfacet
  facet normal 4.226183e-01 0.000000e+00 9.063078e-01
    outer loop
      vertex   2.024528e+02 2.500000e+00 7.549649e+01
      vertex   2.022000e+02 0.000000e+00 7.561436e+01
      vertex   2.024528e+02 0.000000e+00 7.549649e+01
    endloop
  endfacet
  facet normal 2.588190e-01 0.000000e+00 9.659258e-01
    outer loop
      vertex   2.024528e+02 2.500000e+00 7.549649e+01
      vertex   2.024528e+02 0.000000e+00 7.549649e+01
      vertex   2.027222e+02 2.500000e+00 7.542431e+01
    endloop
  endfacet
  facet normal 2.588190e-01 0.000000e+00 9.659258e-01
    outer loop
      vertex   2.027222e+02 2.500000e+00 7.542431e+01
      vertex   2.024528e+02 0.000000e+00 7.549649e+01
      vertex   2.027222e+02 0.000000e+00 7.542431e+01
    endloop
  endfacet
  facet normal 8.715574e-02 0.000000e+00 9.961947e-01
    outer loop
      vertex   2.027222e+02 2.500000e+00 7.542431e+01
      vertex   2.027222e+02 0.000000e+00 7.542431e+01
      vertex   2.030000e+02 2.500000e+00 7.540000e+01
    endloop
  endfacet
  facet normal 8.715574e-02 0.000000e+00 9.961947e-01
    outer loop
      vertex   2.030000e+02 2.500000e+00 7.540000e+01
      vertex   2.027222e+02 0.000000e+00 7.542431e+01
      vertex   2.030000e+02 0.000000e+00 7.540000e+01
    endloop
  endfacet
  facet normal -8.715574e-02 0.000000e+00 9.961947e-01
    outer loop
      vertex   2.030000e+02 2.500000e+00 7.540000e+01
      vertex   2.030000e+02 0.000000e+00 7.540000e+01
      vertex   2.032778e+02 2.500000e+00 7.542431e+01
    endloop
  endfacet
  facet normal -8.715574e-02 0.000000e+00 9.961947e-01
    outer loop
      vertex   2.032778e+02 2.500000e+00 7.542431e+01
      vertex   2.030000e+02 0.000000e+00 7.540000e+01
      vertex   2.032778e+02 0.000000e+00 7.542431e+01
    endloop
  endfacet
  facet normal -2.588190e-01 0.000000e+00 9.659258e-01
    outer loop
      vertex   2.032778e+02 2.500000e+00 7.542431e+01
      vertex   2.032778e+02 0.000000e+00 7.542431e+01
      vertex   2.035472e+02 2.500000e+00 7.549649e+01
    endloop
  endfacet
  facet normal -2.588190e-01 0.000000e+00 9.659258e-01
    outer loop
      vertex   2.035472e+02 2.500000e+00 7.549649e+01
      vertex   2.032778e+02 0.000000e+00 7.542431e+01
      vertex   2.035472e+02 0.000000e+00 7.549649e+01
    endloop
  endfacet
  facet normal -4.226183e-01 0.000000e+00 9.063078e-01
    outer loop
      vertex   2.035472e+02 2.500000e+00 7.549649e+01
      vertex   2.035472e+02 0.000000e+00 7.549649e+01
      vertex   2.038000e+02 2.500000e+00 7.561436e+01
    endloop
  endfacet
  facet normal -4.226183e-01 0.000000e+00 9.063078e-01
    outer loop
      vertex   2.038000e+02 2.500000e+00 7.561436e+01
      vertex   2.035472e+02 0.000000e+00 7.549649e+01
      vertex   2.038000e+02 0.000000e+00 7.561436e+01
    endloop
  endfacet
  facet normal -5.735764e-01 0.000000e+00 8.191520e-01
    outer loop
      vertex   2.038000e+02 2.500000e+00 7.561436e+01
      vertex   2.038000e+02 0.000000e+00 7.561436e+01
      vertex   2.040285e+02 2.500000e+00 7.577433e+01
    endloop
  endfacet
  facet normal -5.735764e-01 0.000000e+00 8.191520e-01
    outer loop
      vertex   2.040285e+02 2.500000e+00 7.577433e+01
      vertex   2.038000e+02 0.000000e+00 7.561436e+01
      vertex   2.040285e+02 0.000000e+00 7.577433e+01
    endloop
  endfacet
  facet normal -7.071068e-01 0.000000e+00 7.071068e-01
    outer loop
      vertex   2.040285e+02 2.500000e+00 7.577433e+01
      vertex   2.040285e+02 0.000000e+00 7.577433e+01
      vertex   2.042257e+02 2.500000e+00 7.597154e+01
    endloop
  endfacet
  facet normal -7.071068e-01 0.000000e+00 7.071068e-01
    outer loop
      vertex   2.042257e+02 2.500000e+00 7.597154e+01
      vertex   2.040285e+02 0.000000e+00 7.577433e+01
      vertex   2.042257e+02 0.000000e+00 7.597154e+01
    endloop
  endfacet
  facet normal -8.191520e-01 0.000000e+00 5.735764e-01
    outer loop
      vertex   2.042257e+02 2.500000e+00 7.597154e+01
      vertex   2.042257e+02 0.000000e+00 7.597154e+01
      vertex   2.043856e+02 2.500000e+00 7.620000e+01
    endloop
  endfacet
  facet normal -8.191520e-01 0.000000e+00 5.735764e-01
    outer loop
      vertex   2.043856e+02 2.500000e+00 7.620000e+01
      vertex   2.042257e+02 0.000000e+00 7.597154e+01
      vertex   2.043856e+02 0.000000e+00 7.620000e+01
    endloop
  endfacet
  facet normal -9.063078e-01 0.000000e+00 4.226183e-01
    outer loop
      vertex   2.043856e+02 2.500000e+00 7.620000e+01
      vertex   2.043856e+02 0.000000e+00 7.620000e+01
      vertex   2.045035e+02 2.500000e+00 7.645277e+01
    endloop
  endfacet
  facet normal -9.063078e-01 0.000000e+00 4.226183e-01
    outer loop
      vertex   2.045035e+02 2.500000e+00 7.645277e+01
      vertex   2.043856e+02 0.000000e+00 7.620000e+01
      vertex   2.045035e+02 0.000000e+00 7.645277e+01
    endloop
  endfacet
  facet normal -9.659258e-01 0.000000e+00 2.588190e-01
    outer loop
      vertex   2.045035e+02 2.500000e+00 7.645277e+01
      vertex   2.045035e+02 0.000000e+00 7.645277e+01
      vertex   2.045757e+02 2.500000e+00 7.672216e+01
    endloop
  endfacet
  facet normal -9.659258e-01 0.000000e+00 2.588190e-01
    outer loop
      vertex   2.045757e+02 2.500000e+00 7.672216e+01
      vertex   2.045035e+02 0.000000e+00 7.645277e+01
      vertex   2.045757e+02 0.000000e+00 7.672216e+01
    endloop
  endfacet
  facet normal -9.961947e-01 0.000000e+00 8.715574e-02
    outer loop
      vertex   2.045757e+02 2.500000e+00 7.672216e+01
      vertex   2.045757e+02 0.000000e+00 7.672216e+01
      vertex   2.046000e+02 2.500000e+00 7.700000e+01
    endloop
  endfacet
  facet normal -9.961947e-01 0.000000e+00 8.715574e-02
    outer loop
      vertex   2.046000e+02 2.500000e+00 7.700000e+01
      vertex   2.045757e+02 0.000000e+00 7.672216e+01
      vertex   2.046000e+02 0.000000e+00 7.700000e+01
    endloop
  endfacet
  facet normal -9.961947e-01 -0.000000e+00 -8.715574e-02
    outer loop
      vertex   2.046000e+02 2.500000e+00 7.700000e+01
      vertex   2.046000e+02 0.000000e+00 7.700000e+01
      vertex   2.045757e+02 2.500000e+00 7.727784e+01
    endloop
  endfacet
  facet normal -9.961947e-01 -0.000000e+00 -8.715574e-02
    outer loop
      vertex   2.045757e+02 2.500000e+00 7.727784e+01
      vertex   2.046000e+02 0.000000e+00 7.700000e+01
      vertex   2.045757e+02 0.000000e+00 7.727784e+01
    endloop
  endfacet
  facet normal -9.659258e-01 -0.000000e+00 -2.588190e-01
    outer loop
      vertex   2.045757e+02 2.500000e+00 7.727784e+01
      vertex   2.045757e+02 0.000000e+00 7.727784e+01
      vertex   2.045035e+02 2.500000e+00 7.754723e+01
    endloop
  endfacet
  facet normal -9.659258e-01 -0.000000e+00 -2.588190e-01
    outer loop
      vertex   2.045035e+02 2.500000e+00 7.754723e+01
      vertex   2.045757e+02 0.000000e+00 7.727784e+01
      vertex   2.045035e+02 0.000000e+00 7.754723e+01
    endloop
  endfacet
  facet normal -9.063078e-01 -0.000000e+00 -4.226183e-01
    outer loop
      vertex   2.045035e+02 2.500000e+00 7.754723e+01
      vertex   2.045035e+02 0.000000e+00 7.754723e+01
      vertex   2.043856e+02 2.500000e+00 7.780000e+01
    endloop
  endfacet
  facet normal -9.063078e-01 -0.000000e+00 -4.226183e-01
    outer loop
      vertex   2.043856e+02 2.500000e+00 7.780000e+01
      vertex   2.045035e+02 0.000000e+00 7.754723e+01
      vertex   2.043856e+02 0.000000e+00 7.780000e+01
    endloop
  endfacet
  facet normal -8.191520e-01 -0.000000e+00 -5.735764e-01
    outer loop
      vertex   2.043856e+02 2.500000e+00 7.780000e+01
      vertex   2.043856e+02 0.000000e+00 7.780000e+01
      vertex   2.042257e+02 2.500000e+00 7.802846e+01
    endloop
  endfacet
  facet normal -8.191520e-01 -0.000000e+00 -5.735764e-01
    outer loop
      vertex   2.042257e+02 2.500000e+00 7.802846e+01
      vertex   2.043856e+02 0.000000e+00 7.780000e+01
      vertex   2.042257e+02 0.000000e+00 7.802846e+01
    endloop
  endfacet
  facet normal -7.071068e-01 -0.000000e+00 -7.071068e-01
    outer loop
      vertex   2.042257e+02 2.500000e+00 7.802846e+01
      vertex   2.042257e+02 0.000000e+00 7.802846e+01
      vertex   2.040285e+02 2.500000e+00 7.822567e+01
    endloop
  endfacet
  facet normal -7.071068e-01 -0.000000e+00 -7.071068e-01
    outer loop
      vertex   2.040285e+02 2.500000e+00 7.822567e+01
      vertex   2.042257e+02 0.000000e+00 7.802846e+01
      vertex   2.040285e+02 0.000000e+00 7.822567e+01
    endloop
  endfacet
  facet normal -5.735764e-01 -0.000000e+00 -8.191520e-01
    outer loop
      vertex   2.040285e+02 2.500000e+00 7.822567e+01
      vertex   2.040285e+02 0.000000e+00 7.822567e+01
      vertex   2.038000e+02 2.500000e+00 7.838564e+01
    endloop
  endfacet
  facet normal -5.735764e-01 -0.000000e+00 -8.191520e-01
    outer loop
      vertex   2.038000e+02 2.500000e+00 7.838564e+01
      vertex   2.040285e+02 0.000000e+00 7.822567e+01
      vertex   2.038000e+02 0.000000e+00 7.838564e+01
    endloop
  endfacet
  facet normal -4.226183e-01 -0.000000e+00 -9.063078e-01
    outer loop
      vertex   2.038000e+02 2.500000e+00 7.838564e+01
      vertex   2.038000e+02 0.000000e+00 7.838564e+01
      vertex   2.035472e+02 2.500000e+00 7.850351e+01
    endloop
  endfacet
  facet normal -4.226183e-01 -0.000000e+00 -9.063078e-01
    outer loop
      vertex   2.035472e+02 2.500000e+00 7.850351e+01
      vertex   2.038000e+02 0.000000e+00 7.838564e+01
      vertex   2.035472e+02 0.000000e+00 7.850351e+01
    endloop
  endfacet
  facet normal -2.588190e-01 -0.000000e+00 -9.659258e-01
    outer loop
      vertex   2.035472e+02 2.500000e+00 7.850351e+01
      vertex   2.035472e+02 0.000000e+00 7.850351e+01
      vertex   2.032778e+02 2.500000e+00 7.857569e+01
    endloop
  endfacet
  facet normal -2.588190e-01 -0.000000e+00 -9.659258e-01
    outer loop
      vertex   2.032778e+02 2.500000e+00 7.857569e+01
      vertex   2.035472e+02 0.000000e+00 7.850351e+01
      vertex   2.032778e+02 0.000000e+00 7.857569e+01
    endloop
  endfacet
  facet normal -8.715574e-02 -0.000000e+00 -9.961947e-01
    outer loop
      vertex   2.032778e+02 2.500000e+00 7.857569e+01
      vertex   2.032778e+02 0.000000e+00 7.857569e+01
      vertex   2.030000e+02 2.500000e+00 7.860000e+01
    endloop
  endfacet
  facet normal -8.715574e-02 -0.000000e+00 -9.961947e-01
    outer loop
      vertex   2.030000e+02 2.500000e+00 7.860000e+01
      vertex   2.032778e+02 0.000000e+00 7.857569e+01
      vertex   2.030000e+02 0.000000e+00 7.860000e+01
    endloop
  endfacet
  facet normal 8.715574e-02 0.000000e+00 -9.961947e-01
    outer loop
      vertex   2.030000e+02 2.500000e+00 7.860000e+01
      vertex   2.030000e+02 0.000000e+00 7.860000e+01
      vertex   2.027222e+02 2.500000e+00 7.857569e+01
    endloop
  endfacet
  facet normal 8.715574e-02 0.000000e+00 -9.961947e-01
    outer loop
      vertex   2.027222e+02 2.500000e+00 7.857569e+01
      vertex   2.030000e+02 0.000000e+00 7.860000e+01
      vertex   2.027222e+02 0.000000e+00 7.857569e+01
    endloop
  endfacet
  facet normal 2.588190e-01 0.000000e+00 -9.659258e-01
    outer loop
      vertex   2.027222e+02 2.500000e+00 7.857569e+01
      vertex   2.027222e+02 0.000000e+00 7.857569e+01
      vertex   2.024528e+02 2.500000e+00 7.850351e+01
    endloop
  endfacet
  facet normal 2.588190e-01 0.000000e+00 -9.659258e-01
    outer loop
      vertex   2.024528e+02 2.500000e+00 7.850351e+01
      vertex   2.027222e+02 0.000000e+00 7.857569e+01
      vertex   2.024528e+02 0.000000e+00 7.850351e+01
    endloop
  endfacet
  facet normal 4.226183e-01 0.000000e+00 -9.063078e-01
    outer loop
      vertex   2.024528e+02 2.500000e+00 7.850351e+01
      vertex   2.024528e+02 0.000000e+00 7.850351e+01
      vertex   2.022000e+02 2.500000e+00 7.838564e+01
    endloop
  endfacet
  facet normal 4.226183e-01 0.000000e+00 -9.063078e-01
    outer loop
      vertex   2.022000e+02 2.500000e+00 7.838564e+01
      vertex   2.024528e+02 0.000000e+00 7.850351e+01
      vertex   2.022000e+02 0.000000e+00 7.838564e+01
    endloop
  endfacet
  facet normal 5.735764e-01 0.000000e+00 -8.191520e-01
    outer loop
      vertex   2.022000e+02 2.500000e+00 7.838564e+01
      vertex   2.022000e+02 0.000000e+00 7.838564e+01
      vertex   2.019715e+02 2.500000e+00 7.822567e+01
    endloop
  endfacet
  facet normal 5.735764e-01 0.000000e+00 -8.191520e-01
    outer loop
      vertex   2.019715e+02 2.500000e+00 7.822567e+01
      vertex   2.022000e+02 0.000000e+00 7.838564e+01
      vertex   2.019715e+02 0.000000e+00 7.822567e+01
    endloop
  endfacet
  facet normal 7.071068e-01 0.000000e+00 -7.071068e-01
    outer loop
      vertex   2.019715e+02 2.500000e+00 7.822567e+01
      vertex   2.019715e+02 0.000000e+00 7.822567e+01
      vertex   2.017743e+02 2.500000e+00 7.802846e+01
    endloop
  endfacet
  facet normal 7.071068e-01 0.000000e+00 -7.071068e-01
    outer loop
      vertex   2.017743e+02 2.500000e+00 7.802846e+01
      vertex   2.019715e+02 0.000000e+00 7.822567e+01
      vertex   2.017743e+02 0.000000e+00 7.802846e+01
    endloop
  endfacet
  facet normal 8.191520e-01 0.000000e+00 -5.735764e-01
    outer loop
      vertex   2.017743e+02 2.500000e+00 7.802846e+01
      vertex   2.017743e+02 0.000000e+00 7.802846e+01
      vertex   2.016144e+02 2.500000e+00 7.780000e+01
    endloop
  endfacet
  facet normal 8.191520e-01 0.000000e+00 -5.735764e-01
    outer loop
      vertex   2.016144e+02 2.500000e+00 7.780000e+01
      vertex   2.017743e+02 0.000000e+00 7.802846e+01
      vertex   2.016144e+02 0.000000e+00 7.780000e+01
    endloop
  endfacet
  facet normal 9.063078e-01 0.000000e+00 -4.226183e-01
    outer loop
      vertex   2.016144e+02 2.500000e+00 7.780000e+01
      vertex   2.016144e+02 0.000000e+00 7.780000e+01
      vertex   2.014965e+02 2.500000e+00 7.754723e+01
    endloop
  endfacet
  facet normal 9.063078e-01 0.000000e+00 -4.226183e-01
    outer loop
      vertex   2.014965e+02 2.500000e+00 7.754723e+01
      vertex   2.016144e+02 0.000000e+00 7.780000e+01
      vertex   2.014965e+02 0.000000e+00 7.754723e+01
    endloop
  endfacet
  facet normal 9.659258e-01 0.000000e+00 -2.588190e-01
    outer loop
      vertex   2.014965e+02 2.500000e+00 7.754723e+01
      vertex   2.014965e+02 0.000000e+00 7.754723e+01
      vertex   2.014243e+02 2.500000e+00 7.727784e+01
    endloop
  endfacet
  facet normal 9.659258e-01 0.000000e+00 -2.588190e-01
    outer loop
      vertex   2.014243e+02 2.500000e+00 7.727784e+01
      vertex   2.014965e+02 0.000000e+00 7.754723e+01
      vertex   2.014243e+02 0.000000e+00 7.727784e+01
    endloop
  endfacet
  facet normal 7.071068e-01 0.000000e+00 -7.071068e-01
    outer loop
      vertex   8.090000e+01 0.000000e+00 7.180000e+01
      vertex   6.490000e+01 0.000000e+00 5.580000e+01
      vertex   8.090000e+01 2.500000e+00 7.180000e+01
    endloop
  endfacet
  facet normal 7.071068e-01 0.000000e+00 -7.071068e-01
    outer loop
      vertex   8.090000e+01 2.500000e+00 7.180000e+01
      vertex   6.490000e+01 0.000000e+00 5.580000e+01
      vertex   6.490000e+01 2.500000e+00 5.580000e+01
    endloop
  endfacet
  facet normal 0.000000e+00 0.000000e+00 -1.000000e+00
    outer loop
      vertex   8.490000e+01 0.000000e+00 7.180000e+01
      vertex   8.090000e+01 0.000000e+00 7.180000e+01
      vertex   8.490000e+01 2.500000e+00 7.180000e+01
    endloop
  endfacet
  facet normal -0.000000e+00 0.000000e+00 -1.000000e+00
    outer loop
      vertex   8.490000e+01 2.500000e+00 7.180000e+01
      vertex   8.090000e+01 0.000000e+00 7.180000e+01
      vertex   8.090000e+01 2.500000e+00 7.180000e+01
    endloop
  endfacet
  facet normal -7.071068e-01 0.000000e+00 7.071068e-01
    outer loop
      vertex   6.490000e+01 0.000000e+00 5.180000e+01
      vertex   8.490000e+01 0.000000e+00 7.180000e+01
      vertex   6.490000e+01 2.500000e+00 5.180000e+01
    endloop
  endfacet
  facet normal -7.071068e-01 0.000000e+00 7.071068e-01
    outer loop
      vertex   6.490000e+01 2.500000e+00 5.180000e+01
      vertex   8.490000e+01 0.000000e+00 7.180000e+01
      vertex   8.490000e+01 2.500000e+00 7.180000e+01
    endloop
  endfacet
  facet normal 1.000000e+00 -0.000000e+00 0.000000e+00
    outer loop
      vertex   6.490000e+01 0.000000e+00 5.580000e+01
      vertex   6.490000e+01 0.000000e+00 5.180000e+01
      vertex   6.490000e+01 2.500000e+00 5.580000e+01
    endloop
  endfacet
  facet normal 1.000000e+00 0.000000e+00 0.000000e+00
    outer loop
      vertex   6.490000e+01 2.500000e+00 5.580000e+01
      vertex   6.490000e+01 0.000000e+00 5.180000e+01
      vertex   6.490000e+01 2.500000e+00 5.180000e+01
    endloop
  endfacet
  facet normal 0.000000e+00 0.000000e+00 -1.000000e+00
    outer loop
      vertex   1.889000e+02 0.000000e+00 7.180000e+01
      vertex   1.849000e+02 0.000000e+00 7.180000e+01
      vertex   1.889000e+02 2.500000e+00 7.180000e+01
    endloop
  endfacet
  facet normal -0.000000e+00 0.000000e+00 -1.000000e+00
    outer loop
      vertex   1.889000e+02 2.500000e+00 7.180000e+01
      vertex   1.849000e+02 0.000000e+00 7.180000e+01
      vertex   1.849000e+02 2.500000e+00 7.180000e+01
    endloop
  endfacet
  facet normal -7.071068e-01 -5.024296e-16 7.071068e-01
    outer loop
      vertex   1.293000e+02 0.000000e+00 1.220000e+01
      vertex   1.889000e+02 0.000000e+00 7.180000e+01
      vertex   1.293000e+02 2.500000e+00 1.220000e+01
    endloop
  endfacet
  facet normal -7.071068e-01 0.000000e+00 7.071068e-01
    outer loop
      vertex   1.293000e+02 2.500000e+00 1.220000e+01
      vertex   1.889000e+02 0.000000e+00 7.180000e+01
      vertex   1.889000e+02 2.500000e+00 7.180000e+01
    endloop
  endfacet
  facet normal 0.000000e+00 -7.105427e-16 1.000000e+00
    outer loop
      vertex   1.253000e+02 0.000000e+00 1.220000e+01
      vertex   1.293000e+02 0.000000e+00 1.220000e+01
      vertex   1.253000e+02 2.500000e+00 1.220000e+01
    endloop
  endfacet
  facet normal 0.000000e+00 -7.105427e-16 1.000000e+00
    outer loop
      vertex   1.253000e+02 2.500000e+00 1.220000e+01
      vertex   1.293000e+02 0.000000e+00 1.220000e+01
      vertex   1.293000e+02 2.500000e+00 1.220000e+01
    endloop
  endfacet
  facet normal 7.071068e-01 0.000000e+00 -7.071068e-01
    outer loop
      vertex   1.849000e+02 0.000000e+00 7.180000e+01
      vertex   1.253000e+02 0.000000e+00 1.220000e+01
      vertex   1.849000e+02 2.500000e+00 7.180000e+01
    endloop
  endfacet
  facet normal 7.071068e-01 2.158087e-15 -7.071068e-01
    outer loop
      vertex   1.849000e+02 2.500000e+00 7.180000e+01
      vertex   1.253000e+02 0.000000e+00 1.220000e+01
      vertex   1.253000e+02 2.500000e+00 1.220000e+01
    endloop
  endfacet
  facet normal 7.071068e-01 0.000000e+00 -7.071068e-01
    outer loop
      vertex   1.209000e+02 0.000000e+00 7.180000e+01
      vertex   6.490000e+01 0.000000e+00 1.580000e+01
      vertex   1.209000e+02 2.500000e+00 7.180000e+01
    endloop
  endfacet
  facet normal 7.071068e-01 0.000000e+00 -7.071068e-01
    outer loop
      vertex   1.209000e+02 2.500000e+00 7.180000e+01
      vertex   6.490000e+01 0.000000e+00 1.580000e+01
      vertex   6.490000e+01 2.500000e+00 1.580000e+01
    endloop
  endfacet
  facet normal 0.000000e+00 0.000000e+00 -1.000000e+00
    outer loop
      vertex   1.249000e+02 0.000000e+00 7.180000e+01
      vertex   1.209000e+02 0.000000e+00 7.180000e+01
      vertex   1.249000e+02 2.500000e+00 7.180000e+01
    endloop
  endfacet
  facet normal -0.000000e+00 0.000000e+00 -1.000000e+00
    outer loop
      vertex   1.249000e+02 2.500000e+00 7.180000e+01
      vertex   1.209000e+02 0.000000e+00 7.180000e+01
      vertex   1.209000e+02 2.500000e+00 7.180000e+01
    endloop
  endfacet
  facet normal -7.071068e-01 -4.521866e-15 7.071068e-01
    outer loop
      vertex   6.530000e+01 0.000000e+00 1.220000e+01
      vertex   1.249000e+02 0.000000e+00 7.180000e+01
      vertex   6.530000e+01 2.500000e+00 1.220000e+01
    endloop
  endfacet
  facet normal -7.071068e-01 0.000000e+00 7.071068e-01
    outer loop
      vertex   6.530000e+01 2.500000e+00 1.220000e+01
      vertex   1.249000e+02 0.000000e+00 7.180000e+01
      vertex   1.249000e+02 2.500000e+00 7.180000e+01
    endloop
  endfacet
  facet normal 4.440892e-15 -0.000000e+00 1.000000e+00
    outer loop
      vertex   6.490000e+01 0.000000e+00 1.220000e+01
      vertex   6.530000e+01 0.000000e+00 1.220000e+01
      vertex   6.490000e+01 2.500000e+00 1.220000e+01
    endloop
  endfacet
  facet normal 0.000000e+00 -7.105427e-16 1.000000e+00
    outer loop
      vertex   6.490000e+01 2.500000e+00 1.220000e+01
      vertex   6.530000e+01 0.000000e+00 1.220000e+01
      vertex   6.530000e+01 2.500000e+00 1.220000e+01
    endloop
  endfacet
  facet normal 1.000000e+00 -0.000000e+00 0.000000e+00
    outer loop
      vertex   6.490000e+01 0.000000e+00 1.580000e+01
      vertex   6.490000e+01 0.000000e+00 1.220000e+01
      vertex   6.490000e+01 2.500000e+00 1.580000e+01
    endloop
  endfacet
  facet normal 1.000000e+00 0.000000e+00 0.000000e+00
    outer loop
      vertex   6.490000e+01 2.500000e+00 1.580000e+01
      vertex   6.490000e+01 0.000000e+00 1.220000e+01
      vertex   6.490000e+01 2.500000e+00 1.220000e+01
    endloop
  endfacet
  facet normal 7.071068e-01 0.000000e+00 -7.071068e-01
    outer loop
      vertex   8.890000e+01 0.000000e+00 7.180000e+01
      vertex   6.490000e+01 0.000000e+00 4.780000e+01
      vertex   8.890000e+01 2.500000e+00 7.180000e+01
    endloop
  endfacet
  facet normal 7.071068e-01 0.000000e+00 -7.071068e-01
    outer loop
      vertex   8.890000e+01 2.500000e+00 7.180000e+01
      vertex   6.490000e+01 0.000000e+00 4.780000e+01
      vertex   6.490000e+01 2.500000e+00 4.780000e+01
    endloop
  endfacet
  facet normal 0.000000e+00 0.000000e+00 -1.000000e+00
    outer loop
      vertex   9.290000e+01 0.000000e+00 7.180000e+01
      vertex   8.890000e+01 0.000000e+00 7.180000e+01
      vertex   9.290000e+01 2.500000e+00 7.180000e+01
    endloop
  endfacet
  facet normal -0.000000e+00 0.000000e+00 -1.000000e+00
    outer loop
      vertex   9.290000e+01 2.500000e+00 7.180000e+01
      vertex   8.890000e+01 0.000000e+00 7.180000e+01
      vertex   8.890000e+01 2.500000e+00 7.180000e+01
    endloop
  endfacet
  facet normal -7.071068e-01 0.000000e+00 7.071068e-01
    outer loop
      vertex   6.490000e+01 0.000000e+00 4.380000e+01
      vertex   9.290000e+01 0.000000e+00 7.180000e+01
      vertex   6.490000e+01 2.500000e+00 4.380000e+01
    endloop
  endfacet
  facet normal -7.071068e-01 0.000000e+00 7.071068e-01
    outer loop
      vertex   6.490000e+01 2.500000e+00 4.380000e+01
      vertex   9.290000e+01 0.000000e+00 7.180000e+01
      vertex   9.290000e+01 2.500000e+00 7.180000e+01
    endloop
  endfacet
  facet normal 1.000000e+00 -0.000000e+00 0.000000e+00
    outer loop
      vertex   6.490000e+01 0.000000e+00 4.780000e+01
      vertex   6.490000e+01 0.000000e+00 4.380000e+01
      vertex   6.490000e+01 2.500000e+00 4.780000e+01
    endloop
  endfacet
  facet normal 1.000000e+00 0.000000e+00 0.000000e+00
    outer loop
      vertex   6.490000e+01 2.500000e+00 4.780000e+01
      vertex   6.490000e+01 0.000000e+00 4.380000e+01
      vertex   6.490000e+01 2.500000e+00 4.380000e+01
    endloop
  endfacet
  facet normal 0.000000e+00 0.000000e+00 -1.000000e+00
    outer loop
      vertex   1.409000e+02 0.000000e+00 7.180000e+01
      vertex   1.369000e+02 0.000000e+00 7.180000e+01
      vertex   1.409000e+02 2.500000e+00 7.180000e+01
    endloop
  endfacet
  facet normal -0.000000e+00 0.000000e+00 -1.000000e+00
    outer loop
      vertex   1.409000e+02 2.500000e+00 7.180000e+01
      vertex   1.369000e+02 0.000000e+00 7.180000e+01
      vertex   1.369000e+02 2.500000e+00 7.180000e+01
    endloop
  endfacet
  facet normal -7.071068e-01 -5.024296e-16 7.071068e-01
    outer loop
      vertex   8.130000e+01 0.000000e+00 1.220000e+01
      vertex   1.409000e+02 0.000000e+00 7.180000e+01
      vertex   8.130000e+01 2.500000e+00 1.220000e+01
    endloop
  endfacet
  facet normal -7.071068e-01 0.000000e+00 7.071068e-01
    outer loop
      vertex   8.130000e+01 2.500000e+00 1.220000e+01
      vertex   1.409000e+02 0.000000e+00 7.180000e+01
      vertex   1.409000e+02 2.500000e+00 7.180000e+01
    endloop
  endfacet
  facet normal 0.000000e+00 -7.105427e-16 1.000000e+00
    outer loop
      vertex   7.730000e+01 0.000000e+00 1.220000e+01
      vertex   8.130000e+01 0.000000e+00 1.220000e+01
      vertex   7.730000e+01 2.500000e+00 1.220000e+01
    endloop
  endfacet
  facet normal 0.000000e+00 -7.105427e-16 1.000000e+00
    outer loop
      vertex   7.730000e+01 2.500000e+00 1.220000e+01
      vertex   8.130000e+01 0.000000e+00 1.220000e+01
      vertex   8.130000e+01 2.500000e+00 1.220000e+01
    endloop
  endfacet
  facet normal 7.071068e-01 0.000000e+00 -7.071068e-01
    outer loop
      vertex   1.369000e+02 0.000000e+00 7.180000e+01
      vertex   7.730000e+01 0.000000e+00 1.220000e+01
      vertex   1.369000e+02 2.500000e+00 7.180000e+01
    endloop
  endfacet
  facet normal 7.071068e-01 2.158087e-15 -7.071068e-01
    outer loop
      vertex   1.369000e+02 2.500000e+00 7.180000e+01
      vertex   7.730000e+01 0.000000e+00 1.220000e+01
      vertex   7.730000e+01 2.500000e+00 1.220000e+01
    endloop
  endfacet
  facet normal -1.000000e+00 0.000000e+00 0.000000e+00
    outer loop
      vertex   1.978000e+02 0.000000e+00 6.470000e+01
      vertex   1.978000e+02 0.000000e+00 6.870000e+01
      vertex   1.978000e+02 2.500000e+00 6.470000e+01
    endloop
  endfacet
  facet normal -1.000000e+00 0.000000e+00 0.000000e+00
    outer loop
      vertex   1.978000e+02 2.500000e+00 6.470000e+01
      vertex   1.978000e+02 0.000000e+00 6.870000e+01
      vertex   1.978000e+02 2.500000e+00 6.870000e+01
    endloop
  endfacet
  facet normal -7.071068e-01 -5.024296e-16 7.071068e-01
    outer loop
      vertex   1.453000e+02 0.000000e+00 1.220000e+01
      vertex   1.978000e+02 0.000000e+00 6.470000e+01
      vertex   1.453000e+02 2.500000e+00 1.220000e+01
    endloop
  endfacet
  facet normal -7.071068e-01 0.000000e+00 7.071068e-01
    outer loop
      vertex   1.453000e+02 2.500000e+00 1.220000e+01
      vertex   1.978000e+02 0.000000e+00 6.470000e+01
      vertex   1.978000e+02 2.500000e+00 6.470000e+01
    endloop
  endfacet
  facet normal 0.000000e+00 -7.105427e-16 1.000000e+00
    outer loop
      vertex   1.413000e+02 0.000000e+00 1.220000e+01
      vertex   1.453000e+02 0.000000e+00 1.220000e+01
      vertex   1.413000e+02 2.500000e+00 1.220000e+01
    endloop
  endfacet
  facet normal 0.000000e+00 -7.105427e-16 1.000000e+00
    outer loop
      vertex   1.413000e+02 2.500000e+00 1.220000e+01
      vertex   1.453000e+02 0.000000e+00 1.220000e+01
      vertex   1.453000e+02 2.500000e+00 1.220000e+01
    endloop
  endfacet
  facet normal 7.071068e-01 0.000000e+00 -7.071068e-01
    outer loop
      vertex   1.978000e+02 0.000000e+00 6.870000e+01
      vertex   1.413000e+02 0.000000e+00 1.220000e+01
      vertex   1.978000e+02 2.500000e+00 6.870000e+01
    endloop
  endfacet
  facet normal 7.071068e-01 2.276495e-15 -7.071068e-01
    outer loop
      vertex   1.978000e+02 2.500000e+00 6.870000e+01
      vertex   1.413000e+02 0.000000e+00 1.220000e+01
      vertex   1.413000e+02 2.500000e+00 1.220000e+01
    endloop
  endfacet
  facet normal 0.000000e+00 0.000000e+00 -1.000000e+00
    outer loop
      vertex   1.329000e+02 0.000000e+00 7.180000e+01
      vertex   1.289000e+02 0.000000e+00 7.180000e+01
      vertex   1.329000e+02 2.500000e+00 7.180000e+01
    endloop
  endfacet
  facet normal -0.000000e+00 0.000000e+00 -1.000000e+00
    outer loop
      vertex   1.329000e+02 2.500000e+00 7.180000e+01
      vertex   1.289000e+02 0.000000e+00 7.180000e+01
      vertex   1.289000e+02 2.500000e+00 7.180000e+01
    endloop
  endfacet
  facet normal -7.071068e-01 -5.024296e-16 7.071068e-01
    outer loop
      vertex   7.330000e+01 0.000000e+00 1.220000e+01
      vertex   1.329000e+02 0.000000e+00 7.180000e+01
      vertex   7.330000e+01 2.500000e+00 1.220000e+01
    endloop
  endfacet
  facet normal -7.071068e-01 0.000000e+00 7.071068e-01
    outer loop
      vertex   7.330000e+01 2.500000e+00 1.220000e+01
      vertex   1.329000e+02 0.000000e+00 7.180000e+01
      vertex   1.329000e+02 2.500000e+00 7.180000e+01
    endloop
  endfacet
  facet normal 0.000000e+00 -7.105427e-16 1.000000e+00
    outer loop
      vertex   6.930000e+01 0.000000e+00 1.220000e+01
      vertex   7.330000e+01 0.000000e+00 1.220000e+01
      vertex   6.930000e+01 2.500000e+00 1.220000e+01
    endloop
  endfacet
  facet normal 0.000000e+00 -7.105427e-16 1.000000e+00
    outer loop
      vertex   6.930000e+01 2.500000e+00 1.220000e+01
      vertex   7.330000e+01 0.000000e+00 1.220000e+01
      vertex   7.330000e+01 2.500000e+00 1.220000e+01
    endloop
  endfacet
  facet normal 7.071068e-01 0.000000e+00 -7.071068e-01
    outer loop
      vertex   1.289000e+02 0.000000e+00 7.180000e+01
      vertex   6.930000e+01 0.000000e+00 1.220000e+01
      vertex   1.289000e+02 2.500000e+00 7.180000e+01
    endloop
  endfacet
  facet normal 7.071068e-01 0.000000e+00 -7.071068e-01
    outer loop
      vertex   1.289000e+02 2.500000e+00 7.180000e+01
      vertex   6.930000e+01 0.000000e+00 1.220000e+01
      vertex   6.930000e+01 2.500000e+00 1.220000e+01
    endloop
  endfacet
  facet normal 7.071068e-01 0.000000e+00 -7.071068e-01
    outer loop
      vertex   1.129000e+02 0.000000e+00 7.180000e+01
      vertex   6.490000e+01 0.000000e+00 2.380000e+01
      vertex   1.129000e+02 2.500000e+00 7.180000e+01
    endloop
  endfacet
  facet normal 7.071068e-01 0.000000e+00 -7.071068e-01
    outer loop
      vertex   1.129000e+02 2.500000e+00 7.180000e+01
      vertex   6.490000e+01 0.000000e+00 2.380000e+01
      vertex   6.490000e+01 2.500000e+00 2.380000e+01
    endloop
  endfacet
  facet normal -3.552714e-15 0.000000e+00 -1.000000e+00
    outer loop
      vertex   1.169000e+02 0.000000e+00 7.180000e+01
      vertex   1.129000e+02 0.000000e+00 7.180000e+01
      vertex   1.169000e+02 2.500000e+00 7.180000e+01
    endloop
  endfacet
  facet normal -3.552714e-15 0.000000e+00 -1.000000e+00
    outer loop
      vertex   1.169000e+02 2.500000e+00 7.180000e+01
      vertex   1.129000e+02 0.000000e+00 7.180000e+01
      vertex   1.129000e+02 2.500000e+00 7.180000e+01
    endloop
  endfacet
  facet normal -7.071068e-01 0.000000e+00 7.071068e-01
    outer loop
      vertex   6.490000e+01 0.000000e+00 1.980000e+01
      vertex   1.169000e+02 0.000000e+00 7.180000e+01
      vertex   6.490000e+01 2.500000e+00 1.980000e+01
    endloop
  endfacet
  facet normal -7.071068e-01 0.000000e+00 7.071068e-01
    outer loop
      vertex   6.490000e+01 2.500000e+00 1.980000e+01
      vertex   1.169000e+02 0.000000e+00 7.180000e+01
      vertex   1.169000e+02 2.500000e+00 7.180000e+01
    endloop
  endfacet
  facet normal 1.000000e+00 -0.000000e+00 0.000000e+00
    outer loop
      vertex   6.490000e+01 0.000000e+00 2.380000e+01
      vertex   6.490000e+01 0.000000e+00 1.980000e+01
      vertex   6.490000e+01 2.500000e+00 2.380000e+01
    endloop
  endfacet
  facet normal 1.000000e+00 0.000000e+00 0.000000e+00
    outer loop
      vertex   6.490000e+01 2.500000e+00 2.380000e+01
      vertex   6.490000e+01 0.000000e+00 1.980000e+01
      vertex   6.490000e+01 2.500000e+00 1.980000e+01
    endloop
  endfacet
  facet normal 0.000000e+00 0.000000e+00 -1.000000e+00
    outer loop
      vertex   6.890000e+01 0.000000e+00 7.180000e+01
      vertex   6.490000e+01 0.000000e+00 7.180000e+01
      vertex   6.890000e+01 2.500000e+00 7.180000e+01
    endloop
  endfacet
  facet normal -0.000000e+00 0.000000e+00 -1.000000e+00
    outer loop
      vertex   6.890000e+01 2.500000e+00 7.180000e+01
      vertex   6.490000e+01 0.000000e+00 7.180000e+01
      vertex   6.490000e+01 2.500000e+00 7.180000e+01
    endloop
  endfacet
  facet normal -7.071068e-01 0.000000e+00 7.071068e-01
    outer loop
      vertex   6.490000e+01 0.000000e+00 6.780000e+01
      vertex   6.890000e+01 0.000000e+00 7.180000e+01
      vertex   6.490000e+01 2.500000e+00 6.780000e+01
    endloop
  endfacet
  facet normal -7.071068e-01 4.019437e-15 7.071068e-01
    outer loop
      vertex   6.490000e+01 2.500000e+00 6.780000e+01
      vertex   6.890000e+01 0.000000e+00 7.180000e+01
      vertex   6.890000e+01 2.500000e+00 7.180000e+01
    endloop
  endfacet
  facet normal 1.000000e+00 -0.000000e+00 0.000000e+00
    outer loop
      vertex   6.490000e+01 0.000000e+00 7.180000e+01
      vertex   6.490000e+01 0.000000e+00 6.780000e+01
      vertex   6.490000e+01 2.500000e+00 7.180000e+01
    endloop
  endfacet
  facet normal 1.000000e+00 0.000000e+00 0.000000e+00
    outer loop
      vertex   6.490000e+01 2.500000e+00 7.180000e+01
      vertex   6.490000e+01 0.000000e+00 6.780000e+01
      vertex   6.490000e+01 2.500000e+00 6.780000e+01
    endloop
  endfacet
  facet normal -1.000000e+00 0.000000e+00 0.000000e+00
    outer loop
      vertex   1.978000e+02 0.000000e+00 4.870000e+01
      vertex   1.978000e+02 0.000000e+00 5.270000e+01
      vertex   1.978000e+02 2.500000e+00 4.870000e+01
    endloop
  endfacet
  facet normal -1.000000e+00 0.000000e+00 0.000000e+00
    outer loop
      vertex   1.978000e+02 2.500000e+00 4.870000e+01
      vertex   1.978000e+02 0.000000e+00 5.270000e+01
      vertex   1.978000e+02 2.500000e+00 5.270000e+01
    endloop
  endfacet
  facet normal -7.071068e-01 -5.024296e-16 7.071068e-01
    outer loop
      vertex   1.613000e+02 0.000000e+00 1.220000e+01
      vertex   1.978000e+02 0.000000e+00 4.870000e+01
      vertex   1.613000e+02 2.500000e+00 1.220000e+01
    endloop
  endfacet
  facet normal -7.071068e-01 0.000000e+00 7.071068e-01
    outer loop
      vertex   1.613000e+02 2.500000e+00 1.220000e+01
      vertex   1.978000e+02 0.000000e+00 4.870000e+01
      vertex   1.978000e+02 2.500000e+00 4.870000e+01
    endloop
  endfacet
  facet normal 0.000000e+00 -7.105427e-16 1.000000e+00
    outer loop
      vertex   1.573000e+02 0.000000e+00 1.220000e+01
      vertex   1.613000e+02 0.000000e+00 1.220000e+01
      vertex   1.573000e+02 2.500000e+00 1.220000e+01
    endloop
  endfacet
  facet normal 0.000000e+00 -7.105427e-16 1.000000e+00
    outer loop
      vertex   1.573000e+02 2.500000e+00 1.220000e+01
      vertex   1.613000e+02 0.000000e+00 1.220000e+01
      vertex   1.613000e+02 2.500000e+00 1.220000e+01
    endloop
  endfacet
  facet normal 7.071068e-01 0.000000e+00 -7.071068e-01
    outer loop
      vertex   1.978000e+02 0.000000e+00 5.270000e+01
      vertex   1.573000e+02 0.000000e+00 1.220000e+01
      vertex   1.978000e+02 2.500000e+00 5.270000e+01
    endloop
  endfacet
  facet normal 7.071068e-01 0.000000e+00 -7.071068e-01
    outer loop
      vertex   1.978000e+02 2.500000e+00 5.270000e+01
      vertex   1.573000e+02 0.000000e+00 1.220000e+01
      vertex   1.573000e+02 2.500000e+00 1.220000e+01
    endloop
  endfacet
  facet normal 9.961947e-01 0.000000e+00 -8.715574e-02
    outer loop
      vertex   2.014243e+02 2.500000e+00 7.277837e+00
      vertex   2.014243e+02 0.000000e+00 7.277837e+00
      vertex   2.014000e+02 2.500000e+00 7.000000e+00
    endloop
  endfacet
  facet normal 9.961947e-01 -3.096394e-17 -8.715574e-02
    outer loop
      vertex   2.014000e+02 2.500000e+00 7.000000e+00
      vertex   2.014243e+02 0.000000e+00 7.277837e+00
      vertex   2.014000e+02 0.000000e+00 7.000000e+00
    endloop
  endfacet
  facet normal 9.961947e-01 3.096394e-17 8.715574e-02
    outer loop
      vertex   2.014000e+02 2.500000e+00 7.000000e+00
      vertex   2.014000e+02 0.000000e+00 7.000000e+00
      vertex   2.014243e+02 2.500000e+00 6.722163e+00
    endloop
  endfacet
  facet normal 9.961947e-01 0.000000e+00 8.715574e-02
    outer loop
      vertex   2.014243e+02 2.500000e+00 6.722163e+00
      vertex   2.014000e+02 0.000000e+00 7.000000e+00
      vertex   2.014243e+02 0.000000e+00 6.722163e+00
    endloop
  endfacet
  facet normal 9.659258e-01 0.000000e+00 2.588190e-01
    outer loop
      vertex   2.014243e+02 2.500000e+00 6.722163e+00
      vertex   2.014243e+02 0.000000e+00 6.722163e+00
      vertex   2.014965e+02 2.500000e+00 6.452768e+00
    endloop
  endfacet
  facet normal 9.659258e-01 0.000000e+00 2.588190e-01
    outer loop
      vertex   2.014965e+02 2.500000e+00 6.452768e+00
      vertex   2.014243e+02 0.000000e+00 6.722163e+00
      vertex   2.014965e+02 0.000000e+00 6.452768e+00
    endloop
  endfacet
  facet normal 9.063078e-01 0.000000e+00 4.226183e-01
    outer loop
      vertex   2.014965e+02 2.500000e+00 6.452768e+00
      vertex   2.014965e+02 0.000000e+00 6.452768e+00
      vertex   2.016144e+02 2.500000e+00 6.200000e+00
    endloop
  endfacet
  facet normal 9.063078e-01 0.000000e+00 4.226183e-01
    outer loop
      vertex   2.016144e+02 2.500000e+00 6.200000e+00
      vertex   2.014965e+02 0.000000e+00 6.452768e+00
      vertex   2.016144e+02 0.000000e+00 6.200000e+00
    endloop
  endfacet
  facet normal 8.191520e-01 0.000000e+00 5.735764e-01
    outer loop
      vertex   2.016144e+02 2.500000e+00 6.200000e+00
      vertex   2.016144e+02 0.000000e+00 6.200000e+00
      vertex   2.017743e+02 2.500000e+00 5.971540e+00
    endloop
  endfacet
  facet normal 8.191520e-01 0.000000e+00 5.735764e-01
    outer loop
      vertex   2.017743e+02 2.500000e+00 5.971540e+00
      vertex   2.016144e+02 0.000000e+00 6.200000e+00
      vertex   2.017743e+02 0.000000e+00 5.971540e+00
    endloop
  endfacet
  facet normal 7.071068e-01 0.000000e+00 7.071068e-01
    outer loop
      vertex   2.017743e+02 2.500000e+00 5.971540e+00
      vertex   2.017743e+02 0.000000e+00 5.971540e+00
      vertex   2.019715e+02 2.500000e+00 5.774329e+00
    endloop
  endfacet
  facet normal 7.071068e-01 0.000000e+00 7.071068e-01
    outer loop
      vertex   2.019715e+02 2.500000e+00 5.774329e+00
      vertex   2.017743e+02 0.000000e+00 5.971540e+00
      vertex   2.019715e+02 0.000000e+00 5.774329e+00
    endloop
  endfacet
  facet normal 5.735764e-01 0.000000e+00 8.191520e-01
    outer loop
      vertex   2.019715e+02 2.500000e+00 5.774329e+00
      vertex   2.019715e+02 0.000000e+00 5.774329e+00
      vertex   2.022000e+02 2.500000e+00 5.614359e+00
    endloop
  endfacet
  facet normal 5.735764e-01 0.000000e+00 8.191520e-01
    outer loop
      vertex   2.022000e+02 2.500000e+00 5.614359e+00
      vertex   2.019715e+02 0.000000e+00 5.774329e+00
      vertex   2.022000e+02 0.000000e+00 5.614359e+00
    endloop
  endfacet
  facet normal 4.226183e-01 0.000000e+00 9.063078e-01
    outer loop
      vertex   2.022000e+02 2.500000e+00 5.614359e+00
      vertex   2.022000e+02 0.000000e+00 5.614359e+00
      vertex   2.024528e+02 2.500000e+00 5.496492e+00
    endloop
  endfacet
  facet normal 4.226183e-01 0.000000e+00 9.063078e-01
    outer loop
      vertex   2.024528e+02 2.500000e+00 5.496492e+00
      vertex   2.022000e+02 0.000000e+00 5.614359e+00
      vertex   2.024528e+02 0.000000e+00 5.496492e+00
    endloop
  endfacet
  facet normal 2.588190e-01 0.000000e+00 9.659258e-01
    outer loop
      vertex   2.024528e+02 2.500000e+00 5.496492e+00
      vertex   2.024528e+02 0.000000e+00 5.496492e+00
      vertex   2.027222e+02 2.500000e+00 5.424308e+00
    endloop
  endfacet
  facet normal 2.588190e-01 0.000000e+00 9.659258e-01
    outer loop
      vertex   2.027222e+02 2.500000e+00 5.424308e+00
      vertex   2.024528e+02 0.000000e+00 5.496492e+00
      vertex   2.027222e+02 0.000000e+00 5.424308e+00
    endloop
  endfacet
  facet normal 8.715574e-02 0.000000e+00 9.961947e-01
    outer loop
      vertex   2.027222e+02 2.500000e+00 5.424308e+00
      vertex   2.027222e+02 0.000000e+00 5.424308e+00
      vertex   2.030000e+02 2.500000e+00 5.400000e+00
    endloop
  endfacet
  facet normal 8.715574e-02 0.000000e+00 9.961947e-01
    outer loop
      vertex   2.030000e+02 2.500000e+00 5.400000e+00
      vertex   2.027222e+02 0.000000e+00 5.424308e+00
      vertex   2.030000e+02 0.000000e+00 5.400000e+00
    endloop
  endfacet
  facet normal -8.715574e-02 0.000000e+00 9.961947e-01
    outer loop
      vertex   2.030000e+02 2.500000e+00 5.400000e+00
      vertex   2.030000e+02 0.000000e+00 5.400000e+00
      vertex   2.032778e+02 2.500000e+00 5.424308e+00
    endloop
  endfacet
  facet normal -8.715574e-02 0.000000e+00 9.961947e-01
    outer loop
      vertex   2.032778e+02 2.500000e+00 5.424308e+00
      vertex   2.030000e+02 0.000000e+00 5.400000e+00
      vertex   2.032778e+02 0.000000e+00 5.424308e+00
    endloop
  endfacet
  facet normal -2.588190e-01 0.000000e+00 9.659258e-01
    outer loop
      vertex   2.032778e+02 2.500000e+00 5.424308e+00
      vertex   2.032778e+02 0.000000e+00 5.424308e+00
      vertex   2.035472e+02 2.500000e+00 5.496492e+00
    endloop
  endfacet
  facet normal -2.588190e-01 0.000000e+00 9.659258e-01
    outer loop
      vertex   2.035472e+02 2.500000e+00 5.496492e+00
      vertex   2.032778e+02 0.000000e+00 5.424308e+00
      vertex   2.035472e+02 0.000000e+00 5.496492e+00
    endloop
  endfacet
  facet normal -4.226183e-01 0.000000e+00 9.063078e-01
    outer loop
      vertex   2.035472e+02 2.500000e+00 5.496492e+00
      vertex   2.035472e+02 0.000000e+00 5.496492e+00
      vertex   2.038000e+02 2.500000e+00 5.614359e+00
    endloop
  endfacet
  facet normal -4.226183e-01 0.000000e+00 9.063078e-01
    outer loop
      vertex   2.038000e+02 2.500000e+00 5.614359e+00
      vertex   2.035472e+02 0.000000e+00 5.496492e+00
      vertex   2.038000e+02 0.000000e+00 5.614359e+00
    endloop
  endfacet
  facet normal -5.735764e-01 0.000000e+00 8.191520e-01
    outer loop
      vertex   2.038000e+02 2.500000e+00 5.614359e+00
      vertex   2.038000e+02 0.000000e+00 5.614359e+00
      vertex   2.040285e+02 2.500000e+00 5.774329e+00
    endloop
  endfacet
  facet normal -5.735764e-01 0.000000e+00 8.191520e-01
    outer loop
      vertex   2.040285e+02 2.500000e+00 5.774329e+00
      vertex   2.038000e+02 0.000000e+00 5.614359e+00
      vertex   2.040285e+02 0.000000e+00 5.774329e+00
    endloop
  endfacet
  facet normal -7.071068e-01 0.000000e+00 7.071068e-01
    outer loop
      vertex   2.040285e+02 2.500000e+00 5.774329e+00
      vertex   2.040285e+02 0.000000e+00 5.774329e+00
      vertex   2.042257e+02 2.500000e+00 5.971540e+00
    endloop
  endfacet
  facet normal -7.071068e-01 0.000000e+00 7.071068e-01
    outer loop
      vertex   2.042257e+02 2.500000e+00 5.971540e+00
      vertex   2.040285e+02 0.000000e+00 5.774329e+00
      vertex   2.042257e+02 0.000000e+00 5.971540e+00
    endloop
  endfacet
  facet normal -8.191520e-01 0.000000e+00 5.735764e-01
    outer loop
      vertex   2.042257e+02 2.500000e+00 5.971540e+00
      vertex   2.042257e+02 0.000000e+00 5.971540e+00
      vertex   2.043856e+02 2.500000e+00 6.200000e+00
    endloop
  endfacet
  facet normal -8.191520e-01 0.000000e+00 5.735764e-01
    outer loop
      vertex   2.043856e+02 2.500000e+00 6.200000e+00
      vertex   2.042257e+02 0.000000e+00 5.971540e+00
      vertex   2.043856e+02 0.000000e+00 6.200000e+00
    endloop
  endfacet
  facet normal -9.063078e-01 0.000000e+00 4.226183e-01
    outer loop
      vertex   2.043856e+02 2.500000e+00 6.200000e+00
      vertex   2.043856e+02 0.000000e+00 6.200000e+00
      vertex   2.045035e+02 2.500000e+00 6.452768e+00
    endloop
  endfacet
  facet normal -9.063078e-01 0.000000e+00 4.226183e-01
    outer loop
      vertex   2.045035e+02 2.500000e+00 6.452768e+00
      vertex   2.043856e+02 0.000000e+00 6.200000e+00
      vertex   2.045035e+02 0.000000e+00 6.452768e+00
    endloop
  endfacet
  facet normal -9.659258e-01 0.000000e+00 2.588190e-01
    outer loop
      vertex   2.045035e+02 2.500000e+00 6.452768e+00
      vertex   2.045035e+02 0.000000e+00 6.452768e+00
      vertex   2.045757e+02 2.500000e+00 6.722163e+00
    endloop
  endfacet
  facet normal -9.659258e-01 0.000000e+00 2.588190e-01
    outer loop
      vertex   2.045757e+02 2.500000e+00 6.722163e+00
      vertex   2.045035e+02 0.000000e+00 6.452768e+00
      vertex   2.045757e+02 0.000000e+00 6.722163e+00
    endloop
  endfacet
  facet normal -9.961947e-01 0.000000e+00 8.715574e-02
    outer loop
      vertex   2.045757e+02 2.500000e+00 6.722163e+00
      vertex   2.045757e+02 0.000000e+00 6.722163e+00
      vertex   2.046000e+02 2.500000e+00 7.000000e+00
    endloop
  endfacet
  facet normal -9.961947e-01 0.000000e+00 8.715574e-02
    outer loop
      vertex   2.046000e+02 2.500000e+00 7.000000e+00
      vertex   2.045757e+02 0.000000e+00 6.722163e+00
      vertex   2.046000e+02 0.000000e+00 7.000000e+00
    endloop
  endfacet
  facet normal -9.961947e-01 -0.000000e+00 -8.715574e-02
    outer loop
      vertex   2.046000e+02 2.500000e+00 7.000000e+00
      vertex   2.046000e+02 0.000000e+00 7.000000e+00
      vertex   2.045757e+02 2.500000e+00 7.277837e+00
    endloop
  endfacet
  facet normal -9.961947e-01 -0.000000e+00 -8.715574e-02
    outer loop
      vertex   2.045757e+02 2.500000e+00 7.277837e+00
      vertex   2.046000e+02 0.000000e+00 7.000000e+00
      vertex   2.045757e+02 0.000000e+00 7.277837e+00
    endloop
  endfacet
  facet normal -9.659258e-01 -0.000000e+00 -2.588190e-01
    outer loop
      vertex   2.045757e+02 2.500000e+00 7.277837e+00
      vertex   2.045757e+02 0.000000e+00 7.277837e+00
      vertex   2.045035e+02 2.500000e+00 7.547232e+00
    endloop
  endfacet
  facet normal -9.659258e-01 -0.000000e+00 -2.588190e-01
    outer loop
      vertex   2.045035e+02 2.500000e+00 7.547232e+00
      vertex   2.045757e+02 0.000000e+00 7.277837e+00
      vertex   2.045035e+02 0.000000e+00 7.547232e+00
    endloop
  endfacet
  facet normal -9.063078e-01 -0.000000e+00 -4.226183e-01
    outer loop
      vertex   2.045035e+02 2.500000e+00 7.547232e+00
      vertex   2.045035e+02 0.000000e+00 7.547232e+00
      vertex   2.043856e+02 2.500000e+00 7.800000e+00
    endloop
  endfacet
  facet normal -9.063078e-01 -0.000000e+00 -4.226183e-01
    outer loop
      vertex   2.043856e+02 2.500000e+00 7.800000e+00
      vertex   2.045035e+02 0.000000e+00 7.547232e+00
      vertex   2.043856e+02 0.000000e+00 7.800000e+00
    endloop
  endfacet
  facet normal -8.191520e-01 -0.000000e+00 -5.735764e-01
    outer loop
      vertex   2.043856e+02 2.500000e+00 7.800000e+00
      vertex   2.043856e+02 0.000000e+00 7.800000e+00
      vertex   2.042257e+02 2.500000e+00 8.028460e+00
    endloop
  endfacet
  facet normal -8.191520e-01 -0.000000e+00 -5.735764e-01
    outer loop
      vertex   2.042257e+02 2.500000e+00 8.028460e+00
      vertex   2.043856e+02 0.000000e+00 7.800000e+00
      vertex   2.042257e+02 0.000000e+00 8.028460e+00
    endloop
  endfacet
  facet normal -7.071068e-01 -0.000000e+00 -7.071068e-01
    outer loop
      vertex   2.042257e+02 2.500000e+00 8.028460e+00
      vertex   2.042257e+02 0.000000e+00 8.028460e+00
      vertex   2.040285e+02 2.500000e+00 8.225671e+00
    endloop
  endfacet
  facet normal -7.071068e-01 -0.000000e+00 -7.071068e-01
    outer loop
      vertex   2.040285e+02 2.500000e+00 8.225671e+00
      vertex   2.042257e+02 0.000000e+00 8.028460e+00
      vertex   2.040285e+02 0.000000e+00 8.225671e+00
    endloop
  endfacet
  facet normal -5.735764e-01 -0.000000e+00 -8.191520e-01
    outer loop
      vertex   2.040285e+02 2.500000e+00 8.225671e+00
      vertex   2.040285e+02 0.000000e+00 8.225671e+00
      vertex   2.038000e+02 2.500000e+00 8.385641e+00
    endloop
  endfacet
  facet normal -5.735764e-01 -0.000000e+00 -8.191520e-01
    outer loop
      vertex   2.038000e+02 2.500000e+00 8.385641e+00
      vertex   2.040285e+02 0.000000e+00 8.225671e+00
      vertex   2.038000e+02 0.000000e+00 8.385641e+00
    endloop
  endfacet
  facet normal -4.226183e-01 -0.000000e+00 -9.063078e-01
    outer loop
      vertex   2.038000e+02 2.500000e+00 8.385641e+00
      vertex   2.038000e+02 0.000000e+00 8.385641e+00
      vertex   2.035472e+02 2.500000e+00 8.503508e+00
    endloop
  endfacet
  facet normal -4.226183e-01 -0.000000e+00 -9.063078e-01
    outer loop
      vertex   2.035472e+02 2.500000e+00 8.503508e+00
      vertex   2.038000e+02 0.000000e+00 8.385641e+00
      vertex   2.035472e+02 0.000000e+00 8.503508e+00
    endloop
  endfacet
  facet normal -2.588190e-01 -0.000000e+00 -9.659258e-01
    outer loop
      vertex   2.035472e+02 2.500000e+00 8.503508e+00
      vertex   2.035472e+02 0.000000e+00 8.503508e+00
      vertex   2.032778e+02 2.500000e+00 8.575692e+00
    endloop
  endfacet
  facet normal -2.588190e-01 -0.000000e+00 -9.659258e-01
    outer loop
      vertex   2.032778e+02 2.500000e+00 8.575692e+00
      vertex   2.035472e+02 0.000000e+00 8.503508e+00
      vertex   2.032778e+02 0.000000e+00 8.575692e+00
    endloop
  endfacet
  facet normal -8.715574e-02 -0.000000e+00 -9.961947e-01
    outer loop
      vertex   2.032778e+02 2.500000e+00 8.575692e+00
      vertex   2.032778e+02 0.000000e+00 8.575692e+00
      vertex   2.030000e+02 2.500000e+00 8.600000e+00
    endloop
  endfacet
  facet normal -8.715574e-02 -0.000000e+00 -9.961947e-01
    outer loop
      vertex   2.030000e+02 2.500000e+00 8.600000e+00
      vertex   2.032778e+02 0.000000e+00 8.575692e+00
      vertex   2.030000e+02 0.000000e+00 8.600000e+00
    endloop
  endfacet
  facet normal 8.715574e-02 0.000000e+00 -9.961947e-01
    outer loop
      vertex   2.030000e+02 2.500000e+00 8.600000e+00
      vertex   2.030000e+02 0.000000e+00 8.600000e+00
      vertex   2.027222e+02 2.500000e+00 8.575692e+00
    endloop
  endfacet
  facet normal 8.715574e-02 0.000000e+00 -9.961947e-01
    outer loop
      vertex   2.027222e+02 2.500000e+00 8.575692e+00
      vertex   2.030000e+02 0.000000e+00 8.600000e+00
      vertex   2.027222e+02 0.000000e+00 8.575692e+00
    endloop
  endfacet
  facet normal 2.588190e-01 0.000000e+00 -9.659258e-01
    outer loop
      vertex   2.027222e+02 2.500000e+00 8.575692e+00
      vertex   2.027222e+02 0.000000e+00 8.575692e+00
      vertex   2.024528e+02 2.500000e+00 8.503508e+00
    endloop
  endfacet
  facet normal 2.588190e-01 0.000000e+00 -9.659258e-01
    outer loop
      vertex   2.024528e+02 2.500000e+00 8.503508e+00
      vertex   2.027222e+02 0.000000e+00 8.575692e+00
      vertex   2.024528e+02 0.000000e+00 8.503508e+00
    endloop
  endfacet
  facet normal 4.226183e-01 0.000000e+00 -9.063078e-01
    outer loop
      vertex   2.024528e+02 2.500000e+00 8.503508e+00
      vertex   2.024528e+02 0.000000e+00 8.503508e+00
      vertex   2.022000e+02 2.500000e+00 8.385641e+00
    endloop
  endfacet
  facet normal 4.226183e-01 0.000000e+00 -9.063078e-01
    outer loop
      vertex   2.022000e+02 2.500000e+00 8.385641e+00
      vertex   2.024528e+02 0.000000e+00 8.503508e+00
      vertex   2.022000e+02 0.000000e+00 8.385641e+00
    endloop
  endfacet
  facet normal 5.735764e-01 0.000000e+00 -8.191520e-01
    outer loop
      vertex   2.022000e+02 2.500000e+00 8.385641e+00
      vertex   2.022000e+02 0.000000e+00 8.385641e+00
      vertex   2.019715e+02 2.500000e+00 8.225671e+00
    endloop
  endfacet
  facet normal 5.735764e-01 0.000000e+00 -8.191520e-01
    outer loop
      vertex   2.019715e+02 2.500000e+00 8.225671e+00
      vertex   2.022000e+02 0.000000e+00 8.385641e+00
      vertex   2.019715e+02 0.000000e+00 8.225671e+00
    endloop
  endfacet
  facet normal 7.071068e-01 0.000000e+00 -7.071068e-01
    outer loop
      vertex   2.019715e+02 2.500000e+00 8.225671e+00
      vertex   2.019715e+02 0.000000e+00 8.225671e+00
      vertex   2.017743e+02 2.500000e+00 8.028460e+00
    endloop
  endfacet
  facet normal 7.071068e-01 0.000000e+00 -7.071068e-01
    outer loop
      vertex   2.017743e+02 2.500000e+00 8.028460e+00
      vertex   2.019715e+02 0.000000e+00 8.225671e+00
      vertex   2.017743e+02 0.000000e+00 8.028460e+00
    endloop
  endfacet
  facet normal 8.191520e-01 0.000000e+00 -5.735764e-01
    outer loop
      vertex   2.017743e+02 2.500000e+00 8.028460e+00
      vertex   2.017743e+02 0.000000e+00 8.028460e+00
      vertex   2.016144e+02 2.500000e+00 7.800000e+00
    endloop
  endfacet
  facet normal 8.191520e-01 0.000000e+00 -5.735764e-01
    outer loop
      vertex   2.016144e+02 2.500000e+00 7.800000e+00
      vertex   2.017743e+02 0.000000e+00 8.028460e+00
      vertex   2.016144e+02 0.000000e+00 7.800000e+00
    endloop
  endfacet
  facet normal 9.063078e-01 0.000000e+00 -4.226183e-01
    outer loop
      vertex   2.016144e+02 2.500000e+00 7.800000e+00
      vertex   2.016144e+02 0.000000e+00 7.800000e+00
      vertex   2.014965e+02 2.500000e+00 7.547232e+00
    endloop
  endfacet
  facet normal 9.063078e-01 0.000000e+00 -4.226183e-01
    outer loop
      vertex   2.014965e+02 2.500000e+00 7.547232e+00
      vertex   2.016144e+02 0.000000e+00 7.800000e+00
      vertex   2.014965e+02 0.000000e+00 7.547232e+00
    endloop
  endfacet
  facet normal 9.659258e-01 0.000000e+00 -2.588190e-01
    outer loop
      vertex   2.014965e+02 2.500000e+00 7.547232e+00
      vertex   2.014965e+02 0.000000e+00 7.547232e+00
      vertex   2.014243e+02 2.500000e+00 7.277837e+00
    endloop
  endfacet
  facet normal 9.659258e-01 0.000000e+00 -2.588190e-01
    outer loop
      vertex   2.014243e+02 2.500000e+00 7.277837e+00
      vertex   2.014965e+02 0.000000e+00 7.547232e+00
      vertex   2.014243e+02 0.000000e+00 7.277837e+00
    endloop
  endfacet
  facet normal 9.961947e-01 0.000000e+00 -8.715574e-02
    outer loop
      vertex   5.424308e+00 2.500000e+00 7.277837e+00
      vertex   5.424308e+00 0.000000e+00 7.277837e+00
      vertex   5.400000e+00 2.500000e+00 7.000000e+00
    endloop
  endfacet
  facet normal 9.961947e-01 -4.308961e-15 -8.715574e-02
    outer loop
      vertex   5.400000e+00 2.500000e+00 7.000000e+00
      vertex   5.424308e+00 0.000000e+00 7.277837e+00
      vertex   5.400000e+00 0.000000e+00 7.000000e+00
    endloop
  endfacet
  facet normal 9.961947e-01 -4.185106e-15 8.715574e-02
    outer loop
      vertex   5.400000e+00 2.500000e+00 7.000000e+00
      vertex   5.400000e+00 0.000000e+00 7.000000e+00
      vertex   5.424308e+00 2.500000e+00 6.722163e+00
    endloop
  endfacet
  facet normal 9.961947e-01 0.000000e+00 8.715574e-02
    outer loop
      vertex   5.424308e+00 2.500000e+00 6.722163e+00
      vertex   5.400000e+00 0.000000e+00 7.000000e+00
      vertex   5.424308e+00 0.000000e+00 6.722163e+00
    endloop
  endfacet
  facet normal 9.659258e-01 0.000000e+00 2.588190e-01
    outer loop
      vertex   5.424308e+00 2.500000e+00 6.722163e+00
      vertex   5.424308e+00 0.000000e+00 6.722163e+00
      vertex   5.496492e+00 2.500000e+00 6.452768e+00
    endloop
  endfacet
  facet normal 9.659258e-01 0.000000e+00 2.588190e-01
    outer loop
      vertex   5.496492e+00 2.500000e+00 6.452768e+00
      vertex   5.424308e+00 0.000000e+00 6.722163e+00
      vertex   5.496492e+00 0.000000e+00 6.452768e+00
    endloop
  endfacet
  facet normal 9.063078e-01 0.000000e+00 4.226183e-01
    outer loop
      vertex   5.496492e+00 2.500000e+00 6.452768e+00
      vertex   5.496492e+00 0.000000e+00 6.452768e+00
      vertex   5.614359e+00 2.500000e+00 6.200000e+00
    endloop
  endfacet
  facet normal 9.063078e-01 0.000000e+00 4.226183e-01
    outer loop
      vertex   5.614359e+00 2.500000e+00 6.200000e+00
      vertex   5.496492e+00 0.000000e+00 6.452768e+00
      vertex   5.614359e+00 0.000000e+00 6.200000e+00
    endloop
  endfacet
  facet normal 8.191520e-01 0.000000e+00 5.735764e-01
    outer loop
      vertex   5.614359e+00 2.500000e+00 6.200000e+00
      vertex   5.614359e+00 0.000000e+00 6.200000e+00
      vertex   5.774329e+00 2.500000e+00 5.971540e+00
    endloop
  endfacet
  facet normal 8.191520e-01 0.000000e+00 5.735764e-01
    outer loop
      vertex   5.774329e+00 2.500000e+00 5.971540e+00
      vertex   5.614359e+00 0.000000e+00 6.200000e+00
      vertex   5.774329e+00 0.000000e+00 5.971540e+00
    endloop
  endfacet
  facet normal 7.071068e-01 0.000000e+00 7.071068e-01
    outer loop
      vertex   5.774329e+00 2.500000e+00 5.971540e+00
      vertex   5.774329e+00 0.000000e+00 5.971540e+00
      vertex   5.971540e+00 2.500000e+00 5.774329e+00
    endloop
  endfacet
  facet normal 7.071068e-01 0.000000e+00 7.071068e-01
    outer loop
      vertex   5.971540e+00 2.500000e+00 5.774329e+00
      vertex   5.774329e+00 0.000000e+00 5.971540e+00
      vertex   5.971540e+00 0.000000e+00 5.774329e+00
    endloop
  endfacet
  facet normal 5.735764e-01 0.000000e+00 8.191520e-01
    outer loop
      vertex   5.971540e+00 2.500000e+00 5.774329e+00
      vertex   5.971540e+00 0.000000e+00 5.774329e+00
      vertex   6.200000e+00 2.500000e+00 5.614359e+00
    endloop
  endfacet
  facet normal 5.735764e-01 0.000000e+00 8.191520e-01
    outer loop
      vertex   6.200000e+00 2.500000e+00 5.614359e+00
      vertex   5.971540e+00 0.000000e+00 5.774329e+00
      vertex   6.200000e+00 0.000000e+00 5.614359e+00
    endloop
  endfacet
  facet normal 4.226183e-01 0.000000e+00 9.063078e-01
    outer loop
      vertex   6.200000e+00 2.500000e+00 5.614359e+00
      vertex   6.200000e+00 0.000000e+00 5.614359e+00
      vertex   6.452768e+00 2.500000e+00 5.496492e+00
    endloop
  endfacet
  facet normal 4.226183e-01 0.000000e+00 9.063078e-01
    outer loop
      vertex   6.452768e+00 2.500000e+00 5.496492e+00
      vertex   6.200000e+00 0.000000e+00 5.614359e+00
      vertex   6.452768e+00 0.000000e+00 5.496492e+00
    endloop
  endfacet
  facet normal 2.588190e-01 0.000000e+00 9.659258e-01
    outer loop
      vertex   6.452768e+00 2.500000e+00 5.496492e+00
      vertex   6.452768e+00 0.000000e+00 5.496492e+00
      vertex   6.722163e+00 2.500000e+00 5.424308e+00
    endloop
  endfacet
  facet normal 2.588190e-01 0.000000e+00 9.659258e-01
    outer loop
      vertex   6.722163e+00 2.500000e+00 5.424308e+00
      vertex   6.452768e+00 0.000000e+00 5.496492e+00
      vertex   6.722163e+00 0.000000e+00 5.424308e+00
    endloop
  endfacet
  facet normal 8.715574e-02 0.000000e+00 9.961947e-01
    outer loop
      vertex   6.722163e+00 2.500000e+00 5.424308e+00
      vertex   6.722163e+00 0.000000e+00 5.424308e+00
      vertex   7.000000e+00 2.500000e+00 5.400000e+00
    endloop
  endfacet
  facet normal 8.715574e-02 0.000000e+00 9.961947e-01
    outer loop
      vertex   7.000000e+00 2.500000e+00 5.400000e+00
      vertex   6.722163e+00 0.000000e+00 5.424308e+00
      vertex   7.000000e+00 0.000000e+00 5.400000e+00
    endloop
  endfacet
  facet normal -8.715574e-02 0.000000e+00 9.961947e-01
    outer loop
      vertex   7.000000e+00 2.500000e+00 5.400000e+00
      vertex   7.000000e+00 0.000000e+00 5.400000e+00
      vertex   7.277837e+00 2.500000e+00 5.424308e+00
    endloop
  endfacet
  facet normal -8.715574e-02 0.000000e+00 9.961947e-01
    outer loop
      vertex   7.277837e+00 2.500000e+00 5.424308e+00
      vertex   7.000000e+00 0.000000e+00 5.400000e+00
      vertex   7.277837e+00 0.000000e+00 5.424308e+00
    endloop
  endfacet
  facet normal -2.588190e-01 0.000000e+00 9.659258e-01
    outer loop
      vertex   7.277837e+00 2.500000e+00 5.424308e+00
      vertex   7.277837e+00 0.000000e+00 5.424308e+00
      vertex   7.547232e+00 2.500000e+00 5.496492e+00
    endloop
  endfacet
  facet normal -2.588190e-01 0.000000e+00 9.659258e-01
    outer loop
      vertex   7.547232e+00 2.500000e+00 5.496492e+00
      vertex   7.277837e+00 0.000000e+00 5.424308e+00
      vertex   7.547232e+00 0.000000e+00 5.496492e+00
    endloop
  endfacet
  facet normal -4.226183e-01 0.000000e+00 9.063078e-01
    outer loop
      vertex   7.547232e+00 2.500000e+00 5.496492e+00
      vertex   7.547232e+00 0.000000e+00 5.496492e+00
      vertex   7.800000e+00 2.500000e+00 5.614359e+00
    endloop
  endfacet
  facet normal -4.226183e-01 0.000000e+00 9.063078e-01
    outer loop
      vertex   7.800000e+00 2.500000e+00 5.614359e+00
      vertex   7.547232e+00 0.000000e+00 5.496492e+00
      vertex   7.800000e+00 0.000000e+00 5.614359e+00
    endloop
  endfacet
  facet normal -5.735764e-01 0.000000e+00 8.191520e-01
    outer loop
      vertex   7.800000e+00 2.500000e+00 5.614359e+00
      vertex   7.800000e+00 0.000000e+00 5.614359e+00
      vertex   8.028460e+00 2.500000e+00 5.774329e+00
    endloop
  endfacet
  facet normal -5.735764e-01 0.000000e+00 8.191520e-01
    outer loop
      vertex   8.028460e+00 2.500000e+00 5.774329e+00
      vertex   7.800000e+00 0.000000e+00 5.614359e+00
      vertex   8.028460e+00 0.000000e+00 5.774329e+00
    endloop
  endfacet
  facet normal -7.071068e-01 0.000000e+00 7.071068e-01
    outer loop
      vertex   8.028460e+00 2.500000e+00 5.774329e+00
      vertex   8.028460e+00 0.000000e+00 5.774329e+00
      vertex   8.225671e+00 2.500000e+00 5.971540e+00
    endloop
  endfacet
  facet normal -7.071068e-01 0.000000e+00 7.071068e-01
    outer loop
      vertex   8.225671e+00 2.500000e+00 5.971540e+00
      vertex   8.028460e+00 0.000000e+00 5.774329e+00
      vertex   8.225671e+00 0.000000e+00 5.971540e+00
    endloop
  endfacet
  facet normal -8.191520e-01 0.000000e+00 5.735764e-01
    outer loop
      vertex   8.225671e+00 2.500000e+00 5.971540e+00
      vertex   8.225671e+00 0.000000e+00 5.971540e+00
      vertex   8.385641e+00 2.500000e+00 6.200000e+00
    endloop
  endfacet
  facet normal -8.191520e-01 0.000000e+00 5.735764e-01
    outer loop
      vertex   8.385641e+00 2.500000e+00 6.200000e+00
      vertex   8.225671e+00 0.000000e+00 5.971540e+00
      vertex   8.385641e+00 0.000000e+00 6.200000e+00
    endloop
  endfacet
  facet normal -9.063078e-01 0.000000e+00 4.226183e-01
    outer loop
      vertex   8.385641e+00 2.500000e+00 6.200000e+00
      vertex   8.385641e+00 0.000000e+00 6.200000e+00
      vertex   8.503508e+00 2.500000e+00 6.452768e+00
    endloop
  endfacet
  facet normal -9.063078e-01 0.000000e+00 4.226183e-01
    outer loop
      vertex   8.503508e+00 2.500000e+00 6.452768e+00
      vertex   8.385641e+00 0.000000e+00 6.200000e+00
      vertex   8.503508e+00 0.000000e+00 6.452768e+00
    endloop
  endfacet
  facet normal -9.659258e-01 0.000000e+00 2.588190e-01
    outer loop
      vertex   8.503508e+00 2.500000e+00 6.452768e+00
      vertex   8.503508e+00 0.000000e+00 6.452768e+00
      vertex   8.575692e+00 2.500000e+00 6.722163e+00
    endloop
  endfacet
  facet normal -9.659258e-01 0.000000e+00 2.588190e-01
    outer loop
      vertex   8.575692e+00 2.500000e+00 6.722163e+00
      vertex   8.503508e+00 0.000000e+00 6.452768e+00
      vertex   8.575692e+00 0.000000e+00 6.722163e+00
    endloop
  endfacet
  facet normal -9.961947e-01 0.000000e+00 8.715574e-02
    outer loop
      vertex   8.575692e+00 2.500000e+00 6.722163e+00
      vertex   8.575692e+00 0.000000e+00 6.722163e+00
      vertex   8.600000e+00 2.500000e+00 7.000000e+00
    endloop
  endfacet
  facet normal -9.961947e-01 0.000000e+00 8.715574e-02
    outer loop
      vertex   8.600000e+00 2.500000e+00 7.000000e+00
      vertex   8.575692e+00 0.000000e+00 6.722163e+00
      vertex   8.600000e+00 0.000000e+00 7.000000e+00
    endloop
  endfacet
  facet normal -9.961947e-01 -0.000000e+00 -8.715574e-02
    outer loop
      vertex   8.600000e+00 2.500000e+00 7.000000e+00
      vertex   8.600000e+00 0.000000e+00 7.000000e+00
      vertex   8.575692e+00 2.500000e+00 7.277837e+00
    endloop
  endfacet
  facet normal -9.961947e-01 -0.000000e+00 -8.715574e-02
    outer loop
      vertex   8.575692e+00 2.500000e+00 7.277837e+00
      vertex   8.600000e+00 0.000000e+00 7.000000e+00
      vertex   8.575692e+00 0.000000e+00 7.277837e+00
    endloop
  endfacet
  facet normal -9.659258e-01 -0.000000e+00 -2.588190e-01
    outer loop
      vertex   8.575692e+00 2.500000e+00 7.277837e+00
      vertex   8.575692e+00 0.000000e+00 7.277837e+00
      vertex   8.503508e+00 2.500000e+00 7.547232e+00
    endloop
  endfacet
  facet normal -9.659258e-01 -0.000000e+00 -2.588190e-01
    outer loop
      vertex   8.503508e+00 2.500000e+00 7.547232e+00
      vertex   8.575692e+00 0.000000e+00 7.277837e+00
      vertex   8.503508e+00 0.000000e+00 7.547232e+00
    endloop
  endfacet
  facet normal -9.063078e-01 -0.000000e+00 -4.226183e-01
    outer loop
      vertex   8.503508e+00 2.500000e+00 7.547232e+00
      vertex   8.503508e+00 0.000000e+00 7.547232e+00
      vertex   8.385641e+00 2.500000e+00 7.800000e+00
    endloop
  endfacet
  facet normal -9.063078e-01 -0.000000e+00 -4.226183e-01
    outer loop
      vertex   8.385641e+00 2.500000e+00 7.800000e+00
      vertex   8.503508e+00 0.000000e+00 7.547232e+00
      vertex   8.385641e+00 0.000000e+00 7.800000e+00
    endloop
  endfacet
  facet normal -8.191520e-01 -0.000000e+00 -5.735764e-01
    outer loop
      vertex   8.385641e+00 2.500000e+00 7.800000e+00
      vertex   8.385641e+00 0.000000e+00 7.800000e+00
      vertex   8.225671e+00 2.500000e+00 8.028460e+00
    endloop
  endfacet
  facet normal -8.191520e-01 -0.000000e+00 -5.735764e-01
    outer loop
      vertex   8.225671e+00 2.500000e+00 8.028460e+00
      vertex   8.385641e+00 0.000000e+00 7.800000e+00
      vertex   8.225671e+00 0.000000e+00 8.028460e+00
    endloop
  endfacet
  facet normal -7.071068e-01 -0.000000e+00 -7.071068e-01
    outer loop
      vertex   8.225671e+00 2.500000e+00 8.028460e+00
      vertex   8.225671e+00 0.000000e+00 8.028460e+00
      vertex   8.028460e+00 2.500000e+00 8.225671e+00
    endloop
  endfacet
  facet normal -7.071068e-01 -0.000000e+00 -7.071068e-01
    outer loop
      vertex   8.028460e+00 2.500000e+00 8.225671e+00
      vertex   8.225671e+00 0.000000e+00 8.028460e+00
      vertex   8.028460e+00 0.000000e+00 8.225671e+00
    endloop
  endfacet
  facet normal -5.735764e-01 -0.000000e+00 -8.191520e-01
    outer loop
      vertex   8.028460e+00 2.500000e+00 8.225671e+00
      vertex   8.028460e+00 0.000000e+00 8.225671e+00
      vertex   7.800000e+00 2.500000e+00 8.385641e+00
    endloop
  endfacet
  facet normal -5.735764e-01 -0.000000e+00 -8.191520e-01
    outer loop
      vertex   7.800000e+00 2.500000e+00 8.385641e+00
      vertex   8.028460e+00 0.000000e+00 8.225671e+00
      vertex   7.800000e+00 0.000000e+00 8.385641e+00
    endloop
  endfacet
  facet normal -4.226183e-01 -0.000000e+00 -9.063078e-01
    outer loop
      vertex   7.800000e+00 2.500000e+00 8.385641e+00
      vertex   7.800000e+00 0.000000e+00 8.385641e+00
      vertex   7.547232e+00 2.500000e+00 8.503508e+00
    endloop
  endfacet
  facet normal -4.226183e-01 -0.000000e+00 -9.063078e-01
    outer loop
      vertex   7.547232e+00 2.500000e+00 8.503508e+00
      vertex   7.800000e+00 0.000000e+00 8.385641e+00
      vertex   7.547232e+00 0.000000e+00 8.503508e+00
    endloop
  endfacet
  facet normal -2.588190e-01 -0.000000e+00 -9.659258e-01
    outer loop
      vertex   7.547232e+00 2.500000e+00 8.503508e+00
      vertex   7.547232e+00 0.000000e+00 8.503508e+00
      vertex   7.277837e+00 2.500000e+00 8.575692e+00
    endloop
  endfacet
  facet normal -2.588190e-01 -0.000000e+00 -9.659258e-01
    outer loop
      vertex   7.277837e+00 2.500000e+00 8.575692e+00
      vertex   7.547232e+00 0.000000e+00 8.503508e+00
      vertex   7.277837e+00 0.000000e+00 8.575692e+00
    endloop
  endfacet
  facet normal -8.715574e-02 -0.000000e+00 -9.961947e-01
    outer loop
      vertex   7.277837e+00 2.500000e+00 8.575692e+00
      vertex   7.277837e+00 0.000000e+00 8.575692e+00
      vertex   7.000000e+00 2.500000e+00 8.600000e+00
    endloop
  endfacet
  facet normal -8.715574e-02 -0.000000e+00 -9.961947e-01
    outer loop
      vertex   7.000000e+00 2.500000e+00 8.600000e+00
      vertex   7.277837e+00 0.000000e+00 8.575692e+00
      vertex   7.000000e+00 0.000000e+00 8.600000e+00
    endloop
  endfacet
  facet normal 8.715574e-02 0.000000e+00 -9.961947e-01
    outer loop
      vertex   7.000000e+00 2.500000e+00 8.600000e+00
      vertex   7.000000e+00 0.000000e+00 8.600000e+00
      vertex   6.722163e+00 2.500000e+00 8.575692e+00
    endloop
  endfacet
  facet normal 8.715574e-02 0.000000e+00 -9.961947e-01
    outer loop
      vertex   6.722163e+00 2.500000e+00 8.575692e+00
      vertex   7.000000e+00 0.000000e+00 8.600000e+00
      vertex   6.722163e+00 0.000000e+00 8.575692e+00
    endloop
  endfacet
  facet normal 2.588190e-01 0.000000e+00 -9.659258e-01
    outer loop
      vertex   6.722163e+00 2.500000e+00 8.575692e+00
      vertex   6.722163e+00 0.000000e+00 8.575692e+00
      vertex   6.452768e+00 2.500000e+00 8.503508e+00
    endloop
  endfacet
  facet normal 2.588190e-01 0.000000e+00 -9.659258e-01
    outer loop
      vertex   6.452768e+00 2.500000e+00 8.503508e+00
      vertex   6.722163e+00 0.000000e+00 8.575692e+00
      vertex   6.452768e+00 0.000000e+00 8.503508e+00
    endloop
  endfacet
  facet normal 4.226183e-01 0.000000e+00 -9.063078e-01
    outer loop
      vertex   6.452768e+00 2.500000e+00 8.503508e+00
      vertex   6.452768e+00 0.000000e+00 8.503508e+00
      vertex   6.200000e+00 2.500000e+00 8.385641e+00
    endloop
  endfacet
  facet normal 4.226183e-01 0.000000e+00 -9.063078e-01
    outer loop
      vertex   6.200000e+00 2.500000e+00 8.385641e+00
      vertex   6.452768e+00 0.000000e+00 8.503508e+00
      vertex   6.200000e+00 0.000000e+00 8.385641e+00
    endloop
  endfacet
  facet normal 5.735764e-01 0.000000e+00 -8.191520e-01
    outer loop
      vertex   6.200000e+00 2.500000e+00 8.385641e+00
      vertex   6.200000e+00 0.000000e+00 8.385641e+00
      vertex   5.971540e+00 2.500000e+00 8.225671e+00
    endloop
  endfacet
  facet normal 5.735764e-01 0.000000e+00 -8.191520e-01
    outer loop
      vertex   5.971540e+00 2.500000e+00 8.225671e+00
      vertex   6.200000e+00 0.000000e+00 8.385641e+00
      vertex   5.971540e+00 0.000000e+00 8.225671e+00
    endloop
  endfacet
  facet normal 7.071068e-01 0.000000e+00 -7.071068e-01
    outer loop
      vertex   5.971540e+00 2.500000e+00 8.225671e+00
      vertex   5.971540e+00 0.000000e+00 8.225671e+00
      vertex   5.774329e+00 2.500000e+00 8.028460e+00
    endloop
  endfacet
  facet normal 7.071068e-01 0.000000e+00 -7.071068e-01
    outer loop
      vertex   5.774329e+00 2.500000e+00 8.028460e+00
      vertex   5.971540e+00 0.000000e+00 8.225671e+00
      vertex   5.774329e+00 0.000000e+00 8.028460e+00
    endloop
  endfacet
  facet normal 8.191520e-01 0.000000e+00 -5.735764e-01
    outer loop
      vertex   5.774329e+00 2.500000e+00 8.028460e+00
      vertex   5.774329e+00 0.000000e+00 8.028460e+00
      vertex   5.614359e+00 2.500000e+00 7.800000e+00
    endloop
  endfacet
  facet normal 8.191520e-01 0.000000e+00 -5.735764e-01
    outer loop
      vertex   5.614359e+00 2.500000e+00 7.800000e+00
      vertex   5.774329e+00 0.000000e+00 8.028460e+00
      vertex   5.614359e+00 0.000000e+00 7.800000e+00
    endloop
  endfacet
  facet normal 9.063078e-01 0.000000e+00 -4.226183e-01
    outer loop
      vertex   5.614359e+00 2.500000e+00 7.800000e+00
      vertex   5.614359e+00 0.000000e+00 7.800000e+00
      vertex   5.496492e+00 2.500000e+00 7.547232e+00
    endloop
  endfacet
  facet normal 9.063078e-01 0.000000e+00 -4.226183e-01
    outer loop
      vertex   5.496492e+00 2.500000e+00 7.547232e+00
      vertex   5.614359e+00 0.000000e+00 7.800000e+00
      vertex   5.496492e+00 0.000000e+00 7.547232e+00
    endloop
  endfacet
  facet normal 9.659258e-01 0.000000e+00 -2.588190e-01
    outer loop
      vertex   5.496492e+00 2.500000e+00 7.547232e+00
      vertex   5.496492e+00 0.000000e+00 7.547232e+00
      vertex   5.424308e+00 2.500000e+00 7.277837e+00
    endloop
  endfacet
  facet normal 9.659258e-01 0.000000e+00 -2.588190e-01
    outer loop
      vertex   5.424308e+00 2.500000e+00 7.277837e+00
      vertex   5.496492e+00 0.000000e+00 7.547232e+00
      vertex   5.424308e+00 0.000000e+00 7.277837e+00
    endloop
  endfacet
  facet normal 9.961947e-01 0.000000e+00 -8.715574e-02
    outer loop
      vertex   1.034243e+02 2.500000e+00 6.527837e+00
      vertex   1.034243e+02 0.000000e+00 6.527837e+00
      vertex   1.034000e+02 2.500000e+00 6.250000e+00
    endloop
  endfacet
  facet normal 9.961947e-01 3.096394e-17 -8.715574e-02
    outer loop
      vertex   1.034000e+02 2.500000e+00 6.250000e+00
      vertex   1.034243e+02 0.000000e+00 6.527837e+00
      vertex   1.034000e+02 0.000000e+00 6.250000e+00
    endloop
  endfacet
  facet normal 9.961947e-01 -3.096394e-17 8.715574e-02
    outer loop
      vertex   1.034000e+02 2.500000e+00 6.250000e+00
      vertex   1.034000e+02 0.000000e+00 6.250000e+00
      vertex   1.034243e+02 2.500000e+00 5.972163e+00
    endloop
  endfacet
  facet normal 9.961947e-01 0.000000e+00 8.715574e-02
    outer loop
      vertex   1.034243e+02 2.500000e+00 5.972163e+00
      vertex   1.034000e+02 0.000000e+00 6.250000e+00
      vertex   1.034243e+02 0.000000e+00 5.972163e+00
    endloop
  endfacet
  facet normal 9.659258e-01 0.000000e+00 2.588190e-01
    outer loop
      vertex   1.034243e+02 2.500000e+00 5.972163e+00
      vertex   1.034243e+02 0.000000e+00 5.972163e+00
      vertex   1.034965e+02 2.500000e+00 5.702768e+00
    endloop
  endfacet
  facet normal 9.659258e-01 0.000000e+00 2.588190e-01
    outer loop
      vertex   1.034965e+02 2.500000e+00 5.702768e+00
      vertex   1.034243e+02 0.000000e+00 5.972163e+00
      vertex   1.034965e+02 0.000000e+00 5.702768e+00
    endloop
  endfacet
  facet normal 9.063078e-01 0.000000e+00 4.226183e-01
    outer loop
      vertex   1.034965e+02 2.500000e+00 5.702768e+00
      vertex   1.034965e+02 0.000000e+00 5.702768e+00
      vertex   1.036144e+02 2.500000e+00 5.450000e+00
    endloop
  endfacet
  facet normal 9.063078e-01 0.000000e+00 4.226183e-01
    outer loop
      vertex   1.036144e+02 2.500000e+00 5.450000e+00
      vertex   1.034965e+02 0.000000e+00 5.702768e+00
      vertex   1.036144e+02 0.000000e+00 5.450000e+00
    endloop
  endfacet
  facet normal 8.191520e-01 0.000000e+00 5.735764e-01
    outer loop
      vertex   1.036144e+02 2.500000e+00 5.450000e+00
      vertex   1.036144e+02 0.000000e+00 5.450000e+00
      vertex   1.037743e+02 2.500000e+00 5.221540e+00
    endloop
  endfacet
  facet normal 8.191520e-01 0.000000e+00 5.735764e-01
    outer loop
      vertex   1.037743e+02 2.500000e+00 5.221540e+00
      vertex   1.036144e+02 0.000000e+00 5.450000e+00
      vertex   1.037743e+02 0.000000e+00 5.221540e+00
    endloop
  endfacet
  facet normal 7.071068e-01 0.000000e+00 7.071068e-01
    outer loop
      vertex   1.037743e+02 2.500000e+00 5.221540e+00
      vertex   1.037743e+02 0.000000e+00 5.221540e+00
      vertex   1.039715e+02 2.500000e+00 5.024329e+00
    endloop
  endfacet
  facet normal 7.071068e-01 0.000000e+00 7.071068e-01
    outer loop
      vertex   1.039715e+02 2.500000e+00 5.024329e+00
      vertex   1.037743e+02 0.000000e+00 5.221540e+00
      vertex   1.039715e+02 0.000000e+00 5.024329e+00
    endloop
  endfacet
  facet normal 5.735764e-01 0.000000e+00 8.191520e-01
    outer loop
      vertex   1.039715e+02 2.500000e+00 5.024329e+00
      vertex   1.039715e+02 0.000000e+00 5.024329e+00
      vertex   1.042000e+02 2.500000e+00 4.864359e+00
    endloop
  endfacet
  facet normal 5.735764e-01 0.000000e+00 8.191520e-01
    outer loop
      vertex   1.042000e+02 2.500000e+00 4.864359e+00
      vertex   1.039715e+02 0.000000e+00 5.024329e+00
      vertex   1.042000e+02 0.000000e+00 4.864359e+00
    endloop
  endfacet
  facet normal 4.226183e-01 0.000000e+00 9.063078e-01
    outer loop
      vertex   1.042000e+02 2.500000e+00 4.864359e+00
      vertex   1.042000e+02 0.000000e+00 4.864359e+00
      vertex   1.044528e+02 2.500000e+00 4.746492e+00
    endloop
  endfacet
  facet normal 4.226183e-01 0.000000e+00 9.063078e-01
    outer loop
      vertex   1.044528e+02 2.500000e+00 4.746492e+00
      vertex   1.042000e+02 0.000000e+00 4.864359e+00
      vertex   1.044528e+02 0.000000e+00 4.746492e+00
    endloop
  endfacet
  facet normal 2.588190e-01 0.000000e+00 9.659258e-01
    outer loop
      vertex   1.044528e+02 2.500000e+00 4.746492e+00
      vertex   1.044528e+02 0.000000e+00 4.746492e+00
      vertex   1.047222e+02 2.500000e+00 4.674308e+00
    endloop
  endfacet
  facet normal 2.588190e-01 0.000000e+00 9.659258e-01
    outer loop
      vertex   1.047222e+02 2.500000e+00 4.674308e+00
      vertex   1.044528e+02 0.000000e+00 4.746492e+00
      vertex   1.047222e+02 0.000000e+00 4.674308e+00
    endloop
  endfacet
  facet normal 8.715574e-02 0.000000e+00 9.961947e-01
    outer loop
      vertex   1.047222e+02 2.500000e+00 4.674308e+00
      vertex   1.047222e+02 0.000000e+00 4.674308e+00
      vertex   1.050000e+02 2.500000e+00 4.650000e+00
    endloop
  endfacet
  facet normal 8.715574e-02 0.000000e+00 9.961947e-01
    outer loop
      vertex   1.050000e+02 2.500000e+00 4.650000e+00
      vertex   1.047222e+02 0.000000e+00 4.674308e+00
      vertex   1.050000e+02 0.000000e+00 4.650000e+00
    endloop
  endfacet
  facet normal -8.715574e-02 0.000000e+00 9.961947e-01
    outer loop
      vertex   1.050000e+02 2.500000e+00 4.650000e+00
      vertex   1.050000e+02 0.000000e+00 4.650000e+00
      vertex   1.052778e+02 2.500000e+00 4.674308e+00
    endloop
  endfacet
  facet normal -8.715574e-02 0.000000e+00 9.961947e-01
    outer loop
      vertex   1.052778e+02 2.500000e+00 4.674308e+00
      vertex   1.050000e+02 0.000000e+00 4.650000e+00
      vertex   1.052778e+02 0.000000e+00 4.674308e+00
    endloop
  endfacet
  facet normal -2.588190e-01 0.000000e+00 9.659258e-01
    outer loop
      vertex   1.052778e+02 2.500000e+00 4.674308e+00
      vertex   1.052778e+02 0.000000e+00 4.674308e+00
      vertex   1.055472e+02 2.500000e+00 4.746492e+00
    endloop
  endfacet
  facet normal -2.588190e-01 0.000000e+00 9.659258e-01
    outer loop
      vertex   1.055472e+02 2.500000e+00 4.746492e+00
      vertex   1.052778e+02 0.000000e+00 4.674308e+00
      vertex   1.055472e+02 0.000000e+00 4.746492e+00
    endloop
  endfacet
  facet normal -4.226183e-01 0.000000e+00 9.063078e-01
    outer loop
      vertex   1.055472e+02 2.500000e+00 4.746492e+00
      vertex   1.055472e+02 0.000000e+00 4.746492e+00
      vertex   1.058000e+02 2.500000e+00 4.864359e+00
    endloop
  endfacet
  facet normal -4.226183e-01 0.000000e+00 9.063078e-01
    outer loop
      vertex   1.058000e+02 2.500000e+00 4.864359e+00
      vertex   1.055472e+02 0.000000e+00 4.746492e+00
      vertex   1.058000e+02 0.000000e+00 4.864359e+00
    endloop
  endfacet
  facet normal -5.735764e-01 0.000000e+00 8.191520e-01
    outer loop
      vertex   1.058000e+02 2.500000e+00 4.864359e+00
      vertex   1.058000e+02 0.000000e+00 4.864359e+00
      vertex   1.060285e+02 2.500000e+00 5.024329e+00
    endloop
  endfacet
  facet normal -5.735764e-01 0.000000e+00 8.191520e-01
    outer loop
      vertex   1.060285e+02 2.500000e+00 5.024329e+00
      vertex   1.058000e+02 0.000000e+00 4.864359e+00
      vertex   1.060285e+02 0.000000e+00 5.024329e+00
    endloop
  endfacet
  facet normal -7.071068e-01 0.000000e+00 7.071068e-01
    outer loop
      vertex   1.060285e+02 2.500000e+00 5.024329e+00
      vertex   1.060285e+02 0.000000e+00 5.024329e+00
      vertex   1.062257e+02 2.500000e+00 5.221540e+00
    endloop
  endfacet
  facet normal -7.071068e-01 0.000000e+00 7.071068e-01
    outer loop
      vertex   1.062257e+02 2.500000e+00 5.221540e+00
      vertex   1.060285e+02 0.000000e+00 5.024329e+00
      vertex   1.062257e+02 0.000000e+00 5.221540e+00
    endloop
  endfacet
  facet normal -8.191520e-01 0.000000e+00 5.735764e-01
    outer loop
      vertex   1.062257e+02 2.500000e+00 5.221540e+00
      vertex   1.062257e+02 0.000000e+00 5.221540e+00
      vertex   1.063856e+02 2.500000e+00 5.450000e+00
    endloop
  endfacet
  facet normal -8.191520e-01 0.000000e+00 5.735764e-01
    outer loop
      vertex   1.063856e+02 2.500000e+00 5.450000e+00
      vertex   1.062257e+02 0.000000e+00 5.221540e+00
      vertex   1.063856e+02 0.000000e+00 5.450000e+00
    endloop
  endfacet
  facet normal -9.063078e-01 0.000000e+00 4.226183e-01
    outer loop
      vertex   1.063856e+02 2.500000e+00 5.450000e+00
      vertex   1.063856e+02 0.000000e+00 5.450000e+00
      vertex   1.065035e+02 2.500000e+00 5.702768e+00
    endloop
  endfacet
  facet normal -9.063078e-01 0.000000e+00 4.226183e-01
    outer loop
      vertex   1.065035e+02 2.500000e+00 5.702768e+00
      vertex   1.063856e+02 0.000000e+00 5.450000e+00
      vertex   1.065035e+02 0.000000e+00 5.702768e+00
    endloop
  endfacet
  facet normal -9.659258e-01 0.000000e+00 2.588190e-01
    outer loop
      vertex   1.065035e+02 2.500000e+00 5.702768e+00
      vertex   1.065035e+02 0.000000e+00 5.702768e+00
      vertex   1.065757e+02 2.500000e+00 5.972163e+00
    endloop
  endfacet
  facet normal -9.659258e-01 0.000000e+00 2.588190e-01
    outer loop
      vertex   1.065757e+02 2.500000e+00 5.972163e+00
      vertex   1.065035e+02 0.000000e+00 5.702768e+00
      vertex   1.065757e+02 0.000000e+00 5.972163e+00
    endloop
  endfacet
  facet normal -9.961947e-01 0.000000e+00 8.715574e-02
    outer loop
      vertex   1.065757e+02 2.500000e+00 5.972163e+00
      vertex   1.065757e+02 0.000000e+00 5.972163e+00
      vertex   1.066000e+02 2.500000e+00 6.250000e+00
    endloop
  endfacet
  facet normal -9.961947e-01 0.000000e+00 8.715574e-02
    outer loop
      vertex   1.066000e+02 2.500000e+00 6.250000e+00
      vertex   1.065757e+02 0.000000e+00 5.972163e+00
      vertex   1.066000e+02 0.000000e+00 6.250000e+00
    endloop
  endfacet
  facet normal -9.961947e-01 -0.000000e+00 -8.715574e-02
    outer loop
      vertex   1.066000e+02 2.500000e+00 6.250000e+00
      vertex   1.066000e+02 0.000000e+00 6.250000e+00
      vertex   1.065757e+02 2.500000e+00 6.527837e+00
    endloop
  endfacet
  facet normal -9.961947e-01 -0.000000e+00 -8.715574e-02
    outer loop
      vertex   1.065757e+02 2.500000e+00 6.527837e+00
      vertex   1.066000e+02 0.000000e+00 6.250000e+00
      vertex   1.065757e+02 0.000000e+00 6.527837e+00
    endloop
  endfacet
  facet normal -9.659258e-01 -0.000000e+00 -2.588190e-01
    outer loop
      vertex   1.065757e+02 2.500000e+00 6.527837e+00
      vertex   1.065757e+02 0.000000e+00 6.527837e+00
      vertex   1.065035e+02 2.500000e+00 6.797232e+00
    endloop
  endfacet
  facet normal -9.659258e-01 -0.000000e+00 -2.588190e-01
    outer loop
      vertex   1.065035e+02 2.500000e+00 6.797232e+00
      vertex   1.065757e+02 0.000000e+00 6.527837e+00
      vertex   1.065035e+02 0.000000e+00 6.797232e+00
    endloop
  endfacet
  facet normal -9.063078e-01 -0.000000e+00 -4.226183e-01
    outer loop
      vertex   1.065035e+02 2.500000e+00 6.797232e+00
      vertex   1.065035e+02 0.000000e+00 6.797232e+00
      vertex   1.063856e+02 2.500000e+00 7.050000e+00
    endloop
  endfacet
  facet normal -9.063078e-01 -0.000000e+00 -4.226183e-01
    outer loop
      vertex   1.063856e+02 2.500000e+00 7.050000e+00
      vertex   1.065035e+02 0.000000e+00 6.797232e+00
      vertex   1.063856e+02 0.000000e+00 7.050000e+00
    endloop
  endfacet
  facet normal -8.191520e-01 -0.000000e+00 -5.735764e-01
    outer loop
      vertex   1.063856e+02 2.500000e+00 7.050000e+00
      vertex   1.063856e+02 0.000000e+00 7.050000e+00
      vertex   1.062257e+02 2.500000e+00 7.278460e+00
    endloop
  endfacet
  facet normal -8.191520e-01 -0.000000e+00 -5.735764e-01
    outer loop
      vertex   1.062257e+02 2.500000e+00 7.278460e+00
      vertex   1.063856e+02 0.000000e+00 7.050000e+00
      vertex   1.062257e+02 0.000000e+00 7.278460e+00
    endloop
  endfacet
  facet normal -7.071068e-01 -0.000000e+00 -7.071068e-01
    outer loop
      vertex   1.062257e+02 2.500000e+00 7.278460e+00
      vertex   1.062257e+02 0.000000e+00 7.278460e+00
      vertex   1.060285e+02 2.500000e+00 7.475671e+00
    endloop
  endfacet
  facet normal -7.071068e-01 -0.000000e+00 -7.071068e-01
    outer loop
      vertex   1.060285e+02 2.500000e+00 7.475671e+00
      vertex   1.062257e+02 0.000000e+00 7.278460e+00
      vertex   1.060285e+02 0.000000e+00 7.475671e+00
    endloop
  endfacet
  facet normal -5.735764e-01 -0.000000e+00 -8.191520e-01
    outer loop
      vertex   1.060285e+02 2.500000e+00 7.475671e+00
      vertex   1.060285e+02 0.000000e+00 7.475671e+00
      vertex   1.058000e+02 2.500000e+00 7.635641e+00
    endloop
  endfacet
  facet normal -5.735764e-01 -0.000000e+00 -8.191520e-01
    outer loop
      vertex   1.058000e+02 2.500000e+00 7.635641e+00
      vertex   1.060285e+02 0.000000e+00 7.475671e+00
      vertex   1.058000e+02 0.000000e+00 7.635641e+00
    endloop
  endfacet
  facet normal -4.226183e-01 -0.000000e+00 -9.063078e-01
    outer loop
      vertex   1.058000e+02 2.500000e+00 7.635641e+00
      vertex   1.058000e+02 0.000000e+00 7.635641e+00
      vertex   1.055472e+02 2.500000e+00 7.753508e+00
    endloop
  endfacet
  facet normal -4.226183e-01 -0.000000e+00 -9.063078e-01
    outer loop
      vertex   1.055472e+02 2.500000e+00 7.753508e+00
      vertex   1.058000e+02 0.000000e+00 7.635641e+00
      vertex   1.055472e+02 0.000000e+00 7.753508e+00
    endloop
  endfacet
  facet normal -2.588190e-01 -0.000000e+00 -9.659258e-01
    outer loop
      vertex   1.055472e+02 2.500000e+00 7.753508e+00
      vertex   1.055472e+02 0.000000e+00 7.753508e+00
      vertex   1.052778e+02 2.500000e+00 7.825692e+00
    endloop
  endfacet
  facet normal -2.588190e-01 -0.000000e+00 -9.659258e-01
    outer loop
      vertex   1.052778e+02 2.500000e+00 7.825692e+00
      vertex   1.055472e+02 0.000000e+00 7.753508e+00
      vertex   1.052778e+02 0.000000e+00 7.825692e+00
    endloop
  endfacet
  facet normal -8.715574e-02 -0.000000e+00 -9.961947e-01
    outer loop
      vertex   1.052778e+02 2.500000e+00 7.825692e+00
      vertex   1.052778e+02 0.000000e+00 7.825692e+00
      vertex   1.050000e+02 2.500000e+00 7.850000e+00
    endloop
  endfacet
  facet normal -8.715574e-02 -0.000000e+00 -9.961947e-01
    outer loop
      vertex   1.050000e+02 2.500000e+00 7.850000e+00
      vertex   1.052778e+02 0.000000e+00 7.825692e+00
      vertex   1.050000e+02 0.000000e+00 7.850000e+00
    endloop
  endfacet
  facet normal 8.715574e-02 0.000000e+00 -9.961947e-01
    outer loop
      vertex   1.050000e+02 2.500000e+00 7.850000e+00
      vertex   1.050000e+02 0.000000e+00 7.850000e+00
      vertex   1.047222e+02 2.500000e+00 7.825692e+00
    endloop
  endfacet
  facet normal 8.715574e-02 0.000000e+00 -9.961947e-01
    outer loop
      vertex   1.047222e+02 2.500000e+00 7.825692e+00
      vertex   1.050000e+02 0.000000e+00 7.850000e+00
      vertex   1.047222e+02 0.000000e+00 7.825692e+00
    endloop
  endfacet
  facet normal 2.588190e-01 0.000000e+00 -9.659258e-01
    outer loop
      vertex   1.047222e+02 2.500000e+00 7.825692e+00
      vertex   1.047222e+02 0.000000e+00 7.825692e+00
      vertex   1.044528e+02 2.500000e+00 7.753508e+00
    endloop
  endfacet
  facet normal 2.588190e-01 0.000000e+00 -9.659258e-01
    outer loop
      vertex   1.044528e+02 2.500000e+00 7.753508e+00
      vertex   1.047222e+02 0.000000e+00 7.825692e+00
      vertex   1.044528e+02 0.000000e+00 7.753508e+00
    endloop
  endfacet
  facet normal 4.226183e-01 0.000000e+00 -9.063078e-01
    outer loop
      vertex   1.044528e+02 2.500000e+00 7.753508e+00
      vertex   1.044528e+02 0.000000e+00 7.753508e+00
      vertex   1.042000e+02 2.500000e+00 7.635641e+00
    endloop
  endfacet
  facet normal 4.226183e-01 0.000000e+00 -9.063078e-01
    outer loop
      vertex   1.042000e+02 2.500000e+00 7.635641e+00
      vertex   1.044528e+02 0.000000e+00 7.753508e+00
      vertex   1.042000e+02 0.000000e+00 7.635641e+00
    endloop
  endfacet
  facet normal 5.735764e-01 0.000000e+00 -8.191520e-01
    outer loop
      vertex   1.042000e+02 2.500000e+00 7.635641e+00
      vertex   1.042000e+02 0.000000e+00 7.635641e+00
      vertex   1.039715e+02 2.500000e+00 7.475671e+00
    endloop
  endfacet
  facet normal 5.735764e-01 0.000000e+00 -8.191520e-01
    outer loop
      vertex   1.039715e+02 2.500000e+00 7.475671e+00
      vertex   1.042000e+02 0.000000e+00 7.635641e+00
      vertex   1.039715e+02 0.000000e+00 7.475671e+00
    endloop
  endfacet
  facet normal 7.071068e-01 0.000000e+00 -7.071068e-01
    outer loop
      vertex   1.039715e+02 2.500000e+00 7.475671e+00
      vertex   1.039715e+02 0.000000e+00 7.475671e+00
      vertex   1.037743e+02 2.500000e+00 7.278460e+00
    endloop
  endfacet
  facet normal 7.071068e-01 0.000000e+00 -7.071068e-01
    outer loop
      vertex   1.037743e+02 2.500000e+00 7.278460e+00
      vertex   1.039715e+02 0.000000e+00 7.475671e+00
      vertex   1.037743e+02 0.000000e+00 7.278460e+00
    endloop
  endfacet
  facet normal 8.191520e-01 0.000000e+00 -5.735764e-01
    outer loop
      vertex   1.037743e+02 2.500000e+00 7.278460e+00
      vertex   1.037743e+02 0.000000e+00 7.278460e+00
      vertex   1.036144e+02 2.500000e+00 7.050000e+00
    endloop
  endfacet
  facet normal 8.191520e-01 0.000000e+00 -5.735764e-01
    outer loop
      vertex   1.036144e+02 2.500000e+00 7.050000e+00
      vertex   1.037743e+02 0.000000e+00 7.278460e+00
      vertex   1.036144e+02 0.000000e+00 7.050000e+00
    endloop
  endfacet
  facet normal 9.063078e-01 0.000000e+00 -4.226183e-01
    outer loop
      vertex   1.036144e+02 2.500000e+00 7.050000e+00
      vertex   1.036144e+02 0.000000e+00 7.050000e+00
      vertex   1.034965e+02 2.500000e+00 6.797232e+00
    endloop
  endfacet
  facet normal 9.063078e-01 0.000000e+00 -4.226183e-01
    outer loop
      vertex   1.034965e+02 2.500000e+00 6.797232e+00
      vertex   1.036144e+02 0.000000e+00 7.050000e+00
      vertex   1.034965e+02 0.000000e+00 6.797232e+00
    endloop
  endfacet
  facet normal 9.659258e-01 0.000000e+00 -2.588190e-01
    outer loop
      vertex   1.034965e+02 2.500000e+00 6.797232e+00
      vertex   1.034965e+02 0.000000e+00 6.797232e+00
      vertex   1.034243e+02 2.500000e+00 6.527837e+00
    endloop
  endfacet
  facet normal 9.659258e-01 0.000000e+00 -2.588190e-01
    outer loop
      vertex   1.034243e+02 2.500000e+00 6.527837e+00
      vertex   1.034965e+02 0.000000e+00 6.797232e+00
      vertex   1.034243e+02 0.000000e+00 6.527837e+00
    endloop
  endfacet
  facet normal 9.961947e-01 0.000000e+00 -8.715574e-02
    outer loop
      vertex   5.424308e+00 2.500000e+00 7.727784e+01
      vertex   5.424308e+00 0.000000e+00 7.727784e+01
      vertex   5.400000e+00 2.500000e+00 7.700000e+01
    endloop
  endfacet
  facet normal 9.961947e-01 -1.769597e-15 -8.715574e-02
    outer loop
      vertex   5.400000e+00 2.500000e+00 7.700000e+01
      vertex   5.424308e+00 0.000000e+00 7.727784e+01
      vertex   5.400000e+00 0.000000e+00 7.700000e+01
    endloop
  endfacet
  facet normal 9.961947e-01 -1.769597e-15 8.715574e-02
    outer loop
      vertex   5.400000e+00 2.500000e+00 7.700000e+01
      vertex   5.400000e+00 0.000000e+00 7.700000e+01
      vertex   5.424308e+00 2.500000e+00 7.672216e+01
    endloop
  endfacet
  facet normal 9.961947e-01 0.000000e+00 8.715574e-02
    outer loop
      vertex   5.424308e+00 2.500000e+00 7.672216e+01
      vertex   5.400000e+00 0.000000e+00 7.700000e+01
      vertex   5.424308e+00 0.000000e+00 7.672216e+01
    endloop
  endfacet
  facet normal 9.659258e-01 0.000000e+00 2.588190e-01
    outer loop
      vertex   5.424308e+00 2.500000e+00 7.672216e+01
      vertex   5.424308e+00 0.000000e+00 7.672216e+01
      vertex   5.496492e+00 2.500000e+00 7.645277e+01
    endloop
  endfacet
  facet normal 9.659258e-01 0.000000e+00 2.588190e-01
    outer loop
      vertex   5.496492e+00 2.500000e+00 7.645277e+01
      vertex   5.424308e+00 0.000000e+00 7.672216e+01
      vertex   5.496492e+00 0.000000e+00 7.645277e+01
    endloop
  endfacet
  facet normal 9.063078e-01 0.000000e+00 4.226183e-01
    outer loop
      vertex   5.496492e+00 2.500000e+00 7.645277e+01
      vertex   5.496492e+00 0.000000e+00 7.645277e+01
      vertex   5.614359e+00 2.500000e+00 7.620000e+01
    endloop
  endfacet
  facet normal 9.063078e-01 0.000000e+00 4.226183e-01
    outer loop
      vertex   5.614359e+00 2.500000e+00 7.620000e+01
      vertex   5.496492e+00 0.000000e+00 7.645277e+01
      vertex   5.614359e+00 0.000000e+00 7.620000e+01
    endloop
  endfacet
  facet normal 8.191520e-01 0.000000e+00 5.735764e-01
    outer loop
      vertex   5.614359e+00 2.500000e+00 7.620000e+01
      vertex   5.614359e+00 0.000000e+00 7.620000e+01
      vertex   5.774329e+00 2.500000e+00 7.597154e+01
    endloop
  endfacet
  facet normal 8.191520e-01 0.000000e+00 5.735764e-01
    outer loop
      vertex   5.774329e+00 2.500000e+00 7.597154e+01
      vertex   5.614359e+00 0.000000e+00 7.620000e+01
      vertex   5.774329e+00 0.000000e+00 7.597154e+01
    endloop
  endfacet
  facet normal 7.071068e-01 0.000000e+00 7.071068e-01
    outer loop
      vertex   5.774329e+00 2.500000e+00 7.597154e+01
      vertex   5.774329e+00 0.000000e+00 7.597154e+01
      vertex   5.971540e+00 2.500000e+00 7.577433e+01
    endloop
  endfacet
  facet normal 7.071068e-01 0.000000e+00 7.071068e-01
    outer loop
      vertex   5.971540e+00 2.500000e+00 7.577433e+01
      vertex   5.774329e+00 0.000000e+00 7.597154e+01
      vertex   5.971540e+00 0.000000e+00 7.577433e+01
    endloop
  endfacet
  facet normal 5.735764e-01 0.000000e+00 8.191520e-01
    outer loop
      vertex   5.971540e+00 2.500000e+00 7.577433e+01
      vertex   5.971540e+00 0.000000e+00 7.577433e+01
      vertex   6.200000e+00 2.500000e+00 7.561436e+01
    endloop
  endfacet
  facet normal 5.735764e-01 0.000000e+00 8.191520e-01
    outer loop
      vertex   6.200000e+00 2.500000e+00 7.561436e+01
      vertex   5.971540e+00 0.000000e+00 7.577433e+01
      vertex   6.200000e+00 0.000000e+00 7.561436e+01
    endloop
  endfacet
  facet normal 4.226183e-01 0.000000e+00 9.063078e-01
    outer loop
      vertex   6.200000e+00 2.500000e+00 7.561436e+01
      vertex   6.200000e+00 0.000000e+00 7.561436e+01
      vertex   6.452768e+00 2.500000e+00 7.549649e+01
    endloop
  endfacet
  facet normal 4.226183e-01 0.000000e+00 9.063078e-01
    outer loop
      vertex   6.452768e+00 2.500000e+00 7.549649e+01
      vertex   6.200000e+00 0.000000e+00 7.561436e+01
      vertex   6.452768e+00 0.000000e+00 7.549649e+01
    endloop
  endfacet
  facet normal 2.588190e-01 0.000000e+00 9.659258e-01
    outer loop
      vertex   6.452768e+00 2.500000e+00 7.549649e+01
      vertex   6.452768e+00 0.000000e+00 7.549649e+01
      vertex   6.722163e+00 2.500000e+00 7.542431e+01
    endloop
  endfacet
  facet normal 2.588190e-01 0.000000e+00 9.659258e-01
    outer loop
      vertex   6.722163e+00 2.500000e+00 7.542431e+01
      vertex   6.452768e+00 0.000000e+00 7.549649e+01
      vertex   6.722163e+00 0.000000e+00 7.542431e+01
    endloop
  endfacet
  facet normal 8.715574e-02 0.000000e+00 9.961947e-01
    outer loop
      vertex   6.722163e+00 2.500000e+00 7.542431e+01
      vertex   6.722163e+00 0.000000e+00 7.542431e+01
      vertex   7.000000e+00 2.500000e+00 7.540000e+01
    endloop
  endfacet
  facet normal 8.715574e-02 0.000000e+00 9.961947e-01
    outer loop
      vertex   7.000000e+00 2.500000e+00 7.540000e+01
      vertex   6.722163e+00 0.000000e+00 7.542431e+01
      vertex   7.000000e+00 0.000000e+00 7.540000e+01
    endloop
  endfacet
  facet normal -8.715574e-02 0.000000e+00 9.961947e-01
    outer loop
      vertex   7.000000e+00 2.500000e+00 7.540000e+01
      vertex   7.000000e+00 0.000000e+00 7.540000e+01
      vertex   7.277837e+00 2.500000e+00 7.542431e+01
    endloop
  endfacet
  facet normal -8.715574e-02 0.000000e+00 9.961947e-01
    outer loop
      vertex   7.277837e+00 2.500000e+00 7.542431e+01
      vertex   7.000000e+00 0.000000e+00 7.540000e+01
      vertex   7.277837e+00 0.000000e+00 7.542431e+01
    endloop
  endfacet
  facet normal -2.588190e-01 0.000000e+00 9.659258e-01
    outer loop
      vertex   7.277837e+00 2.500000e+00 7.542431e+01
      vertex   7.277837e+00 0.000000e+00 7.542431e+01
      vertex   7.547232e+00 2.500000e+00 7.549649e+01
    endloop
  endfacet
  facet normal -2.588190e-01 0.000000e+00 9.659258e-01
    outer loop
      vertex   7.547232e+00 2.500000e+00 7.549649e+01
      vertex   7.277837e+00 0.000000e+00 7.542431e+01
      vertex   7.547232e+00 0.000000e+00 7.549649e+01
    endloop
  endfacet
  facet normal -4.226183e-01 0.000000e+00 9.063078e-01
    outer loop
      vertex   7.547232e+00 2.500000e+00 7.549649e+01
      vertex   7.547232e+00 0.000000e+00 7.549649e+01
      vertex   7.800000e+00 2.500000e+00 7.561436e+01
    endloop
  endfacet
  facet normal -4.226183e-01 0.000000e+00 9.063078e-01
    outer loop
      vertex   7.800000e+00 2.500000e+00 7.561436e+01
      vertex   7.547232e+00 0.000000e+00 7.549649e+01
      vertex   7.800000e+00 0.000000e+00 7.561436e+01
    endloop
  endfacet
  facet normal -5.735764e-01 0.000000e+00 8.191520e-01
    outer loop
      vertex   7.800000e+00 2.500000e+00 7.561436e+01
      vertex   7.800000e+00 0.000000e+00 7.561436e+01
      vertex   8.028460e+00 2.500000e+00 7.577433e+01
    endloop
  endfacet
  facet normal -5.735764e-01 0.000000e+00 8.191520e-01
    outer loop
      vertex   8.028460e+00 2.500000e+00 7.577433e+01
      vertex   7.800000e+00 0.000000e+00 7.561436e+01
      vertex   8.028460e+00 0.000000e+00 7.577433e+01
    endloop
  endfacet
  facet normal -7.071068e-01 0.000000e+00 7.071068e-01
    outer loop
      vertex   8.028460e+00 2.500000e+00 7.577433e+01
      vertex   8.028460e+00 0.000000e+00 7.577433e+01
      vertex   8.225671e+00 2.500000e+00 7.597154e+01
    endloop
  endfacet
  facet normal -7.071068e-01 0.000000e+00 7.071068e-01
    outer loop
      vertex   8.225671e+00 2.500000e+00 7.597154e+01
      vertex   8.028460e+00 0.000000e+00 7.577433e+01
      vertex   8.225671e+00 0.000000e+00 7.597154e+01
    endloop
  endfacet
  facet normal -8.191520e-01 0.000000e+00 5.735764e-01
    outer loop
      vertex   8.225671e+00 2.500000e+00 7.597154e+01
      vertex   8.225671e+00 0.000000e+00 7.597154e+01
      vertex   8.385641e+00 2.500000e+00 7.620000e+01
    endloop
  endfacet
  facet normal -8.191520e-01 0.000000e+00 5.735764e-01
    outer loop
      vertex   8.385641e+00 2.500000e+00 7.620000e+01
      vertex   8.225671e+00 0.000000e+00 7.597154e+01
      vertex   8.385641e+00 0.000000e+00 7.620000e+01
    endloop
  endfacet
  facet normal -9.063078e-01 0.000000e+00 4.226183e-01
    outer loop
      vertex   8.385641e+00 2.500000e+00 7.620000e+01
      vertex   8.385641e+00 0.000000e+00 7.620000e+01
      vertex   8.503508e+00 2.500000e+00 7.645277e+01
    endloop
  endfacet
  facet normal -9.063078e-01 0.000000e+00 4.226183e-01
    outer loop
      vertex   8.503508e+00 2.500000e+00 7.645277e+01
      vertex   8.385641e+00 0.000000e+00 7.620000e+01
      vertex   8.503508e+00 0.000000e+00 7.645277e+01
    endloop
  endfacet
  facet normal -9.659258e-01 0.000000e+00 2.588190e-01
    outer loop
      vertex   8.503508e+00 2.500000e+00 7.645277e+01
      vertex   8.503508e+00 0.000000e+00 7.645277e+01
      vertex   8.575692e+00 2.500000e+00 7.672216e+01
    endloop
  endfacet
  facet normal -9.659258e-01 0.000000e+00 2.588190e-01
    outer loop
      vertex   8.575692e+00 2.500000e+00 7.672216e+01
      vertex   8.503508e+00 0.000000e+00 7.645277e+01
      vertex   8.575692e+00 0.000000e+00 7.672216e+01
    endloop
  endfacet
  facet normal -9.961947e-01 0.000000e+00 8.715574e-02
    outer loop
      vertex   8.575692e+00 2.500000e+00 7.672216e+01
      vertex   8.575692e+00 0.000000e+00 7.672216e+01
      vertex   8.600000e+00 2.500000e+00 7.700000e+01
    endloop
  endfacet
  facet normal -9.961947e-01 0.000000e+00 8.715574e-02
    outer loop
      vertex   8.600000e+00 2.500000e+00 7.700000e+01
      vertex   8.575692e+00 0.000000e+00 7.672216e+01
      vertex   8.600000e+00 0.000000e+00 7.700000e+01
    endloop
  endfacet
  facet normal -9.961947e-01 -0.000000e+00 -8.715574e-02
    outer loop
      vertex   8.600000e+00 2.500000e+00 7.700000e+01
      vertex   8.600000e+00 0.000000e+00 7.700000e+01
      vertex   8.575692e+00 2.500000e+00 7.727784e+01
    endloop
  endfacet
  facet normal -9.961947e-01 -0.000000e+00 -8.715574e-02
    outer loop
      vertex   8.575692e+00 2.500000e+00 7.727784e+01
      vertex   8.600000e+00 0.000000e+00 7.700000e+01
      vertex   8.575692e+00 0.000000e+00 7.727784e+01
    endloop
  endfacet
  facet normal -9.659258e-01 -0.000000e+00 -2.588190e-01
    outer loop
      vertex   8.575692e+00 2.500000e+00 7.727784e+01
      vertex   8.575692e+00 0.000000e+00 7.727784e+01
      vertex   8.503508e+00 2.500000e+00 7.754723e+01
    endloop
  endfacet
  facet normal -9.659258e-01 -0.000000e+00 -2.588190e-01
    outer loop
      vertex   8.503508e+00 2.500000e+00 7.754723e+01
      vertex   8.575692e+00 0.000000e+00 7.727784e+01
      vertex   8.503508e+00 0.000000e+00 7.754723e+01
    endloop
  endfacet
  facet normal -9.063078e-01 -0.000000e+00 -4.226183e-01
    outer loop
      vertex   8.503508e+00 2.500000e+00 7.754723e+01
      vertex   8.503508e+00 0.000000e+00 7.754723e+01
      vertex   8.385641e+00 2.500000e+00 7.780000e+01
    endloop
  endfacet
  facet normal -9.063078e-01 -0.000000e+00 -4.226183e-01
    outer loop
      vertex   8.385641e+00 2.500000e+00 7.780000e+01
      vertex   8.503508e+00 0.000000e+00 7.754723e+01
      vertex   8.385641e+00 0.000000e+00 7.780000e+01
    endloop
  endfacet
  facet normal -8.191520e-01 -0.000000e+00 -5.735764e-01
    outer loop
      vertex   8.385641e+00 2.500000e+00 7.780000e+01
      vertex   8.385641e+00 0.000000e+00 7.780000e+01
      vertex   8.225671e+00 2.500000e+00 7.802846e+01
    endloop
  endfacet
  facet normal -8.191520e-01 -0.000000e+00 -5.735764e-01
    outer loop
      vertex   8.225671e+00 2.500000e+00 7.802846e+01
      vertex   8.385641e+00 0.000000e+00 7.780000e+01
      vertex   8.225671e+00 0.000000e+00 7.802846e+01
    endloop
  endfacet
  facet normal -7.071068e-01 -0.000000e+00 -7.071068e-01
    outer loop
      vertex   8.225671e+00 2.500000e+00 7.802846e+01
      vertex   8.225671e+00 0.000000e+00 7.802846e+01
      vertex   8.028460e+00 2.500000e+00 7.822567e+01
    endloop
  endfacet
  facet normal -7.071068e-01 -0.000000e+00 -7.071068e-01
    outer loop
      vertex   8.028460e+00 2.500000e+00 7.822567e+01
      vertex   8.225671e+00 0.000000e+00 7.802846e+01
      vertex   8.028460e+00 0.000000e+00 7.822567e+01
    endloop
  endfacet
  facet normal -5.735764e-01 -0.000000e+00 -8.191520e-01
    outer loop
      vertex   8.028460e+00 2.500000e+00 7.822567e+01
      vertex   8.028460e+00 0.000000e+00 7.822567e+01
      vertex   7.800000e+00 2.500000e+00 7.838564e+01
    endloop
  endfacet
  facet normal -5.735764e-01 -0.000000e+00 -8.191520e-01
    outer loop
      vertex   7.800000e+00 2.500000e+00 7.838564e+01
      vertex   8.028460e+00 0.000000e+00 7.822567e+01
      vertex   7.800000e+00 0.000000e+00 7.838564e+01
    endloop
  endfacet
  facet normal -4.226183e-01 -0.000000e+00 -9.063078e-01
    outer loop
      vertex   7.800000e+00 2.500000e+00 7.838564e+01
      vertex   7.800000e+00 0.000000e+00 7.838564e+01
      vertex   7.547232e+00 2.500000e+00 7.850351e+01
    endloop
  endfacet
  facet normal -4.226183e-01 -0.000000e+00 -9.063078e-01
    outer loop
      vertex   7.547232e+00 2.500000e+00 7.850351e+01
      vertex   7.800000e+00 0.000000e+00 7.838564e+01
      vertex   7.547232e+00 0.000000e+00 7.850351e+01
    endloop
  endfacet
  facet normal -2.588190e-01 -0.000000e+00 -9.659258e-01
    outer loop
      vertex   7.547232e+00 2.500000e+00 7.850351e+01
      vertex   7.547232e+00 0.000000e+00 7.850351e+01
      vertex   7.277837e+00 2.500000e+00 7.857569e+01
    endloop
  endfacet
  facet normal -2.588190e-01 -0.000000e+00 -9.659258e-01
    outer loop
      vertex   7.277837e+00 2.500000e+00 7.857569e+01
      vertex   7.547232e+00 0.000000e+00 7.850351e+01
      vertex   7.277837e+00 0.000000e+00 7.857569e+01
    endloop
  endfacet
  facet normal -8.715574e-02 -0.000000e+00 -9.961947e-01
    outer loop
      vertex   7.277837e+00 2.500000e+00 7.857569e+01
      vertex   7.277837e+00 0.000000e+00 7.857569e+01
      vertex   7.000000e+00 2.500000e+00 7.860000e+01
    endloop
  endfacet
  facet normal -8.715574e-02 -0.000000e+00 -9.961947e-01
    outer loop
      vertex   7.000000e+00 2.500000e+00 7.860000e+01
      vertex   7.277837e+00 0.000000e+00 7.857569e+01
      vertex   7.000000e+00 0.000000e+00 7.860000e+01
    endloop
  endfacet
  facet normal 8.715574e-02 0.000000e+00 -9.961947e-01
    outer loop
      vertex   7.000000e+00 2.500000e+00 7.860000e+01
      vertex   7.000000e+00 0.000000e+00 7.860000e+01
      vertex   6.722163e+00 2.500000e+00 7.857569e+01
    endloop
  endfacet
  facet normal 8.715574e-02 0.000000e+00 -9.961947e-01
    outer loop
      vertex   6.722163e+00 2.500000e+00 7.857569e+01
      vertex   7.000000e+00 0.000000e+00 7.860000e+01
      vertex   6.722163e+00 0.000000e+00 7.857569e+01
    endloop
  endfacet
  facet normal 2.588190e-01 0.000000e+00 -9.659258e-01
    outer loop
      vertex   6.722163e+00 2.500000e+00 7.857569e+01
      vertex   6.722163e+00 0.000000e+00 7.857569e+01
      vertex   6.452768e+00 2.500000e+00 7.850351e+01
    endloop
  endfacet
  facet normal 2.588190e-01 0.000000e+00 -9.659258e-01
    outer loop
      vertex   6.452768e+00 2.500000e+00 7.850351e+01
      vertex   6.722163e+00 0.000000e+00 7.857569e+01
      vertex   6.452768e+00 0.000000e+00 7.850351e+01
    endloop
  endfacet
  facet normal 4.226183e-01 0.000000e+00 -9.063078e-01
    outer loop
      vertex   6.452768e+00 2.500000e+00 7.850351e+01
      vertex   6.452768e+00 0.000000e+00 7.850351e+01
      vertex   6.200000e+00 2.500000e+00 7.838564e+01
    endloop
  endfacet
  facet normal 4.226183e-01 0.000000e+00 -9.063078e-01
    outer loop
      vertex   6.200000e+00 2.500000e+00 7.838564e+01
      vertex   6.452768e+00 0.000000e+00 7.850351e+01
      vertex   6.200000e+00 0.000000e+00 7.838564e+01
    endloop
  endfacet
  facet normal 5.735764e-01 0.000000e+00 -8.191520e-01
    outer loop
      vertex   6.200000e+00 2.500000e+00 7.838564e+01
      vertex   6.200000e+00 0.000000e+00 7.838564e+01
      vertex   5.971540e+00 2.500000e+00 7.822567e+01
    endloop
  endfacet
  facet normal 5.735764e-01 0.000000e+00 -8.191520e-01
    outer loop
      vertex   5.971540e+00 2.500000e+00 7.822567e+01
      vertex   6.200000e+00 0.000000e+00 7.838564e+01
      vertex   5.971540e+00 0.000000e+00 7.822567e+01
    endloop
  endfacet
  facet normal 7.071068e-01 0.000000e+00 -7.071068e-01
    outer loop
      vertex   5.971540e+00 2.500000e+00 7.822567e+01
      vertex   5.971540e+00 0.000000e+00 7.822567e+01
      vertex   5.774329e+00 2.500000e+00 7.802846e+01
    endloop
  endfacet
  facet normal 7.071068e-01 0.000000e+00 -7.071068e-01
    outer loop
      vertex   5.774329e+00 2.500000e+00 7.802846e+01
      vertex   5.971540e+00 0.000000e+00 7.822567e+01
      vertex   5.774329e+00 0.000000e+00 7.802846e+01
    endloop
  endfacet
  facet normal 8.191520e-01 0.000000e+00 -5.735764e-01
    outer loop
      vertex   5.774329e+00 2.500000e+00 7.802846e+01
      vertex   5.774329e+00 0.000000e+00 7.802846e+01
      vertex   5.614359e+00 2.500000e+00 7.780000e+01
    endloop
  endfacet
  facet normal 8.191520e-01 0.000000e+00 -5.735764e-01
    outer loop
      vertex   5.614359e+00 2.500000e+00 7.780000e+01
      vertex   5.774329e+00 0.000000e+00 7.802846e+01
      vertex   5.614359e+00 0.000000e+00 7.780000e+01
    endloop
  endfacet
  facet normal 9.063078e-01 0.000000e+00 -4.226183e-01
    outer loop
      vertex   5.614359e+00 2.500000e+00 7.780000e+01
      vertex   5.614359e+00 0.000000e+00 7.780000e+01
      vertex   5.496492e+00 2.500000e+00 7.754723e+01
    endloop
  endfacet
  facet normal 9.063078e-01 0.000000e+00 -4.226183e-01
    outer loop
      vertex   5.496492e+00 2.500000e+00 7.754723e+01
      vertex   5.614359e+00 0.000000e+00 7.780000e+01
      vertex   5.496492e+00 0.000000e+00 7.754723e+01
    endloop
  endfacet
  facet normal 9.659258e-01 0.000000e+00 -2.588190e-01
    outer loop
      vertex   5.496492e+00 2.500000e+00 7.754723e+01
      vertex   5.496492e+00 0.000000e+00 7.754723e+01
      vertex   5.424308e+00 2.500000e+00 7.727784e+01
    endloop
  endfacet
  facet normal 9.659258e-01 0.000000e+00 -2.588190e-01
    outer loop
      vertex   5.424308e+00 2.500000e+00 7.727784e+01
      vertex   5.496492e+00 0.000000e+00 7.754723e+01
      vertex   5.424308e+00 0.000000e+00 7.727784e+01
    endloop
  endfacet
  facet normal -1.000000e+00 0.000000e+00 0.000000e+00
    outer loop
      vertex   1.978000e+02 0.000000e+00 1.670000e+01
      vertex   1.978000e+02 0.000000e+00 2.070000e+01
      vertex   1.978000e+02 2.500000e+00 1.670000e+01
    endloop
  endfacet
  facet normal -1.000000e+00 0.000000e+00 0.000000e+00
    outer loop
      vertex   1.978000e+02 2.500000e+00 1.670000e+01
      vertex   1.978000e+02 0.000000e+00 2.070000e+01
      vertex   1.978000e+02 2.500000e+00 2.070000e+01
    endloop
  endfacet
  facet normal -7.071068e-01 -5.024296e-16 7.071068e-01
    outer loop
      vertex   1.933000e+02 0.000000e+00 1.220000e+01
      vertex   1.978000e+02 0.000000e+00 1.670000e+01
      vertex   1.933000e+02 2.500000e+00 1.220000e+01
    endloop
  endfacet
  facet normal -7.071068e-01 0.000000e+00 7.071068e-01
    outer loop
      vertex   1.933000e+02 2.500000e+00 1.220000e+01
      vertex   1.978000e+02 0.000000e+00 1.670000e+01
      vertex   1.978000e+02 2.500000e+00 1.670000e+01
    endloop
  endfacet
  facet normal 0.000000e+00 -7.105427e-16 1.000000e+00
    outer loop
      vertex   1.893000e+02 0.000000e+00 1.220000e+01
      vertex   1.933000e+02 0.000000e+00 1.220000e+01
      vertex   1.893000e+02 2.500000e+00 1.220000e+01
    endloop
  endfacet
  facet normal 0.000000e+00 -7.105427e-16 1.000000e+00
    outer loop
      vertex   1.893000e+02 2.500000e+00 1.220000e+01
      vertex   1.933000e+02 0.000000e+00 1.220000e+01
      vertex   1.933000e+02 2.500000e+00 1.220000e+01
    endloop
  endfacet
  facet normal 7.071068e-01 0.000000e+00 -7.071068e-01
    outer loop
      vertex   1.978000e+02 0.000000e+00 2.070000e+01
      vertex   1.893000e+02 0.000000e+00 1.220000e+01
      vertex   1.978000e+02 2.500000e+00 2.070000e+01
    endloop
  endfacet
  facet normal 7.071068e-01 4.728749e-16 -7.071068e-01
    outer loop
      vertex   1.978000e+02 2.500000e+00 2.070000e+01
      vertex   1.893000e+02 0.000000e+00 1.220000e+01
      vertex   1.893000e+02 2.500000e+00 1.220000e+01
    endloop
  endfacet
  facet normal -1.000000e+00 0.000000e+00 0.000000e+00
    outer loop
      vertex   1.978000e+02 0.000000e+00 2.470000e+01
      vertex   1.978000e+02 0.000000e+00 2.870000e+01
      vertex   1.978000e+02 2.500000e+00 2.470000e+01
    endloop
  endfacet
  facet normal -1.000000e+00 0.000000e+00 0.000000e+00
    outer loop
      vertex   1.978000e+02 2.500000e+00 2.470000e+01
      vertex   1.978000e+02 0.000000e+00 2.870000e+01
      vertex   1.978000e+02 2.500000e+00 2.870000e+01
    endloop
  endfacet
  facet normal -7.071068e-01 -5.024296e-16 7.071068e-01
    outer loop
      vertex   1.853000e+02 0.000000e+00 1.220000e+01
      vertex   1.978000e+02 0.000000e+00 2.470000e+01
      vertex   1.853000e+02 2.500000e+00 1.220000e+01
    endloop
  endfacet
  facet normal -7.071068e-01 0.000000e+00 7.071068e-01
    outer loop
      vertex   1.853000e+02 2.500000e+00 1.220000e+01
      vertex   1.978000e+02 0.000000e+00 2.470000e+01
      vertex   1.978000e+02 2.500000e+00 2.470000e+01
    endloop
  endfacet
  facet normal 0.000000e+00 -7.105427e-16 1.000000e+00
    outer loop
      vertex   1.813000e+02 0.000000e+00 1.220000e+01
      vertex   1.853000e+02 0.000000e+00 1.220000e+01
      vertex   1.813000e+02 2.500000e+00 1.220000e+01
    endloop
  endfacet
  facet normal 0.000000e+00 -7.105427e-16 1.000000e+00
    outer loop
      vertex   1.813000e+02 2.500000e+00 1.220000e+01
      vertex   1.853000e+02 0.000000e+00 1.220000e+01
      vertex   1.853000e+02 2.500000e+00 1.220000e+01
    endloop
  endfacet
  facet normal 7.071068e-01 0.000000e+00 -7.071068e-01
    outer loop
      vertex   1.978000e+02 0.000000e+00 2.870000e+01
      vertex   1.813000e+02 0.000000e+00 1.220000e+01
      vertex   1.978000e+02 2.500000e+00 2.870000e+01
    endloop
  endfacet
  facet normal 7.071068e-01 9.744089e-16 -7.071068e-01
    outer loop
      vertex   1.978000e+02 2.500000e+00 2.870000e+01
      vertex   1.813000e+02 0.000000e+00 1.220000e+01
      vertex   1.813000e+02 2.500000e+00 1.220000e+01
    endloop
  endfacet
  facet normal -1.000000e+00 0.000000e+00 0.000000e+00
    outer loop
      vertex   1.978000e+02 0.000000e+00 3.270000e+01
      vertex   1.978000e+02 0.000000e+00 3.670000e+01
      vertex   1.978000e+02 2.500000e+00 3.270000e+01
    endloop
  endfacet
  facet normal -1.000000e+00 0.000000e+00 0.000000e+00
    outer loop
      vertex   1.978000e+02 2.500000e+00 3.270000e+01
      vertex   1.978000e+02 0.000000e+00 3.670000e+01
      vertex   1.978000e+02 2.500000e+00 3.670000e+01
    endloop
  endfacet
  facet normal -7.071068e-01 -5.024296e-16 7.071068e-01
    outer loop
      vertex   1.773000e+02 0.000000e+00 1.220000e+01
      vertex   1.978000e+02 0.000000e+00 3.270000e+01
      vertex   1.773000e+02 2.500000e+00 1.220000e+01
    endloop
  endfacet
  facet normal -7.071068e-01 0.000000e+00 7.071068e-01
    outer loop
      vertex   1.773000e+02 2.500000e+00 1.220000e+01
      vertex   1.978000e+02 0.000000e+00 3.270000e+01
      vertex   1.978000e+02 2.500000e+00 3.270000e+01
    endloop
  endfacet
  facet normal 0.000000e+00 -7.105427e-16 1.000000e+00
    outer loop
      vertex   1.733000e+02 0.000000e+00 1.220000e+01
      vertex   1.773000e+02 0.000000e+00 1.220000e+01
      vertex   1.733000e+02 2.500000e+00 1.220000e+01
    endloop
  endfacet
  facet normal 0.000000e+00 -7.105427e-16 1.000000e+00
    outer loop
      vertex   1.733000e+02 2.500000e+00 1.220000e+01
      vertex   1.773000e+02 0.000000e+00 1.220000e+01
      vertex   1.773000e+02 2.500000e+00 1.220000e+01
    endloop
  endfacet
  facet normal 7.071068e-01 0.000000e+00 -7.071068e-01
    outer loop
      vertex   1.978000e+02 0.000000e+00 3.670000e+01
      vertex   1.733000e+02 0.000000e+00 1.220000e+01
      vertex   1.978000e+02 2.500000e+00 3.670000e+01
    endloop
  endfacet
  facet normal 7.071068e-01 1.312469e-15 -7.071068e-01
    outer loop
      vertex   1.978000e+02 2.500000e+00 3.670000e+01
      vertex   1.733000e+02 0.000000e+00 1.220000e+01
      vertex   1.733000e+02 2.500000e+00 1.220000e+01
    endloop
  endfacet
  facet normal -1.000000e+00 0.000000e+00 0.000000e+00
    outer loop
      vertex   1.978000e+02 0.000000e+00 4.070000e+01
      vertex   1.978000e+02 0.000000e+00 4.470000e+01
      vertex   1.978000e+02 2.500000e+00 4.070000e+01
    endloop
  endfacet
  facet normal -1.000000e+00 0.000000e+00 0.000000e+00
    outer loop
      vertex   1.978000e+02 2.500000e+00 4.070000e+01
      vertex   1.978000e+02 0.000000e+00 4.470000e+01
      vertex   1.978000e+02 2.500000e+00 4.470000e+01
    endloop
  endfacet
  facet normal -7.071068e-01 -5.024296e-16 7.071068e-01
    outer loop
      vertex   1.693000e+02 0.000000e+00 1.220000e+01
      vertex   1.978000e+02 0.000000e+00 4.070000e+01
      vertex   1.693000e+02 2.500000e+00 1.220000e+01
    endloop
  endfacet
  facet normal -7.071068e-01 0.000000e+00 7.071068e-01
    outer loop
      vertex   1.693000e+02 2.500000e+00 1.220000e+01
      vertex   1.978000e+02 0.000000e+00 4.070000e+01
      vertex   1.978000e+02 2.500000e+00 4.070000e+01
    endloop
  endfacet
  facet normal 0.000000e+00 -7.105427e-16 1.000000e+00
    outer loop
      vertex   1.653000e+02 0.000000e+00 1.220000e+01
      vertex   1.693000e+02 0.000000e+00 1.220000e+01
      vertex   1.653000e+02 2.500000e+00 1.220000e+01
    endloop
  endfacet
  facet normal 0.000000e+00 -7.105427e-16 1.000000e+00
    outer loop
      vertex   1.653000e+02 2.500000e+00 1.220000e+01
      vertex   1.693000e+02 0.000000e+00 1.220000e+01
      vertex   1.693000e+02 2.500000e+00 1.220000e+01
    endloop
  endfacet
  facet normal 7.071068e-01 0.000000e+00 -7.071068e-01
    outer loop
      vertex   1.978000e+02 0.000000e+00 4.470000e+01
      vertex   1.653000e+02 0.000000e+00 1.220000e+01
      vertex   1.978000e+02 2.500000e+00 4.470000e+01
    endloop
  endfacet
  facet normal 7.071068e-01 1.978800e-15 -7.071068e-01
    outer loop
      vertex   1.978000e+02 2.500000e+00 4.470000e+01
      vertex   1.653000e+02 0.000000e+00 1.220000e+01
      vertex   1.653000e+02 2.500000e+00 1.220000e+01
    endloop
  endfacet
  facet normal -1.000000e+00 -2.486900e-15 -2.233119e-13
    outer loop
      vertex   2.200000e+00 0.000000e+00 6.911270e+00
      vertex   2.200000e+00 0.000000e+00 7.708873e+01
      vertex   2.200000e+00 2.500000e+00 6.911270e+00
    endloop
  endfacet
  facet normal -1.000000e+00 -8.881784e-16 -2.232550e-13
    outer loop
      vertex   2.200000e+00 2.500000e+00 6.911270e+00
      vertex   2.200000e+00 0.000000e+00 7.708873e+01
      vertex   2.200000e+00 2.500000e+00 7.708873e+01
    endloop
  endfacet
  facet normal -7.071068e-01 -3.014578e-15 -7.071068e-01
    outer loop
      vertex   6.911270e+00 0.000000e+00 2.200000e+00
      vertex   2.200000e+00 0.000000e+00 6.911270e+00
      vertex   6.911270e+00 2.500000e+00 2.200000e+00
    endloop
  endfacet
  facet normal -7.071068e-01 -1.706307e-15 -7.071068e-01
    outer loop
      vertex   6.911270e+00 2.500000e+00 2.200000e+00
      vertex   2.200000e+00 0.000000e+00 6.911270e+00
      vertex   2.200000e+00 2.500000e+00 6.911270e+00
    endloop
  endfacet
  facet normal 3.395568e-17 5.329071e-16 -1.000000e+00
    outer loop
      vertex   2.030887e+02 0.000000e+00 2.200000e+00
      vertex   6.911270e+00 0.000000e+00 2.200000e+00
      vertex   2.030887e+02 2.500000e+00 2.200000e+00
    endloop
  endfacet
  facet normal 4.527423e-17 -3.552714e-16 -1.000000e+00
    outer loop
      vertex   2.030887e+02 2.500000e+00 2.200000e+00
      vertex   6.911270e+00 0.000000e+00 2.200000e+00
      vertex   6.911270e+00 2.500000e+00 2.200000e+00
    endloop
  endfacet
  facet normal 7.071068e-01 0.000000e+00 -7.071068e-01
    outer loop
      vertex   2.078000e+02 0.000000e+00 6.911270e+00
      vertex   2.030887e+02 0.000000e+00 2.200000e+00
      vertex   2.078000e+02 2.500000e+00 6.911270e+00
    endloop
  endfacet
  facet normal 7.071068e-01 4.265768e-16 -7.071068e-01
    outer loop
      vertex   2.078000e+02 2.500000e+00 6.911270e+00
      vertex   2.030887e+02 0.000000e+00 2.200000e+00
      vertex   2.030887e+02 2.500000e+00 2.200000e+00
    endloop
  endfacet
  facet normal 1.000000e+00 0.000000e+00 -2.567685e-13
    outer loop
      vertex   2.078000e+02 0.000000e+00 7.708873e+01
      vertex   2.078000e+02 0.000000e+00 6.911270e+00
      vertex   2.078000e+02 2.500000e+00 7.708873e+01
    endloop
  endfacet
  facet normal 1.000000e+00 0.000000e+00 -2.567685e-13
    outer loop
      vertex   2.078000e+02 2.500000e+00 7.708873e+01
      vertex   2.078000e+02 0.000000e+00 6.911270e+00
      vertex   2.078000e+02 2.500000e+00 6.911270e+00
    endloop
  endfacet
  facet normal 7.071068e-01 -0.000000e+00 7.071068e-01
    outer loop
      vertex   2.030887e+02 0.000000e+00 8.180000e+01
      vertex   2.078000e+02 0.000000e+00 7.708873e+01
      vertex   2.030887e+02 2.500000e+00 8.180000e+01
    endloop
  endfacet
  facet normal 7.071068e-01 0.000000e+00 7.071068e-01
    outer loop
      vertex   2.030887e+02 2.500000e+00 8.180000e+01
      vertex   2.078000e+02 0.000000e+00 7.708873e+01
      vertex   2.078000e+02 2.500000e+00 7.708873e+01
    endloop
  endfacet
  facet normal 0.000000e+00 0.000000e+00 1.000000e+00
    outer loop
      vertex   6.911270e+00 0.000000e+00 8.180000e+01
      vertex   2.030887e+02 0.000000e+00 8.180000e+01
      vertex   6.911270e+00 2.500000e+00 8.180000e+01
    endloop
  endfacet
  facet normal -0.000000e+00 0.000000e+00 1.000000e+00
    outer loop
      vertex   6.911270e+00 2.500000e+00 8.180000e+01
      vertex   2.030887e+02 0.000000e+00 8.180000e+01
      vertex   2.030887e+02 2.500000e+00 8.180000e+01
    endloop
  endfacet
  facet normal -7.071068e-01 -6.280370e-16 7.071068e-01
    outer loop
      vertex   2.200000e+00 0.000000e+00 7.708873e+01
      vertex   6.911270e+00 0.000000e+00 8.180000e+01
      vertex   2.200000e+00 2.500000e+00 7.708873e+01
    endloop
  endfacet
  facet normal -7.071068e-01 2.772749e-15 7.071068e-01
    outer loop
      vertex   2.200000e+00 2.500000e+00 7.708873e+01
      vertex   6.911270e+00 0.000000e+00 8.180000e+01
      vertex   6.911270e+00 2.500000e+00 8.180000e+01
    endloop
  endfacet
  facet normal 0.000000e+00 1.000000e+00 0.000000e+00
    outer loop
      vertex   4.740000e+01 2.500000e+00 5.913553e+01
      vertex   6.490000e+01 2.500000e+00 3.980000e+01
      vertex   4.740000e+01 2.500000e+00 2.170000e+01
    endloop
  endfacet
  facet normal 0.000000e+00 1.000000e+00 0.000000e+00
    outer loop
      vertex   4.740000e+01 2.500000e+00 2.170000e+01
      vertex   6.490000e+01 2.500000e+00 3.980000e+01
      vertex   6.490000e+01 2.500000e+00 3.580000e+01
    endloop
  endfacet
  facet normal 0.000000e+00 1.000000e+00 0.000000e+00
    outer loop
      vertex   4.740000e+01 2.500000e+00 2.170000e+01
      vertex   6.490000e+01 2.500000e+00 3.580000e+01
      vertex   6.490000e+01 2.500000e+00 3.180000e+01
    endloop
  endfacet
  facet normal 0.000000e+00 1.000000e+00 0.000000e+00
    outer loop
      vertex   6.490000e+01 2.500000e+00 3.180000e+01
      vertex   6.490000e+01 2.500000e+00 3.580000e+01
      vertex   1.049000e+02 2.500000e+00 7.180000e+01
    endloop
  endfacet
  facet normal 0.000000e+00 1.000000e+00 0.000000e+00
    outer loop
      vertex   1.049000e+02 2.500000e+00 7.180000e+01
      vertex   6.490000e+01 2.500000e+00 3.580000e+01
      vertex   1.009000e+02 2.500000e+00 7.180000e+01
    endloop
  endfacet
  facet normal 0.000000e+00 1.000000e+00 0.000000e+00
    outer loop
      vertex   1.049000e+02 2.500000e+00 7.180000e+01
      vertex   1.009000e+02 2.500000e+00 7.180000e+01
      vertex   1.047222e+02 2.500000e+00 7.617431e+01
    endloop
  endfacet
  facet normal 0.000000e+00 1.000000e+00 0.000000e+00
    outer loop
      vertex   1.047222e+02 2.500000e+00 7.617431e+01
      vertex   1.009000e+02 2.500000e+00 7.180000e+01
      vertex   1.044528e+02 2.500000e+00 7.624649e+01
    endloop
  endfacet
  facet normal 0.000000e+00 1.000000e+00 0.000000e+00
    outer loop
      vertex   1.044528e+02 2.500000e+00 7.624649e+01
      vertex   1.009000e+02 2.500000e+00 7.180000e+01
      vertex   9.690000e+01 2.500000e+00 7.180000e+01
    endloop
  endfacet
  facet normal 0.000000e+00 1.000000e+00 0.000000e+00
    outer loop
      vertex   1.044528e+02 2.500000e+00 7.624649e+01
      vertex   9.690000e+01 2.500000e+00 7.180000e+01
      vertex   1.042000e+02 2.500000e+00 7.636436e+01
    endloop
  endfacet
  facet normal 0.000000e+00 1.000000e+00 0.000000e+00
    outer loop
      vertex   1.042000e+02 2.500000e+00 7.636436e+01
      vertex   9.690000e+01 2.500000e+00 7.180000e+01
      vertex   1.039715e+02 2.500000e+00 7.652433e+01
    endloop
  endfacet
  facet normal 0.000000e+00 1.000000e+00 0.000000e+00
    outer loop
      vertex   1.039715e+02 2.500000e+00 7.652433e+01
      vertex   9.690000e+01 2.500000e+00 7.180000e+01
      vertex   1.037743e+02 2.500000e+00 7.672154e+01
    endloop
  endfacet
  facet normal 0.000000e+00 1.000000e+00 0.000000e+00
    outer loop
      vertex   1.037743e+02 2.500000e+00 7.672154e+01
      vertex   9.690000e+01 2.500000e+00 7.180000e+01
      vertex   9.290000e+01 2.500000e+00 7.180000e+01
    endloop
  endfacet
  facet normal 0.000000e+00 1.000000e+00 0.000000e+00
    outer loop
      vertex   1.037743e+02 2.500000e+00 7.672154e+01
      vertex   9.290000e+01 2.500000e+00 7.180000e+01
      vertex   1.036144e+02 2.500000e+00 7.695000e+01
    endloop
  endfacet
  facet normal 0.000000e+00 1.000000e+00 0.000000e+00
    outer loop
      vertex   1.036144e+02 2.500000e+00 7.695000e+01
      vertex   9.290000e+01 2.500000e+00 7.180000e+01
      vertex   1.034965e+02 2.500000e+00 7.720277e+01
    endloop
  endfacet
  facet normal 0.000000e+00 1.000000e+00 0.000000e+00
    outer loop
      vertex   1.034965e+02 2.500000e+00 7.720277e+01
      vertex   9.290000e+01 2.500000e+00 7.180000e+01
      vertex   8.890000e+01 2.500000e+00 7.180000e+01
    endloop
  endfacet
  facet normal 0.000000e+00 1.000000e+00 0.000000e+00
    outer loop
      vertex   1.034965e+02 2.500000e+00 7.720277e+01
      vertex   8.890000e+01 2.500000e+00 7.180000e+01
      vertex   1.034243e+02 2.500000e+00 7.747216e+01
    endloop
  endfacet
  facet normal 0.000000e+00 1.000000e+00 0.000000e+00
    outer loop
      vertex   1.034243e+02 2.500000e+00 7.747216e+01
      vertex   8.890000e+01 2.500000e+00 7.180000e+01
      vertex   1.034000e+02 2.500000e+00 7.775000e+01
    endloop
  endfacet
  facet normal 0.000000e+00 1.000000e+00 -0.000000e+00
    outer loop
      vertex   1.034000e+02 2.500000e+00 7.775000e+01
      vertex   8.890000e+01 2.500000e+00 7.180000e+01
      vertex   1.034243e+02 2.500000e+00 7.802784e+01
    endloop
  endfacet
  facet normal 0.000000e+00 1.000000e+00 0.000000e+00
    outer loop
      vertex   1.034243e+02 2.500000e+00 7.802784e+01
      vertex   8.890000e+01 2.500000e+00 7.180000e+01
      vertex   8.490000e+01 2.500000e+00 7.180000e+01
    endloop
  endfacet
  facet normal 0.000000e+00 1.000000e+00 -0.000000e+00
    outer loop
      vertex   1.034243e+02 2.500000e+00 7.802784e+01
      vertex   8.490000e+01 2.500000e+00 7.180000e+01
      vertex   1.034965e+02 2.500000e+00 7.829723e+01
    endloop
  endfacet
  facet normal 0.000000e+00 1.000000e+00 -0.000000e+00
    outer loop
      vertex   1.034965e+02 2.500000e+00 7.829723e+01
      vertex   8.490000e+01 2.500000e+00 7.180000e+01
      vertex   1.036144e+02 2.500000e+00 7.855000e+01
    endloop
  endfacet
  facet normal 0.000000e+00 1.000000e+00 0.000000e+00
    outer loop
      vertex   1.036144e+02 2.500000e+00 7.855000e+01
      vertex   8.490000e+01 2.500000e+00 7.180000e+01
      vertex   8.090000e+01 2.500000e+00 7.180000e+01
    endloop
  endfacet
  facet normal 0.000000e+00 1.000000e+00 -0.000000e+00
    outer loop
      vertex   1.036144e+02 2.500000e+00 7.855000e+01
      vertex   8.090000e+01 2.500000e+00 7.180000e+01
      vertex   1.037743e+02 2.500000e+00 7.877846e+01
    endloop
  endfacet
  facet normal 0.000000e+00 1.000000e+00 0.000000e+00
    outer loop
      vertex   1.037743e+02 2.500000e+00 7.877846e+01
      vertex   8.090000e+01 2.500000e+00 7.180000e+01
      vertex   7.690000e+01 2.500000e+00 7.180000e+01
    endloop
  endfacet
  facet normal 0.000000e+00 1.000000e+00 0.000000e+00
    outer loop
      vertex   1.037743e+02 2.500000e+00 7.877846e+01
      vertex   7.690000e+01 2.500000e+00 7.180000e+01
      vertex   7.290000e+01 2.500000e+00 7.180000e+01
    endloop
  endfacet
  facet normal 0.000000e+00 1.000000e+00 0.000000e+00
    outer loop
      vertex   3.973553e+01 2.500000e+00 6.680000e+01
      vertex   6.490000e+01 2.500000e+00 6.380000e+01
      vertex   4.740000e+01 2.500000e+00 5.913553e+01
    endloop
  endfacet
  facet normal 0.000000e+00 1.000000e+00 0.000000e+00
    outer loop
      vertex   4.740000e+01 2.500000e+00 5.913553e+01
      vertex   6.490000e+01 2.500000e+00 6.380000e+01
      vertex   6.490000e+01 2.500000e+00 5.980000e+01
    endloop
  endfacet
  facet normal -0.000000e+00 1.000000e+00 0.000000e+00
    outer loop
      vertex   4.740000e+01 2.500000e+00 5.913553e+01
      vertex   6.490000e+01 2.500000e+00 5.980000e+01
      vertex   6.490000e+01 2.500000e+00 5.580000e+01
    endloop
  endfacet
  facet normal 0.000000e+00 1.000000e+00 0.000000e+00
    outer loop
      vertex   6.490000e+01 2.500000e+00 5.580000e+01
      vertex   6.490000e+01 2.500000e+00 5.980000e+01
      vertex   8.090000e+01 2.500000e+00 7.180000e+01
    endloop
  endfacet
  facet normal 0.000000e+00 1.000000e+00 0.000000e+00
    outer loop
      vertex   8.090000e+01 2.500000e+00 7.180000e+01
      vertex   6.490000e+01 2.500000e+00 5.980000e+01
      vertex   7.690000e+01 2.500000e+00 7.180000e+01
    endloop
  endfacet
  facet normal 0.000000e+00 1.000000e+00 -0.000000e+00
    outer loop
      vertex   6.490000e+01 2.500000e+00 6.380000e+01
      vertex   3.973553e+01 2.500000e+00 6.680000e+01
      vertex   6.490000e+01 2.500000e+00 6.780000e+01
    endloop
  endfacet
  facet normal 0.000000e+00 1.000000e+00 0.000000e+00
    outer loop
      vertex   6.490000e+01 2.500000e+00 6.780000e+01
      vertex   3.973553e+01 2.500000e+00 6.680000e+01
      vertex   2.236447e+01 2.500000e+00 6.680000e+01
    endloop
  endfacet
  facet normal 0.000000e+00 1.000000e+00 -0.000000e+00
    outer loop
      vertex   6.490000e+01 2.500000e+00 6.780000e+01
      vertex   2.236447e+01 2.500000e+00 6.680000e+01
      vertex   6.490000e+01 2.500000e+00 7.180000e+01
    endloop
  endfacet
  facet normal 0.000000e+00 1.000000e+00 0.000000e+00
    outer loop
      vertex   6.490000e+01 2.500000e+00 7.180000e+01
      vertex   2.236447e+01 2.500000e+00 6.680000e+01
      vertex   7.000000e+00 2.500000e+00 7.540000e+01
    endloop
  endfacet
  facet normal 0.000000e+00 1.000000e+00 0.000000e+00
    outer loop
      vertex   6.490000e+01 2.500000e+00 7.180000e+01
      vertex   7.000000e+00 2.500000e+00 7.540000e+01
      vertex   7.277837e+00 2.500000e+00 7.542431e+01
    endloop
  endfacet
  facet normal 0.000000e+00 1.000000e+00 0.000000e+00
    outer loop
      vertex   7.000000e+00 2.500000e+00 7.540000e+01
      vertex   2.236447e+01 2.500000e+00 6.680000e+01
      vertex   6.722163e+00 2.500000e+00 7.542431e+01
    endloop
  endfacet
  facet normal 0.000000e+00 1.000000e+00 0.000000e+00
    outer loop
      vertex   6.722163e+00 2.500000e+00 7.542431e+01
      vertex   2.236447e+01 2.500000e+00 6.680000e+01
      vertex   1.470000e+01 2.500000e+00 5.913553e+01
    endloop
  endfacet
  facet normal 0.000000e+00 1.000000e+00 0.000000e+00
    outer loop
      vertex   6.722163e+00 2.500000e+00 7.542431e+01
      vertex   1.470000e+01 2.500000e+00 5.913553e+01
      vertex   6.452768e+00 2.500000e+00 7.549649e+01
    endloop
  endfacet
  facet normal 0.000000e+00 1.000000e+00 0.000000e+00
    outer loop
      vertex   6.452768e+00 2.500000e+00 7.549649e+01
      vertex   1.470000e+01 2.500000e+00 5.913553e+01
      vertex   2.200000e+00 2.500000e+00 7.708873e+01
    endloop
  endfacet
  facet normal 0.000000e+00 1.000000e+00 0.000000e+00
    outer loop
      vertex   6.452768e+00 2.500000e+00 7.549649e+01
      vertex   2.200000e+00 2.500000e+00 7.708873e+01
      vertex   6.200000e+00 2.500000e+00 7.561436e+01
    endloop
  endfacet
  facet normal 0.000000e+00 1.000000e+00 0.000000e+00
    outer loop
      vertex   6.200000e+00 2.500000e+00 7.561436e+01
      vertex   2.200000e+00 2.500000e+00 7.708873e+01
      vertex   5.971540e+00 2.500000e+00 7.577433e+01
    endloop
  endfacet
  facet normal 0.000000e+00 1.000000e+00 0.000000e+00
    outer loop
      vertex   5.971540e+00 2.500000e+00 7.577433e+01
      vertex   2.200000e+00 2.500000e+00 7.708873e+01
      vertex   5.774329e+00 2.500000e+00 7.597154e+01
    endloop
  endfacet
  facet normal 0.000000e+00 1.000000e+00 0.000000e+00
    outer loop
      vertex   5.774329e+00 2.500000e+00 7.597154e+01
      vertex   2.200000e+00 2.500000e+00 7.708873e+01
      vertex   5.614359e+00 2.500000e+00 7.620000e+01
    endloop
  endfacet
  facet normal 0.000000e+00 1.000000e+00 0.000000e+00
    outer loop
      vertex   5.614359e+00 2.500000e+00 7.620000e+01
      vertex   2.200000e+00 2.500000e+00 7.708873e+01
      vertex   5.496492e+00 2.500000e+00 7.645277e+01
    endloop
  endfacet
  facet normal 0.000000e+00 1.000000e+00 0.000000e+00
    outer loop
      vertex   5.496492e+00 2.500000e+00 7.645277e+01
      vertex   2.200000e+00 2.500000e+00 7.708873e+01
      vertex   5.424308e+00 2.500000e+00 7.672216e+01
    endloop
  endfacet
  facet normal 0.000000e+00 1.000000e+00 0.000000e+00
    outer loop
      vertex   5.424308e+00 2.500000e+00 7.672216e+01
      vertex   2.200000e+00 2.500000e+00 7.708873e+01
      vertex   5.400000e+00 2.500000e+00 7.700000e+01
    endloop
  endfacet
  facet normal 0.000000e+00 1.000000e+00 -0.000000e+00
    outer loop
      vertex   5.400000e+00 2.500000e+00 7.700000e+01
      vertex   2.200000e+00 2.500000e+00 7.708873e+01
      vertex   5.424308e+00 2.500000e+00 7.727784e+01
    endloop
  endfacet
  facet normal 0.000000e+00 1.000000e+00 -0.000000e+00
    outer loop
      vertex   5.424308e+00 2.500000e+00 7.727784e+01
      vertex   2.200000e+00 2.500000e+00 7.708873e+01
      vertex   5.496492e+00 2.500000e+00 7.754723e+01
    endloop
  endfacet
  facet normal 0.000000e+00 1.000000e+00 -0.000000e+00
    outer loop
      vertex   5.496492e+00 2.500000e+00 7.754723e+01
      vertex   2.200000e+00 2.500000e+00 7.708873e+01
      vertex   5.614359e+00 2.500000e+00 7.780000e+01
    endloop
  endfacet
  facet normal 0.000000e+00 1.000000e+00 -0.000000e+00
    outer loop
      vertex   5.614359e+00 2.500000e+00 7.780000e+01
      vertex   2.200000e+00 2.500000e+00 7.708873e+01
      vertex   5.774329e+00 2.500000e+00 7.802846e+01
    endloop
  endfacet
  facet normal 0.000000e+00 1.000000e+00 -0.000000e+00
    outer loop
      vertex   5.774329e+00 2.500000e+00 7.802846e+01
      vertex   2.200000e+00 2.500000e+00 7.708873e+01
      vertex   5.971540e+00 2.500000e+00 7.822567e+01
    endloop
  endfacet
  facet normal 0.000000e+00 1.000000e+00 -0.000000e+00
    outer loop
      vertex   5.971540e+00 2.500000e+00 7.822567e+01
      vertex   2.200000e+00 2.500000e+00 7.708873e+01
      vertex   6.200000e+00 2.500000e+00 7.838564e+01
    endloop
  endfacet
  facet normal 0.000000e+00 1.000000e+00 -0.000000e+00
    outer loop
      vertex   6.200000e+00 2.500000e+00 7.838564e+01
      vertex   2.200000e+00 2.500000e+00 7.708873e+01
      vertex   6.911270e+00 2.500000e+00 8.180000e+01
    endloop
  endfacet
  facet normal 0.000000e+00 1.000000e+00 0.000000e+00
    outer loop
      vertex   6.200000e+00 2.500000e+00 7.838564e+01
      vertex   6.911270e+00 2.500000e+00 8.180000e+01
      vertex   6.452768e+00 2.500000e+00 7.850351e+01
    endloop
  endfacet
  facet normal 0.000000e+00 1.000000e+00 0.000000e+00
    outer loop
      vertex   6.452768e+00 2.500000e+00 7.850351e+01
      vertex   6.911270e+00 2.500000e+00 8.180000e+01
      vertex   6.722163e+00 2.500000e+00 7.857569e+01
    endloop
  endfacet
  facet normal 0.000000e+00 1.000000e+00 0.000000e+00
    outer loop
      vertex   6.722163e+00 2.500000e+00 7.857569e+01
      vertex   6.911270e+00 2.500000e+00 8.180000e+01
      vertex   7.000000e+00 2.500000e+00 7.860000e+01
    endloop
  endfacet
  facet normal 0.000000e+00 1.000000e+00 -0.000000e+00
    outer loop
      vertex   7.000000e+00 2.500000e+00 7.860000e+01
      vertex   6.911270e+00 2.500000e+00 8.180000e+01
      vertex   1.037743e+02 2.500000e+00 7.877846e+01
    endloop
  endfacet
  facet normal -0.000000e+00 1.000000e+00 0.000000e+00
    outer loop
      vertex   7.000000e+00 2.500000e+00 7.860000e+01
      vertex   1.037743e+02 2.500000e+00 7.877846e+01
      vertex   7.277837e+00 2.500000e+00 7.857569e+01
    endloop
  endfacet
  facet normal -0.000000e+00 1.000000e+00 0.000000e+00
    outer loop
      vertex   7.277837e+00 2.500000e+00 7.857569e+01
      vertex   1.037743e+02 2.500000e+00 7.877846e+01
      vertex   7.547232e+00 2.500000e+00 7.850351e+01
    endloop
  endfacet
  facet normal -0.000000e+00 1.000000e+00 0.000000e+00
    outer loop
      vertex   7.547232e+00 2.500000e+00 7.850351e+01
      vertex   1.037743e+02 2.500000e+00 7.877846e+01
      vertex   6.490000e+01 2.500000e+00 7.180000e+01
    endloop
  endfacet
  facet normal 0.000000e+00 1.000000e+00 0.000000e+00
    outer loop
      vertex   7.547232e+00 2.500000e+00 7.850351e+01
      vertex   6.490000e+01 2.500000e+00 7.180000e+01
      vertex   7.800000e+00 2.500000e+00 7.838564e+01
    endloop
  endfacet
  facet normal 0.000000e+00 1.000000e+00 0.000000e+00
    outer loop
      vertex   7.800000e+00 2.500000e+00 7.838564e+01
      vertex   6.490000e+01 2.500000e+00 7.180000e+01
      vertex   8.028460e+00 2.500000e+00 7.822567e+01
    endloop
  endfacet
  facet normal 0.000000e+00 1.000000e+00 0.000000e+00
    outer loop
      vertex   8.028460e+00 2.500000e+00 7.822567e+01
      vertex   6.490000e+01 2.500000e+00 7.180000e+01
      vertex   8.225671e+00 2.500000e+00 7.802846e+01
    endloop
  endfacet
  facet normal 0.000000e+00 1.000000e+00 0.000000e+00
    outer loop
      vertex   8.225671e+00 2.500000e+00 7.802846e+01
      vertex   6.490000e+01 2.500000e+00 7.180000e+01
      vertex   8.385641e+00 2.500000e+00 7.780000e+01
    endloop
  endfacet
  facet normal 0.000000e+00 1.000000e+00 0.000000e+00
    outer loop
      vertex   8.385641e+00 2.500000e+00 7.780000e+01
      vertex   6.490000e+01 2.500000e+00 7.180000e+01
      vertex   8.503508e+00 2.500000e+00 7.754723e+01
    endloop
  endfacet
  facet normal 0.000000e+00 1.000000e+00 0.000000e+00
    outer loop
      vertex   8.503508e+00 2.500000e+00 7.754723e+01
      vertex   6.490000e+01 2.500000e+00 7.180000e+01
      vertex   8.575692e+00 2.500000e+00 7.727784e+01
    endloop
  endfacet
  facet normal 0.000000e+00 1.000000e+00 0.000000e+00
    outer loop
      vertex   8.575692e+00 2.500000e+00 7.727784e+01
      vertex   6.490000e+01 2.500000e+00 7.180000e+01
      vertex   8.600000e+00 2.500000e+00 7.700000e+01
    endloop
  endfacet
  facet normal 0.000000e+00 1.000000e+00 0.000000e+00
    outer loop
      vertex   8.600000e+00 2.500000e+00 7.700000e+01
      vertex   6.490000e+01 2.500000e+00 7.180000e+01
      vertex   8.575692e+00 2.500000e+00 7.672216e+01
    endloop
  endfacet
  facet normal 0.000000e+00 1.000000e+00 0.000000e+00
    outer loop
      vertex   8.575692e+00 2.500000e+00 7.672216e+01
      vertex   6.490000e+01 2.500000e+00 7.180000e+01
      vertex   8.503508e+00 2.500000e+00 7.645277e+01
    endloop
  endfacet
  facet normal 0.000000e+00 1.000000e+00 0.000000e+00
    outer loop
      vertex   8.503508e+00 2.500000e+00 7.645277e+01
      vertex   6.490000e+01 2.500000e+00 7.180000e+01
      vertex   8.385641e+00 2.500000e+00 7.620000e+01
    endloop
  endfacet
  facet normal 0.000000e+00 1.000000e+00 0.000000e+00
    outer loop
      vertex   8.385641e+00 2.500000e+00 7.620000e+01
      vertex   6.490000e+01 2.500000e+00 7.180000e+01
      vertex   8.225671e+00 2.500000e+00 7.597154e+01
    endloop
  endfacet
  facet normal 0.000000e+00 1.000000e+00 0.000000e+00
    outer loop
      vertex   8.225671e+00 2.500000e+00 7.597154e+01
      vertex   6.490000e+01 2.500000e+00 7.180000e+01
      vertex   8.028460e+00 2.500000e+00 7.577433e+01
    endloop
  endfacet
  facet normal 0.000000e+00 1.000000e+00 0.000000e+00
    outer loop
      vertex   8.028460e+00 2.500000e+00 7.577433e+01
      vertex   6.490000e+01 2.500000e+00 7.180000e+01
      vertex   7.800000e+00 2.500000e+00 7.561436e+01
    endloop
  endfacet
  facet normal 0.000000e+00 1.000000e+00 0.000000e+00
    outer loop
      vertex   7.800000e+00 2.500000e+00 7.561436e+01
      vertex   6.490000e+01 2.500000e+00 7.180000e+01
      vertex   7.547232e+00 2.500000e+00 7.549649e+01
    endloop
  endfacet
  facet normal 0.000000e+00 1.000000e+00 0.000000e+00
    outer loop
      vertex   7.547232e+00 2.500000e+00 7.549649e+01
      vertex   6.490000e+01 2.500000e+00 7.180000e+01
      vertex   7.277837e+00 2.500000e+00 7.542431e+01
    endloop
  endfacet
  facet normal 0.000000e+00 1.000000e+00 0.000000e+00
    outer loop
      vertex   2.200000e+00 2.500000e+00 7.708873e+01
      vertex   1.470000e+01 2.500000e+00 5.913553e+01
      vertex   2.200000e+00 2.500000e+00 6.911270e+00
    endloop
  endfacet
  facet normal 0.000000e+00 1.000000e+00 0.000000e+00
    outer loop
      vertex   2.200000e+00 2.500000e+00 6.911270e+00
      vertex   1.470000e+01 2.500000e+00 5.913553e+01
      vertex   1.470000e+01 2.500000e+00 2.170000e+01
    endloop
  endfacet
  facet normal 0.000000e+00 1.000000e+00 0.000000e+00
    outer loop
      vertex   2.200000e+00 2.500000e+00 6.911270e+00
      vertex   1.470000e+01 2.500000e+00 2.170000e+01
      vertex   1.474401e+01 2.500000e+00 2.091625e+01
    endloop
  endfacet
  facet normal 0.000000e+00 1.000000e+00 0.000000e+00
    outer loop
      vertex   1.474401e+01 2.500000e+00 2.091625e+01
      vertex   1.487550e+01 2.500000e+00 2.014235e+01
      vertex   2.200000e+00 2.500000e+00 6.911270e+00
    endloop
  endfacet
  facet normal 0.000000e+00 1.000000e+00 0.000000e+00
    outer loop
      vertex   2.200000e+00 2.500000e+00 6.911270e+00
      vertex   1.487550e+01 2.500000e+00 2.014235e+01
      vertex   1.509282e+01 2.500000e+00 1.938805e+01
    endloop
  endfacet
  facet normal 0.000000e+00 1.000000e+00 0.000000e+00
    outer loop
      vertex   2.200000e+00 2.500000e+00 6.911270e+00
      vertex   1.509282e+01 2.500000e+00 1.938805e+01
      vertex   6.452768e+00 2.500000e+00 8.503508e+00
    endloop
  endfacet
  facet normal 0.000000e+00 1.000000e+00 0.000000e+00
    outer loop
      vertex   6.452768e+00 2.500000e+00 8.503508e+00
      vertex   1.509282e+01 2.500000e+00 1.938805e+01
      vertex   1.539322e+01 2.500000e+00 1.866281e+01
    endloop
  endfacet
  facet normal 0.000000e+00 1.000000e+00 0.000000e+00
    outer loop
      vertex   6.452768e+00 2.500000e+00 8.503508e+00
      vertex   1.539322e+01 2.500000e+00 1.866281e+01
      vertex   1.577293e+01 2.500000e+00 1.797578e+01
    endloop
  endfacet
  facet normal 0.000000e+00 1.000000e+00 0.000000e+00
    outer loop
      vertex   6.452768e+00 2.500000e+00 8.503508e+00
      vertex   1.577293e+01 2.500000e+00 1.797578e+01
      vertex   6.722163e+00 2.500000e+00 8.575692e+00
    endloop
  endfacet
  facet normal 0.000000e+00 1.000000e+00 0.000000e+00
    outer loop
      vertex   6.722163e+00 2.500000e+00 8.575692e+00
      vertex   1.577293e+01 2.500000e+00 1.797578e+01
      vertex   1.622718e+01 2.500000e+00 1.733557e+01
    endloop
  endfacet
  facet normal 0.000000e+00 1.000000e+00 0.000000e+00
    outer loop
      vertex   6.722163e+00 2.500000e+00 8.575692e+00
      vertex   1.622718e+01 2.500000e+00 1.733557e+01
      vertex   1.675025e+01 2.500000e+00 1.675025e+01
    endloop
  endfacet
  facet normal 0.000000e+00 1.000000e+00 0.000000e+00
    outer loop
      vertex   1.675025e+01 2.500000e+00 1.675025e+01
      vertex   1.733557e+01 2.500000e+00 1.622718e+01
      vertex   6.722163e+00 2.500000e+00 8.575692e+00
    endloop
  endfacet
  facet normal 0.000000e+00 1.000000e+00 0.000000e+00
    outer loop
      vertex   6.722163e+00 2.500000e+00 8.575692e+00
      vertex   1.733557e+01 2.500000e+00 1.622718e+01
      vertex   7.000000e+00 2.500000e+00 8.600000e+00
    endloop
  endfacet
  facet normal 0.000000e+00 1.000000e+00 0.000000e+00
    outer loop
      vertex   7.000000e+00 2.500000e+00 8.600000e+00
      vertex   1.733557e+01 2.500000e+00 1.622718e+01
      vertex   1.797578e+01 2.500000e+00 1.577293e+01
    endloop
  endfacet
  facet normal 0.000000e+00 1.000000e+00 0.000000e+00
    outer loop
      vertex   7.000000e+00 2.500000e+00 8.600000e+00
      vertex   1.797578e+01 2.500000e+00 1.577293e+01
      vertex   1.866281e+01 2.500000e+00 1.539322e+01
    endloop
  endfacet
  facet normal 0.000000e+00 1.000000e+00 0.000000e+00
    outer loop
      vertex   1.866281e+01 2.500000e+00 1.539322e+01
      vertex   1.938805e+01 2.500000e+00 1.509282e+01
      vertex   7.000000e+00 2.500000e+00 8.600000e+00
    endloop
  endfacet
  facet normal 0.000000e+00 1.000000e+00 0.000000e+00
    outer loop
      vertex   7.000000e+00 2.500000e+00 8.600000e+00
      vertex   1.938805e+01 2.500000e+00 1.509282e+01
      vertex   2.014235e+01 2.500000e+00 1.487550e+01
    endloop
  endfacet
  facet normal 0.000000e+00 1.000000e+00 0.000000e+00
    outer loop
      vertex   7.000000e+00 2.500000e+00 8.600000e+00
      vertex   2.014235e+01 2.500000e+00 1.487550e+01
      vertex   2.091625e+01 2.500000e+00 1.474401e+01
    endloop
  endfacet
  facet normal 0.000000e+00 1.000000e+00 0.000000e+00
    outer loop
      vertex   2.091625e+01 2.500000e+00 1.474401e+01
      vertex   2.170000e+01 2.500000e+00 1.470000e+01
      vertex   7.000000e+00 2.500000e+00 8.600000e+00
    endloop
  endfacet
  facet normal 0.000000e+00 1.000000e+00 0.000000e+00
    outer loop
      vertex   7.000000e+00 2.500000e+00 8.600000e+00
      vertex   2.170000e+01 2.500000e+00 1.470000e+01
      vertex   4.040000e+01 2.500000e+00 1.470000e+01
    endloop
  endfacet
  facet normal 0.000000e+00 1.000000e+00 0.000000e+00
    outer loop
      vertex   7.000000e+00 2.500000e+00 8.600000e+00
      vertex   4.040000e+01 2.500000e+00 1.470000e+01
      vertex   6.490000e+01 2.500000e+00 1.220000e+01
    endloop
  endfacet
  facet normal 0.000000e+00 1.000000e+00 0.000000e+00
    outer loop
      vertex   6.490000e+01 2.500000e+00 1.220000e+01
      vertex   4.040000e+01 2.500000e+00 1.470000e+01
      vertex   4.118375e+01 2.500000e+00 1.474401e+01
    endloop
  endfacet
  facet normal 0.000000e+00 1.000000e+00 0.000000e+00
    outer loop
      vertex   6.490000e+01 2.500000e+00 1.220000e+01
      vertex   4.118375e+01 2.500000e+00 1.474401e+01
      vertex   4.195765e+01 2.500000e+00 1.487550e+01
    endloop
  endfacet
  facet normal -0.000000e+00 1.000000e+00 0.000000e+00
    outer loop
      vertex   4.195765e+01 2.500000e+00 1.487550e+01
      vertex   4.271195e+01 2.500000e+00 1.509282e+01
      vertex   6.490000e+01 2.500000e+00 1.220000e+01
    endloop
  endfacet
  facet normal 0.000000e+00 1.000000e+00 0.000000e+00
    outer loop
      vertex   6.490000e+01 2.500000e+00 1.220000e+01
      vertex   4.271195e+01 2.500000e+00 1.509282e+01
      vertex   4.343719e+01 2.500000e+00 1.539322e+01
    endloop
  endfacet
  facet normal 0.000000e+00 1.000000e+00 0.000000e+00
    outer loop
      vertex   6.490000e+01 2.500000e+00 1.220000e+01
      vertex   4.343719e+01 2.500000e+00 1.539322e+01
      vertex   4.412422e+01 2.500000e+00 1.577293e+01
    endloop
  endfacet
  facet normal -0.000000e+00 1.000000e+00 0.000000e+00
    outer loop
      vertex   4.412422e+01 2.500000e+00 1.577293e+01
      vertex   4.476443e+01 2.500000e+00 1.622718e+01
      vertex   6.490000e+01 2.500000e+00 1.220000e+01
    endloop
  endfacet
  facet normal 0.000000e+00 1.000000e+00 -0.000000e+00
    outer loop
      vertex   6.490000e+01 2.500000e+00 1.220000e+01
      vertex   4.476443e+01 2.500000e+00 1.622718e+01
      vertex   6.490000e+01 2.500000e+00 1.580000e+01
    endloop
  endfacet
  facet normal 0.000000e+00 1.000000e+00 0.000000e+00
    outer loop
      vertex   6.490000e+01 2.500000e+00 1.580000e+01
      vertex   4.476443e+01 2.500000e+00 1.622718e+01
      vertex   4.534975e+01 2.500000e+00 1.675025e+01
    endloop
  endfacet
  facet normal 0.000000e+00 1.000000e+00 0.000000e+00
    outer loop
      vertex   6.490000e+01 2.500000e+00 1.580000e+01
      vertex   4.534975e+01 2.500000e+00 1.675025e+01
      vertex   4.587282e+01 2.500000e+00 1.733557e+01
    endloop
  endfacet
  facet normal -0.000000e+00 1.000000e+00 0.000000e+00
    outer loop
      vertex   4.587282e+01 2.500000e+00 1.733557e+01
      vertex   4.632707e+01 2.500000e+00 1.797578e+01
      vertex   6.490000e+01 2.500000e+00 1.580000e+01
    endloop
  endfacet
  facet normal 0.000000e+00 1.000000e+00 0.000000e+00
    outer loop
      vertex   6.490000e+01 2.500000e+00 1.580000e+01
      vertex   4.632707e+01 2.500000e+00 1.797578e+01
      vertex   4.670678e+01 2.500000e+00 1.866281e+01
    endloop
  endfacet
  facet normal 0.000000e+00 1.000000e+00 -0.000000e+00
    outer loop
      vertex   6.490000e+01 2.500000e+00 1.580000e+01
      vertex   4.670678e+01 2.500000e+00 1.866281e+01
      vertex   6.490000e+01 2.500000e+00 1.980000e+01
    endloop
  endfacet
  facet normal 0.000000e+00 1.000000e+00 0.000000e+00
    outer loop
      vertex   6.490000e+01 2.500000e+00 1.980000e+01
      vertex   4.670678e+01 2.500000e+00 1.866281e+01
      vertex   4.700718e+01 2.500000e+00 1.938805e+01
    endloop
  endfacet
  facet normal 0.000000e+00 1.000000e+00 0.000000e+00
    outer loop
      vertex   6.490000e+01 2.500000e+00 1.980000e+01
      vertex   4.700718e+01 2.500000e+00 1.938805e+01
      vertex   4.722450e+01 2.500000e+00 2.014235e+01
    endloop
  endfacet
  facet normal -0.000000e+00 1.000000e+00 0.000000e+00
    outer loop
      vertex   4.722450e+01 2.500000e+00 2.014235e+01
      vertex   4.735599e+01 2.500000e+00 2.091625e+01
      vertex   6.490000e+01 2.500000e+00 1.980000e+01
    endloop
  endfacet
  facet normal 0.000000e+00 1.000000e+00 0.000000e+00
    outer loop
      vertex   6.490000e+01 2.500000e+00 1.980000e+01
      vertex   4.735599e+01 2.500000e+00 2.091625e+01
      vertex   4.740000e+01 2.500000e+00 2.170000e+01
    endloop
  endfacet
  facet normal 0.000000e+00 1.000000e+00 -0.000000e+00
    outer loop
      vertex   6.490000e+01 2.500000e+00 1.980000e+01
      vertex   4.740000e+01 2.500000e+00 2.170000e+01
      vertex   6.490000e+01 2.500000e+00 2.380000e+01
    endloop
  endfacet
  facet normal 0.000000e+00 1.000000e+00 -0.000000e+00
    outer loop
      vertex   6.490000e+01 2.500000e+00 2.380000e+01
      vertex   4.740000e+01 2.500000e+00 2.170000e+01
      vertex   6.490000e+01 2.500000e+00 2.780000e+01
    endloop
  endfacet
  facet normal 0.000000e+00 1.000000e+00 0.000000e+00
    outer loop
      vertex   6.490000e+01 2.500000e+00 2.380000e+01
      vertex   6.490000e+01 2.500000e+00 2.780000e+01
      vertex   1.129000e+02 2.500000e+00 7.180000e+01
    endloop
  endfacet
  facet normal 0.000000e+00 1.000000e+00 0.000000e+00
    outer loop
      vertex   1.129000e+02 2.500000e+00 7.180000e+01
      vertex   6.490000e+01 2.500000e+00 2.780000e+01
      vertex   1.089000e+02 2.500000e+00 7.180000e+01
    endloop
  endfacet
  facet normal 0.000000e+00 1.000000e+00 0.000000e+00
    outer loop
      vertex   1.129000e+02 2.500000e+00 7.180000e+01
      vertex   1.089000e+02 2.500000e+00 7.180000e+01
      vertex   1.055472e+02 2.500000e+00 7.624649e+01
    endloop
  endfacet
  facet normal 0.000000e+00 1.000000e+00 0.000000e+00
    outer loop
      vertex   1.055472e+02 2.500000e+00 7.624649e+01
      vertex   1.089000e+02 2.500000e+00 7.180000e+01
      vertex   1.052778e+02 2.500000e+00 7.617431e+01
    endloop
  endfacet
  facet normal 0.000000e+00 1.000000e+00 0.000000e+00
    outer loop
      vertex   1.052778e+02 2.500000e+00 7.617431e+01
      vertex   1.089000e+02 2.500000e+00 7.180000e+01
      vertex   1.049000e+02 2.500000e+00 7.180000e+01
    endloop
  endfacet
  facet normal 0.000000e+00 1.000000e+00 0.000000e+00
    outer loop
      vertex   1.052778e+02 2.500000e+00 7.617431e+01
      vertex   1.049000e+02 2.500000e+00 7.180000e+01
      vertex   1.050000e+02 2.500000e+00 7.615000e+01
    endloop
  endfacet
  facet normal 0.000000e+00 1.000000e+00 0.000000e+00
    outer loop
      vertex   1.050000e+02 2.500000e+00 7.615000e+01
      vertex   1.049000e+02 2.500000e+00 7.180000e+01
      vertex   1.047222e+02 2.500000e+00 7.617431e+01
    endloop
  endfacet
  facet normal 0.000000e+00 1.000000e+00 -0.000000e+00
    outer loop
      vertex   1.653000e+02 2.500000e+00 1.220000e+01
      vertex   1.613000e+02 2.500000e+00 1.220000e+01
      vertex   1.978000e+02 2.500000e+00 4.470000e+01
    endloop
  endfacet
  facet normal 0.000000e+00 1.000000e+00 -0.000000e+00
    outer loop
      vertex   1.978000e+02 2.500000e+00 4.470000e+01
      vertex   1.613000e+02 2.500000e+00 1.220000e+01
      vertex   1.978000e+02 2.500000e+00 4.870000e+01
    endloop
  endfacet
  facet normal 0.000000e+00 1.000000e+00 0.000000e+00
    outer loop
      vertex   1.978000e+02 2.500000e+00 4.470000e+01
      vertex   1.978000e+02 2.500000e+00 4.870000e+01
      vertex   2.078000e+02 2.500000e+00 7.708873e+01
    endloop
  endfacet
  facet normal 0.000000e+00 1.000000e+00 0.000000e+00
    outer loop
      vertex   2.078000e+02 2.500000e+00 7.708873e+01
      vertex   1.978000e+02 2.500000e+00 4.870000e+01
      vertex   1.978000e+02 2.500000e+00 5.270000e+01
    endloop
  endfacet
  facet normal 0.000000e+00 1.000000e+00 0.000000e+00
    outer loop
      vertex   2.078000e+02 2.500000e+00 7.708873e+01
      vertex   1.978000e+02 2.500000e+00 5.270000e+01
      vertex   1.978000e+02 2.500000e+00 5.670000e+01
    endloop
  endfacet
  facet normal 0.000000e+00 1.000000e+00 0.000000e+00
    outer loop
      vertex   1.978000e+02 2.500000e+00 5.670000e+01
      vertex   1.978000e+02 2.500000e+00 5.270000e+01
      vertex   1.533000e+02 2.500000e+00 1.220000e+01
    endloop
  endfacet
  facet normal 0.000000e+00 1.000000e+00 0.000000e+00
    outer loop
      vertex   1.533000e+02 2.500000e+00 1.220000e+01
      vertex   1.978000e+02 2.500000e+00 5.270000e+01
      vertex   1.573000e+02 2.500000e+00 1.220000e+01
    endloop
  endfacet
  facet normal -0.000000e+00 1.000000e+00 0.000000e+00
    outer loop
      vertex   1.533000e+02 2.500000e+00 1.220000e+01
      vertex   1.573000e+02 2.500000e+00 1.220000e+01
      vertex   2.030887e+02 2.500000e+00 2.200000e+00
    endloop
  endfacet
  facet normal 0.000000e+00 1.000000e+00 0.000000e+00
    outer loop
      vertex   2.030887e+02 2.500000e+00 2.200000e+00
      vertex   1.573000e+02 2.500000e+00 1.220000e+01
      vertex   1.613000e+02 2.500000e+00 1.220000e+01
    endloop
  endfacet
  facet normal 0.000000e+00 1.000000e+00 0.000000e+00
    outer loop
      vertex   2.030887e+02 2.500000e+00 2.200000e+00
      vertex   1.613000e+02 2.500000e+00 1.220000e+01
      vertex   1.653000e+02 2.500000e+00 1.220000e+01
    endloop
  endfacet
  facet normal -0.000000e+00 1.000000e+00 0.000000e+00
    outer loop
      vertex   1.653000e+02 2.500000e+00 1.220000e+01
      vertex   1.693000e+02 2.500000e+00 1.220000e+01
      vertex   2.030887e+02 2.500000e+00 2.200000e+00
    endloop
  endfacet
  facet normal 0.000000e+00 1.000000e+00 0.000000e+00
    outer loop
      vertex   2.030887e+02 2.500000e+00 2.200000e+00
      vertex   1.693000e+02 2.500000e+00 1.220000e+01
      vertex   1.733000e+02 2.500000e+00 1.220000e+01
    endloop
  endfacet
  facet normal 0.000000e+00 1.000000e+00 0.000000e+00
    outer loop
      vertex   2.030887e+02 2.500000e+00 2.200000e+00
      vertex   1.733000e+02 2.500000e+00 1.220000e+01
      vertex   1.773000e+02 2.500000e+00 1.220000e+01
    endloop
  endfacet
  facet normal 0.000000e+00 1.000000e+00 -0.000000e+00
    outer loop
      vertex   1.733000e+02 2.500000e+00 1.220000e+01
      vertex   1.693000e+02 2.500000e+00 1.220000e+01
      vertex   1.978000e+02 2.500000e+00 3.670000e+01
    endloop
  endfacet
  facet normal 0.000000e+00 1.000000e+00 -0.000000e+00
    outer loop
      vertex   1.978000e+02 2.500000e+00 3.670000e+01
      vertex   1.693000e+02 2.500000e+00 1.220000e+01
      vertex   1.978000e+02 2.500000e+00 4.070000e+01
    endloop
  endfacet
  facet normal -0.000000e+00 1.000000e+00 0.000000e+00
    outer loop
      vertex   1.978000e+02 2.500000e+00 3.670000e+01
      vertex   1.978000e+02 2.500000e+00 4.070000e+01
      vertex   2.078000e+02 2.500000e+00 6.911270e+00
    endloop
  endfacet
  facet normal 0.000000e+00 1.000000e+00 -0.000000e+00
    outer loop
      vertex   2.078000e+02 2.500000e+00 6.911270e+00
      vertex   1.978000e+02 2.500000e+00 4.070000e+01
      vertex   2.078000e+02 2.500000e+00 7.708873e+01
    endloop
  endfacet
  facet normal 0.000000e+00 1.000000e+00 0.000000e+00
    outer loop
      vertex   2.078000e+02 2.500000e+00 7.708873e+01
      vertex   1.978000e+02 2.500000e+00 4.070000e+01
      vertex   1.978000e+02 2.500000e+00 4.470000e+01
    endloop
  endfacet
  facet normal 0.000000e+00 1.000000e+00 0.000000e+00
    outer loop
      vertex   1.978000e+02 2.500000e+00 3.270000e+01
      vertex   1.978000e+02 2.500000e+00 2.870000e+01
      vertex   1.773000e+02 2.500000e+00 1.220000e+01
    endloop
  endfacet
  facet normal 0.000000e+00 1.000000e+00 0.000000e+00
    outer loop
      vertex   1.773000e+02 2.500000e+00 1.220000e+01
      vertex   1.978000e+02 2.500000e+00 2.870000e+01
      vertex   1.813000e+02 2.500000e+00 1.220000e+01
    endloop
  endfacet
  facet normal -0.000000e+00 1.000000e+00 0.000000e+00
    outer loop
      vertex   1.773000e+02 2.500000e+00 1.220000e+01
      vertex   1.813000e+02 2.500000e+00 1.220000e+01
      vertex   2.030887e+02 2.500000e+00 2.200000e+00
    endloop
  endfacet
  facet normal 0.000000e+00 1.000000e+00 0.000000e+00
    outer loop
      vertex   2.030887e+02 2.500000e+00 2.200000e+00
      vertex   1.813000e+02 2.500000e+00 1.220000e+01
      vertex   2.017743e+02 2.500000e+00 5.971540e+00
    endloop
  endfacet
  facet normal 0.000000e+00 1.000000e+00 0.000000e+00
    outer loop
      vertex   2.030887e+02 2.500000e+00 2.200000e+00
      vertex   2.017743e+02 2.500000e+00 5.971540e+00
      vertex   2.019715e+02 2.500000e+00 5.774329e+00
    endloop
  endfacet
  facet normal -0.000000e+00 1.000000e+00 0.000000e+00
    outer loop
      vertex   1.978000e+02 2.500000e+00 2.870000e+01
      vertex   1.978000e+02 2.500000e+00 3.270000e+01
      vertex   2.078000e+02 2.500000e+00 6.911270e+00
    endloop
  endfacet
  facet normal 0.000000e+00 1.000000e+00 0.000000e+00
    outer loop
      vertex   2.078000e+02 2.500000e+00 6.911270e+00
      vertex   1.978000e+02 2.500000e+00 3.270000e+01
      vertex   1.978000e+02 2.500000e+00 3.670000e+01
    endloop
  endfacet
  facet normal 0.000000e+00 1.000000e+00 0.000000e+00
    outer loop
      vertex   1.853000e+02 2.500000e+00 1.220000e+01
      vertex   2.014965e+02 2.500000e+00 6.452768e+00
      vertex   1.813000e+02 2.500000e+00 1.220000e+01
    endloop
  endfacet
  facet normal 0.000000e+00 1.000000e+00 0.000000e+00
    outer loop
      vertex   1.813000e+02 2.500000e+00 1.220000e+01
      vertex   2.014965e+02 2.500000e+00 6.452768e+00
      vertex   2.016144e+02 2.500000e+00 6.200000e+00
    endloop
  endfacet
  facet normal 0.000000e+00 1.000000e+00 0.000000e+00
    outer loop
      vertex   1.813000e+02 2.500000e+00 1.220000e+01
      vertex   2.016144e+02 2.500000e+00 6.200000e+00
      vertex   2.017743e+02 2.500000e+00 5.971540e+00
    endloop
  endfacet
  facet normal 0.000000e+00 1.000000e+00 0.000000e+00
    outer loop
      vertex   1.978000e+02 2.500000e+00 2.470000e+01
      vertex   1.978000e+02 2.500000e+00 2.070000e+01
      vertex   1.853000e+02 2.500000e+00 1.220000e+01
    endloop
  endfacet
  facet normal 0.000000e+00 1.000000e+00 0.000000e+00
    outer loop
      vertex   1.853000e+02 2.500000e+00 1.220000e+01
      vertex   1.978000e+02 2.500000e+00 2.070000e+01
      vertex   1.893000e+02 2.500000e+00 1.220000e+01
    endloop
  endfacet
  facet normal -0.000000e+00 1.000000e+00 0.000000e+00
    outer loop
      vertex   1.853000e+02 2.500000e+00 1.220000e+01
      vertex   1.893000e+02 2.500000e+00 1.220000e+01
      vertex   2.014000e+02 2.500000e+00 7.000000e+00
    endloop
  endfacet
  facet normal 0.000000e+00 1.000000e+00 -0.000000e+00
    outer loop
      vertex   2.014000e+02 2.500000e+00 7.000000e+00
      vertex   1.893000e+02 2.500000e+00 1.220000e+01
      vertex   2.014243e+02 2.500000e+00 7.277837e+00
    endloop
  endfacet
  facet normal 0.000000e+00 1.000000e+00 -0.000000e+00
    outer loop
      vertex   2.014243e+02 2.500000e+00 7.277837e+00
      vertex   1.893000e+02 2.500000e+00 1.220000e+01
      vertex   2.014965e+02 2.500000e+00 7.547232e+00
    endloop
  endfacet
  facet normal 0.000000e+00 1.000000e+00 0.000000e+00
    outer loop
      vertex   2.014965e+02 2.500000e+00 7.547232e+00
      vertex   1.893000e+02 2.500000e+00 1.220000e+01
      vertex   1.933000e+02 2.500000e+00 1.220000e+01
    endloop
  endfacet
  facet normal 0.000000e+00 1.000000e+00 -0.000000e+00
    outer loop
      vertex   2.014965e+02 2.500000e+00 7.547232e+00
      vertex   1.933000e+02 2.500000e+00 1.220000e+01
      vertex   2.016144e+02 2.500000e+00 7.800000e+00
    endloop
  endfacet
  facet normal 0.000000e+00 1.000000e+00 -0.000000e+00
    outer loop
      vertex   2.016144e+02 2.500000e+00 7.800000e+00
      vertex   1.933000e+02 2.500000e+00 1.220000e+01
      vertex   2.017743e+02 2.500000e+00 8.028460e+00
    endloop
  endfacet
  facet normal 0.000000e+00 1.000000e+00 -0.000000e+00
    outer loop
      vertex   2.017743e+02 2.500000e+00 8.028460e+00
      vertex   1.933000e+02 2.500000e+00 1.220000e+01
      vertex   2.019715e+02 2.500000e+00 8.225671e+00
    endloop
  endfacet
  facet normal 0.000000e+00 1.000000e+00 -0.000000e+00
    outer loop
      vertex   2.019715e+02 2.500000e+00 8.225671e+00
      vertex   1.933000e+02 2.500000e+00 1.220000e+01
      vertex   2.022000e+02 2.500000e+00 8.385641e+00
    endloop
  endfacet
  facet normal 0.000000e+00 1.000000e+00 -0.000000e+00
    outer loop
      vertex   2.022000e+02 2.500000e+00 8.385641e+00
      vertex   1.933000e+02 2.500000e+00 1.220000e+01
      vertex   2.024528e+02 2.500000e+00 8.503508e+00
    endloop
  endfacet
  facet normal 0.000000e+00 1.000000e+00 -0.000000e+00
    outer loop
      vertex   2.024528e+02 2.500000e+00 8.503508e+00
      vertex   1.933000e+02 2.500000e+00 1.220000e+01
      vertex   2.027222e+02 2.500000e+00 8.575692e+00
    endloop
  endfacet
  facet normal 0.000000e+00 1.000000e+00 -0.000000e+00
    outer loop
      vertex   2.027222e+02 2.500000e+00 8.575692e+00
      vertex   1.933000e+02 2.500000e+00 1.220000e+01
      vertex   2.030000e+02 2.500000e+00 8.600000e+00
    endloop
  endfacet
  facet normal 0.000000e+00 1.000000e+00 0.000000e+00
    outer loop
      vertex   2.030000e+02 2.500000e+00 8.600000e+00
      vertex   1.933000e+02 2.500000e+00 1.220000e+01
      vertex   1.978000e+02 2.500000e+00 1.670000e+01
    endloop
  endfacet
  facet normal -0.000000e+00 1.000000e+00 -0.000000e+00
    outer loop
      vertex   2.030000e+02 2.500000e+00 8.600000e+00
      vertex   1.978000e+02 2.500000e+00 1.670000e+01
      vertex   2.032778e+02 2.500000e+00 8.575692e+00
    endloop
  endfacet
  facet normal -0.000000e+00 1.000000e+00 -0.000000e+00
    outer loop
      vertex   2.032778e+02 2.500000e+00 8.575692e+00
      vertex   1.978000e+02 2.500000e+00 1.670000e+01
      vertex   2.035472e+02 2.500000e+00 8.503508e+00
    endloop
  endfacet
  facet normal -0.000000e+00 1.000000e+00 -0.000000e+00
    outer loop
      vertex   2.035472e+02 2.500000e+00 8.503508e+00
      vertex   1.978000e+02 2.500000e+00 1.670000e+01
      vertex   2.078000e+02 2.500000e+00 6.911270e+00
    endloop
  endfacet
  facet normal 0.000000e+00 1.000000e+00 0.000000e+00
    outer loop
      vertex   2.035472e+02 2.500000e+00 8.503508e+00
      vertex   2.078000e+02 2.500000e+00 6.911270e+00
      vertex   2.038000e+02 2.500000e+00 8.385641e+00
    endloop
  endfacet
  facet normal 0.000000e+00 1.000000e+00 0.000000e+00
    outer loop
      vertex   2.038000e+02 2.500000e+00 8.385641e+00
      vertex   2.078000e+02 2.500000e+00 6.911270e+00
      vertex   2.040285e+02 2.500000e+00 8.225671e+00
    endloop
  endfacet
  facet normal 0.000000e+00 1.000000e+00 0.000000e+00
    outer loop
      vertex   2.040285e+02 2.500000e+00 8.225671e+00
      vertex   2.078000e+02 2.500000e+00 6.911270e+00
      vertex   2.042257e+02 2.500000e+00 8.028460e+00
    endloop
  endfacet
  facet normal 0.000000e+00 1.000000e+00 0.000000e+00
    outer loop
      vertex   2.042257e+02 2.500000e+00 8.028460e+00
      vertex   2.078000e+02 2.500000e+00 6.911270e+00
      vertex   2.043856e+02 2.500000e+00 7.800000e+00
    endloop
  endfacet
  facet normal 0.000000e+00 1.000000e+00 0.000000e+00
    outer loop
      vertex   2.043856e+02 2.500000e+00 7.800000e+00
      vertex   2.078000e+02 2.500000e+00 6.911270e+00
      vertex   2.045035e+02 2.500000e+00 7.547232e+00
    endloop
  endfacet
  facet normal 0.000000e+00 1.000000e+00 0.000000e+00
    outer loop
      vertex   2.045035e+02 2.500000e+00 7.547232e+00
      vertex   2.078000e+02 2.500000e+00 6.911270e+00
      vertex   2.045757e+02 2.500000e+00 7.277837e+00
    endloop
  endfacet
  facet normal 0.000000e+00 1.000000e+00 0.000000e+00
    outer loop
      vertex   2.045757e+02 2.500000e+00 7.277837e+00
      vertex   2.078000e+02 2.500000e+00 6.911270e+00
      vertex   2.046000e+02 2.500000e+00 7.000000e+00
    endloop
  endfacet
  facet normal 0.000000e+00 1.000000e+00 0.000000e+00
    outer loop
      vertex   2.046000e+02 2.500000e+00 7.000000e+00
      vertex   2.078000e+02 2.500000e+00 6.911270e+00
      vertex   2.045757e+02 2.500000e+00 6.722163e+00
    endloop
  endfacet
  facet normal -0.000000e+00 1.000000e+00 0.000000e+00
    outer loop
      vertex   2.045757e+02 2.500000e+00 6.722163e+00
      vertex   2.078000e+02 2.500000e+00 6.911270e+00
      vertex   2.045035e+02 2.500000e+00 6.452768e+00
    endloop
  endfacet
  facet normal -0.000000e+00 1.000000e+00 0.000000e+00
    outer loop
      vertex   2.045035e+02 2.500000e+00 6.452768e+00
      vertex   2.078000e+02 2.500000e+00 6.911270e+00
      vertex   2.043856e+02 2.500000e+00 6.200000e+00
    endloop
  endfacet
  facet normal -0.000000e+00 1.000000e+00 0.000000e+00
    outer loop
      vertex   2.043856e+02 2.500000e+00 6.200000e+00
      vertex   2.078000e+02 2.500000e+00 6.911270e+00
      vertex   2.042257e+02 2.500000e+00 5.971540e+00
    endloop
  endfacet
  facet normal -0.000000e+00 1.000000e+00 0.000000e+00
    outer loop
      vertex   2.042257e+02 2.500000e+00 5.971540e+00
      vertex   2.078000e+02 2.500000e+00 6.911270e+00
      vertex   2.040285e+02 2.500000e+00 5.774329e+00
    endloop
  endfacet
  facet normal -0.000000e+00 1.000000e+00 0.000000e+00
    outer loop
      vertex   2.040285e+02 2.500000e+00 5.774329e+00
      vertex   2.078000e+02 2.500000e+00 6.911270e+00
      vertex   2.038000e+02 2.500000e+00 5.614359e+00
    endloop
  endfacet
  facet normal -0.000000e+00 1.000000e+00 0.000000e+00
    outer loop
      vertex   2.038000e+02 2.500000e+00 5.614359e+00
      vertex   2.078000e+02 2.500000e+00 6.911270e+00
      vertex   2.030887e+02 2.500000e+00 2.200000e+00
    endloop
  endfacet
  facet normal 0.000000e+00 1.000000e+00 0.000000e+00
    outer loop
      vertex   2.038000e+02 2.500000e+00 5.614359e+00
      vertex   2.030887e+02 2.500000e+00 2.200000e+00
      vertex   2.035472e+02 2.500000e+00 5.496492e+00
    endloop
  endfacet
  facet normal 0.000000e+00 1.000000e+00 0.000000e+00
    outer loop
      vertex   2.035472e+02 2.500000e+00 5.496492e+00
      vertex   2.030887e+02 2.500000e+00 2.200000e+00
      vertex   2.032778e+02 2.500000e+00 5.424308e+00
    endloop
  endfacet
  facet normal 0.000000e+00 1.000000e+00 0.000000e+00
    outer loop
      vertex   2.032778e+02 2.500000e+00 5.424308e+00
      vertex   2.030887e+02 2.500000e+00 2.200000e+00
      vertex   2.030000e+02 2.500000e+00 5.400000e+00
    endloop
  endfacet
  facet normal 0.000000e+00 1.000000e+00 0.000000e+00
    outer loop
      vertex   2.030000e+02 2.500000e+00 5.400000e+00
      vertex   2.030887e+02 2.500000e+00 2.200000e+00
      vertex   2.027222e+02 2.500000e+00 5.424308e+00
    endloop
  endfacet
  facet normal 0.000000e+00 1.000000e+00 0.000000e+00
    outer loop
      vertex   2.027222e+02 2.500000e+00 5.424308e+00
      vertex   2.030887e+02 2.500000e+00 2.200000e+00
      vertex   2.024528e+02 2.500000e+00 5.496492e+00
    endloop
  endfacet
  facet normal 0.000000e+00 1.000000e+00 0.000000e+00
    outer loop
      vertex   2.024528e+02 2.500000e+00 5.496492e+00
      vertex   2.030887e+02 2.500000e+00 2.200000e+00
      vertex   2.022000e+02 2.500000e+00 5.614359e+00
    endloop
  endfacet
  facet normal 0.000000e+00 1.000000e+00 0.000000e+00
    outer loop
      vertex   2.022000e+02 2.500000e+00 5.614359e+00
      vertex   2.030887e+02 2.500000e+00 2.200000e+00
      vertex   2.019715e+02 2.500000e+00 5.774329e+00
    endloop
  endfacet
  facet normal -0.000000e+00 1.000000e+00 0.000000e+00
    outer loop
      vertex   1.978000e+02 2.500000e+00 2.070000e+01
      vertex   1.978000e+02 2.500000e+00 2.470000e+01
      vertex   2.078000e+02 2.500000e+00 6.911270e+00
    endloop
  endfacet
  facet normal 0.000000e+00 1.000000e+00 0.000000e+00
    outer loop
      vertex   2.078000e+02 2.500000e+00 6.911270e+00
      vertex   1.978000e+02 2.500000e+00 2.470000e+01
      vertex   1.978000e+02 2.500000e+00 2.870000e+01
    endloop
  endfacet
  facet normal -0.000000e+00 1.000000e+00 0.000000e+00
    outer loop
      vertex   1.978000e+02 2.500000e+00 1.670000e+01
      vertex   1.978000e+02 2.500000e+00 2.070000e+01
      vertex   2.078000e+02 2.500000e+00 6.911270e+00
    endloop
  endfacet
  facet normal 0.000000e+00 1.000000e+00 0.000000e+00
    outer loop
      vertex   1.034243e+02 2.500000e+00 5.972163e+00
      vertex   8.530000e+01 2.500000e+00 1.220000e+01
      vertex   1.034000e+02 2.500000e+00 6.250000e+00
    endloop
  endfacet
  facet normal 0.000000e+00 1.000000e+00 0.000000e+00
    outer loop
      vertex   1.034000e+02 2.500000e+00 6.250000e+00
      vertex   8.530000e+01 2.500000e+00 1.220000e+01
      vertex   8.930000e+01 2.500000e+00 1.220000e+01
    endloop
  endfacet
  facet normal 0.000000e+00 1.000000e+00 -0.000000e+00
    outer loop
      vertex   1.034000e+02 2.500000e+00 6.250000e+00
      vertex   8.930000e+01 2.500000e+00 1.220000e+01
      vertex   1.034243e+02 2.500000e+00 6.527837e+00
    endloop
  endfacet
  facet normal 0.000000e+00 1.000000e+00 -0.000000e+00
    outer loop
      vertex   1.034243e+02 2.500000e+00 6.527837e+00
      vertex   8.930000e+01 2.500000e+00 1.220000e+01
      vertex   1.034965e+02 2.500000e+00 6.797232e+00
    endloop
  endfacet
  facet normal 0.000000e+00 1.000000e+00 0.000000e+00
    outer loop
      vertex   1.034965e+02 2.500000e+00 6.797232e+00
      vertex   8.930000e+01 2.500000e+00 1.220000e+01
      vertex   9.330000e+01 2.500000e+00 1.220000e+01
    endloop
  endfacet
  facet normal 0.000000e+00 1.000000e+00 -0.000000e+00
    outer loop
      vertex   1.034965e+02 2.500000e+00 6.797232e+00
      vertex   9.330000e+01 2.500000e+00 1.220000e+01
      vertex   1.036144e+02 2.500000e+00 7.050000e+00
    endloop
  endfacet
  facet normal 0.000000e+00 1.000000e+00 -0.000000e+00
    outer loop
      vertex   1.036144e+02 2.500000e+00 7.050000e+00
      vertex   9.330000e+01 2.500000e+00 1.220000e+01
      vertex   1.037743e+02 2.500000e+00 7.278460e+00
    endloop
  endfacet
  facet normal 0.000000e+00 1.000000e+00 -0.000000e+00
    outer loop
      vertex   1.037743e+02 2.500000e+00 7.278460e+00
      vertex   9.330000e+01 2.500000e+00 1.220000e+01
      vertex   1.039715e+02 2.500000e+00 7.475671e+00
    endloop
  endfacet
  facet normal 0.000000e+00 1.000000e+00 0.000000e+00
    outer loop
      vertex   1.039715e+02 2.500000e+00 7.475671e+00
      vertex   9.330000e+01 2.500000e+00 1.220000e+01
      vertex   9.730000e+01 2.500000e+00 1.220000e+01
    endloop
  endfacet
  facet normal 0.000000e+00 1.000000e+00 -0.000000e+00
    outer loop
      vertex   1.039715e+02 2.500000e+00 7.475671e+00
      vertex   9.730000e+01 2.500000e+00 1.220000e+01
      vertex   1.042000e+02 2.500000e+00 7.635641e+00
    endloop
  endfacet
  facet normal 0.000000e+00 1.000000e+00 -0.000000e+00
    outer loop
      vertex   1.042000e+02 2.500000e+00 7.635641e+00
      vertex   9.730000e+01 2.500000e+00 1.220000e+01
      vertex   1.044528e+02 2.500000e+00 7.753508e+00
    endloop
  endfacet
  facet normal 0.000000e+00 1.000000e+00 0.000000e+00
    outer loop
      vertex   1.044528e+02 2.500000e+00 7.753508e+00
      vertex   9.730000e+01 2.500000e+00 1.220000e+01
      vertex   1.013000e+02 2.500000e+00 1.220000e+01
    endloop
  endfacet
  facet normal 0.000000e+00 1.000000e+00 -0.000000e+00
    outer loop
      vertex   1.044528e+02 2.500000e+00 7.753508e+00
      vertex   1.013000e+02 2.500000e+00 1.220000e+01
      vertex   1.047222e+02 2.500000e+00 7.825692e+00
    endloop
  endfacet
  facet normal 0.000000e+00 1.000000e+00 -0.000000e+00
    outer loop
      vertex   1.047222e+02 2.500000e+00 7.825692e+00
      vertex   1.013000e+02 2.500000e+00 1.220000e+01
      vertex   1.053000e+02 2.500000e+00 1.220000e+01
    endloop
  endfacet
  facet normal 0.000000e+00 1.000000e+00 0.000000e+00
    outer loop
      vertex   1.047222e+02 2.500000e+00 7.825692e+00
      vertex   1.053000e+02 2.500000e+00 1.220000e+01
      vertex   1.050000e+02 2.500000e+00 7.850000e+00
    endloop
  endfacet
  facet normal -0.000000e+00 1.000000e+00 0.000000e+00
    outer loop
      vertex   1.050000e+02 2.500000e+00 7.850000e+00
      vertex   1.053000e+02 2.500000e+00 1.220000e+01
      vertex   1.052778e+02 2.500000e+00 7.825692e+00
    endloop
  endfacet
  facet normal 0.000000e+00 1.000000e+00 0.000000e+00
    outer loop
      vertex   1.052778e+02 2.500000e+00 7.825692e+00
      vertex   1.053000e+02 2.500000e+00 1.220000e+01
      vertex   1.093000e+02 2.500000e+00 1.220000e+01
    endloop
  endfacet
  facet normal -0.000000e+00 1.000000e+00 0.000000e+00
    outer loop
      vertex   1.052778e+02 2.500000e+00 7.825692e+00
      vertex   1.093000e+02 2.500000e+00 1.220000e+01
      vertex   1.055472e+02 2.500000e+00 7.753508e+00
    endloop
  endfacet
  facet normal -0.000000e+00 1.000000e+00 0.000000e+00
    outer loop
      vertex   1.055472e+02 2.500000e+00 7.753508e+00
      vertex   1.093000e+02 2.500000e+00 1.220000e+01
      vertex   1.058000e+02 2.500000e+00 7.635641e+00
    endloop
  endfacet
  facet normal 0.000000e+00 1.000000e+00 0.000000e+00
    outer loop
      vertex   1.058000e+02 2.500000e+00 7.635641e+00
      vertex   1.093000e+02 2.500000e+00 1.220000e+01
      vertex   1.133000e+02 2.500000e+00 1.220000e+01
    endloop
  endfacet
  facet normal -0.000000e+00 1.000000e+00 0.000000e+00
    outer loop
      vertex   1.058000e+02 2.500000e+00 7.635641e+00
      vertex   1.133000e+02 2.500000e+00 1.220000e+01
      vertex   1.060285e+02 2.500000e+00 7.475671e+00
    endloop
  endfacet
  facet normal -0.000000e+00 1.000000e+00 0.000000e+00
    outer loop
      vertex   1.060285e+02 2.500000e+00 7.475671e+00
      vertex   1.133000e+02 2.500000e+00 1.220000e+01
      vertex   1.062257e+02 2.500000e+00 7.278460e+00
    endloop
  endfacet
  facet normal 0.000000e+00 1.000000e+00 0.000000e+00
    outer loop
      vertex   1.062257e+02 2.500000e+00 7.278460e+00
      vertex   1.133000e+02 2.500000e+00 1.220000e+01
      vertex   1.173000e+02 2.500000e+00 1.220000e+01
    endloop
  endfacet
  facet normal -0.000000e+00 1.000000e+00 0.000000e+00
    outer loop
      vertex   1.062257e+02 2.500000e+00 7.278460e+00
      vertex   1.173000e+02 2.500000e+00 1.220000e+01
      vertex   1.063856e+02 2.500000e+00 7.050000e+00
    endloop
  endfacet
  facet normal -0.000000e+00 1.000000e+00 0.000000e+00
    outer loop
      vertex   1.063856e+02 2.500000e+00 7.050000e+00
      vertex   1.173000e+02 2.500000e+00 1.220000e+01
      vertex   1.065035e+02 2.500000e+00 6.797232e+00
    endloop
  endfacet
  facet normal 0.000000e+00 1.000000e+00 0.000000e+00
    outer loop
      vertex   1.065035e+02 2.500000e+00 6.797232e+00
      vertex   1.173000e+02 2.500000e+00 1.220000e+01
      vertex   1.213000e+02 2.500000e+00 1.220000e+01
    endloop
  endfacet
  facet normal -0.000000e+00 1.000000e+00 0.000000e+00
    outer loop
      vertex   1.065035e+02 2.500000e+00 6.797232e+00
      vertex   1.213000e+02 2.500000e+00 1.220000e+01
      vertex   1.065757e+02 2.500000e+00 6.527837e+00
    endloop
  endfacet
  facet normal -0.000000e+00 1.000000e+00 0.000000e+00
    outer loop
      vertex   1.065757e+02 2.500000e+00 6.527837e+00
      vertex   1.213000e+02 2.500000e+00 1.220000e+01
      vertex   1.066000e+02 2.500000e+00 6.250000e+00
    endloop
  endfacet
  facet normal -0.000000e+00 1.000000e+00 0.000000e+00
    outer loop
      vertex   1.066000e+02 2.500000e+00 6.250000e+00
      vertex   1.213000e+02 2.500000e+00 1.220000e+01
      vertex   1.065757e+02 2.500000e+00 5.972163e+00
    endloop
  endfacet
  facet normal 0.000000e+00 1.000000e+00 0.000000e+00
    outer loop
      vertex   1.065757e+02 2.500000e+00 5.972163e+00
      vertex   1.213000e+02 2.500000e+00 1.220000e+01
      vertex   1.253000e+02 2.500000e+00 1.220000e+01
    endloop
  endfacet
  facet normal -0.000000e+00 1.000000e+00 0.000000e+00
    outer loop
      vertex   1.065757e+02 2.500000e+00 5.972163e+00
      vertex   1.253000e+02 2.500000e+00 1.220000e+01
      vertex   1.065035e+02 2.500000e+00 5.702768e+00
    endloop
  endfacet
  facet normal -0.000000e+00 1.000000e+00 0.000000e+00
    outer loop
      vertex   1.065035e+02 2.500000e+00 5.702768e+00
      vertex   1.253000e+02 2.500000e+00 1.220000e+01
      vertex   1.063856e+02 2.500000e+00 5.450000e+00
    endloop
  endfacet
  facet normal 0.000000e+00 1.000000e+00 0.000000e+00
    outer loop
      vertex   1.063856e+02 2.500000e+00 5.450000e+00
      vertex   1.253000e+02 2.500000e+00 1.220000e+01
      vertex   1.293000e+02 2.500000e+00 1.220000e+01
    endloop
  endfacet
  facet normal -0.000000e+00 1.000000e+00 0.000000e+00
    outer loop
      vertex   1.063856e+02 2.500000e+00 5.450000e+00
      vertex   1.293000e+02 2.500000e+00 1.220000e+01
      vertex   1.062257e+02 2.500000e+00 5.221540e+00
    endloop
  endfacet
  facet normal 0.000000e+00 1.000000e+00 0.000000e+00
    outer loop
      vertex   1.062257e+02 2.500000e+00 5.221540e+00
      vertex   1.293000e+02 2.500000e+00 1.220000e+01
      vertex   1.333000e+02 2.500000e+00 1.220000e+01
    endloop
  endfacet
  facet normal -0.000000e+00 1.000000e+00 0.000000e+00
    outer loop
      vertex   1.062257e+02 2.500000e+00 5.221540e+00
      vertex   1.333000e+02 2.500000e+00 1.220000e+01
      vertex   1.060285e+02 2.500000e+00 5.024329e+00
    endloop
  endfacet
  facet normal 0.000000e+00 1.000000e+00 0.000000e+00
    outer loop
      vertex   1.060285e+02 2.500000e+00 5.024329e+00
      vertex   1.333000e+02 2.500000e+00 1.220000e+01
      vertex   1.373000e+02 2.500000e+00 1.220000e+01
    endloop
  endfacet
  facet normal -0.000000e+00 1.000000e+00 0.000000e+00
    outer loop
      vertex   1.060285e+02 2.500000e+00 5.024329e+00
      vertex   1.373000e+02 2.500000e+00 1.220000e+01
      vertex   1.058000e+02 2.500000e+00 4.864359e+00
    endloop
  endfacet
  facet normal 0.000000e+00 1.000000e+00 0.000000e+00
    outer loop
      vertex   1.058000e+02 2.500000e+00 4.864359e+00
      vertex   1.373000e+02 2.500000e+00 1.220000e+01
      vertex   1.413000e+02 2.500000e+00 1.220000e+01
    endloop
  endfacet
  facet normal 0.000000e+00 1.000000e+00 0.000000e+00
    outer loop
      vertex   1.058000e+02 2.500000e+00 4.864359e+00
      vertex   1.413000e+02 2.500000e+00 1.220000e+01
      vertex   1.453000e+02 2.500000e+00 1.220000e+01
    endloop
  endfacet
  facet normal 0.000000e+00 1.000000e+00 0.000000e+00
    outer loop
      vertex   1.034243e+02 2.500000e+00 5.972163e+00
      vertex   1.034965e+02 2.500000e+00 5.702768e+00
      vertex   8.530000e+01 2.500000e+00 1.220000e+01
    endloop
  endfacet
  facet normal 0.000000e+00 1.000000e+00 0.000000e+00
    outer loop
      vertex   8.530000e+01 2.500000e+00 1.220000e+01
      vertex   1.034965e+02 2.500000e+00 5.702768e+00
      vertex   8.130000e+01 2.500000e+00 1.220000e+01
    endloop
  endfacet
  facet normal 0.000000e+00 1.000000e+00 -0.000000e+00
    outer loop
      vertex   8.530000e+01 2.500000e+00 1.220000e+01
      vertex   8.130000e+01 2.500000e+00 1.220000e+01
      vertex   1.409000e+02 2.500000e+00 7.180000e+01
    endloop
  endfacet
  facet normal 0.000000e+00 1.000000e+00 0.000000e+00
    outer loop
      vertex   1.034965e+02 2.500000e+00 5.702768e+00
      vertex   1.036144e+02 2.500000e+00 5.450000e+00
      vertex   8.130000e+01 2.500000e+00 1.220000e+01
    endloop
  endfacet
  facet normal 0.000000e+00 1.000000e+00 0.000000e+00
    outer loop
      vertex   8.130000e+01 2.500000e+00 1.220000e+01
      vertex   1.036144e+02 2.500000e+00 5.450000e+00
      vertex   1.037743e+02 2.500000e+00 5.221540e+00
    endloop
  endfacet
  facet normal 0.000000e+00 1.000000e+00 0.000000e+00
    outer loop
      vertex   8.130000e+01 2.500000e+00 1.220000e+01
      vertex   1.037743e+02 2.500000e+00 5.221540e+00
      vertex   7.730000e+01 2.500000e+00 1.220000e+01
    endloop
  endfacet
  facet normal 0.000000e+00 1.000000e+00 0.000000e+00
    outer loop
      vertex   7.730000e+01 2.500000e+00 1.220000e+01
      vertex   1.037743e+02 2.500000e+00 5.221540e+00
      vertex   1.039715e+02 2.500000e+00 5.024329e+00
    endloop
  endfacet
  facet normal 0.000000e+00 1.000000e+00 0.000000e+00
    outer loop
      vertex   7.730000e+01 2.500000e+00 1.220000e+01
      vertex   1.039715e+02 2.500000e+00 5.024329e+00
      vertex   1.042000e+02 2.500000e+00 4.864359e+00
    endloop
  endfacet
  facet normal 0.000000e+00 1.000000e+00 0.000000e+00
    outer loop
      vertex   7.730000e+01 2.500000e+00 1.220000e+01
      vertex   1.042000e+02 2.500000e+00 4.864359e+00
      vertex   6.911270e+00 2.500000e+00 2.200000e+00
    endloop
  endfacet
  facet normal 0.000000e+00 1.000000e+00 0.000000e+00
    outer loop
      vertex   6.911270e+00 2.500000e+00 2.200000e+00
      vertex   1.042000e+02 2.500000e+00 4.864359e+00
      vertex   1.044528e+02 2.500000e+00 4.746492e+00
    endloop
  endfacet
  facet normal 0.000000e+00 1.000000e+00 0.000000e+00
    outer loop
      vertex   6.911270e+00 2.500000e+00 2.200000e+00
      vertex   1.044528e+02 2.500000e+00 4.746492e+00
      vertex   1.047222e+02 2.500000e+00 4.674308e+00
    endloop
  endfacet
  facet normal 0.000000e+00 1.000000e+00 0.000000e+00
    outer loop
      vertex   1.047222e+02 2.500000e+00 4.674308e+00
      vertex   1.050000e+02 2.500000e+00 4.650000e+00
      vertex   6.911270e+00 2.500000e+00 2.200000e+00
    endloop
  endfacet
  facet normal 0.000000e+00 1.000000e+00 0.000000e+00
    outer loop
      vertex   6.911270e+00 2.500000e+00 2.200000e+00
      vertex   1.050000e+02 2.500000e+00 4.650000e+00
      vertex   2.030887e+02 2.500000e+00 2.200000e+00
    endloop
  endfacet
  facet normal 0.000000e+00 1.000000e+00 0.000000e+00
    outer loop
      vertex   2.030887e+02 2.500000e+00 2.200000e+00
      vertex   1.050000e+02 2.500000e+00 4.650000e+00
      vertex   1.052778e+02 2.500000e+00 4.674308e+00
    endloop
  endfacet
  facet normal 0.000000e+00 1.000000e+00 0.000000e+00
    outer loop
      vertex   2.030887e+02 2.500000e+00 2.200000e+00
      vertex   1.052778e+02 2.500000e+00 4.674308e+00
      vertex   1.055472e+02 2.500000e+00 4.746492e+00
    endloop
  endfacet
  facet normal -0.000000e+00 1.000000e+00 0.000000e+00
    outer loop
      vertex   1.058000e+02 2.500000e+00 4.864359e+00
      vertex   1.453000e+02 2.500000e+00 1.220000e+01
      vertex   1.055472e+02 2.500000e+00 4.746492e+00
    endloop
  endfacet
  facet normal 0.000000e+00 1.000000e+00 0.000000e+00
    outer loop
      vertex   1.055472e+02 2.500000e+00 4.746492e+00
      vertex   1.453000e+02 2.500000e+00 1.220000e+01
      vertex   1.493000e+02 2.500000e+00 1.220000e+01
    endloop
  endfacet
  facet normal 0.000000e+00 1.000000e+00 0.000000e+00
    outer loop
      vertex   1.055472e+02 2.500000e+00 4.746492e+00
      vertex   1.493000e+02 2.500000e+00 1.220000e+01
      vertex   1.533000e+02 2.500000e+00 1.220000e+01
    endloop
  endfacet
  facet normal 0.000000e+00 1.000000e+00 0.000000e+00
    outer loop
      vertex   5.424308e+00 2.500000e+00 7.277837e+00
      vertex   5.400000e+00 2.500000e+00 7.000000e+00
      vertex   2.200000e+00 2.500000e+00 6.911270e+00
    endloop
  endfacet
  facet normal -0.000000e+00 1.000000e+00 0.000000e+00
    outer loop
      vertex   2.200000e+00 2.500000e+00 6.911270e+00
      vertex   5.400000e+00 2.500000e+00 7.000000e+00
      vertex   5.424308e+00 2.500000e+00 6.722163e+00
    endloop
  endfacet
  facet normal 0.000000e+00 1.000000e+00 0.000000e+00
    outer loop
      vertex   2.200000e+00 2.500000e+00 6.911270e+00
      vertex   5.424308e+00 2.500000e+00 6.722163e+00
      vertex   5.496492e+00 2.500000e+00 6.452768e+00
    endloop
  endfacet
  facet normal 0.000000e+00 1.000000e+00 0.000000e+00
    outer loop
      vertex   5.496492e+00 2.500000e+00 6.452768e+00
      vertex   5.614359e+00 2.500000e+00 6.200000e+00
      vertex   2.200000e+00 2.500000e+00 6.911270e+00
    endloop
  endfacet
  facet normal 0.000000e+00 1.000000e+00 0.000000e+00
    outer loop
      vertex   2.200000e+00 2.500000e+00 6.911270e+00
      vertex   5.614359e+00 2.500000e+00 6.200000e+00
      vertex   5.774329e+00 2.500000e+00 5.971540e+00
    endloop
  endfacet
  facet normal 0.000000e+00 1.000000e+00 0.000000e+00
    outer loop
      vertex   2.200000e+00 2.500000e+00 6.911270e+00
      vertex   5.774329e+00 2.500000e+00 5.971540e+00
      vertex   5.971540e+00 2.500000e+00 5.774329e+00
    endloop
  endfacet
  facet normal 0.000000e+00 1.000000e+00 0.000000e+00
    outer loop
      vertex   5.971540e+00 2.500000e+00 5.774329e+00
      vertex   6.200000e+00 2.500000e+00 5.614359e+00
      vertex   2.200000e+00 2.500000e+00 6.911270e+00
    endloop
  endfacet
  facet normal 0.000000e+00 1.000000e+00 0.000000e+00
    outer loop
      vertex   2.200000e+00 2.500000e+00 6.911270e+00
      vertex   6.200000e+00 2.500000e+00 5.614359e+00
      vertex   6.911270e+00 2.500000e+00 2.200000e+00
    endloop
  endfacet
  facet normal 0.000000e+00 1.000000e+00 0.000000e+00
    outer loop
      vertex   6.911270e+00 2.500000e+00 2.200000e+00
      vertex   6.200000e+00 2.500000e+00 5.614359e+00
      vertex   6.452768e+00 2.500000e+00 5.496492e+00
    endloop
  endfacet
  facet normal 0.000000e+00 1.000000e+00 0.000000e+00
    outer loop
      vertex   6.911270e+00 2.500000e+00 2.200000e+00
      vertex   6.452768e+00 2.500000e+00 5.496492e+00
      vertex   6.722163e+00 2.500000e+00 5.424308e+00
    endloop
  endfacet
  facet normal 0.000000e+00 1.000000e+00 0.000000e+00
    outer loop
      vertex   6.722163e+00 2.500000e+00 5.424308e+00
      vertex   7.000000e+00 2.500000e+00 5.400000e+00
      vertex   6.911270e+00 2.500000e+00 2.200000e+00
    endloop
  endfacet
  facet normal 0.000000e+00 1.000000e+00 0.000000e+00
    outer loop
      vertex   6.911270e+00 2.500000e+00 2.200000e+00
      vertex   7.000000e+00 2.500000e+00 5.400000e+00
      vertex   7.277837e+00 2.500000e+00 5.424308e+00
    endloop
  endfacet
  facet normal 0.000000e+00 1.000000e+00 0.000000e+00
    outer loop
      vertex   6.911270e+00 2.500000e+00 2.200000e+00
      vertex   7.277837e+00 2.500000e+00 5.424308e+00
      vertex   7.547232e+00 2.500000e+00 5.496492e+00
    endloop
  endfacet
  facet normal -0.000000e+00 1.000000e+00 0.000000e+00
    outer loop
      vertex   7.547232e+00 2.500000e+00 5.496492e+00
      vertex   7.800000e+00 2.500000e+00 5.614359e+00
      vertex   6.911270e+00 2.500000e+00 2.200000e+00
    endloop
  endfacet
  facet normal 0.000000e+00 1.000000e+00 0.000000e+00
    outer loop
      vertex   6.911270e+00 2.500000e+00 2.200000e+00
      vertex   7.800000e+00 2.500000e+00 5.614359e+00
      vertex   8.028460e+00 2.500000e+00 5.774329e+00
    endloop
  endfacet
  facet normal 0.000000e+00 1.000000e+00 0.000000e+00
    outer loop
      vertex   6.911270e+00 2.500000e+00 2.200000e+00
      vertex   8.028460e+00 2.500000e+00 5.774329e+00
      vertex   8.225671e+00 2.500000e+00 5.971540e+00
    endloop
  endfacet
  facet normal 0.000000e+00 1.000000e+00 0.000000e+00
    outer loop
      vertex   6.911270e+00 2.500000e+00 2.200000e+00
      vertex   8.225671e+00 2.500000e+00 5.971540e+00
      vertex   7.730000e+01 2.500000e+00 1.220000e+01
    endloop
  endfacet
  facet normal 0.000000e+00 1.000000e+00 0.000000e+00
    outer loop
      vertex   7.730000e+01 2.500000e+00 1.220000e+01
      vertex   8.225671e+00 2.500000e+00 5.971540e+00
      vertex   8.385641e+00 2.500000e+00 6.200000e+00
    endloop
  endfacet
  facet normal 0.000000e+00 1.000000e+00 0.000000e+00
    outer loop
      vertex   7.730000e+01 2.500000e+00 1.220000e+01
      vertex   8.385641e+00 2.500000e+00 6.200000e+00
      vertex   8.503508e+00 2.500000e+00 6.452768e+00
    endloop
  endfacet
  facet normal 0.000000e+00 1.000000e+00 0.000000e+00
    outer loop
      vertex   8.503508e+00 2.500000e+00 6.452768e+00
      vertex   8.575692e+00 2.500000e+00 6.722163e+00
      vertex   7.730000e+01 2.500000e+00 1.220000e+01
    endloop
  endfacet
  facet normal 0.000000e+00 1.000000e+00 0.000000e+00
    outer loop
      vertex   7.730000e+01 2.500000e+00 1.220000e+01
      vertex   8.575692e+00 2.500000e+00 6.722163e+00
      vertex   8.600000e+00 2.500000e+00 7.000000e+00
    endloop
  endfacet
  facet normal 0.000000e+00 1.000000e+00 0.000000e+00
    outer loop
      vertex   7.730000e+01 2.500000e+00 1.220000e+01
      vertex   8.600000e+00 2.500000e+00 7.000000e+00
      vertex   8.575692e+00 2.500000e+00 7.277837e+00
    endloop
  endfacet
  facet normal -0.000000e+00 1.000000e+00 0.000000e+00
    outer loop
      vertex   8.503508e+00 2.500000e+00 7.547232e+00
      vertex   6.530000e+01 2.500000e+00 1.220000e+01
      vertex   8.575692e+00 2.500000e+00 7.277837e+00
    endloop
  endfacet
  facet normal 0.000000e+00 1.000000e+00 0.000000e+00
    outer loop
      vertex   8.575692e+00 2.500000e+00 7.277837e+00
      vertex   6.530000e+01 2.500000e+00 1.220000e+01
      vertex   6.930000e+01 2.500000e+00 1.220000e+01
    endloop
  endfacet
  facet normal 0.000000e+00 1.000000e+00 0.000000e+00
    outer loop
      vertex   8.575692e+00 2.500000e+00 7.277837e+00
      vertex   6.930000e+01 2.500000e+00 1.220000e+01
      vertex   7.330000e+01 2.500000e+00 1.220000e+01
    endloop
  endfacet
  facet normal 0.000000e+00 1.000000e+00 -0.000000e+00
    outer loop
      vertex   8.503508e+00 2.500000e+00 7.547232e+00
      vertex   8.385641e+00 2.500000e+00 7.800000e+00
      vertex   6.530000e+01 2.500000e+00 1.220000e+01
    endloop
  endfacet
  facet normal 0.000000e+00 1.000000e+00 0.000000e+00
    outer loop
      vertex   6.530000e+01 2.500000e+00 1.220000e+01
      vertex   8.385641e+00 2.500000e+00 7.800000e+00
      vertex   8.225671e+00 2.500000e+00 8.028460e+00
    endloop
  endfacet
  facet normal 0.000000e+00 1.000000e+00 0.000000e+00
    outer loop
      vertex   6.530000e+01 2.500000e+00 1.220000e+01
      vertex   8.225671e+00 2.500000e+00 8.028460e+00
      vertex   8.028460e+00 2.500000e+00 8.225671e+00
    endloop
  endfacet
  facet normal 0.000000e+00 1.000000e+00 -0.000000e+00
    outer loop
      vertex   8.028460e+00 2.500000e+00 8.225671e+00
      vertex   7.800000e+00 2.500000e+00 8.385641e+00
      vertex   6.530000e+01 2.500000e+00 1.220000e+01
    endloop
  endfacet
  facet normal 0.000000e+00 1.000000e+00 0.000000e+00
    outer loop
      vertex   6.530000e+01 2.500000e+00 1.220000e+01
      vertex   7.800000e+00 2.500000e+00 8.385641e+00
      vertex   7.547232e+00 2.500000e+00 8.503508e+00
    endloop
  endfacet
  facet normal 0.000000e+00 1.000000e+00 0.000000e+00
    outer loop
      vertex   6.530000e+01 2.500000e+00 1.220000e+01
      vertex   7.547232e+00 2.500000e+00 8.503508e+00
      vertex   7.277837e+00 2.500000e+00 8.575692e+00
    endloop
  endfacet
  facet normal 0.000000e+00 1.000000e+00 -0.000000e+00
    outer loop
      vertex   7.277837e+00 2.500000e+00 8.575692e+00
      vertex   7.000000e+00 2.500000e+00 8.600000e+00
      vertex   6.530000e+01 2.500000e+00 1.220000e+01
    endloop
  endfacet
  facet normal 0.000000e+00 1.000000e+00 0.000000e+00
    outer loop
      vertex   6.530000e+01 2.500000e+00 1.220000e+01
      vertex   7.000000e+00 2.500000e+00 8.600000e+00
      vertex   6.490000e+01 2.500000e+00 1.220000e+01
    endloop
  endfacet
  facet normal 0.000000e+00 1.000000e+00 0.000000e+00
    outer loop
      vertex   6.452768e+00 2.500000e+00 8.503508e+00
      vertex   6.200000e+00 2.500000e+00 8.385641e+00
      vertex   2.200000e+00 2.500000e+00 6.911270e+00
    endloop
  endfacet
  facet normal 0.000000e+00 1.000000e+00 0.000000e+00
    outer loop
      vertex   2.200000e+00 2.500000e+00 6.911270e+00
      vertex   6.200000e+00 2.500000e+00 8.385641e+00
      vertex   5.971540e+00 2.500000e+00 8.225671e+00
    endloop
  endfacet
  facet normal 0.000000e+00 1.000000e+00 0.000000e+00
    outer loop
      vertex   2.200000e+00 2.500000e+00 6.911270e+00
      vertex   5.971540e+00 2.500000e+00 8.225671e+00
      vertex   5.774329e+00 2.500000e+00 8.028460e+00
    endloop
  endfacet
  facet normal 0.000000e+00 1.000000e+00 0.000000e+00
    outer loop
      vertex   5.774329e+00 2.500000e+00 8.028460e+00
      vertex   5.614359e+00 2.500000e+00 7.800000e+00
      vertex   2.200000e+00 2.500000e+00 6.911270e+00
    endloop
  endfacet
  facet normal 0.000000e+00 1.000000e+00 0.000000e+00
    outer loop
      vertex   2.200000e+00 2.500000e+00 6.911270e+00
      vertex   5.614359e+00 2.500000e+00 7.800000e+00
      vertex   5.496492e+00 2.500000e+00 7.547232e+00
    endloop
  endfacet
  facet normal 0.000000e+00 1.000000e+00 0.000000e+00
    outer loop
      vertex   2.200000e+00 2.500000e+00 6.911270e+00
      vertex   5.496492e+00 2.500000e+00 7.547232e+00
      vertex   5.424308e+00 2.500000e+00 7.277837e+00
    endloop
  endfacet
  facet normal 0.000000e+00 1.000000e+00 0.000000e+00
    outer loop
      vertex   2.014000e+02 2.500000e+00 7.000000e+00
      vertex   2.014243e+02 2.500000e+00 6.722163e+00
      vertex   1.853000e+02 2.500000e+00 1.220000e+01
    endloop
  endfacet
  facet normal 0.000000e+00 1.000000e+00 0.000000e+00
    outer loop
      vertex   1.853000e+02 2.500000e+00 1.220000e+01
      vertex   2.014243e+02 2.500000e+00 6.722163e+00
      vertex   2.014965e+02 2.500000e+00 6.452768e+00
    endloop
  endfacet
  facet normal 0.000000e+00 1.000000e+00 0.000000e+00
    outer loop
      vertex   6.490000e+01 2.500000e+00 6.380000e+01
      vertex   6.490000e+01 2.500000e+00 6.780000e+01
      vertex   7.290000e+01 2.500000e+00 7.180000e+01
    endloop
  endfacet
  facet normal 0.000000e+00 1.000000e+00 0.000000e+00
    outer loop
      vertex   7.290000e+01 2.500000e+00 7.180000e+01
      vertex   6.490000e+01 2.500000e+00 6.780000e+01
      vertex   6.890000e+01 2.500000e+00 7.180000e+01
    endloop
  endfacet
  facet normal 0.000000e+00 1.000000e+00 -0.000000e+00
    outer loop
      vertex   7.290000e+01 2.500000e+00 7.180000e+01
      vertex   6.890000e+01 2.500000e+00 7.180000e+01
      vertex   1.037743e+02 2.500000e+00 7.877846e+01
    endloop
  endfacet
  facet normal 0.000000e+00 1.000000e+00 0.000000e+00
    outer loop
      vertex   1.037743e+02 2.500000e+00 7.877846e+01
      vertex   6.890000e+01 2.500000e+00 7.180000e+01
      vertex   6.490000e+01 2.500000e+00 7.180000e+01
    endloop
  endfacet
  facet normal 0.000000e+00 1.000000e+00 0.000000e+00
    outer loop
      vertex   6.490000e+01 2.500000e+00 1.580000e+01
      vertex   6.490000e+01 2.500000e+00 1.980000e+01
      vertex   1.209000e+02 2.500000e+00 7.180000e+01
    endloop
  endfacet
  facet normal 0.000000e+00 1.000000e+00 0.000000e+00
    outer loop
      vertex   1.209000e+02 2.500000e+00 7.180000e+01
      vertex   6.490000e+01 2.500000e+00 1.980000e+01
      vertex   1.169000e+02 2.500000e+00 7.180000e+01
    endloop
  endfacet
  facet normal 0.000000e+00 1.000000e+00 0.000000e+00
    outer loop
      vertex   1.209000e+02 2.500000e+00 7.180000e+01
      vertex   1.169000e+02 2.500000e+00 7.180000e+01
      vertex   1.065035e+02 2.500000e+00 7.720277e+01
    endloop
  endfacet
  facet normal 0.000000e+00 1.000000e+00 0.000000e+00
    outer loop
      vertex   1.065035e+02 2.500000e+00 7.720277e+01
      vertex   1.169000e+02 2.500000e+00 7.180000e+01
      vertex   1.063856e+02 2.500000e+00 7.695000e+01
    endloop
  endfacet
  facet normal 0.000000e+00 1.000000e+00 0.000000e+00
    outer loop
      vertex   1.063856e+02 2.500000e+00 7.695000e+01
      vertex   1.169000e+02 2.500000e+00 7.180000e+01
      vertex   1.062257e+02 2.500000e+00 7.672154e+01
    endloop
  endfacet
  facet normal 0.000000e+00 1.000000e+00 0.000000e+00
    outer loop
      vertex   1.062257e+02 2.500000e+00 7.672154e+01
      vertex   1.169000e+02 2.500000e+00 7.180000e+01
      vertex   1.129000e+02 2.500000e+00 7.180000e+01
    endloop
  endfacet
  facet normal 0.000000e+00 1.000000e+00 0.000000e+00
    outer loop
      vertex   1.062257e+02 2.500000e+00 7.672154e+01
      vertex   1.129000e+02 2.500000e+00 7.180000e+01
      vertex   1.060285e+02 2.500000e+00 7.652433e+01
    endloop
  endfacet
  facet normal 0.000000e+00 1.000000e+00 0.000000e+00
    outer loop
      vertex   1.060285e+02 2.500000e+00 7.652433e+01
      vertex   1.129000e+02 2.500000e+00 7.180000e+01
      vertex   1.058000e+02 2.500000e+00 7.636436e+01
    endloop
  endfacet
  facet normal 0.000000e+00 1.000000e+00 0.000000e+00
    outer loop
      vertex   1.058000e+02 2.500000e+00 7.636436e+01
      vertex   1.129000e+02 2.500000e+00 7.180000e+01
      vertex   1.055472e+02 2.500000e+00 7.624649e+01
    endloop
  endfacet
  facet normal 0.000000e+00 1.000000e+00 0.000000e+00
    outer loop
      vertex   6.930000e+01 2.500000e+00 1.220000e+01
      vertex   1.249000e+02 2.500000e+00 7.180000e+01
      vertex   1.289000e+02 2.500000e+00 7.180000e+01
    endloop
  endfacet
  facet normal 0.000000e+00 1.000000e+00 0.000000e+00
    outer loop
      vertex   1.289000e+02 2.500000e+00 7.180000e+01
      vertex   1.249000e+02 2.500000e+00 7.180000e+01
      vertex   1.065035e+02 2.500000e+00 7.829723e+01
    endloop
  endfacet
  facet normal 0.000000e+00 1.000000e+00 0.000000e+00
    outer loop
      vertex   1.289000e+02 2.500000e+00 7.180000e+01
      vertex   1.065035e+02 2.500000e+00 7.829723e+01
      vertex   1.063856e+02 2.500000e+00 7.855000e+01
    endloop
  endfacet
  facet normal 0.000000e+00 1.000000e+00 0.000000e+00
    outer loop
      vertex   8.575692e+00 2.500000e+00 7.277837e+00
      vertex   7.330000e+01 2.500000e+00 1.220000e+01
      vertex   7.730000e+01 2.500000e+00 1.220000e+01
    endloop
  endfacet
  facet normal 0.000000e+00 1.000000e+00 -0.000000e+00
    outer loop
      vertex   7.730000e+01 2.500000e+00 1.220000e+01
      vertex   7.330000e+01 2.500000e+00 1.220000e+01
      vertex   1.329000e+02 2.500000e+00 7.180000e+01
    endloop
  endfacet
  facet normal 0.000000e+00 1.000000e+00 0.000000e+00
    outer loop
      vertex   7.730000e+01 2.500000e+00 1.220000e+01
      vertex   1.329000e+02 2.500000e+00 7.180000e+01
      vertex   1.369000e+02 2.500000e+00 7.180000e+01
    endloop
  endfacet
  facet normal 0.000000e+00 1.000000e+00 0.000000e+00
    outer loop
      vertex   1.369000e+02 2.500000e+00 7.180000e+01
      vertex   1.329000e+02 2.500000e+00 7.180000e+01
      vertex   1.062257e+02 2.500000e+00 7.877846e+01
    endloop
  endfacet
  facet normal 0.000000e+00 1.000000e+00 -0.000000e+00
    outer loop
      vertex   1.369000e+02 2.500000e+00 7.180000e+01
      vertex   1.062257e+02 2.500000e+00 7.877846e+01
      vertex   1.409000e+02 2.500000e+00 7.180000e+01
    endloop
  endfacet
  facet normal 0.000000e+00 1.000000e+00 -0.000000e+00
    outer loop
      vertex   1.409000e+02 2.500000e+00 7.180000e+01
      vertex   1.062257e+02 2.500000e+00 7.877846e+01
      vertex   1.449000e+02 2.500000e+00 7.180000e+01
    endloop
  endfacet
  facet normal -0.000000e+00 1.000000e+00 0.000000e+00
    outer loop
      vertex   1.409000e+02 2.500000e+00 7.180000e+01
      vertex   1.449000e+02 2.500000e+00 7.180000e+01
      vertex   8.530000e+01 2.500000e+00 1.220000e+01
    endloop
  endfacet
  facet normal 0.000000e+00 1.000000e+00 0.000000e+00
    outer loop
      vertex   1.329000e+02 2.500000e+00 7.180000e+01
      vertex   1.289000e+02 2.500000e+00 7.180000e+01
      vertex   1.062257e+02 2.500000e+00 7.877846e+01
    endloop
  endfacet
  facet normal 0.000000e+00 1.000000e+00 0.000000e+00
    outer loop
      vertex   1.062257e+02 2.500000e+00 7.877846e+01
      vertex   1.289000e+02 2.500000e+00 7.180000e+01
      vertex   1.063856e+02 2.500000e+00 7.855000e+01
    endloop
  endfacet
  facet normal 0.000000e+00 1.000000e+00 -0.000000e+00
    outer loop
      vertex   1.413000e+02 2.500000e+00 1.220000e+01
      vertex   1.373000e+02 2.500000e+00 1.220000e+01
      vertex   1.978000e+02 2.500000e+00 6.870000e+01
    endloop
  endfacet
  facet normal 0.000000e+00 1.000000e+00 0.000000e+00
    outer loop
      vertex   1.978000e+02 2.500000e+00 6.870000e+01
      vertex   1.373000e+02 2.500000e+00 1.220000e+01
      vertex   1.969000e+02 2.500000e+00 7.180000e+01
    endloop
  endfacet
  facet normal 0.000000e+00 1.000000e+00 -0.000000e+00
    outer loop
      vertex   1.978000e+02 2.500000e+00 6.870000e+01
      vertex   1.969000e+02 2.500000e+00 7.180000e+01
      vertex   2.032778e+02 2.500000e+00 7.542431e+01
    endloop
  endfacet
  facet normal 0.000000e+00 1.000000e+00 0.000000e+00
    outer loop
      vertex   2.032778e+02 2.500000e+00 7.542431e+01
      vertex   1.969000e+02 2.500000e+00 7.180000e+01
      vertex   2.030000e+02 2.500000e+00 7.540000e+01
    endloop
  endfacet
  facet normal 0.000000e+00 1.000000e+00 0.000000e+00
    outer loop
      vertex   2.030000e+02 2.500000e+00 7.540000e+01
      vertex   1.969000e+02 2.500000e+00 7.180000e+01
      vertex   2.027222e+02 2.500000e+00 7.542431e+01
    endloop
  endfacet
  facet normal 0.000000e+00 1.000000e+00 0.000000e+00
    outer loop
      vertex   2.027222e+02 2.500000e+00 7.542431e+01
      vertex   1.969000e+02 2.500000e+00 7.180000e+01
      vertex   2.024528e+02 2.500000e+00 7.549649e+01
    endloop
  endfacet
  facet normal 0.000000e+00 1.000000e+00 0.000000e+00
    outer loop
      vertex   2.024528e+02 2.500000e+00 7.549649e+01
      vertex   1.969000e+02 2.500000e+00 7.180000e+01
      vertex   2.022000e+02 2.500000e+00 7.561436e+01
    endloop
  endfacet
  facet normal 0.000000e+00 1.000000e+00 0.000000e+00
    outer loop
      vertex   2.022000e+02 2.500000e+00 7.561436e+01
      vertex   1.969000e+02 2.500000e+00 7.180000e+01
      vertex   2.019715e+02 2.500000e+00 7.577433e+01
    endloop
  endfacet
  facet normal 0.000000e+00 1.000000e+00 0.000000e+00
    outer loop
      vertex   2.019715e+02 2.500000e+00 7.577433e+01
      vertex   1.969000e+02 2.500000e+00 7.180000e+01
      vertex   1.929000e+02 2.500000e+00 7.180000e+01
    endloop
  endfacet
  facet normal 0.000000e+00 1.000000e+00 0.000000e+00
    outer loop
      vertex   2.019715e+02 2.500000e+00 7.577433e+01
      vertex   1.929000e+02 2.500000e+00 7.180000e+01
      vertex   2.017743e+02 2.500000e+00 7.597154e+01
    endloop
  endfacet
  facet normal 0.000000e+00 1.000000e+00 0.000000e+00
    outer loop
      vertex   2.017743e+02 2.500000e+00 7.597154e+01
      vertex   1.929000e+02 2.500000e+00 7.180000e+01
      vertex   2.016144e+02 2.500000e+00 7.620000e+01
    endloop
  endfacet
  facet normal 0.000000e+00 1.000000e+00 0.000000e+00
    outer loop
      vertex   2.016144e+02 2.500000e+00 7.620000e+01
      vertex   1.929000e+02 2.500000e+00 7.180000e+01
      vertex   2.014965e+02 2.500000e+00 7.645277e+01
    endloop
  endfacet
  facet normal 0.000000e+00 1.000000e+00 0.000000e+00
    outer loop
      vertex   2.014965e+02 2.500000e+00 7.645277e+01
      vertex   1.929000e+02 2.500000e+00 7.180000e+01
      vertex   1.889000e+02 2.500000e+00 7.180000e+01
    endloop
  endfacet
  facet normal 0.000000e+00 1.000000e+00 0.000000e+00
    outer loop
      vertex   2.014965e+02 2.500000e+00 7.645277e+01
      vertex   1.889000e+02 2.500000e+00 7.180000e+01
      vertex   2.014243e+02 2.500000e+00 7.672216e+01
    endloop
  endfacet
  facet normal 0.000000e+00 1.000000e+00 0.000000e+00
    outer loop
      vertex   2.014243e+02 2.500000e+00 7.672216e+01
      vertex   1.889000e+02 2.500000e+00 7.180000e+01
      vertex   2.014000e+02 2.500000e+00 7.700000e+01
    endloop
  endfacet
  facet normal 0.000000e+00 1.000000e+00 -0.000000e+00
    outer loop
      vertex   2.014000e+02 2.500000e+00 7.700000e+01
      vertex   1.889000e+02 2.500000e+00 7.180000e+01
      vertex   2.014243e+02 2.500000e+00 7.727784e+01
    endloop
  endfacet
  facet normal 0.000000e+00 1.000000e+00 0.000000e+00
    outer loop
      vertex   2.014243e+02 2.500000e+00 7.727784e+01
      vertex   1.889000e+02 2.500000e+00 7.180000e+01
      vertex   1.849000e+02 2.500000e+00 7.180000e+01
    endloop
  endfacet
  facet normal 0.000000e+00 1.000000e+00 -0.000000e+00
    outer loop
      vertex   2.014243e+02 2.500000e+00 7.727784e+01
      vertex   1.849000e+02 2.500000e+00 7.180000e+01
      vertex   2.014965e+02 2.500000e+00 7.754723e+01
    endloop
  endfacet
  facet normal 0.000000e+00 1.000000e+00 -0.000000e+00
    outer loop
      vertex   2.014965e+02 2.500000e+00 7.754723e+01
      vertex   1.849000e+02 2.500000e+00 7.180000e+01
      vertex   2.016144e+02 2.500000e+00 7.780000e+01
    endloop
  endfacet
  facet normal 0.000000e+00 1.000000e+00 0.000000e+00
    outer loop
      vertex   2.016144e+02 2.500000e+00 7.780000e+01
      vertex   1.849000e+02 2.500000e+00 7.180000e+01
      vertex   1.809000e+02 2.500000e+00 7.180000e+01
    endloop
  endfacet
  facet normal 0.000000e+00 1.000000e+00 -0.000000e+00
    outer loop
      vertex   2.016144e+02 2.500000e+00 7.780000e+01
      vertex   1.809000e+02 2.500000e+00 7.180000e+01
      vertex   2.017743e+02 2.500000e+00 7.802846e+01
    endloop
  endfacet
  facet normal 0.000000e+00 1.000000e+00 0.000000e+00
    outer loop
      vertex   2.017743e+02 2.500000e+00 7.802846e+01
      vertex   1.809000e+02 2.500000e+00 7.180000e+01
      vertex   1.769000e+02 2.500000e+00 7.180000e+01
    endloop
  endfacet
  facet normal 0.000000e+00 1.000000e+00 -0.000000e+00
    outer loop
      vertex   2.017743e+02 2.500000e+00 7.802846e+01
      vertex   1.769000e+02 2.500000e+00 7.180000e+01
      vertex   2.019715e+02 2.500000e+00 7.822567e+01
    endloop
  endfacet
  facet normal 0.000000e+00 1.000000e+00 0.000000e+00
    outer loop
      vertex   2.019715e+02 2.500000e+00 7.822567e+01
      vertex   1.769000e+02 2.500000e+00 7.180000e+01
      vertex   1.729000e+02 2.500000e+00 7.180000e+01
    endloop
  endfacet
  facet normal 0.000000e+00 1.000000e+00 -0.000000e+00
    outer loop
      vertex   2.019715e+02 2.500000e+00 7.822567e+01
      vertex   1.729000e+02 2.500000e+00 7.180000e+01
      vertex   2.022000e+02 2.500000e+00 7.838564e+01
    endloop
  endfacet
  facet normal 0.000000e+00 1.000000e+00 0.000000e+00
    outer loop
      vertex   2.022000e+02 2.500000e+00 7.838564e+01
      vertex   1.729000e+02 2.500000e+00 7.180000e+01
      vertex   1.689000e+02 2.500000e+00 7.180000e+01
    endloop
  endfacet
  facet normal 0.000000e+00 1.000000e+00 0.000000e+00
    outer loop
      vertex   2.022000e+02 2.500000e+00 7.838564e+01
      vertex   1.689000e+02 2.500000e+00 7.180000e+01
      vertex   1.649000e+02 2.500000e+00 7.180000e+01
    endloop
  endfacet
  facet normal 0.000000e+00 1.000000e+00 0.000000e+00
    outer loop
      vertex   1.649000e+02 2.500000e+00 7.180000e+01
      vertex   1.689000e+02 2.500000e+00 7.180000e+01
      vertex   1.093000e+02 2.500000e+00 1.220000e+01
    endloop
  endfacet
  facet normal 0.000000e+00 1.000000e+00 0.000000e+00
    outer loop
      vertex   1.649000e+02 2.500000e+00 7.180000e+01
      vertex   1.093000e+02 2.500000e+00 1.220000e+01
      vertex   1.053000e+02 2.500000e+00 1.220000e+01
    endloop
  endfacet
  facet normal 0.000000e+00 1.000000e+00 -0.000000e+00
    outer loop
      vertex   1.493000e+02 2.500000e+00 1.220000e+01
      vertex   1.453000e+02 2.500000e+00 1.220000e+01
      vertex   1.978000e+02 2.500000e+00 6.070000e+01
    endloop
  endfacet
  facet normal 0.000000e+00 1.000000e+00 -0.000000e+00
    outer loop
      vertex   1.978000e+02 2.500000e+00 6.070000e+01
      vertex   1.453000e+02 2.500000e+00 1.220000e+01
      vertex   1.978000e+02 2.500000e+00 6.470000e+01
    endloop
  endfacet
  facet normal 0.000000e+00 1.000000e+00 0.000000e+00
    outer loop
      vertex   1.978000e+02 2.500000e+00 6.070000e+01
      vertex   1.978000e+02 2.500000e+00 6.470000e+01
      vertex   2.078000e+02 2.500000e+00 7.708873e+01
    endloop
  endfacet
  facet normal 0.000000e+00 1.000000e+00 0.000000e+00
    outer loop
      vertex   2.078000e+02 2.500000e+00 7.708873e+01
      vertex   1.978000e+02 2.500000e+00 6.470000e+01
      vertex   1.978000e+02 2.500000e+00 6.870000e+01
    endloop
  endfacet
  facet normal 0.000000e+00 1.000000e+00 0.000000e+00
    outer loop
      vertex   2.078000e+02 2.500000e+00 7.708873e+01
      vertex   1.978000e+02 2.500000e+00 6.870000e+01
      vertex   2.035472e+02 2.500000e+00 7.549649e+01
    endloop
  endfacet
  facet normal 0.000000e+00 1.000000e+00 0.000000e+00
    outer loop
      vertex   2.035472e+02 2.500000e+00 7.549649e+01
      vertex   1.978000e+02 2.500000e+00 6.870000e+01
      vertex   2.032778e+02 2.500000e+00 7.542431e+01
    endloop
  endfacet
  facet normal 0.000000e+00 1.000000e+00 -0.000000e+00
    outer loop
      vertex   6.490000e+01 2.500000e+00 4.380000e+01
      vertex   4.740000e+01 2.500000e+00 5.913553e+01
      vertex   6.490000e+01 2.500000e+00 4.780000e+01
    endloop
  endfacet
  facet normal 0.000000e+00 1.000000e+00 -0.000000e+00
    outer loop
      vertex   6.490000e+01 2.500000e+00 4.780000e+01
      vertex   4.740000e+01 2.500000e+00 5.913553e+01
      vertex   6.490000e+01 2.500000e+00 5.180000e+01
    endloop
  endfacet
  facet normal 0.000000e+00 1.000000e+00 0.000000e+00
    outer loop
      vertex   6.490000e+01 2.500000e+00 4.780000e+01
      vertex   6.490000e+01 2.500000e+00 5.180000e+01
      vertex   8.890000e+01 2.500000e+00 7.180000e+01
    endloop
  endfacet
  facet normal 0.000000e+00 1.000000e+00 0.000000e+00
    outer loop
      vertex   8.890000e+01 2.500000e+00 7.180000e+01
      vertex   6.490000e+01 2.500000e+00 5.180000e+01
      vertex   8.490000e+01 2.500000e+00 7.180000e+01
    endloop
  endfacet
  facet normal -0.000000e+00 1.000000e+00 0.000000e+00
    outer loop
      vertex   9.290000e+01 2.500000e+00 7.180000e+01
      vertex   9.690000e+01 2.500000e+00 7.180000e+01
      vertex   6.490000e+01 2.500000e+00 4.380000e+01
    endloop
  endfacet
  facet normal -0.000000e+00 1.000000e+00 0.000000e+00
    outer loop
      vertex   6.490000e+01 2.500000e+00 4.380000e+01
      vertex   9.690000e+01 2.500000e+00 7.180000e+01
      vertex   6.490000e+01 2.500000e+00 3.980000e+01
    endloop
  endfacet
  facet normal 0.000000e+00 1.000000e+00 0.000000e+00
    outer loop
      vertex   6.490000e+01 2.500000e+00 4.380000e+01
      vertex   6.490000e+01 2.500000e+00 3.980000e+01
      vertex   4.740000e+01 2.500000e+00 5.913553e+01
    endloop
  endfacet
  facet normal 0.000000e+00 1.000000e+00 0.000000e+00
    outer loop
      vertex   6.530000e+01 2.500000e+00 1.220000e+01
      vertex   1.249000e+02 2.500000e+00 7.180000e+01
      vertex   6.930000e+01 2.500000e+00 1.220000e+01
    endloop
  endfacet
  facet normal 0.000000e+00 1.000000e+00 -0.000000e+00
    outer loop
      vertex   1.209000e+02 2.500000e+00 7.180000e+01
      vertex   1.066000e+02 2.500000e+00 7.775000e+01
      vertex   1.249000e+02 2.500000e+00 7.180000e+01
    endloop
  endfacet
  facet normal 0.000000e+00 1.000000e+00 0.000000e+00
    outer loop
      vertex   1.249000e+02 2.500000e+00 7.180000e+01
      vertex   1.066000e+02 2.500000e+00 7.775000e+01
      vertex   1.065757e+02 2.500000e+00 7.802784e+01
    endloop
  endfacet
  facet normal 0.000000e+00 1.000000e+00 0.000000e+00
    outer loop
      vertex   1.249000e+02 2.500000e+00 7.180000e+01
      vertex   1.065757e+02 2.500000e+00 7.802784e+01
      vertex   1.065035e+02 2.500000e+00 7.829723e+01
    endloop
  endfacet
  facet normal 0.000000e+00 1.000000e+00 0.000000e+00
    outer loop
      vertex   1.849000e+02 2.500000e+00 7.180000e+01
      vertex   1.253000e+02 2.500000e+00 1.220000e+01
      vertex   1.809000e+02 2.500000e+00 7.180000e+01
    endloop
  endfacet
  facet normal 0.000000e+00 1.000000e+00 0.000000e+00
    outer loop
      vertex   1.809000e+02 2.500000e+00 7.180000e+01
      vertex   1.253000e+02 2.500000e+00 1.220000e+01
      vertex   1.213000e+02 2.500000e+00 1.220000e+01
    endloop
  endfacet
  facet normal 0.000000e+00 1.000000e+00 0.000000e+00
    outer loop
      vertex   1.293000e+02 2.500000e+00 1.220000e+01
      vertex   1.889000e+02 2.500000e+00 7.180000e+01
      vertex   1.333000e+02 2.500000e+00 1.220000e+01
    endloop
  endfacet
  facet normal 0.000000e+00 1.000000e+00 0.000000e+00
    outer loop
      vertex   1.333000e+02 2.500000e+00 1.220000e+01
      vertex   1.889000e+02 2.500000e+00 7.180000e+01
      vertex   1.929000e+02 2.500000e+00 7.180000e+01
    endloop
  endfacet
  facet normal 0.000000e+00 1.000000e+00 0.000000e+00
    outer loop
      vertex   6.490000e+01 2.500000e+00 5.580000e+01
      vertex   6.490000e+01 2.500000e+00 5.180000e+01
      vertex   4.740000e+01 2.500000e+00 5.913553e+01
    endloop
  endfacet
  facet normal 0.000000e+00 1.000000e+00 0.000000e+00
    outer loop
      vertex   2.035472e+02 2.500000e+00 7.549649e+01
      vertex   2.038000e+02 2.500000e+00 7.561436e+01
      vertex   2.078000e+02 2.500000e+00 7.708873e+01
    endloop
  endfacet
  facet normal 0.000000e+00 1.000000e+00 0.000000e+00
    outer loop
      vertex   2.078000e+02 2.500000e+00 7.708873e+01
      vertex   2.038000e+02 2.500000e+00 7.561436e+01
      vertex   2.040285e+02 2.500000e+00 7.577433e+01
    endloop
  endfacet
  facet normal 0.000000e+00 1.000000e+00 0.000000e+00
    outer loop
      vertex   2.078000e+02 2.500000e+00 7.708873e+01
      vertex   2.040285e+02 2.500000e+00 7.577433e+01
      vertex   2.042257e+02 2.500000e+00 7.597154e+01
    endloop
  endfacet
  facet normal 0.000000e+00 1.000000e+00 0.000000e+00
    outer loop
      vertex   2.042257e+02 2.500000e+00 7.597154e+01
      vertex   2.043856e+02 2.500000e+00 7.620000e+01
      vertex   2.078000e+02 2.500000e+00 7.708873e+01
    endloop
  endfacet
  facet normal 0.000000e+00 1.000000e+00 0.000000e+00
    outer loop
      vertex   2.078000e+02 2.500000e+00 7.708873e+01
      vertex   2.043856e+02 2.500000e+00 7.620000e+01
      vertex   2.045035e+02 2.500000e+00 7.645277e+01
    endloop
  endfacet
  facet normal 0.000000e+00 1.000000e+00 0.000000e+00
    outer loop
      vertex   2.078000e+02 2.500000e+00 7.708873e+01
      vertex   2.045035e+02 2.500000e+00 7.645277e+01
      vertex   2.045757e+02 2.500000e+00 7.672216e+01
    endloop
  endfacet
  facet normal 0.000000e+00 1.000000e+00 0.000000e+00
    outer loop
      vertex   2.045757e+02 2.500000e+00 7.672216e+01
      vertex   2.046000e+02 2.500000e+00 7.700000e+01
      vertex   2.078000e+02 2.500000e+00 7.708873e+01
    endloop
  endfacet
  facet normal 0.000000e+00 1.000000e+00 0.000000e+00
    outer loop
      vertex   2.078000e+02 2.500000e+00 7.708873e+01
      vertex   2.046000e+02 2.500000e+00 7.700000e+01
      vertex   2.045757e+02 2.500000e+00 7.727784e+01
    endloop
  endfacet
  facet normal 0.000000e+00 1.000000e+00 0.000000e+00
    outer loop
      vertex   2.078000e+02 2.500000e+00 7.708873e+01
      vertex   2.045757e+02 2.500000e+00 7.727784e+01
      vertex   2.045035e+02 2.500000e+00 7.754723e+01
    endloop
  endfacet
  facet normal -0.000000e+00 1.000000e+00 -0.000000e+00
    outer loop
      vertex   2.045035e+02 2.500000e+00 7.754723e+01
      vertex   2.043856e+02 2.500000e+00 7.780000e+01
      vertex   2.078000e+02 2.500000e+00 7.708873e+01
    endloop
  endfacet
  facet normal 0.000000e+00 1.000000e+00 0.000000e+00
    outer loop
      vertex   2.078000e+02 2.500000e+00 7.708873e+01
      vertex   2.043856e+02 2.500000e+00 7.780000e+01
      vertex   2.042257e+02 2.500000e+00 7.802846e+01
    endloop
  endfacet
  facet normal 0.000000e+00 1.000000e+00 0.000000e+00
    outer loop
      vertex   2.078000e+02 2.500000e+00 7.708873e+01
      vertex   2.042257e+02 2.500000e+00 7.802846e+01
      vertex   2.040285e+02 2.500000e+00 7.822567e+01
    endloop
  endfacet
  facet normal -0.000000e+00 1.000000e+00 -0.000000e+00
    outer loop
      vertex   2.040285e+02 2.500000e+00 7.822567e+01
      vertex   2.038000e+02 2.500000e+00 7.838564e+01
      vertex   2.078000e+02 2.500000e+00 7.708873e+01
    endloop
  endfacet
  facet normal 0.000000e+00 1.000000e+00 0.000000e+00
    outer loop
      vertex   2.078000e+02 2.500000e+00 7.708873e+01
      vertex   2.038000e+02 2.500000e+00 7.838564e+01
      vertex   2.030887e+02 2.500000e+00 8.180000e+01
    endloop
  endfacet
  facet normal 0.000000e+00 1.000000e+00 0.000000e+00
    outer loop
      vertex   2.030887e+02 2.500000e+00 8.180000e+01
      vertex   2.038000e+02 2.500000e+00 7.838564e+01
      vertex   2.035472e+02 2.500000e+00 7.850351e+01
    endloop
  endfacet
  facet normal 0.000000e+00 1.000000e+00 0.000000e+00
    outer loop
      vertex   2.030887e+02 2.500000e+00 8.180000e+01
      vertex   2.035472e+02 2.500000e+00 7.850351e+01
      vertex   2.032778e+02 2.500000e+00 7.857569e+01
    endloop
  endfacet
  facet normal 0.000000e+00 1.000000e+00 0.000000e+00
    outer loop
      vertex   2.032778e+02 2.500000e+00 7.857569e+01
      vertex   2.030000e+02 2.500000e+00 7.860000e+01
      vertex   2.030887e+02 2.500000e+00 8.180000e+01
    endloop
  endfacet
  facet normal 0.000000e+00 1.000000e+00 0.000000e+00
    outer loop
      vertex   2.030887e+02 2.500000e+00 8.180000e+01
      vertex   2.030000e+02 2.500000e+00 7.860000e+01
      vertex   1.062257e+02 2.500000e+00 7.877846e+01
    endloop
  endfacet
  facet normal 0.000000e+00 1.000000e+00 0.000000e+00
    outer loop
      vertex   2.030887e+02 2.500000e+00 8.180000e+01
      vertex   1.062257e+02 2.500000e+00 7.877846e+01
      vertex   1.060285e+02 2.500000e+00 7.897567e+01
    endloop
  endfacet
  facet normal 0.000000e+00 1.000000e+00 0.000000e+00
    outer loop
      vertex   2.030000e+02 2.500000e+00 7.860000e+01
      vertex   2.027222e+02 2.500000e+00 7.857569e+01
      vertex   1.062257e+02 2.500000e+00 7.877846e+01
    endloop
  endfacet
  facet normal 0.000000e+00 1.000000e+00 0.000000e+00
    outer loop
      vertex   1.062257e+02 2.500000e+00 7.877846e+01
      vertex   2.027222e+02 2.500000e+00 7.857569e+01
      vertex   2.024528e+02 2.500000e+00 7.850351e+01
    endloop
  endfacet
  facet normal 0.000000e+00 1.000000e+00 0.000000e+00
    outer loop
      vertex   1.062257e+02 2.500000e+00 7.877846e+01
      vertex   2.024528e+02 2.500000e+00 7.850351e+01
      vertex   1.529000e+02 2.500000e+00 7.180000e+01
    endloop
  endfacet
  facet normal 0.000000e+00 1.000000e+00 0.000000e+00
    outer loop
      vertex   1.529000e+02 2.500000e+00 7.180000e+01
      vertex   2.024528e+02 2.500000e+00 7.850351e+01
      vertex   1.569000e+02 2.500000e+00 7.180000e+01
    endloop
  endfacet
  facet normal 0.000000e+00 1.000000e+00 0.000000e+00
    outer loop
      vertex   1.569000e+02 2.500000e+00 7.180000e+01
      vertex   2.024528e+02 2.500000e+00 7.850351e+01
      vertex   1.609000e+02 2.500000e+00 7.180000e+01
    endloop
  endfacet
  facet normal -0.000000e+00 1.000000e+00 0.000000e+00
    outer loop
      vertex   1.569000e+02 2.500000e+00 7.180000e+01
      vertex   1.609000e+02 2.500000e+00 7.180000e+01
      vertex   1.013000e+02 2.500000e+00 1.220000e+01
    endloop
  endfacet
  facet normal 0.000000e+00 1.000000e+00 0.000000e+00
    outer loop
      vertex   1.609000e+02 2.500000e+00 7.180000e+01
      vertex   2.024528e+02 2.500000e+00 7.850351e+01
      vertex   1.649000e+02 2.500000e+00 7.180000e+01
    endloop
  endfacet
  facet normal 0.000000e+00 1.000000e+00 0.000000e+00
    outer loop
      vertex   1.649000e+02 2.500000e+00 7.180000e+01
      vertex   2.024528e+02 2.500000e+00 7.850351e+01
      vertex   2.022000e+02 2.500000e+00 7.838564e+01
    endloop
  endfacet
  facet normal 0.000000e+00 1.000000e+00 0.000000e+00
    outer loop
      vertex   1.133000e+02 2.500000e+00 1.220000e+01
      vertex   1.729000e+02 2.500000e+00 7.180000e+01
      vertex   1.173000e+02 2.500000e+00 1.220000e+01
    endloop
  endfacet
  facet normal 0.000000e+00 1.000000e+00 0.000000e+00
    outer loop
      vertex   1.173000e+02 2.500000e+00 1.220000e+01
      vertex   1.729000e+02 2.500000e+00 7.180000e+01
      vertex   1.769000e+02 2.500000e+00 7.180000e+01
    endloop
  endfacet
  facet normal 0.000000e+00 1.000000e+00 0.000000e+00
    outer loop
      vertex   6.490000e+01 2.500000e+00 3.180000e+01
      vertex   6.490000e+01 2.500000e+00 2.780000e+01
      vertex   4.740000e+01 2.500000e+00 2.170000e+01
    endloop
  endfacet
  facet normal 0.000000e+00 1.000000e+00 0.000000e+00
    outer loop
      vertex   1.062257e+02 2.500000e+00 7.877846e+01
      vertex   1.529000e+02 2.500000e+00 7.180000e+01
      vertex   1.489000e+02 2.500000e+00 7.180000e+01
    endloop
  endfacet
  facet normal -0.000000e+00 1.000000e+00 0.000000e+00
    outer loop
      vertex   1.489000e+02 2.500000e+00 7.180000e+01
      vertex   1.529000e+02 2.500000e+00 7.180000e+01
      vertex   9.330000e+01 2.500000e+00 1.220000e+01
    endloop
  endfacet
  facet normal 0.000000e+00 1.000000e+00 0.000000e+00
    outer loop
      vertex   1.489000e+02 2.500000e+00 7.180000e+01
      vertex   9.330000e+01 2.500000e+00 1.220000e+01
      vertex   8.930000e+01 2.500000e+00 1.220000e+01
    endloop
  endfacet
  facet normal 0.000000e+00 1.000000e+00 0.000000e+00
    outer loop
      vertex   9.730000e+01 2.500000e+00 1.220000e+01
      vertex   1.569000e+02 2.500000e+00 7.180000e+01
      vertex   1.013000e+02 2.500000e+00 1.220000e+01
    endloop
  endfacet
  facet normal 0.000000e+00 1.000000e+00 0.000000e+00
    outer loop
      vertex   1.489000e+02 2.500000e+00 7.180000e+01
      vertex   1.449000e+02 2.500000e+00 7.180000e+01
      vertex   1.062257e+02 2.500000e+00 7.877846e+01
    endloop
  endfacet
  facet normal 0.000000e+00 1.000000e+00 0.000000e+00
    outer loop
      vertex   1.978000e+02 2.500000e+00 5.670000e+01
      vertex   1.978000e+02 2.500000e+00 6.070000e+01
      vertex   2.078000e+02 2.500000e+00 7.708873e+01
    endloop
  endfacet
  facet normal -0.000000e+00 1.000000e+00 0.000000e+00
    outer loop
      vertex   1.065035e+02 2.500000e+00 7.720277e+01
      vertex   1.065757e+02 2.500000e+00 7.747216e+01
      vertex   1.209000e+02 2.500000e+00 7.180000e+01
    endloop
  endfacet
  facet normal 0.000000e+00 1.000000e+00 0.000000e+00
    outer loop
      vertex   1.209000e+02 2.500000e+00 7.180000e+01
      vertex   1.065757e+02 2.500000e+00 7.747216e+01
      vertex   1.066000e+02 2.500000e+00 7.775000e+01
    endloop
  endfacet
  facet normal 0.000000e+00 1.000000e+00 -0.000000e+00
    outer loop
      vertex   1.060285e+02 2.500000e+00 7.897567e+01
      vertex   1.058000e+02 2.500000e+00 7.913564e+01
      vertex   2.030887e+02 2.500000e+00 8.180000e+01
    endloop
  endfacet
  facet normal 0.000000e+00 1.000000e+00 0.000000e+00
    outer loop
      vertex   2.030887e+02 2.500000e+00 8.180000e+01
      vertex   1.058000e+02 2.500000e+00 7.913564e+01
      vertex   1.055472e+02 2.500000e+00 7.925351e+01
    endloop
  endfacet
  facet normal 0.000000e+00 1.000000e+00 0.000000e+00
    outer loop
      vertex   2.030887e+02 2.500000e+00 8.180000e+01
      vertex   1.055472e+02 2.500000e+00 7.925351e+01
      vertex   1.052778e+02 2.500000e+00 7.932569e+01
    endloop
  endfacet
  facet normal 0.000000e+00 1.000000e+00 -0.000000e+00
    outer loop
      vertex   1.052778e+02 2.500000e+00 7.932569e+01
      vertex   1.050000e+02 2.500000e+00 7.935000e+01
      vertex   2.030887e+02 2.500000e+00 8.180000e+01
    endloop
  endfacet
  facet normal 0.000000e+00 1.000000e+00 0.000000e+00
    outer loop
      vertex   2.030887e+02 2.500000e+00 8.180000e+01
      vertex   1.050000e+02 2.500000e+00 7.935000e+01
      vertex   6.911270e+00 2.500000e+00 8.180000e+01
    endloop
  endfacet
  facet normal 0.000000e+00 1.000000e+00 0.000000e+00
    outer loop
      vertex   6.911270e+00 2.500000e+00 8.180000e+01
      vertex   1.050000e+02 2.500000e+00 7.935000e+01
      vertex   1.047222e+02 2.500000e+00 7.932569e+01
    endloop
  endfacet
  facet normal 0.000000e+00 1.000000e+00 0.000000e+00
    outer loop
      vertex   6.911270e+00 2.500000e+00 8.180000e+01
      vertex   1.047222e+02 2.500000e+00 7.932569e+01
      vertex   1.044528e+02 2.500000e+00 7.925351e+01
    endloop
  endfacet
  facet normal 0.000000e+00 1.000000e+00 0.000000e+00
    outer loop
      vertex   1.044528e+02 2.500000e+00 7.925351e+01
      vertex   1.042000e+02 2.500000e+00 7.913564e+01
      vertex   6.911270e+00 2.500000e+00 8.180000e+01
    endloop
  endfacet
  facet normal 0.000000e+00 1.000000e+00 0.000000e+00
    outer loop
      vertex   6.911270e+00 2.500000e+00 8.180000e+01
      vertex   1.042000e+02 2.500000e+00 7.913564e+01
      vertex   1.039715e+02 2.500000e+00 7.897567e+01
    endloop
  endfacet
  facet normal 0.000000e+00 1.000000e+00 0.000000e+00
    outer loop
      vertex   6.911270e+00 2.500000e+00 8.180000e+01
      vertex   1.039715e+02 2.500000e+00 7.897567e+01
      vertex   1.037743e+02 2.500000e+00 7.877846e+01
    endloop
  endfacet
  facet normal -0.000000e+00 1.000000e+00 0.000000e+00
    outer loop
      vertex   1.055472e+02 2.500000e+00 4.746492e+00
      vertex   1.533000e+02 2.500000e+00 1.220000e+01
      vertex   2.030887e+02 2.500000e+00 2.200000e+00
    endloop
  endfacet
  facet normal -0.000000e+00 -1.000000e+00 0.000000e+00
    outer loop
      vertex   1.723850e+01 0.000000e+00 2.111263e+01
      vertex   1.720000e+01 0.000000e+00 2.170000e+01
      vertex   2.200000e+00 0.000000e+00 6.911270e+00
    endloop
  endfacet
  facet normal 0.000000e+00 -1.000000e+00 0.000000e+00
    outer loop
      vertex   2.200000e+00 0.000000e+00 6.911270e+00
      vertex   1.720000e+01 0.000000e+00 2.170000e+01
      vertex   1.720000e+01 0.000000e+00 5.810000e+01
    endloop
  endfacet
  facet normal 0.000000e+00 -1.000000e+00 0.000000e+00
    outer loop
      vertex   2.200000e+00 0.000000e+00 6.911270e+00
      vertex   1.720000e+01 0.000000e+00 5.810000e+01
      vertex   2.200000e+00 0.000000e+00 7.708873e+01
    endloop
  endfacet
  facet normal 0.000000e+00 -1.000000e+00 0.000000e+00
    outer loop
      vertex   2.200000e+00 0.000000e+00 7.708873e+01
      vertex   1.720000e+01 0.000000e+00 5.810000e+01
      vertex   6.452768e+00 0.000000e+00 7.549649e+01
    endloop
  endfacet
  facet normal 0.000000e+00 -1.000000e+00 0.000000e+00
    outer loop
      vertex   2.200000e+00 0.000000e+00 7.708873e+01
      vertex   6.452768e+00 0.000000e+00 7.549649e+01
      vertex   6.200000e+00 0.000000e+00 7.561436e+01
    endloop
  endfacet
  facet normal 0.000000e+00 -1.000000e+00 0.000000e+00
    outer loop
      vertex   6.452768e+00 0.000000e+00 7.549649e+01
      vertex   1.720000e+01 0.000000e+00 5.810000e+01
      vertex   6.722163e+00 0.000000e+00 7.542431e+01
    endloop
  endfacet
  facet normal 0.000000e+00 -1.000000e+00 0.000000e+00
    outer loop
      vertex   6.722163e+00 0.000000e+00 7.542431e+01
      vertex   1.720000e+01 0.000000e+00 5.810000e+01
      vertex   2.340000e+01 0.000000e+00 6.430000e+01
    endloop
  endfacet
  facet normal 0.000000e+00 -1.000000e+00 0.000000e+00
    outer loop
      vertex   6.722163e+00 0.000000e+00 7.542431e+01
      vertex   2.340000e+01 0.000000e+00 6.430000e+01
      vertex   7.000000e+00 0.000000e+00 7.540000e+01
    endloop
  endfacet
  facet normal 0.000000e+00 -1.000000e+00 0.000000e+00
    outer loop
      vertex   7.000000e+00 0.000000e+00 7.540000e+01
      vertex   2.340000e+01 0.000000e+00 6.430000e+01
      vertex   7.277837e+00 0.000000e+00 7.542431e+01
    endloop
  endfacet
  facet normal 0.000000e+00 -1.000000e+00 0.000000e+00
    outer loop
      vertex   7.277837e+00 0.000000e+00 7.542431e+01
      vertex   2.340000e+01 0.000000e+00 6.430000e+01
      vertex   7.547232e+00 0.000000e+00 7.549649e+01
    endloop
  endfacet
  facet normal 0.000000e+00 -1.000000e+00 0.000000e+00
    outer loop
      vertex   7.547232e+00 0.000000e+00 7.549649e+01
      vertex   2.340000e+01 0.000000e+00 6.430000e+01
      vertex   7.800000e+00 0.000000e+00 7.561436e+01
    endloop
  endfacet
  facet normal 0.000000e+00 -1.000000e+00 0.000000e+00
    outer loop
      vertex   7.800000e+00 0.000000e+00 7.561436e+01
      vertex   2.340000e+01 0.000000e+00 6.430000e+01
      vertex   8.028460e+00 0.000000e+00 7.577433e+01
    endloop
  endfacet
  facet normal 0.000000e+00 -1.000000e+00 0.000000e+00
    outer loop
      vertex   8.028460e+00 0.000000e+00 7.577433e+01
      vertex   2.340000e+01 0.000000e+00 6.430000e+01
      vertex   8.225671e+00 0.000000e+00 7.597154e+01
    endloop
  endfacet
  facet normal 0.000000e+00 -1.000000e+00 0.000000e+00
    outer loop
      vertex   8.225671e+00 0.000000e+00 7.597154e+01
      vertex   2.340000e+01 0.000000e+00 6.430000e+01
      vertex   3.870000e+01 0.000000e+00 6.430000e+01
    endloop
  endfacet
  facet normal 0.000000e+00 -1.000000e+00 0.000000e+00
    outer loop
      vertex   8.225671e+00 0.000000e+00 7.597154e+01
      vertex   3.870000e+01 0.000000e+00 6.430000e+01
      vertex   8.385641e+00 0.000000e+00 7.620000e+01
    endloop
  endfacet
  facet normal 0.000000e+00 -1.000000e+00 0.000000e+00
    outer loop
      vertex   8.385641e+00 0.000000e+00 7.620000e+01
      vertex   3.870000e+01 0.000000e+00 6.430000e+01
      vertex   8.503508e+00 0.000000e+00 7.645277e+01
    endloop
  endfacet
  facet normal 0.000000e+00 -1.000000e+00 0.000000e+00
    outer loop
      vertex   8.503508e+00 0.000000e+00 7.645277e+01
      vertex   3.870000e+01 0.000000e+00 6.430000e+01
      vertex   8.575692e+00 0.000000e+00 7.672216e+01
    endloop
  endfacet
  facet normal 0.000000e+00 -1.000000e+00 0.000000e+00
    outer loop
      vertex   8.575692e+00 0.000000e+00 7.672216e+01
      vertex   3.870000e+01 0.000000e+00 6.430000e+01
      vertex   6.490000e+01 0.000000e+00 7.180000e+01
    endloop
  endfacet
  facet normal 0.000000e+00 -1.000000e+00 0.000000e+00
    outer loop
      vertex   8.575692e+00 0.000000e+00 7.672216e+01
      vertex   6.490000e+01 0.000000e+00 7.180000e+01
      vertex   8.600000e+00 0.000000e+00 7.700000e+01
    endloop
  endfacet
  facet normal 0.000000e+00 -1.000000e+00 0.000000e+00
    outer loop
      vertex   8.600000e+00 0.000000e+00 7.700000e+01
      vertex   6.490000e+01 0.000000e+00 7.180000e+01
      vertex   8.575692e+00 0.000000e+00 7.727784e+01
    endloop
  endfacet
  facet normal 0.000000e+00 -1.000000e+00 0.000000e+00
    outer loop
      vertex   8.575692e+00 0.000000e+00 7.727784e+01
      vertex   6.490000e+01 0.000000e+00 7.180000e+01
      vertex   8.503508e+00 0.000000e+00 7.754723e+01
    endloop
  endfacet
  facet normal 0.000000e+00 -1.000000e+00 0.000000e+00
    outer loop
      vertex   8.503508e+00 0.000000e+00 7.754723e+01
      vertex   6.490000e+01 0.000000e+00 7.180000e+01
      vertex   8.385641e+00 0.000000e+00 7.780000e+01
    endloop
  endfacet
  facet normal 0.000000e+00 -1.000000e+00 0.000000e+00
    outer loop
      vertex   8.385641e+00 0.000000e+00 7.780000e+01
      vertex   6.490000e+01 0.000000e+00 7.180000e+01
      vertex   8.225671e+00 0.000000e+00 7.802846e+01
    endloop
  endfacet
  facet normal 0.000000e+00 -1.000000e+00 0.000000e+00
    outer loop
      vertex   8.225671e+00 0.000000e+00 7.802846e+01
      vertex   6.490000e+01 0.000000e+00 7.180000e+01
      vertex   8.028460e+00 0.000000e+00 7.822567e+01
    endloop
  endfacet
  facet normal 0.000000e+00 -1.000000e+00 0.000000e+00
    outer loop
      vertex   8.028460e+00 0.000000e+00 7.822567e+01
      vertex   6.490000e+01 0.000000e+00 7.180000e+01
      vertex   7.800000e+00 0.000000e+00 7.838564e+01
    endloop
  endfacet
  facet normal 0.000000e+00 -1.000000e+00 0.000000e+00
    outer loop
      vertex   7.800000e+00 0.000000e+00 7.838564e+01
      vertex   6.490000e+01 0.000000e+00 7.180000e+01
      vertex   7.547232e+00 0.000000e+00 7.850351e+01
    endloop
  endfacet
  facet normal 0.000000e+00 -1.000000e+00 0.000000e+00
    outer loop
      vertex   7.547232e+00 0.000000e+00 7.850351e+01
      vertex   6.490000e+01 0.000000e+00 7.180000e+01
      vertex   1.037743e+02 0.000000e+00 7.877846e+01
    endloop
  endfacet
  facet normal 0.000000e+00 -1.000000e+00 0.000000e+00
    outer loop
      vertex   7.547232e+00 0.000000e+00 7.850351e+01
      vertex   1.037743e+02 0.000000e+00 7.877846e+01
      vertex   7.277837e+00 0.000000e+00 7.857569e+01
    endloop
  endfacet
  facet normal 0.000000e+00 -1.000000e+00 0.000000e+00
    outer loop
      vertex   7.277837e+00 0.000000e+00 7.857569e+01
      vertex   1.037743e+02 0.000000e+00 7.877846e+01
      vertex   7.000000e+00 0.000000e+00 7.860000e+01
    endloop
  endfacet
  facet normal 0.000000e+00 -1.000000e+00 0.000000e+00
    outer loop
      vertex   7.000000e+00 0.000000e+00 7.860000e+01
      vertex   1.037743e+02 0.000000e+00 7.877846e+01
      vertex   6.911270e+00 0.000000e+00 8.180000e+01
    endloop
  endfacet
  facet normal -0.000000e+00 -1.000000e+00 0.000000e+00
    outer loop
      vertex   7.000000e+00 0.000000e+00 7.860000e+01
      vertex   6.911270e+00 0.000000e+00 8.180000e+01
      vertex   6.722163e+00 0.000000e+00 7.857569e+01
    endloop
  endfacet
  facet normal -0.000000e+00 -1.000000e+00 0.000000e+00
    outer loop
      vertex   6.722163e+00 0.000000e+00 7.857569e+01
      vertex   6.911270e+00 0.000000e+00 8.180000e+01
      vertex   6.452768e+00 0.000000e+00 7.850351e+01
    endloop
  endfacet
  facet normal -0.000000e+00 -1.000000e+00 0.000000e+00
    outer loop
      vertex   6.452768e+00 0.000000e+00 7.850351e+01
      vertex   6.911270e+00 0.000000e+00 8.180000e+01
      vertex   6.200000e+00 0.000000e+00 7.838564e+01
    endloop
  endfacet
  facet normal -0.000000e+00 -1.000000e+00 0.000000e+00
    outer loop
      vertex   6.200000e+00 0.000000e+00 7.838564e+01
      vertex   6.911270e+00 0.000000e+00 8.180000e+01
      vertex   2.200000e+00 0.000000e+00 7.708873e+01
    endloop
  endfacet
  facet normal 0.000000e+00 -1.000000e+00 0.000000e+00
    outer loop
      vertex   6.200000e+00 0.000000e+00 7.838564e+01
      vertex   2.200000e+00 0.000000e+00 7.708873e+01
      vertex   5.971540e+00 0.000000e+00 7.822567e+01
    endloop
  endfacet
  facet normal 0.000000e+00 -1.000000e+00 0.000000e+00
    outer loop
      vertex   5.971540e+00 0.000000e+00 7.822567e+01
      vertex   2.200000e+00 0.000000e+00 7.708873e+01
      vertex   5.774329e+00 0.000000e+00 7.802846e+01
    endloop
  endfacet
  facet normal 0.000000e+00 -1.000000e+00 0.000000e+00
    outer loop
      vertex   5.774329e+00 0.000000e+00 7.802846e+01
      vertex   2.200000e+00 0.000000e+00 7.708873e+01
      vertex   5.614359e+00 0.000000e+00 7.780000e+01
    endloop
  endfacet
  facet normal 0.000000e+00 -1.000000e+00 0.000000e+00
    outer loop
      vertex   5.614359e+00 0.000000e+00 7.780000e+01
      vertex   2.200000e+00 0.000000e+00 7.708873e+01
      vertex   5.496492e+00 0.000000e+00 7.754723e+01
    endloop
  endfacet
  facet normal 0.000000e+00 -1.000000e+00 0.000000e+00
    outer loop
      vertex   5.496492e+00 0.000000e+00 7.754723e+01
      vertex   2.200000e+00 0.000000e+00 7.708873e+01
      vertex   5.424308e+00 0.000000e+00 7.727784e+01
    endloop
  endfacet
  facet normal 0.000000e+00 -1.000000e+00 0.000000e+00
    outer loop
      vertex   5.424308e+00 0.000000e+00 7.727784e+01
      vertex   2.200000e+00 0.000000e+00 7.708873e+01
      vertex   5.400000e+00 0.000000e+00 7.700000e+01
    endloop
  endfacet
  facet normal -0.000000e+00 -1.000000e+00 -0.000000e+00
    outer loop
      vertex   5.400000e+00 0.000000e+00 7.700000e+01
      vertex   2.200000e+00 0.000000e+00 7.708873e+01
      vertex   5.424308e+00 0.000000e+00 7.672216e+01
    endloop
  endfacet
  facet normal -0.000000e+00 -1.000000e+00 -0.000000e+00
    outer loop
      vertex   5.424308e+00 0.000000e+00 7.672216e+01
      vertex   2.200000e+00 0.000000e+00 7.708873e+01
      vertex   5.496492e+00 0.000000e+00 7.645277e+01
    endloop
  endfacet
  facet normal -0.000000e+00 -1.000000e+00 -0.000000e+00
    outer loop
      vertex   5.496492e+00 0.000000e+00 7.645277e+01
      vertex   2.200000e+00 0.000000e+00 7.708873e+01
      vertex   5.614359e+00 0.000000e+00 7.620000e+01
    endloop
  endfacet
  facet normal -0.000000e+00 -1.000000e+00 -0.000000e+00
    outer loop
      vertex   5.614359e+00 0.000000e+00 7.620000e+01
      vertex   2.200000e+00 0.000000e+00 7.708873e+01
      vertex   5.774329e+00 0.000000e+00 7.597154e+01
    endloop
  endfacet
  facet normal -0.000000e+00 -1.000000e+00 -0.000000e+00
    outer loop
      vertex   5.774329e+00 0.000000e+00 7.597154e+01
      vertex   2.200000e+00 0.000000e+00 7.708873e+01
      vertex   5.971540e+00 0.000000e+00 7.577433e+01
    endloop
  endfacet
  facet normal -0.000000e+00 -1.000000e+00 -0.000000e+00
    outer loop
      vertex   5.971540e+00 0.000000e+00 7.577433e+01
      vertex   2.200000e+00 0.000000e+00 7.708873e+01
      vertex   6.200000e+00 0.000000e+00 7.561436e+01
    endloop
  endfacet
  facet normal 0.000000e+00 -1.000000e+00 0.000000e+00
    outer loop
      vertex   4.490000e+01 0.000000e+00 5.810000e+01
      vertex   6.490000e+01 0.000000e+00 6.380000e+01
      vertex   3.870000e+01 0.000000e+00 6.430000e+01
    endloop
  endfacet
  facet normal 0.000000e+00 -1.000000e+00 0.000000e+00
    outer loop
      vertex   3.870000e+01 0.000000e+00 6.430000e+01
      vertex   6.490000e+01 0.000000e+00 6.380000e+01
      vertex   6.490000e+01 0.000000e+00 6.780000e+01
    endloop
  endfacet
  facet normal 0.000000e+00 -1.000000e+00 0.000000e+00
    outer loop
      vertex   3.870000e+01 0.000000e+00 6.430000e+01
      vertex   6.490000e+01 0.000000e+00 6.780000e+01
      vertex   6.490000e+01 0.000000e+00 7.180000e+01
    endloop
  endfacet
  facet normal 0.000000e+00 -1.000000e+00 0.000000e+00
    outer loop
      vertex   4.490000e+01 0.000000e+00 2.170000e+01
      vertex   6.490000e+01 0.000000e+00 3.980000e+01
      vertex   4.490000e+01 0.000000e+00 5.810000e+01
    endloop
  endfacet
  facet normal 0.000000e+00 -1.000000e+00 0.000000e+00
    outer loop
      vertex   4.490000e+01 0.000000e+00 5.810000e+01
      vertex   6.490000e+01 0.000000e+00 3.980000e+01
      vertex   6.490000e+01 0.000000e+00 4.380000e+01
    endloop
  endfacet
  facet normal 0.000000e+00 -1.000000e+00 0.000000e+00
    outer loop
      vertex   4.490000e+01 0.000000e+00 5.810000e+01
      vertex   6.490000e+01 0.000000e+00 4.380000e+01
      vertex   6.490000e+01 0.000000e+00 4.780000e+01
    endloop
  endfacet
  facet normal 0.000000e+00 -1.000000e+00 0.000000e+00
    outer loop
      vertex   4.486150e+01 0.000000e+00 2.111263e+01
      vertex   6.490000e+01 0.000000e+00 1.980000e+01
      vertex   4.490000e+01 0.000000e+00 2.170000e+01
    endloop
  endfacet
  facet normal 0.000000e+00 -1.000000e+00 0.000000e+00
    outer loop
      vertex   4.490000e+01 0.000000e+00 2.170000e+01
      vertex   6.490000e+01 0.000000e+00 1.980000e+01
      vertex   6.490000e+01 0.000000e+00 2.380000e+01
    endloop
  endfacet
  facet normal 0.000000e+00 -1.000000e+00 0.000000e+00
    outer loop
      vertex   4.490000e+01 0.000000e+00 2.170000e+01
      vertex   6.490000e+01 0.000000e+00 2.380000e+01
      vertex   6.490000e+01 0.000000e+00 2.780000e+01
    endloop
  endfacet
  facet normal 0.000000e+00 -1.000000e+00 0.000000e+00
    outer loop
      vertex   6.490000e+01 0.000000e+00 2.780000e+01
      vertex   6.490000e+01 0.000000e+00 2.380000e+01
      vertex   1.129000e+02 0.000000e+00 7.180000e+01
    endloop
  endfacet
  facet normal 0.000000e+00 -1.000000e+00 0.000000e+00
    outer loop
      vertex   6.490000e+01 0.000000e+00 2.780000e+01
      vertex   1.129000e+02 0.000000e+00 7.180000e+01
      vertex   1.089000e+02 0.000000e+00 7.180000e+01
    endloop
  endfacet
  facet normal 0.000000e+00 -1.000000e+00 0.000000e+00
    outer loop
      vertex   1.089000e+02 0.000000e+00 7.180000e+01
      vertex   1.129000e+02 0.000000e+00 7.180000e+01
      vertex   1.055472e+02 0.000000e+00 7.624649e+01
    endloop
  endfacet
  facet normal 0.000000e+00 -1.000000e+00 0.000000e+00
    outer loop
      vertex   1.089000e+02 0.000000e+00 7.180000e+01
      vertex   1.055472e+02 0.000000e+00 7.624649e+01
      vertex   1.052778e+02 0.000000e+00 7.617431e+01
    endloop
  endfacet
  facet normal 0.000000e+00 -1.000000e+00 -0.000000e+00
    outer loop
      vertex   4.486150e+01 0.000000e+00 2.111263e+01
      vertex   4.474667e+01 0.000000e+00 2.053531e+01
      vertex   6.490000e+01 0.000000e+00 1.980000e+01
    endloop
  endfacet
  facet normal 0.000000e+00 -1.000000e+00 0.000000e+00
    outer loop
      vertex   6.490000e+01 0.000000e+00 1.980000e+01
      vertex   4.474667e+01 0.000000e+00 2.053531e+01
      vertex   4.455746e+01 0.000000e+00 1.997792e+01
    endloop
  endfacet
  facet normal -0.000000e+00 -1.000000e+00 0.000000e+00
    outer loop
      vertex   6.490000e+01 0.000000e+00 1.980000e+01
      vertex   4.455746e+01 0.000000e+00 1.997792e+01
      vertex   4.429711e+01 0.000000e+00 1.945000e+01
    endloop
  endfacet
  facet normal 0.000000e+00 -1.000000e+00 -0.000000e+00
    outer loop
      vertex   4.429711e+01 0.000000e+00 1.945000e+01
      vertex   4.397009e+01 0.000000e+00 1.896057e+01
      vertex   6.490000e+01 0.000000e+00 1.980000e+01
    endloop
  endfacet
  facet normal 0.000000e+00 -1.000000e+00 -0.000000e+00
    outer loop
      vertex   6.490000e+01 0.000000e+00 1.980000e+01
      vertex   4.397009e+01 0.000000e+00 1.896057e+01
      vertex   6.490000e+01 0.000000e+00 1.580000e+01
    endloop
  endfacet
  facet normal 0.000000e+00 -1.000000e+00 0.000000e+00
    outer loop
      vertex   6.490000e+01 0.000000e+00 1.980000e+01
      vertex   6.490000e+01 0.000000e+00 1.580000e+01
      vertex   1.209000e+02 0.000000e+00 7.180000e+01
    endloop
  endfacet
  facet normal 0.000000e+00 -1.000000e+00 -0.000000e+00
    outer loop
      vertex   4.397009e+01 0.000000e+00 1.896057e+01
      vertex   4.358198e+01 0.000000e+00 1.851802e+01
      vertex   6.490000e+01 0.000000e+00 1.580000e+01
    endloop
  endfacet
  facet normal 0.000000e+00 -1.000000e+00 0.000000e+00
    outer loop
      vertex   6.490000e+01 0.000000e+00 1.580000e+01
      vertex   4.358198e+01 0.000000e+00 1.851802e+01
      vertex   4.313943e+01 0.000000e+00 1.812991e+01
    endloop
  endfacet
  facet normal 0.000000e+00 -1.000000e+00 0.000000e+00
    outer loop
      vertex   6.490000e+01 0.000000e+00 1.580000e+01
      vertex   4.313943e+01 0.000000e+00 1.812991e+01
      vertex   4.265000e+01 0.000000e+00 1.780289e+01
    endloop
  endfacet
  facet normal 0.000000e+00 -1.000000e+00 -0.000000e+00
    outer loop
      vertex   4.265000e+01 0.000000e+00 1.780289e+01
      vertex   4.212208e+01 0.000000e+00 1.754254e+01
      vertex   6.490000e+01 0.000000e+00 1.580000e+01
    endloop
  endfacet
  facet normal -0.000000e+00 -1.000000e+00 -0.000000e+00
    outer loop
      vertex   6.490000e+01 0.000000e+00 1.580000e+01
      vertex   4.212208e+01 0.000000e+00 1.754254e+01
      vertex   6.490000e+01 0.000000e+00 1.220000e+01
    endloop
  endfacet
  facet normal 0.000000e+00 -1.000000e+00 0.000000e+00
    outer loop
      vertex   6.490000e+01 0.000000e+00 1.220000e+01
      vertex   4.212208e+01 0.000000e+00 1.754254e+01
      vertex   4.156469e+01 0.000000e+00 1.735333e+01
    endloop
  endfacet
  facet normal 0.000000e+00 -1.000000e+00 0.000000e+00
    outer loop
      vertex   6.490000e+01 0.000000e+00 1.220000e+01
      vertex   4.156469e+01 0.000000e+00 1.735333e+01
      vertex   4.098737e+01 0.000000e+00 1.723850e+01
    endloop
  endfacet
  facet normal 0.000000e+00 -1.000000e+00 -0.000000e+00
    outer loop
      vertex   4.098737e+01 0.000000e+00 1.723850e+01
      vertex   4.040000e+01 0.000000e+00 1.720000e+01
      vertex   6.490000e+01 0.000000e+00 1.220000e+01
    endloop
  endfacet
  facet normal -0.000000e+00 -1.000000e+00 0.000000e+00
    outer loop
      vertex   6.490000e+01 0.000000e+00 1.220000e+01
      vertex   4.040000e+01 0.000000e+00 1.720000e+01
      vertex   8.503508e+00 0.000000e+00 6.452768e+00
    endloop
  endfacet
  facet normal 0.000000e+00 -1.000000e+00 0.000000e+00
    outer loop
      vertex   6.490000e+01 0.000000e+00 1.220000e+01
      vertex   8.503508e+00 0.000000e+00 6.452768e+00
      vertex   8.385641e+00 0.000000e+00 6.200000e+00
    endloop
  endfacet
  facet normal 0.000000e+00 -1.000000e+00 -0.000000e+00
    outer loop
      vertex   2.170000e+01 0.000000e+00 1.720000e+01
      vertex   8.503508e+00 0.000000e+00 7.547232e+00
      vertex   4.040000e+01 0.000000e+00 1.720000e+01
    endloop
  endfacet
  facet normal 0.000000e+00 -1.000000e+00 0.000000e+00
    outer loop
      vertex   4.040000e+01 0.000000e+00 1.720000e+01
      vertex   8.503508e+00 0.000000e+00 7.547232e+00
      vertex   8.575692e+00 0.000000e+00 7.277837e+00
    endloop
  endfacet
  facet normal 0.000000e+00 -1.000000e+00 0.000000e+00
    outer loop
      vertex   4.040000e+01 0.000000e+00 1.720000e+01
      vertex   8.575692e+00 0.000000e+00 7.277837e+00
      vertex   8.600000e+00 0.000000e+00 7.000000e+00
    endloop
  endfacet
  facet normal 0.000000e+00 -1.000000e+00 -0.000000e+00
    outer loop
      vertex   2.111263e+01 0.000000e+00 1.723850e+01
      vertex   7.800000e+00 0.000000e+00 8.385641e+00
      vertex   2.170000e+01 0.000000e+00 1.720000e+01
    endloop
  endfacet
  facet normal 0.000000e+00 -1.000000e+00 0.000000e+00
    outer loop
      vertex   2.170000e+01 0.000000e+00 1.720000e+01
      vertex   7.800000e+00 0.000000e+00 8.385641e+00
      vertex   8.028460e+00 0.000000e+00 8.225671e+00
    endloop
  endfacet
  facet normal 0.000000e+00 -1.000000e+00 0.000000e+00
    outer loop
      vertex   2.170000e+01 0.000000e+00 1.720000e+01
      vertex   8.028460e+00 0.000000e+00 8.225671e+00
      vertex   8.225671e+00 0.000000e+00 8.028460e+00
    endloop
  endfacet
  facet normal 0.000000e+00 -1.000000e+00 -0.000000e+00
    outer loop
      vertex   2.053531e+01 0.000000e+00 1.735333e+01
      vertex   7.277837e+00 0.000000e+00 8.575692e+00
      vertex   2.111263e+01 0.000000e+00 1.723850e+01
    endloop
  endfacet
  facet normal 0.000000e+00 -1.000000e+00 0.000000e+00
    outer loop
      vertex   2.111263e+01 0.000000e+00 1.723850e+01
      vertex   7.277837e+00 0.000000e+00 8.575692e+00
      vertex   7.547232e+00 0.000000e+00 8.503508e+00
    endloop
  endfacet
  facet normal 0.000000e+00 -1.000000e+00 0.000000e+00
    outer loop
      vertex   2.111263e+01 0.000000e+00 1.723850e+01
      vertex   7.547232e+00 0.000000e+00 8.503508e+00
      vertex   7.800000e+00 0.000000e+00 8.385641e+00
    endloop
  endfacet
  facet normal -0.000000e+00 -1.000000e+00 0.000000e+00
    outer loop
      vertex   2.053531e+01 0.000000e+00 1.735333e+01
      vertex   1.997792e+01 0.000000e+00 1.754254e+01
      vertex   7.277837e+00 0.000000e+00 8.575692e+00
    endloop
  endfacet
  facet normal 0.000000e+00 -1.000000e+00 0.000000e+00
    outer loop
      vertex   7.277837e+00 0.000000e+00 8.575692e+00
      vertex   1.997792e+01 0.000000e+00 1.754254e+01
      vertex   7.000000e+00 0.000000e+00 8.600000e+00
    endloop
  endfacet
  facet normal 0.000000e+00 -1.000000e+00 0.000000e+00
    outer loop
      vertex   7.000000e+00 0.000000e+00 8.600000e+00
      vertex   1.997792e+01 0.000000e+00 1.754254e+01
      vertex   1.945000e+01 0.000000e+00 1.780289e+01
    endloop
  endfacet
  facet normal 0.000000e+00 -1.000000e+00 0.000000e+00
    outer loop
      vertex   7.000000e+00 0.000000e+00 8.600000e+00
      vertex   1.945000e+01 0.000000e+00 1.780289e+01
      vertex   1.896057e+01 0.000000e+00 1.812991e+01
    endloop
  endfacet
  facet normal -0.000000e+00 -1.000000e+00 0.000000e+00
    outer loop
      vertex   7.000000e+00 0.000000e+00 8.600000e+00
      vertex   1.896057e+01 0.000000e+00 1.812991e+01
      vertex   6.722163e+00 0.000000e+00 8.575692e+00
    endloop
  endfacet
  facet normal 0.000000e+00 -1.000000e+00 0.000000e+00
    outer loop
      vertex   6.722163e+00 0.000000e+00 8.575692e+00
      vertex   1.896057e+01 0.000000e+00 1.812991e+01
      vertex   1.851802e+01 0.000000e+00 1.851802e+01
    endloop
  endfacet
  facet normal 0.000000e+00 -1.000000e+00 0.000000e+00
    outer loop
      vertex   6.722163e+00 0.000000e+00 8.575692e+00
      vertex   1.851802e+01 0.000000e+00 1.851802e+01
      vertex   1.812991e+01 0.000000e+00 1.896057e+01
    endloop
  endfacet
  facet normal -0.000000e+00 -1.000000e+00 0.000000e+00
    outer loop
      vertex   1.812991e+01 0.000000e+00 1.896057e+01
      vertex   1.780289e+01 0.000000e+00 1.945000e+01
      vertex   6.722163e+00 0.000000e+00 8.575692e+00
    endloop
  endfacet
  facet normal -0.000000e+00 -1.000000e+00 0.000000e+00
    outer loop
      vertex   6.722163e+00 0.000000e+00 8.575692e+00
      vertex   1.780289e+01 0.000000e+00 1.945000e+01
      vertex   6.452768e+00 0.000000e+00 8.503508e+00
    endloop
  endfacet
  facet normal 0.000000e+00 -1.000000e+00 0.000000e+00
    outer loop
      vertex   6.452768e+00 0.000000e+00 8.503508e+00
      vertex   1.780289e+01 0.000000e+00 1.945000e+01
      vertex   1.754254e+01 0.000000e+00 1.997792e+01
    endloop
  endfacet
  facet normal 0.000000e+00 -1.000000e+00 0.000000e+00
    outer loop
      vertex   6.452768e+00 0.000000e+00 8.503508e+00
      vertex   1.754254e+01 0.000000e+00 1.997792e+01
      vertex   1.735333e+01 0.000000e+00 2.053531e+01
    endloop
  endfacet
  facet normal -0.000000e+00 -1.000000e+00 0.000000e+00
    outer loop
      vertex   6.452768e+00 0.000000e+00 8.503508e+00
      vertex   1.735333e+01 0.000000e+00 2.053531e+01
      vertex   2.200000e+00 0.000000e+00 6.911270e+00
    endloop
  endfacet
  facet normal 0.000000e+00 -1.000000e+00 0.000000e+00
    outer loop
      vertex   2.200000e+00 0.000000e+00 6.911270e+00
      vertex   1.735333e+01 0.000000e+00 2.053531e+01
      vertex   1.723850e+01 0.000000e+00 2.111263e+01
    endloop
  endfacet
  facet normal 0.000000e+00 -1.000000e+00 0.000000e+00
    outer loop
      vertex   1.978000e+02 0.000000e+00 4.470000e+01
      vertex   1.613000e+02 0.000000e+00 1.220000e+01
      vertex   1.653000e+02 0.000000e+00 1.220000e+01
    endloop
  endfacet
  facet normal -0.000000e+00 -1.000000e+00 -0.000000e+00
    outer loop
      vertex   1.653000e+02 0.000000e+00 1.220000e+01
      vertex   1.613000e+02 0.000000e+00 1.220000e+01
      vertex   2.014965e+02 0.000000e+00 7.547232e+00
    endloop
  endfacet
  facet normal 0.000000e+00 -1.000000e+00 0.000000e+00
    outer loop
      vertex   1.653000e+02 0.000000e+00 1.220000e+01
      vertex   2.014965e+02 0.000000e+00 7.547232e+00
      vertex   1.693000e+02 0.000000e+00 1.220000e+01
    endloop
  endfacet
  facet normal 0.000000e+00 -1.000000e+00 0.000000e+00
    outer loop
      vertex   1.693000e+02 0.000000e+00 1.220000e+01
      vertex   2.014965e+02 0.000000e+00 7.547232e+00
      vertex   1.733000e+02 0.000000e+00 1.220000e+01
    endloop
  endfacet
  facet normal 0.000000e+00 -1.000000e+00 0.000000e+00
    outer loop
      vertex   1.693000e+02 0.000000e+00 1.220000e+01
      vertex   1.733000e+02 0.000000e+00 1.220000e+01
      vertex   1.978000e+02 0.000000e+00 3.670000e+01
    endloop
  endfacet
  facet normal 0.000000e+00 -1.000000e+00 0.000000e+00
    outer loop
      vertex   1.978000e+02 0.000000e+00 4.070000e+01
      vertex   2.078000e+02 0.000000e+00 7.708873e+01
      vertex   1.978000e+02 0.000000e+00 4.470000e+01
    endloop
  endfacet
  facet normal 0.000000e+00 -1.000000e+00 0.000000e+00
    outer loop
      vertex   1.978000e+02 0.000000e+00 4.470000e+01
      vertex   2.078000e+02 0.000000e+00 7.708873e+01
      vertex   1.978000e+02 0.000000e+00 4.870000e+01
    endloop
  endfacet
  facet normal -0.000000e+00 -1.000000e+00 0.000000e+00
    outer loop
      vertex   1.978000e+02 0.000000e+00 4.470000e+01
      vertex   1.978000e+02 0.000000e+00 4.870000e+01
      vertex   1.613000e+02 0.000000e+00 1.220000e+01
    endloop
  endfacet
  facet normal 0.000000e+00 -1.000000e+00 0.000000e+00
    outer loop
      vertex   1.693000e+02 0.000000e+00 1.220000e+01
      vertex   1.978000e+02 0.000000e+00 3.670000e+01
      vertex   1.978000e+02 0.000000e+00 4.070000e+01
    endloop
  endfacet
  facet normal 0.000000e+00 -1.000000e+00 0.000000e+00
    outer loop
      vertex   1.978000e+02 0.000000e+00 4.070000e+01
      vertex   1.978000e+02 0.000000e+00 3.670000e+01
      vertex   2.078000e+02 0.000000e+00 6.911270e+00
    endloop
  endfacet
  facet normal 0.000000e+00 -1.000000e+00 0.000000e+00
    outer loop
      vertex   1.978000e+02 0.000000e+00 4.070000e+01
      vertex   2.078000e+02 0.000000e+00 6.911270e+00
      vertex   2.078000e+02 0.000000e+00 7.708873e+01
    endloop
  endfacet
  facet normal 0.000000e+00 -1.000000e+00 0.000000e+00
    outer loop
      vertex   1.978000e+02 0.000000e+00 3.670000e+01
      vertex   1.978000e+02 0.000000e+00 3.270000e+01
      vertex   2.078000e+02 0.000000e+00 6.911270e+00
    endloop
  endfacet
  facet normal 0.000000e+00 -1.000000e+00 0.000000e+00
    outer loop
      vertex   2.078000e+02 0.000000e+00 6.911270e+00
      vertex   1.978000e+02 0.000000e+00 3.270000e+01
      vertex   1.978000e+02 0.000000e+00 2.870000e+01
    endloop
  endfacet
  facet normal 0.000000e+00 -1.000000e+00 0.000000e+00
    outer loop
      vertex   2.078000e+02 0.000000e+00 6.911270e+00
      vertex   1.978000e+02 0.000000e+00 2.870000e+01
      vertex   1.978000e+02 0.000000e+00 2.470000e+01
    endloop
  endfacet
  facet normal 0.000000e+00 -1.000000e+00 -0.000000e+00
    outer loop
      vertex   1.978000e+02 0.000000e+00 3.270000e+01
      vertex   1.773000e+02 0.000000e+00 1.220000e+01
      vertex   1.978000e+02 0.000000e+00 2.870000e+01
    endloop
  endfacet
  facet normal 0.000000e+00 -1.000000e+00 0.000000e+00
    outer loop
      vertex   1.978000e+02 0.000000e+00 2.870000e+01
      vertex   1.773000e+02 0.000000e+00 1.220000e+01
      vertex   1.813000e+02 0.000000e+00 1.220000e+01
    endloop
  endfacet
  facet normal -0.000000e+00 -1.000000e+00 -0.000000e+00
    outer loop
      vertex   1.813000e+02 0.000000e+00 1.220000e+01
      vertex   1.773000e+02 0.000000e+00 1.220000e+01
      vertex   2.014965e+02 0.000000e+00 7.547232e+00
    endloop
  endfacet
  facet normal 0.000000e+00 -1.000000e+00 0.000000e+00
    outer loop
      vertex   1.813000e+02 0.000000e+00 1.220000e+01
      vertex   2.014965e+02 0.000000e+00 7.547232e+00
      vertex   1.853000e+02 0.000000e+00 1.220000e+01
    endloop
  endfacet
  facet normal 0.000000e+00 -1.000000e+00 0.000000e+00
    outer loop
      vertex   1.853000e+02 0.000000e+00 1.220000e+01
      vertex   2.014965e+02 0.000000e+00 7.547232e+00
      vertex   1.893000e+02 0.000000e+00 1.220000e+01
    endloop
  endfacet
  facet normal 0.000000e+00 -1.000000e+00 0.000000e+00
    outer loop
      vertex   1.853000e+02 0.000000e+00 1.220000e+01
      vertex   1.893000e+02 0.000000e+00 1.220000e+01
      vertex   1.978000e+02 0.000000e+00 2.070000e+01
    endloop
  endfacet
  facet normal -0.000000e+00 -1.000000e+00 -0.000000e+00
    outer loop
      vertex   1.773000e+02 0.000000e+00 1.220000e+01
      vertex   1.733000e+02 0.000000e+00 1.220000e+01
      vertex   2.014965e+02 0.000000e+00 7.547232e+00
    endloop
  endfacet
  facet normal 0.000000e+00 -1.000000e+00 0.000000e+00
    outer loop
      vertex   2.078000e+02 0.000000e+00 6.911270e+00
      vertex   1.978000e+02 0.000000e+00 2.470000e+01
      vertex   1.978000e+02 0.000000e+00 2.070000e+01
    endloop
  endfacet
  facet normal -0.000000e+00 -1.000000e+00 0.000000e+00
    outer loop
      vertex   1.978000e+02 0.000000e+00 2.070000e+01
      vertex   1.978000e+02 0.000000e+00 2.470000e+01
      vertex   1.853000e+02 0.000000e+00 1.220000e+01
    endloop
  endfacet
  facet normal 0.000000e+00 -1.000000e+00 0.000000e+00
    outer loop
      vertex   1.978000e+02 0.000000e+00 2.070000e+01
      vertex   1.978000e+02 0.000000e+00 1.670000e+01
      vertex   2.078000e+02 0.000000e+00 6.911270e+00
    endloop
  endfacet
  facet normal 0.000000e+00 -1.000000e+00 0.000000e+00
    outer loop
      vertex   2.078000e+02 0.000000e+00 6.911270e+00
      vertex   1.978000e+02 0.000000e+00 1.670000e+01
      vertex   2.035472e+02 0.000000e+00 8.503508e+00
    endloop
  endfacet
  facet normal 0.000000e+00 -1.000000e+00 0.000000e+00
    outer loop
      vertex   2.078000e+02 0.000000e+00 6.911270e+00
      vertex   2.035472e+02 0.000000e+00 8.503508e+00
      vertex   2.038000e+02 0.000000e+00 8.385641e+00
    endloop
  endfacet
  facet normal 0.000000e+00 -1.000000e+00 0.000000e+00
    outer loop
      vertex   1.933000e+02 0.000000e+00 1.220000e+01
      vertex   2.030000e+02 0.000000e+00 8.600000e+00
      vertex   1.978000e+02 0.000000e+00 1.670000e+01
    endloop
  endfacet
  facet normal 0.000000e+00 -1.000000e+00 0.000000e+00
    outer loop
      vertex   1.978000e+02 0.000000e+00 1.670000e+01
      vertex   2.030000e+02 0.000000e+00 8.600000e+00
      vertex   2.032778e+02 0.000000e+00 8.575692e+00
    endloop
  endfacet
  facet normal 0.000000e+00 -1.000000e+00 0.000000e+00
    outer loop
      vertex   1.978000e+02 0.000000e+00 1.670000e+01
      vertex   2.032778e+02 0.000000e+00 8.575692e+00
      vertex   2.035472e+02 0.000000e+00 8.503508e+00
    endloop
  endfacet
  facet normal -0.000000e+00 -1.000000e+00 -0.000000e+00
    outer loop
      vertex   1.933000e+02 0.000000e+00 1.220000e+01
      vertex   1.893000e+02 0.000000e+00 1.220000e+01
      vertex   2.030000e+02 0.000000e+00 8.600000e+00
    endloop
  endfacet
  facet normal -0.000000e+00 -1.000000e+00 0.000000e+00
    outer loop
      vertex   2.030000e+02 0.000000e+00 8.600000e+00
      vertex   1.893000e+02 0.000000e+00 1.220000e+01
      vertex   2.027222e+02 0.000000e+00 8.575692e+00
    endloop
  endfacet
  facet normal -0.000000e+00 -1.000000e+00 0.000000e+00
    outer loop
      vertex   2.027222e+02 0.000000e+00 8.575692e+00
      vertex   1.893000e+02 0.000000e+00 1.220000e+01
      vertex   2.024528e+02 0.000000e+00 8.503508e+00
    endloop
  endfacet
  facet normal -0.000000e+00 -1.000000e+00 0.000000e+00
    outer loop
      vertex   2.024528e+02 0.000000e+00 8.503508e+00
      vertex   1.893000e+02 0.000000e+00 1.220000e+01
      vertex   2.022000e+02 0.000000e+00 8.385641e+00
    endloop
  endfacet
  facet normal -0.000000e+00 -1.000000e+00 0.000000e+00
    outer loop
      vertex   2.022000e+02 0.000000e+00 8.385641e+00
      vertex   1.893000e+02 0.000000e+00 1.220000e+01
      vertex   2.019715e+02 0.000000e+00 8.225671e+00
    endloop
  endfacet
  facet normal -0.000000e+00 -1.000000e+00 0.000000e+00
    outer loop
      vertex   2.019715e+02 0.000000e+00 8.225671e+00
      vertex   1.893000e+02 0.000000e+00 1.220000e+01
      vertex   2.017743e+02 0.000000e+00 8.028460e+00
    endloop
  endfacet
  facet normal -0.000000e+00 -1.000000e+00 0.000000e+00
    outer loop
      vertex   2.017743e+02 0.000000e+00 8.028460e+00
      vertex   1.893000e+02 0.000000e+00 1.220000e+01
      vertex   2.016144e+02 0.000000e+00 7.800000e+00
    endloop
  endfacet
  facet normal -0.000000e+00 -1.000000e+00 0.000000e+00
    outer loop
      vertex   2.016144e+02 0.000000e+00 7.800000e+00
      vertex   1.893000e+02 0.000000e+00 1.220000e+01
      vertex   2.014965e+02 0.000000e+00 7.547232e+00
    endloop
  endfacet
  facet normal -0.000000e+00 -1.000000e+00 0.000000e+00
    outer loop
      vertex   1.034243e+02 0.000000e+00 6.527837e+00
      vertex   8.930000e+01 0.000000e+00 1.220000e+01
      vertex   1.034000e+02 0.000000e+00 6.250000e+00
    endloop
  endfacet
  facet normal 0.000000e+00 -1.000000e+00 0.000000e+00
    outer loop
      vertex   1.034000e+02 0.000000e+00 6.250000e+00
      vertex   8.930000e+01 0.000000e+00 1.220000e+01
      vertex   8.530000e+01 0.000000e+00 1.220000e+01
    endloop
  endfacet
  facet normal -0.000000e+00 -1.000000e+00 -0.000000e+00
    outer loop
      vertex   1.034000e+02 0.000000e+00 6.250000e+00
      vertex   8.530000e+01 0.000000e+00 1.220000e+01
      vertex   1.034243e+02 0.000000e+00 5.972163e+00
    endloop
  endfacet
  facet normal -0.000000e+00 -1.000000e+00 -0.000000e+00
    outer loop
      vertex   1.034243e+02 0.000000e+00 5.972163e+00
      vertex   8.530000e+01 0.000000e+00 1.220000e+01
      vertex   1.034965e+02 0.000000e+00 5.702768e+00
    endloop
  endfacet
  facet normal 0.000000e+00 -1.000000e+00 0.000000e+00
    outer loop
      vertex   1.034965e+02 0.000000e+00 5.702768e+00
      vertex   8.530000e+01 0.000000e+00 1.220000e+01
      vertex   8.130000e+01 0.000000e+00 1.220000e+01
    endloop
  endfacet
  facet normal -0.000000e+00 -1.000000e+00 -0.000000e+00
    outer loop
      vertex   1.034965e+02 0.000000e+00 5.702768e+00
      vertex   8.130000e+01 0.000000e+00 1.220000e+01
      vertex   1.036144e+02 0.000000e+00 5.450000e+00
    endloop
  endfacet
  facet normal -0.000000e+00 -1.000000e+00 -0.000000e+00
    outer loop
      vertex   1.036144e+02 0.000000e+00 5.450000e+00
      vertex   8.130000e+01 0.000000e+00 1.220000e+01
      vertex   1.037743e+02 0.000000e+00 5.221540e+00
    endloop
  endfacet
  facet normal 0.000000e+00 -1.000000e+00 0.000000e+00
    outer loop
      vertex   1.037743e+02 0.000000e+00 5.221540e+00
      vertex   8.130000e+01 0.000000e+00 1.220000e+01
      vertex   7.730000e+01 0.000000e+00 1.220000e+01
    endloop
  endfacet
  facet normal -0.000000e+00 -1.000000e+00 -0.000000e+00
    outer loop
      vertex   1.037743e+02 0.000000e+00 5.221540e+00
      vertex   7.730000e+01 0.000000e+00 1.220000e+01
      vertex   1.039715e+02 0.000000e+00 5.024329e+00
    endloop
  endfacet
  facet normal 0.000000e+00 -1.000000e+00 0.000000e+00
    outer loop
      vertex   1.039715e+02 0.000000e+00 5.024329e+00
      vertex   7.730000e+01 0.000000e+00 1.220000e+01
      vertex   7.330000e+01 0.000000e+00 1.220000e+01
    endloop
  endfacet
  facet normal -0.000000e+00 -1.000000e+00 -0.000000e+00
    outer loop
      vertex   1.039715e+02 0.000000e+00 5.024329e+00
      vertex   7.330000e+01 0.000000e+00 1.220000e+01
      vertex   1.042000e+02 0.000000e+00 4.864359e+00
    endloop
  endfacet
  facet normal 0.000000e+00 -1.000000e+00 0.000000e+00
    outer loop
      vertex   1.042000e+02 0.000000e+00 4.864359e+00
      vertex   7.330000e+01 0.000000e+00 1.220000e+01
      vertex   6.930000e+01 0.000000e+00 1.220000e+01
    endloop
  endfacet
  facet normal 0.000000e+00 -1.000000e+00 0.000000e+00
    outer loop
      vertex   1.042000e+02 0.000000e+00 4.864359e+00
      vertex   6.930000e+01 0.000000e+00 1.220000e+01
      vertex   6.530000e+01 0.000000e+00 1.220000e+01
    endloop
  endfacet
  facet normal 0.000000e+00 -1.000000e+00 0.000000e+00
    outer loop
      vertex   6.530000e+01 0.000000e+00 1.220000e+01
      vertex   6.930000e+01 0.000000e+00 1.220000e+01
      vertex   1.249000e+02 0.000000e+00 7.180000e+01
    endloop
  endfacet
  facet normal 0.000000e+00 -1.000000e+00 -0.000000e+00
    outer loop
      vertex   1.249000e+02 0.000000e+00 7.180000e+01
      vertex   6.930000e+01 0.000000e+00 1.220000e+01
      vertex   1.289000e+02 0.000000e+00 7.180000e+01
    endloop
  endfacet
  facet normal 0.000000e+00 -1.000000e+00 0.000000e+00
    outer loop
      vertex   1.249000e+02 0.000000e+00 7.180000e+01
      vertex   1.289000e+02 0.000000e+00 7.180000e+01
      vertex   1.065035e+02 0.000000e+00 7.829723e+01
    endloop
  endfacet
  facet normal 0.000000e+00 -1.000000e+00 0.000000e+00
    outer loop
      vertex   1.065035e+02 0.000000e+00 7.829723e+01
      vertex   1.289000e+02 0.000000e+00 7.180000e+01
      vertex   1.063856e+02 0.000000e+00 7.855000e+01
    endloop
  endfacet
  facet normal 0.000000e+00 -1.000000e+00 0.000000e+00
    outer loop
      vertex   1.063856e+02 0.000000e+00 7.855000e+01
      vertex   1.289000e+02 0.000000e+00 7.180000e+01
      vertex   1.062257e+02 0.000000e+00 7.877846e+01
    endloop
  endfacet
  facet normal 0.000000e+00 -1.000000e+00 0.000000e+00
    outer loop
      vertex   1.062257e+02 0.000000e+00 7.877846e+01
      vertex   1.289000e+02 0.000000e+00 7.180000e+01
      vertex   1.329000e+02 0.000000e+00 7.180000e+01
    endloop
  endfacet
  facet normal 0.000000e+00 -1.000000e+00 0.000000e+00
    outer loop
      vertex   1.062257e+02 0.000000e+00 7.877846e+01
      vertex   1.329000e+02 0.000000e+00 7.180000e+01
      vertex   1.369000e+02 0.000000e+00 7.180000e+01
    endloop
  endfacet
  facet normal -0.000000e+00 -1.000000e+00 0.000000e+00
    outer loop
      vertex   1.369000e+02 0.000000e+00 7.180000e+01
      vertex   1.329000e+02 0.000000e+00 7.180000e+01
      vertex   7.730000e+01 0.000000e+00 1.220000e+01
    endloop
  endfacet
  facet normal 0.000000e+00 -1.000000e+00 0.000000e+00
    outer loop
      vertex   7.730000e+01 0.000000e+00 1.220000e+01
      vertex   1.329000e+02 0.000000e+00 7.180000e+01
      vertex   7.330000e+01 0.000000e+00 1.220000e+01
    endloop
  endfacet
  facet normal 0.000000e+00 -1.000000e+00 0.000000e+00
    outer loop
      vertex   1.034243e+02 0.000000e+00 6.527837e+00
      vertex   1.034965e+02 0.000000e+00 6.797232e+00
      vertex   8.930000e+01 0.000000e+00 1.220000e+01
    endloop
  endfacet
  facet normal 0.000000e+00 -1.000000e+00 0.000000e+00
    outer loop
      vertex   8.930000e+01 0.000000e+00 1.220000e+01
      vertex   1.034965e+02 0.000000e+00 6.797232e+00
      vertex   9.330000e+01 0.000000e+00 1.220000e+01
    endloop
  endfacet
  facet normal 0.000000e+00 -1.000000e+00 0.000000e+00
    outer loop
      vertex   8.930000e+01 0.000000e+00 1.220000e+01
      vertex   9.330000e+01 0.000000e+00 1.220000e+01
      vertex   1.489000e+02 0.000000e+00 7.180000e+01
    endloop
  endfacet
  facet normal 0.000000e+00 -1.000000e+00 -0.000000e+00
    outer loop
      vertex   1.489000e+02 0.000000e+00 7.180000e+01
      vertex   9.330000e+01 0.000000e+00 1.220000e+01
      vertex   1.529000e+02 0.000000e+00 7.180000e+01
    endloop
  endfacet
  facet normal 0.000000e+00 -1.000000e+00 0.000000e+00
    outer loop
      vertex   1.489000e+02 0.000000e+00 7.180000e+01
      vertex   1.529000e+02 0.000000e+00 7.180000e+01
      vertex   1.062257e+02 0.000000e+00 7.877846e+01
    endloop
  endfacet
  facet normal 0.000000e+00 -1.000000e+00 0.000000e+00
    outer loop
      vertex   1.062257e+02 0.000000e+00 7.877846e+01
      vertex   1.529000e+02 0.000000e+00 7.180000e+01
      vertex   2.024528e+02 0.000000e+00 7.850351e+01
    endloop
  endfacet
  facet normal 0.000000e+00 -1.000000e+00 0.000000e+00
    outer loop
      vertex   1.062257e+02 0.000000e+00 7.877846e+01
      vertex   2.024528e+02 0.000000e+00 7.850351e+01
      vertex   2.027222e+02 0.000000e+00 7.857569e+01
    endloop
  endfacet
  facet normal 0.000000e+00 -1.000000e+00 0.000000e+00
    outer loop
      vertex   1.034965e+02 0.000000e+00 6.797232e+00
      vertex   1.036144e+02 0.000000e+00 7.050000e+00
      vertex   9.330000e+01 0.000000e+00 1.220000e+01
    endloop
  endfacet
  facet normal 0.000000e+00 -1.000000e+00 0.000000e+00
    outer loop
      vertex   9.330000e+01 0.000000e+00 1.220000e+01
      vertex   1.036144e+02 0.000000e+00 7.050000e+00
      vertex   1.037743e+02 0.000000e+00 7.278460e+00
    endloop
  endfacet
  facet normal 0.000000e+00 -1.000000e+00 0.000000e+00
    outer loop
      vertex   9.330000e+01 0.000000e+00 1.220000e+01
      vertex   1.037743e+02 0.000000e+00 7.278460e+00
      vertex   1.039715e+02 0.000000e+00 7.475671e+00
    endloop
  endfacet
  facet normal 0.000000e+00 -1.000000e+00 0.000000e+00
    outer loop
      vertex   9.330000e+01 0.000000e+00 1.220000e+01
      vertex   1.039715e+02 0.000000e+00 7.475671e+00
      vertex   9.730000e+01 0.000000e+00 1.220000e+01
    endloop
  endfacet
  facet normal 0.000000e+00 -1.000000e+00 0.000000e+00
    outer loop
      vertex   9.730000e+01 0.000000e+00 1.220000e+01
      vertex   1.039715e+02 0.000000e+00 7.475671e+00
      vertex   1.042000e+02 0.000000e+00 7.635641e+00
    endloop
  endfacet
  facet normal 0.000000e+00 -1.000000e+00 0.000000e+00
    outer loop
      vertex   9.730000e+01 0.000000e+00 1.220000e+01
      vertex   1.042000e+02 0.000000e+00 7.635641e+00
      vertex   1.044528e+02 0.000000e+00 7.753508e+00
    endloop
  endfacet
  facet normal 0.000000e+00 -1.000000e+00 0.000000e+00
    outer loop
      vertex   9.730000e+01 0.000000e+00 1.220000e+01
      vertex   1.044528e+02 0.000000e+00 7.753508e+00
      vertex   1.013000e+02 0.000000e+00 1.220000e+01
    endloop
  endfacet
  facet normal 0.000000e+00 -1.000000e+00 0.000000e+00
    outer loop
      vertex   1.013000e+02 0.000000e+00 1.220000e+01
      vertex   1.044528e+02 0.000000e+00 7.753508e+00
      vertex   1.047222e+02 0.000000e+00 7.825692e+00
    endloop
  endfacet
  facet normal 0.000000e+00 -1.000000e+00 0.000000e+00
    outer loop
      vertex   1.013000e+02 0.000000e+00 1.220000e+01
      vertex   1.047222e+02 0.000000e+00 7.825692e+00
      vertex   1.053000e+02 0.000000e+00 1.220000e+01
    endloop
  endfacet
  facet normal 0.000000e+00 -1.000000e+00 0.000000e+00
    outer loop
      vertex   1.053000e+02 0.000000e+00 1.220000e+01
      vertex   1.047222e+02 0.000000e+00 7.825692e+00
      vertex   1.050000e+02 0.000000e+00 7.850000e+00
    endloop
  endfacet
  facet normal 0.000000e+00 -1.000000e+00 0.000000e+00
    outer loop
      vertex   1.053000e+02 0.000000e+00 1.220000e+01
      vertex   1.050000e+02 0.000000e+00 7.850000e+00
      vertex   1.052778e+02 0.000000e+00 7.825692e+00
    endloop
  endfacet
  facet normal 0.000000e+00 -1.000000e+00 -0.000000e+00
    outer loop
      vertex   1.053000e+02 0.000000e+00 1.220000e+01
      vertex   1.052778e+02 0.000000e+00 7.825692e+00
      vertex   1.093000e+02 0.000000e+00 1.220000e+01
    endloop
  endfacet
  facet normal 0.000000e+00 -1.000000e+00 0.000000e+00
    outer loop
      vertex   1.093000e+02 0.000000e+00 1.220000e+01
      vertex   1.052778e+02 0.000000e+00 7.825692e+00
      vertex   1.055472e+02 0.000000e+00 7.753508e+00
    endloop
  endfacet
  facet normal 0.000000e+00 -1.000000e+00 0.000000e+00
    outer loop
      vertex   1.093000e+02 0.000000e+00 1.220000e+01
      vertex   1.055472e+02 0.000000e+00 7.753508e+00
      vertex   1.058000e+02 0.000000e+00 7.635641e+00
    endloop
  endfacet
  facet normal 0.000000e+00 -1.000000e+00 -0.000000e+00
    outer loop
      vertex   1.093000e+02 0.000000e+00 1.220000e+01
      vertex   1.058000e+02 0.000000e+00 7.635641e+00
      vertex   1.133000e+02 0.000000e+00 1.220000e+01
    endloop
  endfacet
  facet normal 0.000000e+00 -1.000000e+00 0.000000e+00
    outer loop
      vertex   1.133000e+02 0.000000e+00 1.220000e+01
      vertex   1.058000e+02 0.000000e+00 7.635641e+00
      vertex   1.060285e+02 0.000000e+00 7.475671e+00
    endloop
  endfacet
  facet normal 0.000000e+00 -1.000000e+00 0.000000e+00
    outer loop
      vertex   1.133000e+02 0.000000e+00 1.220000e+01
      vertex   1.060285e+02 0.000000e+00 7.475671e+00
      vertex   1.062257e+02 0.000000e+00 7.278460e+00
    endloop
  endfacet
  facet normal 0.000000e+00 -1.000000e+00 -0.000000e+00
    outer loop
      vertex   1.133000e+02 0.000000e+00 1.220000e+01
      vertex   1.062257e+02 0.000000e+00 7.278460e+00
      vertex   1.173000e+02 0.000000e+00 1.220000e+01
    endloop
  endfacet
  facet normal 0.000000e+00 -1.000000e+00 0.000000e+00
    outer loop
      vertex   1.173000e+02 0.000000e+00 1.220000e+01
      vertex   1.062257e+02 0.000000e+00 7.278460e+00
      vertex   1.063856e+02 0.000000e+00 7.050000e+00
    endloop
  endfacet
  facet normal 0.000000e+00 -1.000000e+00 0.000000e+00
    outer loop
      vertex   1.173000e+02 0.000000e+00 1.220000e+01
      vertex   1.063856e+02 0.000000e+00 7.050000e+00
      vertex   1.065035e+02 0.000000e+00 6.797232e+00
    endloop
  endfacet
  facet normal 0.000000e+00 -1.000000e+00 -0.000000e+00
    outer loop
      vertex   1.173000e+02 0.000000e+00 1.220000e+01
      vertex   1.065035e+02 0.000000e+00 6.797232e+00
      vertex   1.213000e+02 0.000000e+00 1.220000e+01
    endloop
  endfacet
  facet normal 0.000000e+00 -1.000000e+00 0.000000e+00
    outer loop
      vertex   1.213000e+02 0.000000e+00 1.220000e+01
      vertex   1.065035e+02 0.000000e+00 6.797232e+00
      vertex   1.065757e+02 0.000000e+00 6.527837e+00
    endloop
  endfacet
  facet normal 0.000000e+00 -1.000000e+00 0.000000e+00
    outer loop
      vertex   1.213000e+02 0.000000e+00 1.220000e+01
      vertex   1.065757e+02 0.000000e+00 6.527837e+00
      vertex   1.066000e+02 0.000000e+00 6.250000e+00
    endloop
  endfacet
  facet normal 0.000000e+00 -1.000000e+00 -0.000000e+00
    outer loop
      vertex   1.066000e+02 0.000000e+00 6.250000e+00
      vertex   1.065757e+02 0.000000e+00 5.972163e+00
      vertex   1.213000e+02 0.000000e+00 1.220000e+01
    endloop
  endfacet
  facet normal 0.000000e+00 -1.000000e+00 -0.000000e+00
    outer loop
      vertex   1.213000e+02 0.000000e+00 1.220000e+01
      vertex   1.065757e+02 0.000000e+00 5.972163e+00
      vertex   1.253000e+02 0.000000e+00 1.220000e+01
    endloop
  endfacet
  facet normal 0.000000e+00 -1.000000e+00 0.000000e+00
    outer loop
      vertex   1.213000e+02 0.000000e+00 1.220000e+01
      vertex   1.253000e+02 0.000000e+00 1.220000e+01
      vertex   1.809000e+02 0.000000e+00 7.180000e+01
    endloop
  endfacet
  facet normal 0.000000e+00 -1.000000e+00 -0.000000e+00
    outer loop
      vertex   1.809000e+02 0.000000e+00 7.180000e+01
      vertex   1.253000e+02 0.000000e+00 1.220000e+01
      vertex   1.849000e+02 0.000000e+00 7.180000e+01
    endloop
  endfacet
  facet normal 0.000000e+00 -1.000000e+00 0.000000e+00
    outer loop
      vertex   1.809000e+02 0.000000e+00 7.180000e+01
      vertex   1.849000e+02 0.000000e+00 7.180000e+01
      vertex   2.016144e+02 0.000000e+00 7.780000e+01
    endloop
  endfacet
  facet normal 0.000000e+00 -1.000000e+00 0.000000e+00
    outer loop
      vertex   2.016144e+02 0.000000e+00 7.780000e+01
      vertex   1.849000e+02 0.000000e+00 7.180000e+01
      vertex   2.014965e+02 0.000000e+00 7.754723e+01
    endloop
  endfacet
  facet normal 0.000000e+00 -1.000000e+00 0.000000e+00
    outer loop
      vertex   2.014965e+02 0.000000e+00 7.754723e+01
      vertex   1.849000e+02 0.000000e+00 7.180000e+01
      vertex   2.014243e+02 0.000000e+00 7.727784e+01
    endloop
  endfacet
  facet normal 0.000000e+00 -1.000000e+00 0.000000e+00
    outer loop
      vertex   2.014243e+02 0.000000e+00 7.727784e+01
      vertex   1.849000e+02 0.000000e+00 7.180000e+01
      vertex   1.889000e+02 0.000000e+00 7.180000e+01
    endloop
  endfacet
  facet normal 0.000000e+00 -1.000000e+00 0.000000e+00
    outer loop
      vertex   2.014243e+02 0.000000e+00 7.727784e+01
      vertex   1.889000e+02 0.000000e+00 7.180000e+01
      vertex   2.014000e+02 0.000000e+00 7.700000e+01
    endloop
  endfacet
  facet normal 0.000000e+00 -1.000000e+00 -0.000000e+00
    outer loop
      vertex   2.014000e+02 0.000000e+00 7.700000e+01
      vertex   1.889000e+02 0.000000e+00 7.180000e+01
      vertex   2.014243e+02 0.000000e+00 7.672216e+01
    endloop
  endfacet
  facet normal 0.000000e+00 -1.000000e+00 -0.000000e+00
    outer loop
      vertex   2.014243e+02 0.000000e+00 7.672216e+01
      vertex   1.889000e+02 0.000000e+00 7.180000e+01
      vertex   2.014965e+02 0.000000e+00 7.645277e+01
    endloop
  endfacet
  facet normal 0.000000e+00 -1.000000e+00 0.000000e+00
    outer loop
      vertex   2.014965e+02 0.000000e+00 7.645277e+01
      vertex   1.889000e+02 0.000000e+00 7.180000e+01
      vertex   1.929000e+02 0.000000e+00 7.180000e+01
    endloop
  endfacet
  facet normal 0.000000e+00 -1.000000e+00 -0.000000e+00
    outer loop
      vertex   2.014965e+02 0.000000e+00 7.645277e+01
      vertex   1.929000e+02 0.000000e+00 7.180000e+01
      vertex   2.016144e+02 0.000000e+00 7.620000e+01
    endloop
  endfacet
  facet normal 0.000000e+00 -1.000000e+00 -0.000000e+00
    outer loop
      vertex   2.016144e+02 0.000000e+00 7.620000e+01
      vertex   1.929000e+02 0.000000e+00 7.180000e+01
      vertex   2.017743e+02 0.000000e+00 7.597154e+01
    endloop
  endfacet
  facet normal 0.000000e+00 -1.000000e+00 -0.000000e+00
    outer loop
      vertex   2.017743e+02 0.000000e+00 7.597154e+01
      vertex   1.929000e+02 0.000000e+00 7.180000e+01
      vertex   2.019715e+02 0.000000e+00 7.577433e+01
    endloop
  endfacet
  facet normal 0.000000e+00 -1.000000e+00 0.000000e+00
    outer loop
      vertex   2.019715e+02 0.000000e+00 7.577433e+01
      vertex   1.929000e+02 0.000000e+00 7.180000e+01
      vertex   1.969000e+02 0.000000e+00 7.180000e+01
    endloop
  endfacet
  facet normal 0.000000e+00 -1.000000e+00 -0.000000e+00
    outer loop
      vertex   2.019715e+02 0.000000e+00 7.577433e+01
      vertex   1.969000e+02 0.000000e+00 7.180000e+01
      vertex   2.022000e+02 0.000000e+00 7.561436e+01
    endloop
  endfacet
  facet normal 0.000000e+00 -1.000000e+00 -0.000000e+00
    outer loop
      vertex   2.022000e+02 0.000000e+00 7.561436e+01
      vertex   1.969000e+02 0.000000e+00 7.180000e+01
      vertex   2.024528e+02 0.000000e+00 7.549649e+01
    endloop
  endfacet
  facet normal 0.000000e+00 -1.000000e+00 -0.000000e+00
    outer loop
      vertex   2.024528e+02 0.000000e+00 7.549649e+01
      vertex   1.969000e+02 0.000000e+00 7.180000e+01
      vertex   2.027222e+02 0.000000e+00 7.542431e+01
    endloop
  endfacet
  facet normal 0.000000e+00 -1.000000e+00 -0.000000e+00
    outer loop
      vertex   2.027222e+02 0.000000e+00 7.542431e+01
      vertex   1.969000e+02 0.000000e+00 7.180000e+01
      vertex   2.030000e+02 0.000000e+00 7.540000e+01
    endloop
  endfacet
  facet normal 0.000000e+00 -1.000000e+00 -0.000000e+00
    outer loop
      vertex   2.030000e+02 0.000000e+00 7.540000e+01
      vertex   1.969000e+02 0.000000e+00 7.180000e+01
      vertex   2.032778e+02 0.000000e+00 7.542431e+01
    endloop
  endfacet
  facet normal 0.000000e+00 -1.000000e+00 0.000000e+00
    outer loop
      vertex   2.032778e+02 0.000000e+00 7.542431e+01
      vertex   1.969000e+02 0.000000e+00 7.180000e+01
      vertex   1.978000e+02 0.000000e+00 6.870000e+01
    endloop
  endfacet
  facet normal 0.000000e+00 -1.000000e+00 -0.000000e+00
    outer loop
      vertex   2.032778e+02 0.000000e+00 7.542431e+01
      vertex   1.978000e+02 0.000000e+00 6.870000e+01
      vertex   2.035472e+02 0.000000e+00 7.549649e+01
    endloop
  endfacet
  facet normal 0.000000e+00 -1.000000e+00 -0.000000e+00
    outer loop
      vertex   2.035472e+02 0.000000e+00 7.549649e+01
      vertex   1.978000e+02 0.000000e+00 6.870000e+01
      vertex   2.078000e+02 0.000000e+00 7.708873e+01
    endloop
  endfacet
  facet normal 0.000000e+00 -1.000000e+00 0.000000e+00
    outer loop
      vertex   2.035472e+02 0.000000e+00 7.549649e+01
      vertex   2.078000e+02 0.000000e+00 7.708873e+01
      vertex   2.038000e+02 0.000000e+00 7.561436e+01
    endloop
  endfacet
  facet normal 0.000000e+00 -1.000000e+00 0.000000e+00
    outer loop
      vertex   2.038000e+02 0.000000e+00 7.561436e+01
      vertex   2.078000e+02 0.000000e+00 7.708873e+01
      vertex   2.040285e+02 0.000000e+00 7.577433e+01
    endloop
  endfacet
  facet normal 0.000000e+00 -1.000000e+00 0.000000e+00
    outer loop
      vertex   2.040285e+02 0.000000e+00 7.577433e+01
      vertex   2.078000e+02 0.000000e+00 7.708873e+01
      vertex   2.042257e+02 0.000000e+00 7.597154e+01
    endloop
  endfacet
  facet normal 0.000000e+00 -1.000000e+00 0.000000e+00
    outer loop
      vertex   2.042257e+02 0.000000e+00 7.597154e+01
      vertex   2.078000e+02 0.000000e+00 7.708873e+01
      vertex   2.043856e+02 0.000000e+00 7.620000e+01
    endloop
  endfacet
  facet normal 0.000000e+00 -1.000000e+00 0.000000e+00
    outer loop
      vertex   2.043856e+02 0.000000e+00 7.620000e+01
      vertex   2.078000e+02 0.000000e+00 7.708873e+01
      vertex   2.045035e+02 0.000000e+00 7.645277e+01
    endloop
  endfacet
  facet normal 0.000000e+00 -1.000000e+00 0.000000e+00
    outer loop
      vertex   2.045035e+02 0.000000e+00 7.645277e+01
      vertex   2.078000e+02 0.000000e+00 7.708873e+01
      vertex   2.045757e+02 0.000000e+00 7.672216e+01
    endloop
  endfacet
  facet normal 0.000000e+00 -1.000000e+00 0.000000e+00
    outer loop
      vertex   2.045757e+02 0.000000e+00 7.672216e+01
      vertex   2.078000e+02 0.000000e+00 7.708873e+01
      vertex   2.046000e+02 0.000000e+00 7.700000e+01
    endloop
  endfacet
  facet normal 0.000000e+00 -1.000000e+00 0.000000e+00
    outer loop
      vertex   2.046000e+02 0.000000e+00 7.700000e+01
      vertex   2.078000e+02 0.000000e+00 7.708873e+01
      vertex   2.045757e+02 0.000000e+00 7.727784e+01
    endloop
  endfacet
  facet normal 0.000000e+00 -1.000000e+00 0.000000e+00
    outer loop
      vertex   2.045757e+02 0.000000e+00 7.727784e+01
      vertex   2.078000e+02 0.000000e+00 7.708873e+01
      vertex   2.045035e+02 0.000000e+00 7.754723e+01
    endloop
  endfacet
  facet normal 0.000000e+00 -1.000000e+00 0.000000e+00
    outer loop
      vertex   2.045035e+02 0.000000e+00 7.754723e+01
      vertex   2.078000e+02 0.000000e+00 7.708873e+01
      vertex   2.043856e+02 0.000000e+00 7.780000e+01
    endloop
  endfacet
  facet normal 0.000000e+00 -1.000000e+00 0.000000e+00
    outer loop
      vertex   2.043856e+02 0.000000e+00 7.780000e+01
      vertex   2.078000e+02 0.000000e+00 7.708873e+01
      vertex   2.042257e+02 0.000000e+00 7.802846e+01
    endloop
  endfacet
  facet normal 0.000000e+00 -1.000000e+00 0.000000e+00
    outer loop
      vertex   2.042257e+02 0.000000e+00 7.802846e+01
      vertex   2.078000e+02 0.000000e+00 7.708873e+01
      vertex   2.040285e+02 0.000000e+00 7.822567e+01
    endloop
  endfacet
  facet normal 0.000000e+00 -1.000000e+00 0.000000e+00
    outer loop
      vertex   2.040285e+02 0.000000e+00 7.822567e+01
      vertex   2.078000e+02 0.000000e+00 7.708873e+01
      vertex   2.038000e+02 0.000000e+00 7.838564e+01
    endloop
  endfacet
  facet normal 0.000000e+00 -1.000000e+00 0.000000e+00
    outer loop
      vertex   2.038000e+02 0.000000e+00 7.838564e+01
      vertex   2.078000e+02 0.000000e+00 7.708873e+01
      vertex   2.030887e+02 0.000000e+00 8.180000e+01
    endloop
  endfacet
  facet normal 0.000000e+00 -1.000000e+00 0.000000e+00
    outer loop
      vertex   2.038000e+02 0.000000e+00 7.838564e+01
      vertex   2.030887e+02 0.000000e+00 8.180000e+01
      vertex   2.035472e+02 0.000000e+00 7.850351e+01
    endloop
  endfacet
  facet normal 0.000000e+00 -1.000000e+00 0.000000e+00
    outer loop
      vertex   2.035472e+02 0.000000e+00 7.850351e+01
      vertex   2.030887e+02 0.000000e+00 8.180000e+01
      vertex   2.032778e+02 0.000000e+00 7.857569e+01
    endloop
  endfacet
  facet normal 0.000000e+00 -1.000000e+00 0.000000e+00
    outer loop
      vertex   2.032778e+02 0.000000e+00 7.857569e+01
      vertex   2.030887e+02 0.000000e+00 8.180000e+01
      vertex   2.030000e+02 0.000000e+00 7.860000e+01
    endloop
  endfacet
  facet normal 0.000000e+00 -1.000000e+00 0.000000e+00
    outer loop
      vertex   2.030000e+02 0.000000e+00 7.860000e+01
      vertex   2.030887e+02 0.000000e+00 8.180000e+01
      vertex   1.062257e+02 0.000000e+00 7.877846e+01
    endloop
  endfacet
  facet normal -0.000000e+00 -1.000000e+00 0.000000e+00
    outer loop
      vertex   2.030000e+02 0.000000e+00 7.860000e+01
      vertex   1.062257e+02 0.000000e+00 7.877846e+01
      vertex   2.027222e+02 0.000000e+00 7.857569e+01
    endloop
  endfacet
  facet normal 0.000000e+00 -1.000000e+00 -0.000000e+00
    outer loop
      vertex   1.065757e+02 0.000000e+00 5.972163e+00
      vertex   1.065035e+02 0.000000e+00 5.702768e+00
      vertex   1.253000e+02 0.000000e+00 1.220000e+01
    endloop
  endfacet
  facet normal 0.000000e+00 -1.000000e+00 0.000000e+00
    outer loop
      vertex   1.253000e+02 0.000000e+00 1.220000e+01
      vertex   1.065035e+02 0.000000e+00 5.702768e+00
      vertex   1.063856e+02 0.000000e+00 5.450000e+00
    endloop
  endfacet
  facet normal 0.000000e+00 -1.000000e+00 -0.000000e+00
    outer loop
      vertex   1.253000e+02 0.000000e+00 1.220000e+01
      vertex   1.063856e+02 0.000000e+00 5.450000e+00
      vertex   1.293000e+02 0.000000e+00 1.220000e+01
    endloop
  endfacet
  facet normal 0.000000e+00 -1.000000e+00 0.000000e+00
    outer loop
      vertex   1.293000e+02 0.000000e+00 1.220000e+01
      vertex   1.063856e+02 0.000000e+00 5.450000e+00
      vertex   1.062257e+02 0.000000e+00 5.221540e+00
    endloop
  endfacet
  facet normal 0.000000e+00 -1.000000e+00 0.000000e+00
    outer loop
      vertex   1.293000e+02 0.000000e+00 1.220000e+01
      vertex   1.062257e+02 0.000000e+00 5.221540e+00
      vertex   1.060285e+02 0.000000e+00 5.024329e+00
    endloop
  endfacet
  facet normal 0.000000e+00 -1.000000e+00 -0.000000e+00
    outer loop
      vertex   1.293000e+02 0.000000e+00 1.220000e+01
      vertex   1.060285e+02 0.000000e+00 5.024329e+00
      vertex   1.333000e+02 0.000000e+00 1.220000e+01
    endloop
  endfacet
  facet normal 0.000000e+00 -1.000000e+00 0.000000e+00
    outer loop
      vertex   1.333000e+02 0.000000e+00 1.220000e+01
      vertex   1.060285e+02 0.000000e+00 5.024329e+00
      vertex   1.058000e+02 0.000000e+00 4.864359e+00
    endloop
  endfacet
  facet normal 0.000000e+00 -1.000000e+00 -0.000000e+00
    outer loop
      vertex   1.333000e+02 0.000000e+00 1.220000e+01
      vertex   1.058000e+02 0.000000e+00 4.864359e+00
      vertex   2.030887e+02 0.000000e+00 2.200000e+00
    endloop
  endfacet
  facet normal 0.000000e+00 -1.000000e+00 0.000000e+00
    outer loop
      vertex   2.030887e+02 0.000000e+00 2.200000e+00
      vertex   1.058000e+02 0.000000e+00 4.864359e+00
      vertex   1.055472e+02 0.000000e+00 4.746492e+00
    endloop
  endfacet
  facet normal 0.000000e+00 -1.000000e+00 0.000000e+00
    outer loop
      vertex   2.030887e+02 0.000000e+00 2.200000e+00
      vertex   1.055472e+02 0.000000e+00 4.746492e+00
      vertex   1.052778e+02 0.000000e+00 4.674308e+00
    endloop
  endfacet
  facet normal 0.000000e+00 -1.000000e+00 -0.000000e+00
    outer loop
      vertex   1.052778e+02 0.000000e+00 4.674308e+00
      vertex   1.050000e+02 0.000000e+00 4.650000e+00
      vertex   2.030887e+02 0.000000e+00 2.200000e+00
    endloop
  endfacet
  facet normal -0.000000e+00 -1.000000e+00 0.000000e+00
    outer loop
      vertex   2.030887e+02 0.000000e+00 2.200000e+00
      vertex   1.050000e+02 0.000000e+00 4.650000e+00
      vertex   6.911270e+00 0.000000e+00 2.200000e+00
    endloop
  endfacet
  facet normal 0.000000e+00 -1.000000e+00 0.000000e+00
    outer loop
      vertex   6.911270e+00 0.000000e+00 2.200000e+00
      vertex   1.050000e+02 0.000000e+00 4.650000e+00
      vertex   1.047222e+02 0.000000e+00 4.674308e+00
    endloop
  endfacet
  facet normal 0.000000e+00 -1.000000e+00 0.000000e+00
    outer loop
      vertex   6.911270e+00 0.000000e+00 2.200000e+00
      vertex   1.047222e+02 0.000000e+00 4.674308e+00
      vertex   1.044528e+02 0.000000e+00 4.746492e+00
    endloop
  endfacet
  facet normal 0.000000e+00 -1.000000e+00 0.000000e+00
    outer loop
      vertex   6.911270e+00 0.000000e+00 2.200000e+00
      vertex   1.044528e+02 0.000000e+00 4.746492e+00
      vertex   6.490000e+01 0.000000e+00 1.220000e+01
    endloop
  endfacet
  facet normal 0.000000e+00 -1.000000e+00 0.000000e+00
    outer loop
      vertex   6.490000e+01 0.000000e+00 1.220000e+01
      vertex   1.044528e+02 0.000000e+00 4.746492e+00
      vertex   1.042000e+02 0.000000e+00 4.864359e+00
    endloop
  endfacet
  facet normal 0.000000e+00 -1.000000e+00 0.000000e+00
    outer loop
      vertex   6.490000e+01 0.000000e+00 1.220000e+01
      vertex   1.042000e+02 0.000000e+00 4.864359e+00
      vertex   6.530000e+01 0.000000e+00 1.220000e+01
    endloop
  endfacet
  facet normal 0.000000e+00 -1.000000e+00 0.000000e+00
    outer loop
      vertex   5.424308e+00 0.000000e+00 6.722163e+00
      vertex   5.400000e+00 0.000000e+00 7.000000e+00
      vertex   2.200000e+00 0.000000e+00 6.911270e+00
    endloop
  endfacet
  facet normal 0.000000e+00 -1.000000e+00 0.000000e+00
    outer loop
      vertex   2.200000e+00 0.000000e+00 6.911270e+00
      vertex   5.400000e+00 0.000000e+00 7.000000e+00
      vertex   5.424308e+00 0.000000e+00 7.277837e+00
    endloop
  endfacet
  facet normal 0.000000e+00 -1.000000e+00 0.000000e+00
    outer loop
      vertex   2.200000e+00 0.000000e+00 6.911270e+00
      vertex   5.424308e+00 0.000000e+00 7.277837e+00
      vertex   5.496492e+00 0.000000e+00 7.547232e+00
    endloop
  endfacet
  facet normal -0.000000e+00 -1.000000e+00 0.000000e+00
    outer loop
      vertex   5.496492e+00 0.000000e+00 7.547232e+00
      vertex   5.614359e+00 0.000000e+00 7.800000e+00
      vertex   2.200000e+00 0.000000e+00 6.911270e+00
    endloop
  endfacet
  facet normal 0.000000e+00 -1.000000e+00 0.000000e+00
    outer loop
      vertex   2.200000e+00 0.000000e+00 6.911270e+00
      vertex   5.614359e+00 0.000000e+00 7.800000e+00
      vertex   5.774329e+00 0.000000e+00 8.028460e+00
    endloop
  endfacet
  facet normal 0.000000e+00 -1.000000e+00 0.000000e+00
    outer loop
      vertex   2.200000e+00 0.000000e+00 6.911270e+00
      vertex   5.774329e+00 0.000000e+00 8.028460e+00
      vertex   5.971540e+00 0.000000e+00 8.225671e+00
    endloop
  endfacet
  facet normal -0.000000e+00 -1.000000e+00 0.000000e+00
    outer loop
      vertex   5.971540e+00 0.000000e+00 8.225671e+00
      vertex   6.200000e+00 0.000000e+00 8.385641e+00
      vertex   2.200000e+00 0.000000e+00 6.911270e+00
    endloop
  endfacet
  facet normal 0.000000e+00 -1.000000e+00 0.000000e+00
    outer loop
      vertex   2.200000e+00 0.000000e+00 6.911270e+00
      vertex   6.200000e+00 0.000000e+00 8.385641e+00
      vertex   6.452768e+00 0.000000e+00 8.503508e+00
    endloop
  endfacet
  facet normal 0.000000e+00 -1.000000e+00 0.000000e+00
    outer loop
      vertex   8.225671e+00 0.000000e+00 8.028460e+00
      vertex   8.385641e+00 0.000000e+00 7.800000e+00
      vertex   2.170000e+01 0.000000e+00 1.720000e+01
    endloop
  endfacet
  facet normal 0.000000e+00 -1.000000e+00 0.000000e+00
    outer loop
      vertex   2.170000e+01 0.000000e+00 1.720000e+01
      vertex   8.385641e+00 0.000000e+00 7.800000e+00
      vertex   8.503508e+00 0.000000e+00 7.547232e+00
    endloop
  endfacet
  facet normal 0.000000e+00 -1.000000e+00 -0.000000e+00
    outer loop
      vertex   8.600000e+00 0.000000e+00 7.000000e+00
      vertex   8.575692e+00 0.000000e+00 6.722163e+00
      vertex   4.040000e+01 0.000000e+00 1.720000e+01
    endloop
  endfacet
  facet normal 0.000000e+00 -1.000000e+00 0.000000e+00
    outer loop
      vertex   4.040000e+01 0.000000e+00 1.720000e+01
      vertex   8.575692e+00 0.000000e+00 6.722163e+00
      vertex   8.503508e+00 0.000000e+00 6.452768e+00
    endloop
  endfacet
  facet normal 0.000000e+00 -1.000000e+00 -0.000000e+00
    outer loop
      vertex   8.385641e+00 0.000000e+00 6.200000e+00
      vertex   8.225671e+00 0.000000e+00 5.971540e+00
      vertex   6.490000e+01 0.000000e+00 1.220000e+01
    endloop
  endfacet
  facet normal 0.000000e+00 -1.000000e+00 0.000000e+00
    outer loop
      vertex   6.490000e+01 0.000000e+00 1.220000e+01
      vertex   8.225671e+00 0.000000e+00 5.971540e+00
      vertex   6.911270e+00 0.000000e+00 2.200000e+00
    endloop
  endfacet
  facet normal 0.000000e+00 -1.000000e+00 0.000000e+00
    outer loop
      vertex   8.225671e+00 0.000000e+00 5.971540e+00
      vertex   8.028460e+00 0.000000e+00 5.774329e+00
      vertex   6.911270e+00 0.000000e+00 2.200000e+00
    endloop
  endfacet
  facet normal 0.000000e+00 -1.000000e+00 0.000000e+00
    outer loop
      vertex   6.911270e+00 0.000000e+00 2.200000e+00
      vertex   8.028460e+00 0.000000e+00 5.774329e+00
      vertex   7.800000e+00 0.000000e+00 5.614359e+00
    endloop
  endfacet
  facet normal 0.000000e+00 -1.000000e+00 0.000000e+00
    outer loop
      vertex   6.911270e+00 0.000000e+00 2.200000e+00
      vertex   7.800000e+00 0.000000e+00 5.614359e+00
      vertex   7.547232e+00 0.000000e+00 5.496492e+00
    endloop
  endfacet
  facet normal 0.000000e+00 -1.000000e+00 0.000000e+00
    outer loop
      vertex   7.547232e+00 0.000000e+00 5.496492e+00
      vertex   7.277837e+00 0.000000e+00 5.424308e+00
      vertex   6.911270e+00 0.000000e+00 2.200000e+00
    endloop
  endfacet
  facet normal 0.000000e+00 -1.000000e+00 0.000000e+00
    outer loop
      vertex   6.911270e+00 0.000000e+00 2.200000e+00
      vertex   7.277837e+00 0.000000e+00 5.424308e+00
      vertex   7.000000e+00 0.000000e+00 5.400000e+00
    endloop
  endfacet
  facet normal 0.000000e+00 -1.000000e+00 0.000000e+00
    outer loop
      vertex   6.911270e+00 0.000000e+00 2.200000e+00
      vertex   7.000000e+00 0.000000e+00 5.400000e+00
      vertex   6.722163e+00 0.000000e+00 5.424308e+00
    endloop
  endfacet
  facet normal -0.000000e+00 -1.000000e+00 -0.000000e+00
    outer loop
      vertex   6.722163e+00 0.000000e+00 5.424308e+00
      vertex   6.452768e+00 0.000000e+00 5.496492e+00
      vertex   6.911270e+00 0.000000e+00 2.200000e+00
    endloop
  endfacet
  facet normal 0.000000e+00 -1.000000e+00 0.000000e+00
    outer loop
      vertex   6.911270e+00 0.000000e+00 2.200000e+00
      vertex   6.452768e+00 0.000000e+00 5.496492e+00
      vertex   6.200000e+00 0.000000e+00 5.614359e+00
    endloop
  endfacet
  facet normal 0.000000e+00 -1.000000e+00 0.000000e+00
    outer loop
      vertex   6.911270e+00 0.000000e+00 2.200000e+00
      vertex   6.200000e+00 0.000000e+00 5.614359e+00
      vertex   2.200000e+00 0.000000e+00 6.911270e+00
    endloop
  endfacet
  facet normal 0.000000e+00 -1.000000e+00 0.000000e+00
    outer loop
      vertex   2.200000e+00 0.000000e+00 6.911270e+00
      vertex   6.200000e+00 0.000000e+00 5.614359e+00
      vertex   5.971540e+00 0.000000e+00 5.774329e+00
    endloop
  endfacet
  facet normal 0.000000e+00 -1.000000e+00 0.000000e+00
    outer loop
      vertex   2.200000e+00 0.000000e+00 6.911270e+00
      vertex   5.971540e+00 0.000000e+00 5.774329e+00
      vertex   5.774329e+00 0.000000e+00 5.971540e+00
    endloop
  endfacet
  facet normal 0.000000e+00 -1.000000e+00 0.000000e+00
    outer loop
      vertex   5.774329e+00 0.000000e+00 5.971540e+00
      vertex   5.614359e+00 0.000000e+00 6.200000e+00
      vertex   2.200000e+00 0.000000e+00 6.911270e+00
    endloop
  endfacet
  facet normal 0.000000e+00 -1.000000e+00 0.000000e+00
    outer loop
      vertex   2.200000e+00 0.000000e+00 6.911270e+00
      vertex   5.614359e+00 0.000000e+00 6.200000e+00
      vertex   5.496492e+00 0.000000e+00 6.452768e+00
    endloop
  endfacet
  facet normal 0.000000e+00 -1.000000e+00 0.000000e+00
    outer loop
      vertex   2.200000e+00 0.000000e+00 6.911270e+00
      vertex   5.496492e+00 0.000000e+00 6.452768e+00
      vertex   5.424308e+00 0.000000e+00 6.722163e+00
    endloop
  endfacet
  facet normal 0.000000e+00 -1.000000e+00 0.000000e+00
    outer loop
      vertex   2.014243e+02 0.000000e+00 6.722163e+00
      vertex   2.014000e+02 0.000000e+00 7.000000e+00
      vertex   1.333000e+02 0.000000e+00 1.220000e+01
    endloop
  endfacet
  facet normal 0.000000e+00 -1.000000e+00 0.000000e+00
    outer loop
      vertex   1.333000e+02 0.000000e+00 1.220000e+01
      vertex   2.014000e+02 0.000000e+00 7.000000e+00
      vertex   2.014243e+02 0.000000e+00 7.277837e+00
    endloop
  endfacet
  facet normal 0.000000e+00 -1.000000e+00 0.000000e+00
    outer loop
      vertex   1.333000e+02 0.000000e+00 1.220000e+01
      vertex   2.014243e+02 0.000000e+00 7.277837e+00
      vertex   2.014965e+02 0.000000e+00 7.547232e+00
    endloop
  endfacet
  facet normal 0.000000e+00 -1.000000e+00 0.000000e+00
    outer loop
      vertex   2.038000e+02 0.000000e+00 8.385641e+00
      vertex   2.040285e+02 0.000000e+00 8.225671e+00
      vertex   2.078000e+02 0.000000e+00 6.911270e+00
    endloop
  endfacet
  facet normal 0.000000e+00 -1.000000e+00 0.000000e+00
    outer loop
      vertex   2.078000e+02 0.000000e+00 6.911270e+00
      vertex   2.040285e+02 0.000000e+00 8.225671e+00
      vertex   2.042257e+02 0.000000e+00 8.028460e+00
    endloop
  endfacet
  facet normal 0.000000e+00 -1.000000e+00 0.000000e+00
    outer loop
      vertex   2.078000e+02 0.000000e+00 6.911270e+00
      vertex   2.042257e+02 0.000000e+00 8.028460e+00
      vertex   2.043856e+02 0.000000e+00 7.800000e+00
    endloop
  endfacet
  facet normal 0.000000e+00 -1.000000e+00 0.000000e+00
    outer loop
      vertex   2.043856e+02 0.000000e+00 7.800000e+00
      vertex   2.045035e+02 0.000000e+00 7.547232e+00
      vertex   2.078000e+02 0.000000e+00 6.911270e+00
    endloop
  endfacet
  facet normal 0.000000e+00 -1.000000e+00 0.000000e+00
    outer loop
      vertex   2.078000e+02 0.000000e+00 6.911270e+00
      vertex   2.045035e+02 0.000000e+00 7.547232e+00
      vertex   2.045757e+02 0.000000e+00 7.277837e+00
    endloop
  endfacet
  facet normal 0.000000e+00 -1.000000e+00 0.000000e+00
    outer loop
      vertex   2.078000e+02 0.000000e+00 6.911270e+00
      vertex   2.045757e+02 0.000000e+00 7.277837e+00
      vertex   2.046000e+02 0.000000e+00 7.000000e+00
    endloop
  endfacet
  facet normal 0.000000e+00 -1.000000e+00 -0.000000e+00
    outer loop
      vertex   2.046000e+02 0.000000e+00 7.000000e+00
      vertex   2.045757e+02 0.000000e+00 6.722163e+00
      vertex   2.078000e+02 0.000000e+00 6.911270e+00
    endloop
  endfacet
  facet normal 0.000000e+00 -1.000000e+00 0.000000e+00
    outer loop
      vertex   2.078000e+02 0.000000e+00 6.911270e+00
      vertex   2.045757e+02 0.000000e+00 6.722163e+00
      vertex   2.045035e+02 0.000000e+00 6.452768e+00
    endloop
  endfacet
  facet normal 0.000000e+00 -1.000000e+00 0.000000e+00
    outer loop
      vertex   2.078000e+02 0.000000e+00 6.911270e+00
      vertex   2.045035e+02 0.000000e+00 6.452768e+00
      vertex   2.043856e+02 0.000000e+00 6.200000e+00
    endloop
  endfacet
  facet normal 0.000000e+00 -1.000000e+00 -0.000000e+00
    outer loop
      vertex   2.043856e+02 0.000000e+00 6.200000e+00
      vertex   2.042257e+02 0.000000e+00 5.971540e+00
      vertex   2.078000e+02 0.000000e+00 6.911270e+00
    endloop
  endfacet
  facet normal 0.000000e+00 -1.000000e+00 0.000000e+00
    outer loop
      vertex   2.078000e+02 0.000000e+00 6.911270e+00
      vertex   2.042257e+02 0.000000e+00 5.971540e+00
      vertex   2.040285e+02 0.000000e+00 5.774329e+00
    endloop
  endfacet
  facet normal 0.000000e+00 -1.000000e+00 0.000000e+00
    outer loop
      vertex   2.078000e+02 0.000000e+00 6.911270e+00
      vertex   2.040285e+02 0.000000e+00 5.774329e+00
      vertex   2.038000e+02 0.000000e+00 5.614359e+00
    endloop
  endfacet
  facet normal 0.000000e+00 -1.000000e+00 0.000000e+00
    outer loop
      vertex   2.078000e+02 0.000000e+00 6.911270e+00
      vertex   2.038000e+02 0.000000e+00 5.614359e+00
      vertex   2.030887e+02 0.000000e+00 2.200000e+00
    endloop
  endfacet
  facet normal 0.000000e+00 -1.000000e+00 0.000000e+00
    outer loop
      vertex   2.030887e+02 0.000000e+00 2.200000e+00
      vertex   2.038000e+02 0.000000e+00 5.614359e+00
      vertex   2.035472e+02 0.000000e+00 5.496492e+00
    endloop
  endfacet
  facet normal 0.000000e+00 -1.000000e+00 0.000000e+00
    outer loop
      vertex   2.030887e+02 0.000000e+00 2.200000e+00
      vertex   2.035472e+02 0.000000e+00 5.496492e+00
      vertex   2.032778e+02 0.000000e+00 5.424308e+00
    endloop
  endfacet
  facet normal 0.000000e+00 -1.000000e+00 0.000000e+00
    outer loop
      vertex   2.032778e+02 0.000000e+00 5.424308e+00
      vertex   2.030000e+02 0.000000e+00 5.400000e+00
      vertex   2.030887e+02 0.000000e+00 2.200000e+00
    endloop
  endfacet
  facet normal 0.000000e+00 -1.000000e+00 0.000000e+00
    outer loop
      vertex   2.030887e+02 0.000000e+00 2.200000e+00
      vertex   2.030000e+02 0.000000e+00 5.400000e+00
      vertex   2.027222e+02 0.000000e+00 5.424308e+00
    endloop
  endfacet
  facet normal 0.000000e+00 -1.000000e+00 0.000000e+00
    outer loop
      vertex   2.030887e+02 0.000000e+00 2.200000e+00
      vertex   2.027222e+02 0.000000e+00 5.424308e+00
      vertex   2.024528e+02 0.000000e+00 5.496492e+00
    endloop
  endfacet
  facet normal -0.000000e+00 -1.000000e+00 -0.000000e+00
    outer loop
      vertex   2.024528e+02 0.000000e+00 5.496492e+00
      vertex   2.022000e+02 0.000000e+00 5.614359e+00
      vertex   2.030887e+02 0.000000e+00 2.200000e+00
    endloop
  endfacet
  facet normal 0.000000e+00 -1.000000e+00 0.000000e+00
    outer loop
      vertex   2.030887e+02 0.000000e+00 2.200000e+00
      vertex   2.022000e+02 0.000000e+00 5.614359e+00
      vertex   2.019715e+02 0.000000e+00 5.774329e+00
    endloop
  endfacet
  facet normal 0.000000e+00 -1.000000e+00 0.000000e+00
    outer loop
      vertex   2.030887e+02 0.000000e+00 2.200000e+00
      vertex   2.019715e+02 0.000000e+00 5.774329e+00
      vertex   2.017743e+02 0.000000e+00 5.971540e+00
    endloop
  endfacet
  facet normal 0.000000e+00 -1.000000e+00 0.000000e+00
    outer loop
      vertex   2.030887e+02 0.000000e+00 2.200000e+00
      vertex   2.017743e+02 0.000000e+00 5.971540e+00
      vertex   1.333000e+02 0.000000e+00 1.220000e+01
    endloop
  endfacet
  facet normal 0.000000e+00 -1.000000e+00 0.000000e+00
    outer loop
      vertex   1.333000e+02 0.000000e+00 1.220000e+01
      vertex   2.017743e+02 0.000000e+00 5.971540e+00
      vertex   2.016144e+02 0.000000e+00 6.200000e+00
    endloop
  endfacet
  facet normal 0.000000e+00 -1.000000e+00 0.000000e+00
    outer loop
      vertex   1.333000e+02 0.000000e+00 1.220000e+01
      vertex   2.016144e+02 0.000000e+00 6.200000e+00
      vertex   2.014965e+02 0.000000e+00 6.452768e+00
    endloop
  endfacet
  facet normal 0.000000e+00 -1.000000e+00 0.000000e+00
    outer loop
      vertex   2.014965e+02 0.000000e+00 6.452768e+00
      vertex   2.014243e+02 0.000000e+00 6.722163e+00
      vertex   1.333000e+02 0.000000e+00 1.220000e+01
    endloop
  endfacet
  facet normal 0.000000e+00 -1.000000e+00 0.000000e+00
    outer loop
      vertex   1.978000e+02 0.000000e+00 5.270000e+01
      vertex   1.533000e+02 0.000000e+00 1.220000e+01
      vertex   1.573000e+02 0.000000e+00 1.220000e+01
    endloop
  endfacet
  facet normal -0.000000e+00 -1.000000e+00 -0.000000e+00
    outer loop
      vertex   1.573000e+02 0.000000e+00 1.220000e+01
      vertex   1.533000e+02 0.000000e+00 1.220000e+01
      vertex   2.014965e+02 0.000000e+00 7.547232e+00
    endloop
  endfacet
  facet normal 0.000000e+00 -1.000000e+00 0.000000e+00
    outer loop
      vertex   1.573000e+02 0.000000e+00 1.220000e+01
      vertex   2.014965e+02 0.000000e+00 7.547232e+00
      vertex   1.613000e+02 0.000000e+00 1.220000e+01
    endloop
  endfacet
  facet normal 0.000000e+00 -1.000000e+00 0.000000e+00
    outer loop
      vertex   1.978000e+02 0.000000e+00 4.870000e+01
      vertex   2.078000e+02 0.000000e+00 7.708873e+01
      vertex   1.978000e+02 0.000000e+00 5.270000e+01
    endloop
  endfacet
  facet normal 0.000000e+00 -1.000000e+00 0.000000e+00
    outer loop
      vertex   1.978000e+02 0.000000e+00 5.270000e+01
      vertex   2.078000e+02 0.000000e+00 7.708873e+01
      vertex   1.978000e+02 0.000000e+00 5.670000e+01
    endloop
  endfacet
  facet normal -0.000000e+00 -1.000000e+00 0.000000e+00
    outer loop
      vertex   1.978000e+02 0.000000e+00 5.270000e+01
      vertex   1.978000e+02 0.000000e+00 5.670000e+01
      vertex   1.533000e+02 0.000000e+00 1.220000e+01
    endloop
  endfacet
  facet normal 0.000000e+00 -1.000000e+00 0.000000e+00
    outer loop
      vertex   1.037743e+02 0.000000e+00 7.877846e+01
      vertex   6.490000e+01 0.000000e+00 7.180000e+01
      vertex   6.890000e+01 0.000000e+00 7.180000e+01
    endloop
  endfacet
  facet normal 0.000000e+00 -1.000000e+00 0.000000e+00
    outer loop
      vertex   1.037743e+02 0.000000e+00 7.877846e+01
      vertex   6.890000e+01 0.000000e+00 7.180000e+01
      vertex   7.290000e+01 0.000000e+00 7.180000e+01
    endloop
  endfacet
  facet normal -0.000000e+00 -1.000000e+00 0.000000e+00
    outer loop
      vertex   7.290000e+01 0.000000e+00 7.180000e+01
      vertex   6.890000e+01 0.000000e+00 7.180000e+01
      vertex   6.490000e+01 0.000000e+00 6.780000e+01
    endloop
  endfacet
  facet normal 0.000000e+00 -1.000000e+00 0.000000e+00
    outer loop
      vertex   7.290000e+01 0.000000e+00 7.180000e+01
      vertex   6.490000e+01 0.000000e+00 6.780000e+01
      vertex   6.490000e+01 0.000000e+00 6.380000e+01
    endloop
  endfacet
  facet normal 0.000000e+00 -1.000000e+00 0.000000e+00
    outer loop
      vertex   1.169000e+02 0.000000e+00 7.180000e+01
      vertex   1.062257e+02 0.000000e+00 7.672154e+01
      vertex   1.129000e+02 0.000000e+00 7.180000e+01
    endloop
  endfacet
  facet normal 0.000000e+00 -1.000000e+00 0.000000e+00
    outer loop
      vertex   1.129000e+02 0.000000e+00 7.180000e+01
      vertex   1.062257e+02 0.000000e+00 7.672154e+01
      vertex   1.060285e+02 0.000000e+00 7.652433e+01
    endloop
  endfacet
  facet normal 0.000000e+00 -1.000000e+00 0.000000e+00
    outer loop
      vertex   1.129000e+02 0.000000e+00 7.180000e+01
      vertex   1.060285e+02 0.000000e+00 7.652433e+01
      vertex   1.058000e+02 0.000000e+00 7.636436e+01
    endloop
  endfacet
  facet normal 0.000000e+00 -1.000000e+00 0.000000e+00
    outer loop
      vertex   6.490000e+01 0.000000e+00 1.980000e+01
      vertex   1.209000e+02 0.000000e+00 7.180000e+01
      vertex   1.169000e+02 0.000000e+00 7.180000e+01
    endloop
  endfacet
  facet normal 0.000000e+00 -1.000000e+00 0.000000e+00
    outer loop
      vertex   1.169000e+02 0.000000e+00 7.180000e+01
      vertex   1.209000e+02 0.000000e+00 7.180000e+01
      vertex   1.065035e+02 0.000000e+00 7.720277e+01
    endloop
  endfacet
  facet normal 0.000000e+00 -1.000000e+00 0.000000e+00
    outer loop
      vertex   1.169000e+02 0.000000e+00 7.180000e+01
      vertex   1.065035e+02 0.000000e+00 7.720277e+01
      vertex   1.063856e+02 0.000000e+00 7.695000e+01
    endloop
  endfacet
  facet normal 0.000000e+00 -1.000000e+00 0.000000e+00
    outer loop
      vertex   1.978000e+02 0.000000e+00 6.870000e+01
      vertex   1.373000e+02 0.000000e+00 1.220000e+01
      vertex   1.413000e+02 0.000000e+00 1.220000e+01
    endloop
  endfacet
  facet normal -0.000000e+00 -1.000000e+00 -0.000000e+00
    outer loop
      vertex   1.413000e+02 0.000000e+00 1.220000e+01
      vertex   1.373000e+02 0.000000e+00 1.220000e+01
      vertex   2.014965e+02 0.000000e+00 7.547232e+00
    endloop
  endfacet
  facet normal 0.000000e+00 -1.000000e+00 0.000000e+00
    outer loop
      vertex   1.413000e+02 0.000000e+00 1.220000e+01
      vertex   2.014965e+02 0.000000e+00 7.547232e+00
      vertex   1.453000e+02 0.000000e+00 1.220000e+01
    endloop
  endfacet
  facet normal 0.000000e+00 -1.000000e+00 0.000000e+00
    outer loop
      vertex   1.453000e+02 0.000000e+00 1.220000e+01
      vertex   2.014965e+02 0.000000e+00 7.547232e+00
      vertex   1.493000e+02 0.000000e+00 1.220000e+01
    endloop
  endfacet
  facet normal 0.000000e+00 -1.000000e+00 0.000000e+00
    outer loop
      vertex   1.453000e+02 0.000000e+00 1.220000e+01
      vertex   1.493000e+02 0.000000e+00 1.220000e+01
      vertex   1.978000e+02 0.000000e+00 6.070000e+01
    endloop
  endfacet
  facet normal 0.000000e+00 -1.000000e+00 0.000000e+00
    outer loop
      vertex   1.978000e+02 0.000000e+00 6.870000e+01
      vertex   1.978000e+02 0.000000e+00 6.470000e+01
      vertex   2.078000e+02 0.000000e+00 7.708873e+01
    endloop
  endfacet
  facet normal 0.000000e+00 -1.000000e+00 0.000000e+00
    outer loop
      vertex   2.078000e+02 0.000000e+00 7.708873e+01
      vertex   1.978000e+02 0.000000e+00 6.470000e+01
      vertex   1.978000e+02 0.000000e+00 6.070000e+01
    endloop
  endfacet
  facet normal 0.000000e+00 -1.000000e+00 0.000000e+00
    outer loop
      vertex   2.078000e+02 0.000000e+00 7.708873e+01
      vertex   1.978000e+02 0.000000e+00 6.070000e+01
      vertex   1.978000e+02 0.000000e+00 5.670000e+01
    endloop
  endfacet
  facet normal 0.000000e+00 -1.000000e+00 -0.000000e+00
    outer loop
      vertex   1.978000e+02 0.000000e+00 6.470000e+01
      vertex   1.453000e+02 0.000000e+00 1.220000e+01
      vertex   1.978000e+02 0.000000e+00 6.070000e+01
    endloop
  endfacet
  facet normal 0.000000e+00 -1.000000e+00 0.000000e+00
    outer loop
      vertex   1.369000e+02 0.000000e+00 7.180000e+01
      vertex   1.409000e+02 0.000000e+00 7.180000e+01
      vertex   1.062257e+02 0.000000e+00 7.877846e+01
    endloop
  endfacet
  facet normal 0.000000e+00 -1.000000e+00 0.000000e+00
    outer loop
      vertex   1.062257e+02 0.000000e+00 7.877846e+01
      vertex   1.409000e+02 0.000000e+00 7.180000e+01
      vertex   1.449000e+02 0.000000e+00 7.180000e+01
    endloop
  endfacet
  facet normal 0.000000e+00 -1.000000e+00 0.000000e+00
    outer loop
      vertex   1.062257e+02 0.000000e+00 7.877846e+01
      vertex   1.449000e+02 0.000000e+00 7.180000e+01
      vertex   1.489000e+02 0.000000e+00 7.180000e+01
    endloop
  endfacet
  facet normal 0.000000e+00 -1.000000e+00 0.000000e+00
    outer loop
      vertex   1.449000e+02 0.000000e+00 7.180000e+01
      vertex   1.409000e+02 0.000000e+00 7.180000e+01
      vertex   8.530000e+01 0.000000e+00 1.220000e+01
    endloop
  endfacet
  facet normal 0.000000e+00 -1.000000e+00 0.000000e+00
    outer loop
      vertex   8.530000e+01 0.000000e+00 1.220000e+01
      vertex   1.409000e+02 0.000000e+00 7.180000e+01
      vertex   8.130000e+01 0.000000e+00 1.220000e+01
    endloop
  endfacet
  facet normal 0.000000e+00 -1.000000e+00 0.000000e+00
    outer loop
      vertex   4.490000e+01 0.000000e+00 5.810000e+01
      vertex   6.490000e+01 0.000000e+00 4.780000e+01
      vertex   6.490000e+01 0.000000e+00 5.180000e+01
    endloop
  endfacet
  facet normal 0.000000e+00 -1.000000e+00 0.000000e+00
    outer loop
      vertex   6.490000e+01 0.000000e+00 5.180000e+01
      vertex   6.490000e+01 0.000000e+00 4.780000e+01
      vertex   8.890000e+01 0.000000e+00 7.180000e+01
    endloop
  endfacet
  facet normal 0.000000e+00 -1.000000e+00 0.000000e+00
    outer loop
      vertex   6.490000e+01 0.000000e+00 5.180000e+01
      vertex   8.890000e+01 0.000000e+00 7.180000e+01
      vertex   8.490000e+01 0.000000e+00 7.180000e+01
    endloop
  endfacet
  facet normal 0.000000e+00 -1.000000e+00 0.000000e+00
    outer loop
      vertex   8.490000e+01 0.000000e+00 7.180000e+01
      vertex   8.890000e+01 0.000000e+00 7.180000e+01
      vertex   1.034243e+02 0.000000e+00 7.802784e+01
    endloop
  endfacet
  facet normal 0.000000e+00 -1.000000e+00 0.000000e+00
    outer loop
      vertex   8.490000e+01 0.000000e+00 7.180000e+01
      vertex   1.034243e+02 0.000000e+00 7.802784e+01
      vertex   1.034965e+02 0.000000e+00 7.829723e+01
    endloop
  endfacet
  facet normal 0.000000e+00 -1.000000e+00 0.000000e+00
    outer loop
      vertex   9.290000e+01 0.000000e+00 7.180000e+01
      vertex   1.034965e+02 0.000000e+00 7.720277e+01
      vertex   8.890000e+01 0.000000e+00 7.180000e+01
    endloop
  endfacet
  facet normal 0.000000e+00 -1.000000e+00 0.000000e+00
    outer loop
      vertex   8.890000e+01 0.000000e+00 7.180000e+01
      vertex   1.034965e+02 0.000000e+00 7.720277e+01
      vertex   1.034243e+02 0.000000e+00 7.747216e+01
    endloop
  endfacet
  facet normal 0.000000e+00 -1.000000e+00 0.000000e+00
    outer loop
      vertex   8.890000e+01 0.000000e+00 7.180000e+01
      vertex   1.034243e+02 0.000000e+00 7.747216e+01
      vertex   1.034000e+02 0.000000e+00 7.775000e+01
    endloop
  endfacet
  facet normal 0.000000e+00 -1.000000e+00 0.000000e+00
    outer loop
      vertex   6.490000e+01 0.000000e+00 4.380000e+01
      vertex   9.690000e+01 0.000000e+00 7.180000e+01
      vertex   9.290000e+01 0.000000e+00 7.180000e+01
    endloop
  endfacet
  facet normal 0.000000e+00 -1.000000e+00 0.000000e+00
    outer loop
      vertex   9.290000e+01 0.000000e+00 7.180000e+01
      vertex   9.690000e+01 0.000000e+00 7.180000e+01
      vertex   1.037743e+02 0.000000e+00 7.672154e+01
    endloop
  endfacet
  facet normal 0.000000e+00 -1.000000e+00 0.000000e+00
    outer loop
      vertex   9.290000e+01 0.000000e+00 7.180000e+01
      vertex   1.037743e+02 0.000000e+00 7.672154e+01
      vertex   1.036144e+02 0.000000e+00 7.695000e+01
    endloop
  endfacet
  facet normal 0.000000e+00 -1.000000e+00 0.000000e+00
    outer loop
      vertex   1.249000e+02 0.000000e+00 7.180000e+01
      vertex   1.066000e+02 0.000000e+00 7.775000e+01
      vertex   1.209000e+02 0.000000e+00 7.180000e+01
    endloop
  endfacet
  facet normal 0.000000e+00 -1.000000e+00 0.000000e+00
    outer loop
      vertex   1.209000e+02 0.000000e+00 7.180000e+01
      vertex   1.066000e+02 0.000000e+00 7.775000e+01
      vertex   1.065757e+02 0.000000e+00 7.747216e+01
    endloop
  endfacet
  facet normal 0.000000e+00 -1.000000e+00 0.000000e+00
    outer loop
      vertex   1.209000e+02 0.000000e+00 7.180000e+01
      vertex   1.065757e+02 0.000000e+00 7.747216e+01
      vertex   1.065035e+02 0.000000e+00 7.720277e+01
    endloop
  endfacet
  facet normal -0.000000e+00 -1.000000e+00 0.000000e+00
    outer loop
      vertex   1.929000e+02 0.000000e+00 7.180000e+01
      vertex   1.889000e+02 0.000000e+00 7.180000e+01
      vertex   1.333000e+02 0.000000e+00 1.220000e+01
    endloop
  endfacet
  facet normal 0.000000e+00 -1.000000e+00 0.000000e+00
    outer loop
      vertex   1.333000e+02 0.000000e+00 1.220000e+01
      vertex   1.889000e+02 0.000000e+00 7.180000e+01
      vertex   1.293000e+02 0.000000e+00 1.220000e+01
    endloop
  endfacet
  facet normal 0.000000e+00 -1.000000e+00 0.000000e+00
    outer loop
      vertex   6.490000e+01 0.000000e+00 5.180000e+01
      vertex   6.490000e+01 0.000000e+00 5.580000e+01
      vertex   4.490000e+01 0.000000e+00 5.810000e+01
    endloop
  endfacet
  facet normal 0.000000e+00 -1.000000e+00 0.000000e+00
    outer loop
      vertex   4.490000e+01 0.000000e+00 5.810000e+01
      vertex   6.490000e+01 0.000000e+00 5.580000e+01
      vertex   6.490000e+01 0.000000e+00 5.980000e+01
    endloop
  endfacet
  facet normal 0.000000e+00 -1.000000e+00 0.000000e+00
    outer loop
      vertex   4.490000e+01 0.000000e+00 5.810000e+01
      vertex   6.490000e+01 0.000000e+00 5.980000e+01
      vertex   6.490000e+01 0.000000e+00 6.380000e+01
    endloop
  endfacet
  facet normal 0.000000e+00 -1.000000e+00 0.000000e+00
    outer loop
      vertex   6.490000e+01 0.000000e+00 5.580000e+01
      vertex   8.090000e+01 0.000000e+00 7.180000e+01
      vertex   6.490000e+01 0.000000e+00 5.980000e+01
    endloop
  endfacet
  facet normal 0.000000e+00 -1.000000e+00 0.000000e+00
    outer loop
      vertex   6.490000e+01 0.000000e+00 5.980000e+01
      vertex   8.090000e+01 0.000000e+00 7.180000e+01
      vertex   7.690000e+01 0.000000e+00 7.180000e+01
    endloop
  endfacet
  facet normal 0.000000e+00 -1.000000e+00 0.000000e+00
    outer loop
      vertex   7.690000e+01 0.000000e+00 7.180000e+01
      vertex   8.090000e+01 0.000000e+00 7.180000e+01
      vertex   1.037743e+02 0.000000e+00 7.877846e+01
    endloop
  endfacet
  facet normal 0.000000e+00 -1.000000e+00 0.000000e+00
    outer loop
      vertex   7.690000e+01 0.000000e+00 7.180000e+01
      vertex   1.037743e+02 0.000000e+00 7.877846e+01
      vertex   7.290000e+01 0.000000e+00 7.180000e+01
    endloop
  endfacet
  facet normal 0.000000e+00 -1.000000e+00 0.000000e+00
    outer loop
      vertex   1.037743e+02 0.000000e+00 7.877846e+01
      vertex   8.090000e+01 0.000000e+00 7.180000e+01
      vertex   1.036144e+02 0.000000e+00 7.855000e+01
    endloop
  endfacet
  facet normal 0.000000e+00 -1.000000e+00 0.000000e+00
    outer loop
      vertex   1.036144e+02 0.000000e+00 7.855000e+01
      vertex   8.090000e+01 0.000000e+00 7.180000e+01
      vertex   8.490000e+01 0.000000e+00 7.180000e+01
    endloop
  endfacet
  facet normal 0.000000e+00 -1.000000e+00 0.000000e+00
    outer loop
      vertex   1.036144e+02 0.000000e+00 7.855000e+01
      vertex   8.490000e+01 0.000000e+00 7.180000e+01
      vertex   1.034965e+02 0.000000e+00 7.829723e+01
    endloop
  endfacet
  facet normal -0.000000e+00 -1.000000e+00 0.000000e+00
    outer loop
      vertex   2.016144e+02 0.000000e+00 7.780000e+01
      vertex   2.017743e+02 0.000000e+00 7.802846e+01
      vertex   1.809000e+02 0.000000e+00 7.180000e+01
    endloop
  endfacet
  facet normal 0.000000e+00 -1.000000e+00 0.000000e+00
    outer loop
      vertex   1.809000e+02 0.000000e+00 7.180000e+01
      vertex   2.017743e+02 0.000000e+00 7.802846e+01
      vertex   1.769000e+02 0.000000e+00 7.180000e+01
    endloop
  endfacet
  facet normal 0.000000e+00 -1.000000e+00 0.000000e+00
    outer loop
      vertex   1.769000e+02 0.000000e+00 7.180000e+01
      vertex   2.017743e+02 0.000000e+00 7.802846e+01
      vertex   2.019715e+02 0.000000e+00 7.822567e+01
    endloop
  endfacet
  facet normal -0.000000e+00 -1.000000e+00 0.000000e+00
    outer loop
      vertex   1.769000e+02 0.000000e+00 7.180000e+01
      vertex   2.019715e+02 0.000000e+00 7.822567e+01
      vertex   1.729000e+02 0.000000e+00 7.180000e+01
    endloop
  endfacet
  facet normal 0.000000e+00 -1.000000e+00 0.000000e+00
    outer loop
      vertex   1.729000e+02 0.000000e+00 7.180000e+01
      vertex   2.019715e+02 0.000000e+00 7.822567e+01
      vertex   2.022000e+02 0.000000e+00 7.838564e+01
    endloop
  endfacet
  facet normal 0.000000e+00 -1.000000e+00 0.000000e+00
    outer loop
      vertex   1.729000e+02 0.000000e+00 7.180000e+01
      vertex   2.022000e+02 0.000000e+00 7.838564e+01
      vertex   1.689000e+02 0.000000e+00 7.180000e+01
    endloop
  endfacet
  facet normal 0.000000e+00 -1.000000e+00 0.000000e+00
    outer loop
      vertex   1.689000e+02 0.000000e+00 7.180000e+01
      vertex   2.022000e+02 0.000000e+00 7.838564e+01
      vertex   1.649000e+02 0.000000e+00 7.180000e+01
    endloop
  endfacet
  facet normal -0.000000e+00 -1.000000e+00 0.000000e+00
    outer loop
      vertex   1.689000e+02 0.000000e+00 7.180000e+01
      vertex   1.649000e+02 0.000000e+00 7.180000e+01
      vertex   1.093000e+02 0.000000e+00 1.220000e+01
    endloop
  endfacet
  facet normal 0.000000e+00 -1.000000e+00 0.000000e+00
    outer loop
      vertex   1.093000e+02 0.000000e+00 1.220000e+01
      vertex   1.649000e+02 0.000000e+00 7.180000e+01
      vertex   1.053000e+02 0.000000e+00 1.220000e+01
    endloop
  endfacet
  facet normal -0.000000e+00 -1.000000e+00 0.000000e+00
    outer loop
      vertex   2.022000e+02 0.000000e+00 7.838564e+01
      vertex   2.024528e+02 0.000000e+00 7.850351e+01
      vertex   1.649000e+02 0.000000e+00 7.180000e+01
    endloop
  endfacet
  facet normal 0.000000e+00 -1.000000e+00 0.000000e+00
    outer loop
      vertex   1.649000e+02 0.000000e+00 7.180000e+01
      vertex   2.024528e+02 0.000000e+00 7.850351e+01
      vertex   1.609000e+02 0.000000e+00 7.180000e+01
    endloop
  endfacet
  facet normal -0.000000e+00 -1.000000e+00 0.000000e+00
    outer loop
      vertex   1.609000e+02 0.000000e+00 7.180000e+01
      vertex   2.024528e+02 0.000000e+00 7.850351e+01
      vertex   1.569000e+02 0.000000e+00 7.180000e+01
    endloop
  endfacet
  facet normal 0.000000e+00 -1.000000e+00 0.000000e+00
    outer loop
      vertex   1.609000e+02 0.000000e+00 7.180000e+01
      vertex   1.569000e+02 0.000000e+00 7.180000e+01
      vertex   1.013000e+02 0.000000e+00 1.220000e+01
    endloop
  endfacet
  facet normal 0.000000e+00 -1.000000e+00 0.000000e+00
    outer loop
      vertex   1.013000e+02 0.000000e+00 1.220000e+01
      vertex   1.569000e+02 0.000000e+00 7.180000e+01
      vertex   9.730000e+01 0.000000e+00 1.220000e+01
    endloop
  endfacet
  facet normal 0.000000e+00 -1.000000e+00 0.000000e+00
    outer loop
      vertex   1.769000e+02 0.000000e+00 7.180000e+01
      vertex   1.729000e+02 0.000000e+00 7.180000e+01
      vertex   1.173000e+02 0.000000e+00 1.220000e+01
    endloop
  endfacet
  facet normal 0.000000e+00 -1.000000e+00 0.000000e+00
    outer loop
      vertex   1.173000e+02 0.000000e+00 1.220000e+01
      vertex   1.729000e+02 0.000000e+00 7.180000e+01
      vertex   1.133000e+02 0.000000e+00 1.220000e+01
    endloop
  endfacet
  facet normal -0.000000e+00 -1.000000e+00 0.000000e+00
    outer loop
      vertex   6.490000e+01 0.000000e+00 2.780000e+01
      vertex   6.490000e+01 0.000000e+00 3.180000e+01
      vertex   4.490000e+01 0.000000e+00 2.170000e+01
    endloop
  endfacet
  facet normal 0.000000e+00 -1.000000e+00 0.000000e+00
    outer loop
      vertex   4.490000e+01 0.000000e+00 2.170000e+01
      vertex   6.490000e+01 0.000000e+00 3.180000e+01
      vertex   6.490000e+01 0.000000e+00 3.580000e+01
    endloop
  endfacet
  facet normal 0.000000e+00 -1.000000e+00 0.000000e+00
    outer loop
      vertex   4.490000e+01 0.000000e+00 2.170000e+01
      vertex   6.490000e+01 0.000000e+00 3.580000e+01
      vertex   6.490000e+01 0.000000e+00 3.980000e+01
    endloop
  endfacet
  facet normal 0.000000e+00 -1.000000e+00 0.000000e+00
    outer loop
      vertex   6.490000e+01 0.000000e+00 3.180000e+01
      vertex   1.049000e+02 0.000000e+00 7.180000e+01
      vertex   6.490000e+01 0.000000e+00 3.580000e+01
    endloop
  endfacet
  facet normal 0.000000e+00 -1.000000e+00 0.000000e+00
    outer loop
      vertex   6.490000e+01 0.000000e+00 3.580000e+01
      vertex   1.049000e+02 0.000000e+00 7.180000e+01
      vertex   1.009000e+02 0.000000e+00 7.180000e+01
    endloop
  endfacet
  facet normal 0.000000e+00 -1.000000e+00 0.000000e+00
    outer loop
      vertex   1.009000e+02 0.000000e+00 7.180000e+01
      vertex   1.049000e+02 0.000000e+00 7.180000e+01
      vertex   1.047222e+02 0.000000e+00 7.617431e+01
    endloop
  endfacet
  facet normal 0.000000e+00 -1.000000e+00 0.000000e+00
    outer loop
      vertex   1.009000e+02 0.000000e+00 7.180000e+01
      vertex   1.047222e+02 0.000000e+00 7.617431e+01
      vertex   1.044528e+02 0.000000e+00 7.624649e+01
    endloop
  endfacet
  facet normal 0.000000e+00 -1.000000e+00 0.000000e+00
    outer loop
      vertex   1.089000e+02 0.000000e+00 7.180000e+01
      vertex   1.052778e+02 0.000000e+00 7.617431e+01
      vertex   1.049000e+02 0.000000e+00 7.180000e+01
    endloop
  endfacet
  facet normal 0.000000e+00 -1.000000e+00 0.000000e+00
    outer loop
      vertex   1.049000e+02 0.000000e+00 7.180000e+01
      vertex   1.052778e+02 0.000000e+00 7.617431e+01
      vertex   1.050000e+02 0.000000e+00 7.615000e+01
    endloop
  endfacet
  facet normal 0.000000e+00 -1.000000e+00 0.000000e+00
    outer loop
      vertex   1.049000e+02 0.000000e+00 7.180000e+01
      vertex   1.050000e+02 0.000000e+00 7.615000e+01
      vertex   1.047222e+02 0.000000e+00 7.617431e+01
    endloop
  endfacet
  facet normal 0.000000e+00 -1.000000e+00 -0.000000e+00
    outer loop
      vertex   1.969000e+02 0.000000e+00 7.180000e+01
      vertex   1.373000e+02 0.000000e+00 1.220000e+01
      vertex   1.978000e+02 0.000000e+00 6.870000e+01
    endloop
  endfacet
  facet normal -0.000000e+00 -1.000000e+00 -0.000000e+00
    outer loop
      vertex   1.373000e+02 0.000000e+00 1.220000e+01
      vertex   1.333000e+02 0.000000e+00 1.220000e+01
      vertex   2.014965e+02 0.000000e+00 7.547232e+00
    endloop
  endfacet
  facet normal 0.000000e+00 -1.000000e+00 0.000000e+00
    outer loop
      vertex   1.529000e+02 0.000000e+00 7.180000e+01
      vertex   1.569000e+02 0.000000e+00 7.180000e+01
      vertex   2.024528e+02 0.000000e+00 7.850351e+01
    endloop
  endfacet
  facet normal -0.000000e+00 -1.000000e+00 -0.000000e+00
    outer loop
      vertex   1.533000e+02 0.000000e+00 1.220000e+01
      vertex   1.493000e+02 0.000000e+00 1.220000e+01
      vertex   2.014965e+02 0.000000e+00 7.547232e+00
    endloop
  endfacet
  facet normal -0.000000e+00 -1.000000e+00 0.000000e+00
    outer loop
      vertex   1.034000e+02 0.000000e+00 7.775000e+01
      vertex   1.034243e+02 0.000000e+00 7.802784e+01
      vertex   8.890000e+01 0.000000e+00 7.180000e+01
    endloop
  endfacet
  facet normal 0.000000e+00 -1.000000e+00 0.000000e+00
    outer loop
      vertex   1.037743e+02 0.000000e+00 7.877846e+01
      vertex   1.039715e+02 0.000000e+00 7.897567e+01
      vertex   6.911270e+00 0.000000e+00 8.180000e+01
    endloop
  endfacet
  facet normal 0.000000e+00 -1.000000e+00 0.000000e+00
    outer loop
      vertex   6.911270e+00 0.000000e+00 8.180000e+01
      vertex   1.039715e+02 0.000000e+00 7.897567e+01
      vertex   1.042000e+02 0.000000e+00 7.913564e+01
    endloop
  endfacet
  facet normal 0.000000e+00 -1.000000e+00 0.000000e+00
    outer loop
      vertex   6.911270e+00 0.000000e+00 8.180000e+01
      vertex   1.042000e+02 0.000000e+00 7.913564e+01
      vertex   1.044528e+02 0.000000e+00 7.925351e+01
    endloop
  endfacet
  facet normal 0.000000e+00 -1.000000e+00 0.000000e+00
    outer loop
      vertex   1.044528e+02 0.000000e+00 7.925351e+01
      vertex   1.047222e+02 0.000000e+00 7.932569e+01
      vertex   6.911270e+00 0.000000e+00 8.180000e+01
    endloop
  endfacet
  facet normal 0.000000e+00 -1.000000e+00 0.000000e+00
    outer loop
      vertex   6.911270e+00 0.000000e+00 8.180000e+01
      vertex   1.047222e+02 0.000000e+00 7.932569e+01
      vertex   1.050000e+02 0.000000e+00 7.935000e+01
    endloop
  endfacet
  facet normal 0.000000e+00 -1.000000e+00 0.000000e+00
    outer loop
      vertex   6.911270e+00 0.000000e+00 8.180000e+01
      vertex   1.050000e+02 0.000000e+00 7.935000e+01
      vertex   2.030887e+02 0.000000e+00 8.180000e+01
    endloop
  endfacet
  facet normal 0.000000e+00 -1.000000e+00 0.000000e+00
    outer loop
      vertex   2.030887e+02 0.000000e+00 8.180000e+01
      vertex   1.050000e+02 0.000000e+00 7.935000e+01
      vertex   1.052778e+02 0.000000e+00 7.932569e+01
    endloop
  endfacet
  facet normal 0.000000e+00 -1.000000e+00 0.000000e+00
    outer loop
      vertex   2.030887e+02 0.000000e+00 8.180000e+01
      vertex   1.052778e+02 0.000000e+00 7.932569e+01
      vertex   1.055472e+02 0.000000e+00 7.925351e+01
    endloop
  endfacet
  facet normal 0.000000e+00 -1.000000e+00 0.000000e+00
    outer loop
      vertex   1.055472e+02 0.000000e+00 7.925351e+01
      vertex   1.058000e+02 0.000000e+00 7.913564e+01
      vertex   2.030887e+02 0.000000e+00 8.180000e+01
    endloop
  endfacet
  facet normal 0.000000e+00 -1.000000e+00 0.000000e+00
    outer loop
      vertex   2.030887e+02 0.000000e+00 8.180000e+01
      vertex   1.058000e+02 0.000000e+00 7.913564e+01
      vertex   1.060285e+02 0.000000e+00 7.897567e+01
    endloop
  endfacet
  facet normal 0.000000e+00 -1.000000e+00 0.000000e+00
    outer loop
      vertex   2.030887e+02 0.000000e+00 8.180000e+01
      vertex   1.060285e+02 0.000000e+00 7.897567e+01
      vertex   1.062257e+02 0.000000e+00 7.877846e+01
    endloop
  endfacet
  facet normal 0.000000e+00 -1.000000e+00 0.000000e+00
    outer loop
      vertex   1.065035e+02 0.000000e+00 7.829723e+01
      vertex   1.065757e+02 0.000000e+00 7.802784e+01
      vertex   1.249000e+02 0.000000e+00 7.180000e+01
    endloop
  endfacet
  facet normal 0.000000e+00 -1.000000e+00 0.000000e+00
    outer loop
      vertex   1.249000e+02 0.000000e+00 7.180000e+01
      vertex   1.065757e+02 0.000000e+00 7.802784e+01
      vertex   1.066000e+02 0.000000e+00 7.775000e+01
    endloop
  endfacet
  facet normal 0.000000e+00 -1.000000e+00 -0.000000e+00
    outer loop
      vertex   1.063856e+02 0.000000e+00 7.695000e+01
      vertex   1.062257e+02 0.000000e+00 7.672154e+01
      vertex   1.169000e+02 0.000000e+00 7.180000e+01
    endloop
  endfacet
  facet normal 0.000000e+00 -1.000000e+00 -0.000000e+00
    outer loop
      vertex   1.058000e+02 0.000000e+00 7.636436e+01
      vertex   1.055472e+02 0.000000e+00 7.624649e+01
      vertex   1.129000e+02 0.000000e+00 7.180000e+01
    endloop
  endfacet
  facet normal 0.000000e+00 -1.000000e+00 0.000000e+00
    outer loop
      vertex   1.009000e+02 0.000000e+00 7.180000e+01
      vertex   1.044528e+02 0.000000e+00 7.624649e+01
      vertex   9.690000e+01 0.000000e+00 7.180000e+01
    endloop
  endfacet
  facet normal 0.000000e+00 -1.000000e+00 0.000000e+00
    outer loop
      vertex   9.690000e+01 0.000000e+00 7.180000e+01
      vertex   1.044528e+02 0.000000e+00 7.624649e+01
      vertex   1.042000e+02 0.000000e+00 7.636436e+01
    endloop
  endfacet
  facet normal 0.000000e+00 -1.000000e+00 0.000000e+00
    outer loop
      vertex   9.690000e+01 0.000000e+00 7.180000e+01
      vertex   1.042000e+02 0.000000e+00 7.636436e+01
      vertex   1.039715e+02 0.000000e+00 7.652433e+01
    endloop
  endfacet
  facet normal -0.000000e+00 -1.000000e+00 0.000000e+00
    outer loop
      vertex   1.039715e+02 0.000000e+00 7.652433e+01
      vertex   1.037743e+02 0.000000e+00 7.672154e+01
      vertex   9.690000e+01 0.000000e+00 7.180000e+01
    endloop
  endfacet
  facet normal -0.000000e+00 -1.000000e+00 0.000000e+00
    outer loop
      vertex   1.036144e+02 0.000000e+00 7.695000e+01
      vertex   1.034965e+02 0.000000e+00 7.720277e+01
      vertex   9.290000e+01 0.000000e+00 7.180000e+01
    endloop
  endfacet
  facet normal 0.000000e+00 -1.000000e+00 0.000000e+00
    outer loop
      vertex   6.490000e+01 0.000000e+00 3.980000e+01
      vertex   9.690000e+01 0.000000e+00 7.180000e+01
      vertex   6.490000e+01 0.000000e+00 4.380000e+01
    endloop
  endfacet
endsolid
