solid ASCII
  facet normal -9.961947e-01 -8.715574e-02 -0.000000e+00
    outer loop
      vertex   1.401886e+01 1.608560e+02 7.000000e+00
      vertex   1.401886e+01 1.608560e+02 2.000000e+00
      vertex   1.405000e+01 1.605000e+02 7.000000e+00
    endloop
  endfacet
  facet normal -9.961947e-01 -8.715574e-02 -0.000000e+00
    outer loop
      vertex   1.405000e+01 1.605000e+02 7.000000e+00
      vertex   1.401886e+01 1.608560e+02 2.000000e+00
      vertex   1.405000e+01 1.605000e+02 2.000000e+00
    endloop
  endfacet
  facet normal -9.961947e-01 8.715574e-02 0.000000e+00
    outer loop
      vertex   1.405000e+01 1.605000e+02 7.000000e+00
      vertex   1.405000e+01 1.605000e+02 2.000000e+00
      vertex   1.401886e+01 1.601440e+02 7.000000e+00
    endloop
  endfacet
  facet normal -9.961947e-01 8.715574e-02 0.000000e+00
    outer loop
      vertex   1.401886e+01 1.601440e+02 7.000000e+00
      vertex   1.405000e+01 1.605000e+02 2.000000e+00
      vertex   1.401886e+01 1.601440e+02 2.000000e+00
    endloop
  endfacet
  facet normal -9.659258e-01 2.588190e-01 0.000000e+00
    outer loop
      vertex   1.401886e+01 1.601440e+02 7.000000e+00
      vertex   1.401886e+01 1.601440e+02 2.000000e+00
      vertex   1.392637e+01 1.597989e+02 7.000000e+00
    endloop
  endfacet
  facet normal -9.659258e-01 2.588190e-01 0.000000e+00
    outer loop
      vertex   1.392637e+01 1.597989e+02 7.000000e+00
      vertex   1.401886e+01 1.601440e+02 2.000000e+00
      vertex   1.392637e+01 1.597989e+02 2.000000e+00
    endloop
  endfacet
  facet normal -9.063078e-01 4.226183e-01 0.000000e+00
    outer loop
      vertex   1.392637e+01 1.597989e+02 7.000000e+00
      vertex   1.392637e+01 1.597989e+02 2.000000e+00
      vertex   1.377535e+01 1.594750e+02 7.000000e+00
    endloop
  endfacet
  facet normal -9.063078e-01 4.226183e-01 3.219852e-16
    outer loop
      vertex   1.377535e+01 1.594750e+02 7.000000e+00
      vertex   1.392637e+01 1.597989e+02 2.000000e+00
      vertex   1.377535e+01 1.594750e+02 2.000000e+00
    endloop
  endfacet
  facet normal -8.191520e-01 5.735764e-01 2.910213e-16
    outer loop
      vertex   1.377535e+01 1.594750e+02 7.000000e+00
      vertex   1.377535e+01 1.594750e+02 2.000000e+00
      vertex   1.357039e+01 1.591823e+02 7.000000e+00
    endloop
  endfacet
  facet normal -8.191520e-01 5.735764e-01 0.000000e+00
    outer loop
      vertex   1.357039e+01 1.591823e+02 7.000000e+00
      vertex   1.377535e+01 1.594750e+02 2.000000e+00
      vertex   1.357039e+01 1.591823e+02 2.000000e+00
    endloop
  endfacet
  facet normal -7.071068e-01 7.071068e-01 0.000000e+00
    outer loop
      vertex   1.357039e+01 1.591823e+02 7.000000e+00
      vertex   1.357039e+01 1.591823e+02 2.000000e+00
      vertex   1.331771e+01 1.589296e+02 7.000000e+00
    endloop
  endfacet
  facet normal -7.071068e-01 7.071068e-01 0.000000e+00
    outer loop
      vertex   1.331771e+01 1.589296e+02 7.000000e+00
      vertex   1.357039e+01 1.591823e+02 2.000000e+00
      vertex   1.331771e+01 1.589296e+02 2.000000e+00
    endloop
  endfacet
  facet normal -5.735764e-01 8.191520e-01 0.000000e+00
    outer loop
      vertex   1.331771e+01 1.589296e+02 7.000000e+00
      vertex   1.331771e+01 1.589296e+02 2.000000e+00
      vertex   1.302500e+01 1.587246e+02 7.000000e+00
    endloop
  endfacet
  facet normal -5.735764e-01 8.191520e-01 0.000000e+00
    outer loop
      vertex   1.302500e+01 1.587246e+02 7.000000e+00
      vertex   1.331771e+01 1.589296e+02 2.000000e+00
      vertex   1.302500e+01 1.587246e+02 2.000000e+00
    endloop
  endfacet
  facet normal -4.226183e-01 9.063078e-01 0.000000e+00
    outer loop
      vertex   1.302500e+01 1.587246e+02 7.000000e+00
      vertex   1.302500e+01 1.587246e+02 2.000000e+00
      vertex   1.270114e+01 1.585736e+02 7.000000e+00
    endloop
  endfacet
  facet normal -4.226183e-01 9.063078e-01 1.501442e-16
    outer loop
      vertex   1.270114e+01 1.585736e+02 7.000000e+00
      vertex   1.302500e+01 1.587246e+02 2.000000e+00
      vertex   1.270114e+01 1.585736e+02 2.000000e+00
    endloop
  endfacet
  facet normal -2.588190e-01 9.659258e-01 9.195100e-17
    outer loop
      vertex   1.270114e+01 1.585736e+02 7.000000e+00
      vertex   1.270114e+01 1.585736e+02 2.000000e+00
      vertex   1.235598e+01 1.584811e+02 7.000000e+00
    endloop
  endfacet
  facet normal -2.588190e-01 9.659258e-01 0.000000e+00
    outer loop
      vertex   1.235598e+01 1.584811e+02 7.000000e+00
      vertex   1.270114e+01 1.585736e+02 2.000000e+00
      vertex   1.235598e+01 1.584811e+02 2.000000e+00
    endloop
  endfacet
  facet normal -8.715574e-02 9.961947e-01 0.000000e+00
    outer loop
      vertex   1.235598e+01 1.584811e+02 7.000000e+00
      vertex   1.235598e+01 1.584811e+02 2.000000e+00
      vertex   1.200000e+01 1.584500e+02 7.000000e+00
    endloop
  endfacet
  facet normal -8.715574e-02 9.961947e-01 0.000000e+00
    outer loop
      vertex   1.200000e+01 1.584500e+02 7.000000e+00
      vertex   1.235598e+01 1.584811e+02 2.000000e+00
      vertex   1.200000e+01 1.584500e+02 2.000000e+00
    endloop
  endfacet
  facet normal 8.715574e-02 9.961947e-01 0.000000e+00
    outer loop
      vertex   1.200000e+01 1.584500e+02 7.000000e+00
      vertex   1.200000e+01 1.584500e+02 2.000000e+00
      vertex   1.164402e+01 1.584811e+02 7.000000e+00
    endloop
  endfacet
  facet normal 8.715574e-02 9.961947e-01 0.000000e+00
    outer loop
      vertex   1.164402e+01 1.584811e+02 7.000000e+00
      vertex   1.200000e+01 1.584500e+02 2.000000e+00
      vertex   1.164402e+01 1.584811e+02 2.000000e+00
    endloop
  endfacet
  facet normal 2.588190e-01 9.659258e-01 0.000000e+00
    outer loop
      vertex   1.164402e+01 1.584811e+02 7.000000e+00
      vertex   1.164402e+01 1.584811e+02 2.000000e+00
      vertex   1.129886e+01 1.585736e+02 7.000000e+00
    endloop
  endfacet
  facet normal 2.588190e-01 9.659258e-01 0.000000e+00
    outer loop
      vertex   1.129886e+01 1.585736e+02 7.000000e+00
      vertex   1.164402e+01 1.584811e+02 2.000000e+00
      vertex   1.129886e+01 1.585736e+02 2.000000e+00
    endloop
  endfacet
  facet normal 4.226183e-01 9.063078e-01 0.000000e+00
    outer loop
      vertex   1.129886e+01 1.585736e+02 7.000000e+00
      vertex   1.129886e+01 1.585736e+02 2.000000e+00
      vertex   1.097500e+01 1.587246e+02 7.000000e+00
    endloop
  endfacet
  facet normal 4.226183e-01 9.063078e-01 0.000000e+00
    outer loop
      vertex   1.097500e+01 1.587246e+02 7.000000e+00
      vertex   1.129886e+01 1.585736e+02 2.000000e+00
      vertex   1.097500e+01 1.587246e+02 2.000000e+00
    endloop
  endfacet
  facet normal 5.735764e-01 8.191520e-01 0.000000e+00
    outer loop
      vertex   1.097500e+01 1.587246e+02 7.000000e+00
      vertex   1.097500e+01 1.587246e+02 2.000000e+00
      vertex   1.068229e+01 1.589296e+02 7.000000e+00
    endloop
  endfacet
  facet normal 5.735764e-01 8.191520e-01 0.000000e+00
    outer loop
      vertex   1.068229e+01 1.589296e+02 7.000000e+00
      vertex   1.097500e+01 1.587246e+02 2.000000e+00
      vertex   1.068229e+01 1.589296e+02 2.000000e+00
    endloop
  endfacet
  facet normal 7.071068e-01 7.071068e-01 0.000000e+00
    outer loop
      vertex   1.068229e+01 1.589296e+02 7.000000e+00
      vertex   1.068229e+01 1.589296e+02 2.000000e+00
      vertex   1.042961e+01 1.591823e+02 7.000000e+00
    endloop
  endfacet
  facet normal 7.071068e-01 7.071068e-01 0.000000e+00
    outer loop
      vertex   1.042961e+01 1.591823e+02 7.000000e+00
      vertex   1.068229e+01 1.589296e+02 2.000000e+00
      vertex   1.042961e+01 1.591823e+02 2.000000e+00
    endloop
  endfacet
  facet normal 8.191520e-01 5.735764e-01 0.000000e+00
    outer loop
      vertex   1.042961e+01 1.591823e+02 7.000000e+00
      vertex   1.042961e+01 1.591823e+02 2.000000e+00
      vertex   1.022465e+01 1.594750e+02 7.000000e+00
    endloop
  endfacet
  facet normal 8.191520e-01 5.735764e-01 0.000000e+00
    outer loop
      vertex   1.022465e+01 1.594750e+02 7.000000e+00
      vertex   1.042961e+01 1.591823e+02 2.000000e+00
      vertex   1.022465e+01 1.594750e+02 2.000000e+00
    endloop
  endfacet
  facet normal 9.063078e-01 4.226183e-01 0.000000e+00
    outer loop
      vertex   1.022465e+01 1.594750e+02 7.000000e+00
      vertex   1.022465e+01 1.594750e+02 2.000000e+00
      vertex   1.007363e+01 1.597989e+02 7.000000e+00
    endloop
  endfacet
  facet normal 9.063078e-01 4.226183e-01 0.000000e+00
    outer loop
      vertex   1.007363e+01 1.597989e+02 7.000000e+00
      vertex   1.022465e+01 1.594750e+02 2.000000e+00
      vertex   1.007363e+01 1.597989e+02 2.000000e+00
    endloop
  endfacet
  facet normal 9.659258e-01 2.588190e-01 0.000000e+00
    outer loop
      vertex   1.007363e+01 1.597989e+02 7.000000e+00
      vertex   1.007363e+01 1.597989e+02 2.000000e+00
      vertex   9.981144e+00 1.601440e+02 7.000000e+00
    endloop
  endfacet
  facet normal 9.659258e-01 2.588190e-01 0.000000e+00
    outer loop
      vertex   9.981144e+00 1.601440e+02 7.000000e+00
      vertex   1.007363e+01 1.597989e+02 2.000000e+00
      vertex   9.981144e+00 1.601440e+02 2.000000e+00
    endloop
  endfacet
  facet normal 9.961947e-01 8.715574e-02 0.000000e+00
    outer loop
      vertex   9.981144e+00 1.601440e+02 7.000000e+00
      vertex   9.981144e+00 1.601440e+02 2.000000e+00
      vertex   9.950000e+00 1.605000e+02 7.000000e+00
    endloop
  endfacet
  facet normal 9.961947e-01 8.715574e-02 0.000000e+00
    outer loop
      vertex   9.950000e+00 1.605000e+02 7.000000e+00
      vertex   9.981144e+00 1.601440e+02 2.000000e+00
      vertex   9.950000e+00 1.605000e+02 2.000000e+00
    endloop
  endfacet
  facet normal 9.961947e-01 -8.715574e-02 0.000000e+00
    outer loop
      vertex   9.950000e+00 1.605000e+02 7.000000e+00
      vertex   9.950000e+00 1.605000e+02 2.000000e+00
      vertex   9.981144e+00 1.608560e+02 7.000000e+00
    endloop
  endfacet
  facet normal 9.961947e-01 -8.715574e-02 0.000000e+00
    outer loop
      vertex   9.981144e+00 1.608560e+02 7.000000e+00
      vertex   9.950000e+00 1.605000e+02 2.000000e+00
      vertex   9.981144e+00 1.608560e+02 2.000000e+00
    endloop
  endfacet
  facet normal 9.659258e-01 -2.588190e-01 0.000000e+00
    outer loop
      vertex   9.981144e+00 1.608560e+02 7.000000e+00
      vertex   9.981144e+00 1.608560e+02 2.000000e+00
      vertex   1.007363e+01 1.612011e+02 7.000000e+00
    endloop
  endfacet
  facet normal 9.659258e-01 -2.588190e-01 0.000000e+00
    outer loop
      vertex   1.007363e+01 1.612011e+02 7.000000e+00
      vertex   9.981144e+00 1.608560e+02 2.000000e+00
      vertex   1.007363e+01 1.612011e+02 2.000000e+00
    endloop
  endfacet
  facet normal 9.063078e-01 -4.226183e-01 0.000000e+00
    outer loop
      vertex   1.007363e+01 1.612011e+02 7.000000e+00
      vertex   1.007363e+01 1.612011e+02 2.000000e+00
      vertex   1.022465e+01 1.615250e+02 7.000000e+00
    endloop
  endfacet
  facet normal 9.063078e-01 -4.226183e-01 0.000000e+00
    outer loop
      vertex   1.022465e+01 1.615250e+02 7.000000e+00
      vertex   1.007363e+01 1.612011e+02 2.000000e+00
      vertex   1.022465e+01 1.615250e+02 2.000000e+00
    endloop
  endfacet
  facet normal 8.191520e-01 -5.735764e-01 0.000000e+00
    outer loop
      vertex   1.022465e+01 1.615250e+02 7.000000e+00
      vertex   1.022465e+01 1.615250e+02 2.000000e+00
      vertex   1.042961e+01 1.618177e+02 7.000000e+00
    endloop
  endfacet
  facet normal 8.191520e-01 -5.735764e-01 0.000000e+00
    outer loop
      vertex   1.042961e+01 1.618177e+02 7.000000e+00
      vertex   1.022465e+01 1.615250e+02 2.000000e+00
      vertex   1.042961e+01 1.618177e+02 2.000000e+00
    endloop
  endfacet
  facet normal 7.071068e-01 -7.071068e-01 0.000000e+00
    outer loop
      vertex   1.042961e+01 1.618177e+02 7.000000e+00
      vertex   1.042961e+01 1.618177e+02 2.000000e+00
      vertex   1.068229e+01 1.620704e+02 7.000000e+00
    endloop
  endfacet
  facet normal 7.071068e-01 -7.071068e-01 0.000000e+00
    outer loop
      vertex   1.068229e+01 1.620704e+02 7.000000e+00
      vertex   1.042961e+01 1.618177e+02 2.000000e+00
      vertex   1.068229e+01 1.620704e+02 2.000000e+00
    endloop
  endfacet
  facet normal 5.735764e-01 -8.191520e-01 0.000000e+00
    outer loop
      vertex   1.068229e+01 1.620704e+02 7.000000e+00
      vertex   1.068229e+01 1.620704e+02 2.000000e+00
      vertex   1.097500e+01 1.622754e+02 7.000000e+00
    endloop
  endfacet
  facet normal 5.735764e-01 -8.191520e-01 0.000000e+00
    outer loop
      vertex   1.097500e+01 1.622754e+02 7.000000e+00
      vertex   1.068229e+01 1.620704e+02 2.000000e+00
      vertex   1.097500e+01 1.622754e+02 2.000000e+00
    endloop
  endfacet
  facet normal 4.226183e-01 -9.063078e-01 0.000000e+00
    outer loop
      vertex   1.097500e+01 1.622754e+02 7.000000e+00
      vertex   1.097500e+01 1.622754e+02 2.000000e+00
      vertex   1.129886e+01 1.624264e+02 7.000000e+00
    endloop
  endfacet
  facet normal 4.226183e-01 -9.063078e-01 0.000000e+00
    outer loop
      vertex   1.129886e+01 1.624264e+02 7.000000e+00
      vertex   1.097500e+01 1.622754e+02 2.000000e+00
      vertex   1.129886e+01 1.624264e+02 2.000000e+00
    endloop
  endfacet
  facet normal 2.588190e-01 -9.659258e-01 0.000000e+00
    outer loop
      vertex   1.129886e+01 1.624264e+02 7.000000e+00
      vertex   1.129886e+01 1.624264e+02 2.000000e+00
      vertex   1.164402e+01 1.625189e+02 7.000000e+00
    endloop
  endfacet
  facet normal 2.588190e-01 -9.659258e-01 0.000000e+00
    outer loop
      vertex   1.164402e+01 1.625189e+02 7.000000e+00
      vertex   1.129886e+01 1.624264e+02 2.000000e+00
      vertex   1.164402e+01 1.625189e+02 2.000000e+00
    endloop
  endfacet
  facet normal 8.715574e-02 -9.961947e-01 0.000000e+00
    outer loop
      vertex   1.164402e+01 1.625189e+02 7.000000e+00
      vertex   1.164402e+01 1.625189e+02 2.000000e+00
      vertex   1.200000e+01 1.625500e+02 7.000000e+00
    endloop
  endfacet
  facet normal 8.715574e-02 -9.961947e-01 0.000000e+00
    outer loop
      vertex   1.200000e+01 1.625500e+02 7.000000e+00
      vertex   1.164402e+01 1.625189e+02 2.000000e+00
      vertex   1.200000e+01 1.625500e+02 2.000000e+00
    endloop
  endfacet
  facet normal -8.715574e-02 -9.961947e-01 -0.000000e+00
    outer loop
      vertex   1.200000e+01 1.625500e+02 7.000000e+00
      vertex   1.200000e+01 1.625500e+02 2.000000e+00
      vertex   1.235598e+01 1.625189e+02 7.000000e+00
    endloop
  endfacet
  facet normal -8.715574e-02 -9.961947e-01 -0.000000e+00
    outer loop
      vertex   1.235598e+01 1.625189e+02 7.000000e+00
      vertex   1.200000e+01 1.625500e+02 2.000000e+00
      vertex   1.235598e+01 1.625189e+02 2.000000e+00
    endloop
  endfacet
  facet normal -2.588190e-01 -9.659258e-01 -0.000000e+00
    outer loop
      vertex   1.235598e+01 1.625189e+02 7.000000e+00
      vertex   1.235598e+01 1.625189e+02 2.000000e+00
      vertex   1.270114e+01 1.624264e+02 7.000000e+00
    endloop
  endfacet
  facet normal -2.588190e-01 -9.659258e-01 -9.195100e-17
    outer loop
      vertex   1.270114e+01 1.624264e+02 7.000000e+00
      vertex   1.235598e+01 1.625189e+02 2.000000e+00
      vertex   1.270114e+01 1.624264e+02 2.000000e+00
    endloop
  endfacet
  facet normal -4.226183e-01 -9.063078e-01 -1.501442e-16
    outer loop
      vertex   1.270114e+01 1.624264e+02 7.000000e+00
      vertex   1.270114e+01 1.624264e+02 2.000000e+00
      vertex   1.302500e+01 1.622754e+02 7.000000e+00
    endloop
  endfacet
  facet normal -4.226183e-01 -9.063078e-01 -0.000000e+00
    outer loop
      vertex   1.302500e+01 1.622754e+02 7.000000e+00
      vertex   1.270114e+01 1.624264e+02 2.000000e+00
      vertex   1.302500e+01 1.622754e+02 2.000000e+00
    endloop
  endfacet
  facet normal -5.735764e-01 -8.191520e-01 -0.000000e+00
    outer loop
      vertex   1.302500e+01 1.622754e+02 7.000000e+00
      vertex   1.302500e+01 1.622754e+02 2.000000e+00
      vertex   1.331771e+01 1.620704e+02 7.000000e+00
    endloop
  endfacet
  facet normal -5.735764e-01 -8.191520e-01 -0.000000e+00
    outer loop
      vertex   1.331771e+01 1.620704e+02 7.000000e+00
      vertex   1.302500e+01 1.622754e+02 2.000000e+00
      vertex   1.331771e+01 1.620704e+02 2.000000e+00
    endloop
  endfacet
  facet normal -7.071068e-01 -7.071068e-01 -0.000000e+00
    outer loop
      vertex   1.331771e+01 1.620704e+02 7.000000e+00
      vertex   1.331771e+01 1.620704e+02 2.000000e+00
      vertex   1.357039e+01 1.618177e+02 7.000000e+00
    endloop
  endfacet
  facet normal -7.071068e-01 -7.071068e-01 -0.000000e+00
    outer loop
      vertex   1.357039e+01 1.618177e+02 7.000000e+00
      vertex   1.331771e+01 1.620704e+02 2.000000e+00
      vertex   1.357039e+01 1.618177e+02 2.000000e+00
    endloop
  endfacet
  facet normal -8.191520e-01 -5.735764e-01 -0.000000e+00
    outer loop
      vertex   1.357039e+01 1.618177e+02 7.000000e+00
      vertex   1.357039e+01 1.618177e+02 2.000000e+00
      vertex   1.377535e+01 1.615250e+02 7.000000e+00
    endloop
  endfacet
  facet normal -8.191520e-01 -5.735764e-01 -2.910213e-16
    outer loop
      vertex   1.377535e+01 1.615250e+02 7.000000e+00
      vertex   1.357039e+01 1.618177e+02 2.000000e+00
      vertex   1.377535e+01 1.615250e+02 2.000000e+00
    endloop
  endfacet
  facet normal -9.063078e-01 -4.226183e-01 -3.219852e-16
    outer loop
      vertex   1.377535e+01 1.615250e+02 7.000000e+00
      vertex   1.377535e+01 1.615250e+02 2.000000e+00
      vertex   1.392637e+01 1.612011e+02 7.000000e+00
    endloop
  endfacet
  facet normal -9.063078e-01 -4.226183e-01 -0.000000e+00
    outer loop
      vertex   1.392637e+01 1.612011e+02 7.000000e+00
      vertex   1.377535e+01 1.615250e+02 2.000000e+00
      vertex   1.392637e+01 1.612011e+02 2.000000e+00
    endloop
  endfacet
  facet normal -9.659258e-01 -2.588190e-01 -0.000000e+00
    outer loop
      vertex   1.392637e+01 1.612011e+02 7.000000e+00
      vertex   1.392637e+01 1.612011e+02 2.000000e+00
      vertex   1.401886e+01 1.608560e+02 7.000000e+00
    endloop
  endfacet
  facet normal -9.659258e-01 -2.588190e-01 -0.000000e+00
    outer loop
      vertex   1.401886e+01 1.608560e+02 7.000000e+00
      vertex   1.392637e+01 1.612011e+02 2.000000e+00
      vertex   1.401886e+01 1.608560e+02 2.000000e+00
    endloop
  endfacet
  facet normal 9.965845e-01 -8.257935e-02 0.000000e+00
    outer loop
      vertex   1.594545e+01 1.598416e+02 7.000000e+00
      vertex   1.594545e+01 1.598416e+02 2.000000e+00
      vertex   1.600000e+01 1.605000e+02 7.000000e+00
    endloop
  endfacet
  facet normal 9.965845e-01 -8.257935e-02 0.000000e+00
    outer loop
      vertex   1.600000e+01 1.605000e+02 7.000000e+00
      vertex   1.594545e+01 1.598416e+02 2.000000e+00
      vertex   1.600000e+01 1.605000e+02 2.000000e+00
    endloop
  endfacet
  facet normal 9.965845e-01 8.257935e-02 0.000000e+00
    outer loop
      vertex   1.600000e+01 1.605000e+02 7.000000e+00
      vertex   1.600000e+01 1.605000e+02 2.000000e+00
      vertex   1.594545e+01 1.611584e+02 7.000000e+00
    endloop
  endfacet
  facet normal 9.965845e-01 8.257935e-02 0.000000e+00
    outer loop
      vertex   1.594545e+01 1.611584e+02 7.000000e+00
      vertex   1.600000e+01 1.605000e+02 2.000000e+00
      vertex   1.594545e+01 1.611584e+02 2.000000e+00
    endloop
  endfacet
  facet normal 9.694003e-01 2.454855e-01 0.000000e+00
    outer loop
      vertex   1.594545e+01 1.611584e+02 7.000000e+00
      vertex   1.594545e+01 1.611584e+02 2.000000e+00
      vertex   1.578327e+01 1.617988e+02 7.000000e+00
    endloop
  endfacet
  facet normal 9.694003e-01 2.454855e-01 0.000000e+00
    outer loop
      vertex   1.578327e+01 1.617988e+02 7.000000e+00
      vertex   1.594545e+01 1.611584e+02 2.000000e+00
      vertex   1.578327e+01 1.617988e+02 2.000000e+00
    endloop
  endfacet
  facet normal 9.157733e-01 4.016954e-01 0.000000e+00
    outer loop
      vertex   1.578327e+01 1.617988e+02 7.000000e+00
      vertex   1.578327e+01 1.617988e+02 2.000000e+00
      vertex   1.551790e+01 1.624038e+02 7.000000e+00
    endloop
  endfacet
  facet normal 9.157733e-01 4.016954e-01 0.000000e+00
    outer loop
      vertex   1.551790e+01 1.624038e+02 7.000000e+00
      vertex   1.578327e+01 1.617988e+02 2.000000e+00
      vertex   1.551790e+01 1.624038e+02 2.000000e+00
    endloop
  endfacet
  facet normal 8.371665e-01 5.469482e-01 0.000000e+00
    outer loop
      vertex   1.551790e+01 1.624038e+02 7.000000e+00
      vertex   1.551790e+01 1.624038e+02 2.000000e+00
      vertex   1.515656e+01 1.629569e+02 7.000000e+00
    endloop
  endfacet
  facet normal 8.371665e-01 5.469482e-01 0.000000e+00
    outer loop
      vertex   1.515656e+01 1.629569e+02 7.000000e+00
      vertex   1.551790e+01 1.624038e+02 2.000000e+00
      vertex   1.515656e+01 1.629569e+02 2.000000e+00
    endloop
  endfacet
  facet normal 7.357239e-01 6.772816e-01 0.000000e+00
    outer loop
      vertex   1.515656e+01 1.629569e+02 7.000000e+00
      vertex   1.515656e+01 1.629569e+02 2.000000e+00
      vertex   1.470913e+01 1.634429e+02 7.000000e+00
    endloop
  endfacet
  facet normal 7.357239e-01 6.772816e-01 -2.613816e-16
    outer loop
      vertex   1.470913e+01 1.634429e+02 7.000000e+00
      vertex   1.515656e+01 1.629569e+02 2.000000e+00
      vertex   1.470913e+01 1.634429e+02 2.000000e+00
    endloop
  endfacet
  facet normal 6.142127e-01 7.891405e-01 -2.182122e-16
    outer loop
      vertex   1.470913e+01 1.634429e+02 7.000000e+00
      vertex   1.470913e+01 1.634429e+02 2.000000e+00
      vertex   1.418779e+01 1.638487e+02 7.000000e+00
    endloop
  endfacet
  facet normal 6.142127e-01 7.891405e-01 0.000000e+00
    outer loop
      vertex   1.418779e+01 1.638487e+02 7.000000e+00
      vertex   1.470913e+01 1.634429e+02 2.000000e+00
      vertex   1.418779e+01 1.638487e+02 2.000000e+00
    endloop
  endfacet
  facet normal 4.759474e-01 8.794738e-01 0.000000e+00
    outer loop
      vertex   1.418779e+01 1.638487e+02 7.000000e+00
      vertex   1.418779e+01 1.638487e+02 2.000000e+00
      vertex   1.360678e+01 1.641631e+02 7.000000e+00
    endloop
  endfacet
  facet normal 4.759474e-01 8.794738e-01 1.690905e-16
    outer loop
      vertex   1.360678e+01 1.641631e+02 7.000000e+00
      vertex   1.418779e+01 1.638487e+02 2.000000e+00
      vertex   1.360678e+01 1.641631e+02 2.000000e+00
    endloop
  endfacet
  facet normal 3.246995e-01 9.458172e-01 1.153564e-16
    outer loop
      vertex   1.360678e+01 1.641631e+02 7.000000e+00
      vertex   1.360678e+01 1.641631e+02 2.000000e+00
      vertex   1.298194e+01 1.643776e+02 7.000000e+00
    endloop
  endfacet
  facet normal 3.246995e-01 9.458172e-01 0.000000e+00
    outer loop
      vertex   1.298194e+01 1.643776e+02 7.000000e+00
      vertex   1.360678e+01 1.641631e+02 2.000000e+00
      vertex   1.298194e+01 1.643776e+02 2.000000e+00
    endloop
  endfacet
  facet normal 1.645946e-01 9.863613e-01 0.000000e+00
    outer loop
      vertex   1.298194e+01 1.643776e+02 7.000000e+00
      vertex   1.298194e+01 1.643776e+02 2.000000e+00
      vertex   1.233032e+01 1.644863e+02 7.000000e+00
    endloop
  endfacet
  facet normal 1.645946e-01 9.863613e-01 0.000000e+00
    outer loop
      vertex   1.233032e+01 1.644863e+02 7.000000e+00
      vertex   1.298194e+01 1.643776e+02 2.000000e+00
      vertex   1.233032e+01 1.644863e+02 2.000000e+00
    endloop
  endfacet
  facet normal 0.000000e+00 1.000000e+00 0.000000e+00
    outer loop
      vertex   1.233032e+01 1.644863e+02 7.000000e+00
      vertex   1.233032e+01 1.644863e+02 2.000000e+00
      vertex   1.166968e+01 1.644863e+02 7.000000e+00
    endloop
  endfacet
  facet normal 0.000000e+00 1.000000e+00 0.000000e+00
    outer loop
      vertex   1.166968e+01 1.644863e+02 7.000000e+00
      vertex   1.233032e+01 1.644863e+02 2.000000e+00
      vertex   1.166968e+01 1.644863e+02 2.000000e+00
    endloop
  endfacet
  facet normal -1.645946e-01 9.863613e-01 1.169515e-16
    outer loop
      vertex   1.166968e+01 1.644863e+02 7.000000e+00
      vertex   1.166968e+01 1.644863e+02 2.000000e+00
      vertex   1.101806e+01 1.643776e+02 7.000000e+00
    endloop
  endfacet
  facet normal -1.645946e-01 9.863613e-01 0.000000e+00
    outer loop
      vertex   1.101806e+01 1.643776e+02 7.000000e+00
      vertex   1.166968e+01 1.644863e+02 2.000000e+00
      vertex   1.101806e+01 1.643776e+02 2.000000e+00
    endloop
  endfacet
  facet normal -3.246995e-01 9.458172e-01 0.000000e+00
    outer loop
      vertex   1.101806e+01 1.643776e+02 7.000000e+00
      vertex   1.101806e+01 1.643776e+02 2.000000e+00
      vertex   1.039322e+01 1.641631e+02 7.000000e+00
    endloop
  endfacet
  facet normal -3.246995e-01 9.458172e-01 1.153564e-16
    outer loop
      vertex   1.039322e+01 1.641631e+02 7.000000e+00
      vertex   1.101806e+01 1.643776e+02 2.000000e+00
      vertex   1.039322e+01 1.641631e+02 2.000000e+00
    endloop
  endfacet
  facet normal -4.759474e-01 8.794738e-01 1.690905e-16
    outer loop
      vertex   1.039322e+01 1.641631e+02 7.000000e+00
      vertex   1.039322e+01 1.641631e+02 2.000000e+00
      vertex   9.812207e+00 1.638487e+02 7.000000e+00
    endloop
  endfacet
  facet normal -4.759474e-01 8.794738e-01 0.000000e+00
    outer loop
      vertex   9.812207e+00 1.638487e+02 7.000000e+00
      vertex   1.039322e+01 1.641631e+02 2.000000e+00
      vertex   9.812207e+00 1.638487e+02 2.000000e+00
    endloop
  endfacet
  facet normal -6.142127e-01 7.891405e-01 0.000000e+00
    outer loop
      vertex   9.812207e+00 1.638487e+02 7.000000e+00
      vertex   9.812207e+00 1.638487e+02 2.000000e+00
      vertex   9.290874e+00 1.634429e+02 7.000000e+00
    endloop
  endfacet
  facet normal -6.142127e-01 7.891405e-01 2.182122e-16
    outer loop
      vertex   9.290874e+00 1.634429e+02 7.000000e+00
      vertex   9.812207e+00 1.638487e+02 2.000000e+00
      vertex   9.290874e+00 1.634429e+02 2.000000e+00
    endloop
  endfacet
  facet normal -7.357239e-01 6.772816e-01 2.613816e-16
    outer loop
      vertex   9.290874e+00 1.634429e+02 7.000000e+00
      vertex   9.290874e+00 1.634429e+02 2.000000e+00
      vertex   8.843438e+00 1.629569e+02 7.000000e+00
    endloop
  endfacet
  facet normal -7.357239e-01 6.772816e-01 0.000000e+00
    outer loop
      vertex   8.843438e+00 1.629569e+02 7.000000e+00
      vertex   9.290874e+00 1.634429e+02 2.000000e+00
      vertex   8.843438e+00 1.629569e+02 2.000000e+00
    endloop
  endfacet
  facet normal -8.371665e-01 5.469482e-01 0.000000e+00
    outer loop
      vertex   8.843438e+00 1.629569e+02 7.000000e+00
      vertex   8.843438e+00 1.629569e+02 2.000000e+00
      vertex   8.482105e+00 1.624038e+02 7.000000e+00
    endloop
  endfacet
  facet normal -8.371665e-01 5.469482e-01 0.000000e+00
    outer loop
      vertex   8.482105e+00 1.624038e+02 7.000000e+00
      vertex   8.843438e+00 1.629569e+02 2.000000e+00
      vertex   8.482105e+00 1.624038e+02 2.000000e+00
    endloop
  endfacet
  facet normal -9.157733e-01 4.016954e-01 0.000000e+00
    outer loop
      vertex   8.482105e+00 1.624038e+02 7.000000e+00
      vertex   8.482105e+00 1.624038e+02 2.000000e+00
      vertex   8.216731e+00 1.617988e+02 7.000000e+00
    endloop
  endfacet
  facet normal -9.157733e-01 4.016954e-01 0.000000e+00
    outer loop
      vertex   8.216731e+00 1.617988e+02 7.000000e+00
      vertex   8.482105e+00 1.624038e+02 2.000000e+00
      vertex   8.216731e+00 1.617988e+02 2.000000e+00
    endloop
  endfacet
  facet normal -9.694003e-01 2.454855e-01 0.000000e+00
    outer loop
      vertex   8.216731e+00 1.617988e+02 7.000000e+00
      vertex   8.216731e+00 1.617988e+02 2.000000e+00
      vertex   8.054555e+00 1.611584e+02 7.000000e+00
    endloop
  endfacet
  facet normal -9.694003e-01 2.454855e-01 0.000000e+00
    outer loop
      vertex   8.054555e+00 1.611584e+02 7.000000e+00
      vertex   8.216731e+00 1.617988e+02 2.000000e+00
      vertex   8.054555e+00 1.611584e+02 2.000000e+00
    endloop
  endfacet
  facet normal -9.965845e-01 8.257935e-02 0.000000e+00
    outer loop
      vertex   8.054555e+00 1.611584e+02 7.000000e+00
      vertex   8.054555e+00 1.611584e+02 2.000000e+00
      vertex   8.000000e+00 1.605000e+02 7.000000e+00
    endloop
  endfacet
  facet normal -9.965845e-01 8.257935e-02 0.000000e+00
    outer loop
      vertex   8.000000e+00 1.605000e+02 7.000000e+00
      vertex   8.054555e+00 1.611584e+02 2.000000e+00
      vertex   8.000000e+00 1.605000e+02 2.000000e+00
    endloop
  endfacet
  facet normal -9.965845e-01 -8.257935e-02 -0.000000e+00
    outer loop
      vertex   8.000000e+00 1.605000e+02 7.000000e+00
      vertex   8.000000e+00 1.605000e+02 2.000000e+00
      vertex   8.054555e+00 1.598416e+02 7.000000e+00
    endloop
  endfacet
  facet normal -9.965845e-01 -8.257935e-02 -0.000000e+00
    outer loop
      vertex   8.054555e+00 1.598416e+02 7.000000e+00
      vertex   8.000000e+00 1.605000e+02 2.000000e+00
      vertex   8.054555e+00 1.598416e+02 2.000000e+00
    endloop
  endfacet
  facet normal -9.694003e-01 -2.454855e-01 -0.000000e+00
    outer loop
      vertex   8.054555e+00 1.598416e+02 7.000000e+00
      vertex   8.054555e+00 1.598416e+02 2.000000e+00
      vertex   8.216731e+00 1.592012e+02 7.000000e+00
    endloop
  endfacet
  facet normal -9.694003e-01 -2.454855e-01 -0.000000e+00
    outer loop
      vertex   8.216731e+00 1.592012e+02 7.000000e+00
      vertex   8.054555e+00 1.598416e+02 2.000000e+00
      vertex   8.216731e+00 1.592012e+02 2.000000e+00
    endloop
  endfacet
  facet normal -9.157733e-01 -4.016954e-01 -0.000000e+00
    outer loop
      vertex   8.216731e+00 1.592012e+02 7.000000e+00
      vertex   8.216731e+00 1.592012e+02 2.000000e+00
      vertex   8.482105e+00 1.585962e+02 7.000000e+00
    endloop
  endfacet
  facet normal -9.157733e-01 -4.016954e-01 -0.000000e+00
    outer loop
      vertex   8.482105e+00 1.585962e+02 7.000000e+00
      vertex   8.216731e+00 1.592012e+02 2.000000e+00
      vertex   8.482105e+00 1.585962e+02 2.000000e+00
    endloop
  endfacet
  facet normal -8.371665e-01 -5.469482e-01 -0.000000e+00
    outer loop
      vertex   8.482105e+00 1.585962e+02 7.000000e+00
      vertex   8.482105e+00 1.585962e+02 2.000000e+00
      vertex   8.843438e+00 1.580431e+02 7.000000e+00
    endloop
  endfacet
  facet normal -8.371665e-01 -5.469482e-01 -0.000000e+00
    outer loop
      vertex   8.843438e+00 1.580431e+02 7.000000e+00
      vertex   8.482105e+00 1.585962e+02 2.000000e+00
      vertex   8.843438e+00 1.580431e+02 2.000000e+00
    endloop
  endfacet
  facet normal -7.357239e-01 -6.772816e-01 -0.000000e+00
    outer loop
      vertex   8.843438e+00 1.580431e+02 7.000000e+00
      vertex   8.843438e+00 1.580431e+02 2.000000e+00
      vertex   9.290874e+00 1.575571e+02 7.000000e+00
    endloop
  endfacet
  facet normal -7.357239e-01 -6.772816e-01 -2.613816e-16
    outer loop
      vertex   9.290874e+00 1.575571e+02 7.000000e+00
      vertex   8.843438e+00 1.580431e+02 2.000000e+00
      vertex   9.290874e+00 1.575571e+02 2.000000e+00
    endloop
  endfacet
  facet normal -6.142127e-01 -7.891405e-01 -2.182122e-16
    outer loop
      vertex   9.290874e+00 1.575571e+02 7.000000e+00
      vertex   9.290874e+00 1.575571e+02 2.000000e+00
      vertex   9.812207e+00 1.571513e+02 7.000000e+00
    endloop
  endfacet
  facet normal -6.142127e-01 -7.891405e-01 -0.000000e+00
    outer loop
      vertex   9.812207e+00 1.571513e+02 7.000000e+00
      vertex   9.290874e+00 1.575571e+02 2.000000e+00
      vertex   9.812207e+00 1.571513e+02 2.000000e+00
    endloop
  endfacet
  facet normal -4.759474e-01 -8.794738e-01 -0.000000e+00
    outer loop
      vertex   9.812207e+00 1.571513e+02 7.000000e+00
      vertex   9.812207e+00 1.571513e+02 2.000000e+00
      vertex   1.039322e+01 1.568369e+02 7.000000e+00
    endloop
  endfacet
  facet normal -4.759474e-01 -8.794738e-01 -1.690905e-16
    outer loop
      vertex   1.039322e+01 1.568369e+02 7.000000e+00
      vertex   9.812207e+00 1.571513e+02 2.000000e+00
      vertex   1.039322e+01 1.568369e+02 2.000000e+00
    endloop
  endfacet
  facet normal -3.246995e-01 -9.458172e-01 -1.153564e-16
    outer loop
      vertex   1.039322e+01 1.568369e+02 7.000000e+00
      vertex   1.039322e+01 1.568369e+02 2.000000e+00
      vertex   1.101806e+01 1.566224e+02 7.000000e+00
    endloop
  endfacet
  facet normal -3.246995e-01 -9.458172e-01 -0.000000e+00
    outer loop
      vertex   1.101806e+01 1.566224e+02 7.000000e+00
      vertex   1.039322e+01 1.568369e+02 2.000000e+00
      vertex   1.101806e+01 1.566224e+02 2.000000e+00
    endloop
  endfacet
  facet normal -1.645946e-01 -9.863613e-01 -0.000000e+00
    outer loop
      vertex   1.101806e+01 1.566224e+02 7.000000e+00
      vertex   1.101806e+01 1.566224e+02 2.000000e+00
      vertex   1.166968e+01 1.565137e+02 7.000000e+00
    endloop
  endfacet
  facet normal -1.645946e-01 -9.863613e-01 -1.169515e-16
    outer loop
      vertex   1.166968e+01 1.565137e+02 7.000000e+00
      vertex   1.101806e+01 1.566224e+02 2.000000e+00
      vertex   1.166968e+01 1.565137e+02 2.000000e+00
    endloop
  endfacet
  facet normal 0.000000e+00 -1.000000e+00 0.000000e+00
    outer loop
      vertex   1.166968e+01 1.565137e+02 7.000000e+00
      vertex   1.166968e+01 1.565137e+02 2.000000e+00
      vertex   1.233032e+01 1.565137e+02 7.000000e+00
    endloop
  endfacet
  facet normal 0.000000e+00 -1.000000e+00 -0.000000e+00
    outer loop
      vertex   1.233032e+01 1.565137e+02 7.000000e+00
      vertex   1.166968e+01 1.565137e+02 2.000000e+00
      vertex   1.233032e+01 1.565137e+02 2.000000e+00
    endloop
  endfacet
  facet normal 1.645946e-01 -9.863613e-01 0.000000e+00
    outer loop
      vertex   1.233032e+01 1.565137e+02 7.000000e+00
      vertex   1.233032e+01 1.565137e+02 2.000000e+00
      vertex   1.298194e+01 1.566224e+02 7.000000e+00
    endloop
  endfacet
  facet normal 1.645946e-01 -9.863613e-01 0.000000e+00
    outer loop
      vertex   1.298194e+01 1.566224e+02 7.000000e+00
      vertex   1.233032e+01 1.565137e+02 2.000000e+00
      vertex   1.298194e+01 1.566224e+02 2.000000e+00
    endloop
  endfacet
  facet normal 3.246995e-01 -9.458172e-01 0.000000e+00
    outer loop
      vertex   1.298194e+01 1.566224e+02 7.000000e+00
      vertex   1.298194e+01 1.566224e+02 2.000000e+00
      vertex   1.360678e+01 1.568369e+02 7.000000e+00
    endloop
  endfacet
  facet normal 3.246995e-01 -9.458172e-01 -1.153564e-16
    outer loop
      vertex   1.360678e+01 1.568369e+02 7.000000e+00
      vertex   1.298194e+01 1.566224e+02 2.000000e+00
      vertex   1.360678e+01 1.568369e+02 2.000000e+00
    endloop
  endfacet
  facet normal 4.759474e-01 -8.794738e-01 -1.690905e-16
    outer loop
      vertex   1.360678e+01 1.568369e+02 7.000000e+00
      vertex   1.360678e+01 1.568369e+02 2.000000e+00
      vertex   1.418779e+01 1.571513e+02 7.000000e+00
    endloop
  endfacet
  facet normal 4.759474e-01 -8.794738e-01 0.000000e+00
    outer loop
      vertex   1.418779e+01 1.571513e+02 7.000000e+00
      vertex   1.360678e+01 1.568369e+02 2.000000e+00
      vertex   1.418779e+01 1.571513e+02 2.000000e+00
    endloop
  endfacet
  facet normal 6.142127e-01 -7.891405e-01 0.000000e+00
    outer loop
      vertex   1.418779e+01 1.571513e+02 7.000000e+00
      vertex   1.418779e+01 1.571513e+02 2.000000e+00
      vertex   1.470913e+01 1.575571e+02 7.000000e+00
    endloop
  endfacet
  facet normal 6.142127e-01 -7.891405e-01 2.182122e-16
    outer loop
      vertex   1.470913e+01 1.575571e+02 7.000000e+00
      vertex   1.418779e+01 1.571513e+02 2.000000e+00
      vertex   1.470913e+01 1.575571e+02 2.000000e+00
    endloop
  endfacet
  facet normal 7.357239e-01 -6.772816e-01 2.613816e-16
    outer loop
      vertex   1.470913e+01 1.575571e+02 7.000000e+00
      vertex   1.470913e+01 1.575571e+02 2.000000e+00
      vertex   1.515656e+01 1.580431e+02 7.000000e+00
    endloop
  endfacet
  facet normal 7.357239e-01 -6.772816e-01 0.000000e+00
    outer loop
      vertex   1.515656e+01 1.580431e+02 7.000000e+00
      vertex   1.470913e+01 1.575571e+02 2.000000e+00
      vertex   1.515656e+01 1.580431e+02 2.000000e+00
    endloop
  endfacet
  facet normal 8.371665e-01 -5.469482e-01 0.000000e+00
    outer loop
      vertex   1.515656e+01 1.580431e+02 7.000000e+00
      vertex   1.515656e+01 1.580431e+02 2.000000e+00
      vertex   1.551790e+01 1.585962e+02 7.000000e+00
    endloop
  endfacet
  facet normal 8.371665e-01 -5.469482e-01 0.000000e+00
    outer loop
      vertex   1.551790e+01 1.585962e+02 7.000000e+00
      vertex   1.515656e+01 1.580431e+02 2.000000e+00
      vertex   1.551790e+01 1.585962e+02 2.000000e+00
    endloop
  endfacet
  facet normal 9.157733e-01 -4.016954e-01 0.000000e+00
    outer loop
      vertex   1.551790e+01 1.585962e+02 7.000000e+00
      vertex   1.551790e+01 1.585962e+02 2.000000e+00
      vertex   1.578327e+01 1.592012e+02 7.000000e+00
    endloop
  endfacet
  facet normal 9.157733e-01 -4.016954e-01 0.000000e+00
    outer loop
      vertex   1.578327e+01 1.592012e+02 7.000000e+00
      vertex   1.551790e+01 1.585962e+02 2.000000e+00
      vertex   1.578327e+01 1.592012e+02 2.000000e+00
    endloop
  endfacet
  facet normal 9.694003e-01 -2.454855e-01 0.000000e+00
    outer loop
      vertex   1.578327e+01 1.592012e+02 7.000000e+00
      vertex   1.578327e+01 1.592012e+02 2.000000e+00
      vertex   1.594545e+01 1.598416e+02 7.000000e+00
    endloop
  endfacet
  facet normal 9.694003e-01 -2.454855e-01 0.000000e+00
    outer loop
      vertex   1.594545e+01 1.598416e+02 7.000000e+00
      vertex   1.578327e+01 1.592012e+02 2.000000e+00
      vertex   1.594545e+01 1.598416e+02 2.000000e+00
    endloop
  endfacet
  facet normal -0.000000e+00 0.000000e+00 1.000000e+00
    outer loop
      vertex   1.401886e+01 1.601440e+02 7.000000e+00
      vertex   1.594545e+01 1.598416e+02 7.000000e+00
      vertex   1.405000e+01 1.605000e+02 7.000000e+00
    endloop
  endfacet
  facet normal -0.000000e+00 0.000000e+00 1.000000e+00
    outer loop
      vertex   1.405000e+01 1.605000e+02 7.000000e+00
      vertex   1.594545e+01 1.598416e+02 7.000000e+00
      vertex   1.600000e+01 1.605000e+02 7.000000e+00
    endloop
  endfacet
  facet normal 0.000000e+00 0.000000e+00 1.000000e+00
    outer loop
      vertex   1.405000e+01 1.605000e+02 7.000000e+00
      vertex   1.600000e+01 1.605000e+02 7.000000e+00
      vertex   1.594545e+01 1.611584e+02 7.000000e+00
    endloop
  endfacet
  facet normal 0.000000e+00 0.000000e+00 1.000000e+00
    outer loop
      vertex   1.594545e+01 1.598416e+02 7.000000e+00
      vertex   1.401886e+01 1.601440e+02 7.000000e+00
      vertex   1.578327e+01 1.592012e+02 7.000000e+00
    endloop
  endfacet
  facet normal 0.000000e+00 0.000000e+00 1.000000e+00
    outer loop
      vertex   1.578327e+01 1.592012e+02 7.000000e+00
      vertex   1.401886e+01 1.601440e+02 7.000000e+00
      vertex   1.392637e+01 1.597989e+02 7.000000e+00
    endloop
  endfacet
  facet normal 0.000000e+00 0.000000e+00 1.000000e+00
    outer loop
      vertex   1.578327e+01 1.592012e+02 7.000000e+00
      vertex   1.392637e+01 1.597989e+02 7.000000e+00
      vertex   1.551790e+01 1.585962e+02 7.000000e+00
    endloop
  endfacet
  facet normal 0.000000e+00 0.000000e+00 1.000000e+00
    outer loop
      vertex   1.551790e+01 1.585962e+02 7.000000e+00
      vertex   1.392637e+01 1.597989e+02 7.000000e+00
      vertex   1.377535e+01 1.594750e+02 7.000000e+00
    endloop
  endfacet
  facet normal 0.000000e+00 0.000000e+00 1.000000e+00
    outer loop
      vertex   1.551790e+01 1.585962e+02 7.000000e+00
      vertex   1.377535e+01 1.594750e+02 7.000000e+00
      vertex   1.515656e+01 1.580431e+02 7.000000e+00
    endloop
  endfacet
  facet normal 0.000000e+00 0.000000e+00 1.000000e+00
    outer loop
      vertex   1.515656e+01 1.580431e+02 7.000000e+00
      vertex   1.377535e+01 1.594750e+02 7.000000e+00
      vertex   1.357039e+01 1.591823e+02 7.000000e+00
    endloop
  endfacet
  facet normal 0.000000e+00 0.000000e+00 1.000000e+00
    outer loop
      vertex   1.515656e+01 1.580431e+02 7.000000e+00
      vertex   1.357039e+01 1.591823e+02 7.000000e+00
      vertex   1.470913e+01 1.575571e+02 7.000000e+00
    endloop
  endfacet
  facet normal 0.000000e+00 0.000000e+00 1.000000e+00
    outer loop
      vertex   1.470913e+01 1.575571e+02 7.000000e+00
      vertex   1.357039e+01 1.591823e+02 7.000000e+00
      vertex   1.331771e+01 1.589296e+02 7.000000e+00
    endloop
  endfacet
  facet normal 0.000000e+00 0.000000e+00 1.000000e+00
    outer loop
      vertex   1.470913e+01 1.575571e+02 7.000000e+00
      vertex   1.331771e+01 1.589296e+02 7.000000e+00
      vertex   1.418779e+01 1.571513e+02 7.000000e+00
    endloop
  endfacet
  facet normal 0.000000e+00 0.000000e+00 1.000000e+00
    outer loop
      vertex   1.418779e+01 1.571513e+02 7.000000e+00
      vertex   1.331771e+01 1.589296e+02 7.000000e+00
      vertex   1.302500e+01 1.587246e+02 7.000000e+00
    endloop
  endfacet
  facet normal 0.000000e+00 0.000000e+00 1.000000e+00
    outer loop
      vertex   1.418779e+01 1.571513e+02 7.000000e+00
      vertex   1.302500e+01 1.587246e+02 7.000000e+00
      vertex   1.360678e+01 1.568369e+02 7.000000e+00
    endloop
  endfacet
  facet normal 0.000000e+00 0.000000e+00 1.000000e+00
    outer loop
      vertex   1.360678e+01 1.568369e+02 7.000000e+00
      vertex   1.302500e+01 1.587246e+02 7.000000e+00
      vertex   1.270114e+01 1.585736e+02 7.000000e+00
    endloop
  endfacet
  facet normal 0.000000e+00 0.000000e+00 1.000000e+00
    outer loop
      vertex   1.360678e+01 1.568369e+02 7.000000e+00
      vertex   1.270114e+01 1.585736e+02 7.000000e+00
      vertex   1.298194e+01 1.566224e+02 7.000000e+00
    endloop
  endfacet
  facet normal 0.000000e+00 0.000000e+00 1.000000e+00
    outer loop
      vertex   1.298194e+01 1.566224e+02 7.000000e+00
      vertex   1.270114e+01 1.585736e+02 7.000000e+00
      vertex   1.235598e+01 1.584811e+02 7.000000e+00
    endloop
  endfacet
  facet normal 0.000000e+00 0.000000e+00 1.000000e+00
    outer loop
      vertex   1.298194e+01 1.566224e+02 7.000000e+00
      vertex   1.235598e+01 1.584811e+02 7.000000e+00
      vertex   1.233032e+01 1.565137e+02 7.000000e+00
    endloop
  endfacet
  facet normal 0.000000e+00 -0.000000e+00 1.000000e+00
    outer loop
      vertex   1.233032e+01 1.565137e+02 7.000000e+00
      vertex   1.235598e+01 1.584811e+02 7.000000e+00
      vertex   1.200000e+01 1.584500e+02 7.000000e+00
    endloop
  endfacet
  facet normal 0.000000e+00 0.000000e+00 1.000000e+00
    outer loop
      vertex   1.233032e+01 1.565137e+02 7.000000e+00
      vertex   1.200000e+01 1.584500e+02 7.000000e+00
      vertex   1.166968e+01 1.565137e+02 7.000000e+00
    endloop
  endfacet
  facet normal 0.000000e+00 -0.000000e+00 1.000000e+00
    outer loop
      vertex   1.166968e+01 1.565137e+02 7.000000e+00
      vertex   1.200000e+01 1.584500e+02 7.000000e+00
      vertex   1.164402e+01 1.584811e+02 7.000000e+00
    endloop
  endfacet
  facet normal 0.000000e+00 0.000000e+00 1.000000e+00
    outer loop
      vertex   1.166968e+01 1.565137e+02 7.000000e+00
      vertex   1.164402e+01 1.584811e+02 7.000000e+00
      vertex   1.101806e+01 1.566224e+02 7.000000e+00
    endloop
  endfacet
  facet normal 0.000000e+00 0.000000e+00 1.000000e+00
    outer loop
      vertex   1.101806e+01 1.566224e+02 7.000000e+00
      vertex   1.164402e+01 1.584811e+02 7.000000e+00
      vertex   1.129886e+01 1.585736e+02 7.000000e+00
    endloop
  endfacet
  facet normal 0.000000e+00 -0.000000e+00 1.000000e+00
    outer loop
      vertex   1.101806e+01 1.566224e+02 7.000000e+00
      vertex   1.129886e+01 1.585736e+02 7.000000e+00
      vertex   1.039322e+01 1.568369e+02 7.000000e+00
    endloop
  endfacet
  facet normal 0.000000e+00 0.000000e+00 1.000000e+00
    outer loop
      vertex   1.039322e+01 1.568369e+02 7.000000e+00
      vertex   1.129886e+01 1.585736e+02 7.000000e+00
      vertex   1.097500e+01 1.587246e+02 7.000000e+00
    endloop
  endfacet
  facet normal 0.000000e+00 -0.000000e+00 1.000000e+00
    outer loop
      vertex   1.039322e+01 1.568369e+02 7.000000e+00
      vertex   1.097500e+01 1.587246e+02 7.000000e+00
      vertex   9.812207e+00 1.571513e+02 7.000000e+00
    endloop
  endfacet
  facet normal 0.000000e+00 0.000000e+00 1.000000e+00
    outer loop
      vertex   9.812207e+00 1.571513e+02 7.000000e+00
      vertex   1.097500e+01 1.587246e+02 7.000000e+00
      vertex   1.068229e+01 1.589296e+02 7.000000e+00
    endloop
  endfacet
  facet normal 0.000000e+00 -0.000000e+00 1.000000e+00
    outer loop
      vertex   9.812207e+00 1.571513e+02 7.000000e+00
      vertex   1.068229e+01 1.589296e+02 7.000000e+00
      vertex   9.290874e+00 1.575571e+02 7.000000e+00
    endloop
  endfacet
  facet normal 0.000000e+00 0.000000e+00 1.000000e+00
    outer loop
      vertex   9.290874e+00 1.575571e+02 7.000000e+00
      vertex   1.068229e+01 1.589296e+02 7.000000e+00
      vertex   1.042961e+01 1.591823e+02 7.000000e+00
    endloop
  endfacet
  facet normal 0.000000e+00 -0.000000e+00 1.000000e+00
    outer loop
      vertex   9.290874e+00 1.575571e+02 7.000000e+00
      vertex   1.042961e+01 1.591823e+02 7.000000e+00
      vertex   8.843438e+00 1.580431e+02 7.000000e+00
    endloop
  endfacet
  facet normal 0.000000e+00 0.000000e+00 1.000000e+00
    outer loop
      vertex   8.843438e+00 1.580431e+02 7.000000e+00
      vertex   1.042961e+01 1.591823e+02 7.000000e+00
      vertex   1.022465e+01 1.594750e+02 7.000000e+00
    endloop
  endfacet
  facet normal 0.000000e+00 -0.000000e+00 1.000000e+00
    outer loop
      vertex   8.843438e+00 1.580431e+02 7.000000e+00
      vertex   1.022465e+01 1.594750e+02 7.000000e+00
      vertex   8.482105e+00 1.585962e+02 7.000000e+00
    endloop
  endfacet
  facet normal 0.000000e+00 0.000000e+00 1.000000e+00
    outer loop
      vertex   8.482105e+00 1.585962e+02 7.000000e+00
      vertex   1.022465e+01 1.594750e+02 7.000000e+00
      vertex   1.007363e+01 1.597989e+02 7.000000e+00
    endloop
  endfacet
  facet normal 0.000000e+00 -0.000000e+00 1.000000e+00
    outer loop
      vertex   8.482105e+00 1.585962e+02 7.000000e+00
      vertex   1.007363e+01 1.597989e+02 7.000000e+00
      vertex   8.216731e+00 1.592012e+02 7.000000e+00
    endloop
  endfacet
  facet normal 0.000000e+00 0.000000e+00 1.000000e+00
    outer loop
      vertex   8.216731e+00 1.592012e+02 7.000000e+00
      vertex   1.007363e+01 1.597989e+02 7.000000e+00
      vertex   9.981144e+00 1.601440e+02 7.000000e+00
    endloop
  endfacet
  facet normal 0.000000e+00 -0.000000e+00 1.000000e+00
    outer loop
      vertex   8.216731e+00 1.592012e+02 7.000000e+00
      vertex   9.981144e+00 1.601440e+02 7.000000e+00
      vertex   8.054555e+00 1.598416e+02 7.000000e+00
    endloop
  endfacet
  facet normal 0.000000e+00 0.000000e+00 1.000000e+00
    outer loop
      vertex   8.054555e+00 1.598416e+02 7.000000e+00
      vertex   9.981144e+00 1.601440e+02 7.000000e+00
      vertex   9.950000e+00 1.605000e+02 7.000000e+00
    endloop
  endfacet
  facet normal 0.000000e+00 -0.000000e+00 1.000000e+00
    outer loop
      vertex   8.054555e+00 1.598416e+02 7.000000e+00
      vertex   9.950000e+00 1.605000e+02 7.000000e+00
      vertex   8.000000e+00 1.605000e+02 7.000000e+00
    endloop
  endfacet
  facet normal 0.000000e+00 0.000000e+00 1.000000e+00
    outer loop
      vertex   8.000000e+00 1.605000e+02 7.000000e+00
      vertex   9.950000e+00 1.605000e+02 7.000000e+00
      vertex   8.054555e+00 1.611584e+02 7.000000e+00
    endloop
  endfacet
  facet normal 0.000000e+00 0.000000e+00 1.000000e+00
    outer loop
      vertex   8.054555e+00 1.611584e+02 7.000000e+00
      vertex   9.950000e+00 1.605000e+02 7.000000e+00
      vertex   9.981144e+00 1.608560e+02 7.000000e+00
    endloop
  endfacet
  facet normal -0.000000e+00 0.000000e+00 1.000000e+00
    outer loop
      vertex   8.054555e+00 1.611584e+02 7.000000e+00
      vertex   9.981144e+00 1.608560e+02 7.000000e+00
      vertex   8.216731e+00 1.617988e+02 7.000000e+00
    endloop
  endfacet
  facet normal 0.000000e+00 0.000000e+00 1.000000e+00
    outer loop
      vertex   8.216731e+00 1.617988e+02 7.000000e+00
      vertex   9.981144e+00 1.608560e+02 7.000000e+00
      vertex   1.007363e+01 1.612011e+02 7.000000e+00
    endloop
  endfacet
  facet normal -0.000000e+00 0.000000e+00 1.000000e+00
    outer loop
      vertex   8.216731e+00 1.617988e+02 7.000000e+00
      vertex   1.007363e+01 1.612011e+02 7.000000e+00
      vertex   8.482105e+00 1.624038e+02 7.000000e+00
    endloop
  endfacet
  facet normal 0.000000e+00 0.000000e+00 1.000000e+00
    outer loop
      vertex   8.482105e+00 1.624038e+02 7.000000e+00
      vertex   1.007363e+01 1.612011e+02 7.000000e+00
      vertex   1.022465e+01 1.615250e+02 7.000000e+00
    endloop
  endfacet
  facet normal -0.000000e+00 0.000000e+00 1.000000e+00
    outer loop
      vertex   8.482105e+00 1.624038e+02 7.000000e+00
      vertex   1.022465e+01 1.615250e+02 7.000000e+00
      vertex   8.843438e+00 1.629569e+02 7.000000e+00
    endloop
  endfacet
  facet normal 0.000000e+00 0.000000e+00 1.000000e+00
    outer loop
      vertex   8.843438e+00 1.629569e+02 7.000000e+00
      vertex   1.022465e+01 1.615250e+02 7.000000e+00
      vertex   1.042961e+01 1.618177e+02 7.000000e+00
    endloop
  endfacet
  facet normal -0.000000e+00 0.000000e+00 1.000000e+00
    outer loop
      vertex   8.843438e+00 1.629569e+02 7.000000e+00
      vertex   1.042961e+01 1.618177e+02 7.000000e+00
      vertex   9.290874e+00 1.634429e+02 7.000000e+00
    endloop
  endfacet
  facet normal 0.000000e+00 0.000000e+00 1.000000e+00
    outer loop
      vertex   9.290874e+00 1.634429e+02 7.000000e+00
      vertex   1.042961e+01 1.618177e+02 7.000000e+00
      vertex   1.068229e+01 1.620704e+02 7.000000e+00
    endloop
  endfacet
  facet normal -0.000000e+00 0.000000e+00 1.000000e+00
    outer loop
      vertex   9.290874e+00 1.634429e+02 7.000000e+00
      vertex   1.068229e+01 1.620704e+02 7.000000e+00
      vertex   9.812207e+00 1.638487e+02 7.000000e+00
    endloop
  endfacet
  facet normal 0.000000e+00 0.000000e+00 1.000000e+00
    outer loop
      vertex   9.812207e+00 1.638487e+02 7.000000e+00
      vertex   1.068229e+01 1.620704e+02 7.000000e+00
      vertex   1.097500e+01 1.622754e+02 7.000000e+00
    endloop
  endfacet
  facet normal -0.000000e+00 0.000000e+00 1.000000e+00
    outer loop
      vertex   9.812207e+00 1.638487e+02 7.000000e+00
      vertex   1.097500e+01 1.622754e+02 7.000000e+00
      vertex   1.039322e+01 1.641631e+02 7.000000e+00
    endloop
  endfacet
  facet normal 0.000000e+00 0.000000e+00 1.000000e+00
    outer loop
      vertex   1.039322e+01 1.641631e+02 7.000000e+00
      vertex   1.097500e+01 1.622754e+02 7.000000e+00
      vertex   1.129886e+01 1.624264e+02 7.000000e+00
    endloop
  endfacet
  facet normal -0.000000e+00 0.000000e+00 1.000000e+00
    outer loop
      vertex   1.039322e+01 1.641631e+02 7.000000e+00
      vertex   1.129886e+01 1.624264e+02 7.000000e+00
      vertex   1.101806e+01 1.643776e+02 7.000000e+00
    endloop
  endfacet
  facet normal 0.000000e+00 0.000000e+00 1.000000e+00
    outer loop
      vertex   1.101806e+01 1.643776e+02 7.000000e+00
      vertex   1.129886e+01 1.624264e+02 7.000000e+00
      vertex   1.164402e+01 1.625189e+02 7.000000e+00
    endloop
  endfacet
  facet normal -0.000000e+00 0.000000e+00 1.000000e+00
    outer loop
      vertex   1.101806e+01 1.643776e+02 7.000000e+00
      vertex   1.164402e+01 1.625189e+02 7.000000e+00
      vertex   1.166968e+01 1.644863e+02 7.000000e+00
    endloop
  endfacet
  facet normal 0.000000e+00 0.000000e+00 1.000000e+00
    outer loop
      vertex   1.166968e+01 1.644863e+02 7.000000e+00
      vertex   1.164402e+01 1.625189e+02 7.000000e+00
      vertex   1.200000e+01 1.625500e+02 7.000000e+00
    endloop
  endfacet
  facet normal -0.000000e+00 0.000000e+00 1.000000e+00
    outer loop
      vertex   1.166968e+01 1.644863e+02 7.000000e+00
      vertex   1.200000e+01 1.625500e+02 7.000000e+00
      vertex   1.233032e+01 1.644863e+02 7.000000e+00
    endloop
  endfacet
  facet normal 0.000000e+00 0.000000e+00 1.000000e+00
    outer loop
      vertex   1.233032e+01 1.644863e+02 7.000000e+00
      vertex   1.200000e+01 1.625500e+02 7.000000e+00
      vertex   1.235598e+01 1.625189e+02 7.000000e+00
    endloop
  endfacet
  facet normal 0.000000e+00 0.000000e+00 1.000000e+00
    outer loop
      vertex   1.233032e+01 1.644863e+02 7.000000e+00
      vertex   1.235598e+01 1.625189e+02 7.000000e+00
      vertex   1.298194e+01 1.643776e+02 7.000000e+00
    endloop
  endfacet
  facet normal 0.000000e+00 0.000000e+00 1.000000e+00
    outer loop
      vertex   1.298194e+01 1.643776e+02 7.000000e+00
      vertex   1.235598e+01 1.625189e+02 7.000000e+00
      vertex   1.270114e+01 1.624264e+02 7.000000e+00
    endloop
  endfacet
  facet normal 0.000000e+00 0.000000e+00 1.000000e+00
    outer loop
      vertex   1.298194e+01 1.643776e+02 7.000000e+00
      vertex   1.270114e+01 1.624264e+02 7.000000e+00
      vertex   1.360678e+01 1.641631e+02 7.000000e+00
    endloop
  endfacet
  facet normal 0.000000e+00 0.000000e+00 1.000000e+00
    outer loop
      vertex   1.360678e+01 1.641631e+02 7.000000e+00
      vertex   1.270114e+01 1.624264e+02 7.000000e+00
      vertex   1.302500e+01 1.622754e+02 7.000000e+00
    endloop
  endfacet
  facet normal 0.000000e+00 0.000000e+00 1.000000e+00
    outer loop
      vertex   1.360678e+01 1.641631e+02 7.000000e+00
      vertex   1.302500e+01 1.622754e+02 7.000000e+00
      vertex   1.418779e+01 1.638487e+02 7.000000e+00
    endloop
  endfacet
  facet normal 0.000000e+00 0.000000e+00 1.000000e+00
    outer loop
      vertex   1.418779e+01 1.638487e+02 7.000000e+00
      vertex   1.302500e+01 1.622754e+02 7.000000e+00
      vertex   1.331771e+01 1.620704e+02 7.000000e+00
    endloop
  endfacet
  facet normal 0.000000e+00 0.000000e+00 1.000000e+00
    outer loop
      vertex   1.418779e+01 1.638487e+02 7.000000e+00
      vertex   1.331771e+01 1.620704e+02 7.000000e+00
      vertex   1.470913e+01 1.634429e+02 7.000000e+00
    endloop
  endfacet
  facet normal 0.000000e+00 0.000000e+00 1.000000e+00
    outer loop
      vertex   1.470913e+01 1.634429e+02 7.000000e+00
      vertex   1.331771e+01 1.620704e+02 7.000000e+00
      vertex   1.357039e+01 1.618177e+02 7.000000e+00
    endloop
  endfacet
  facet normal 0.000000e+00 0.000000e+00 1.000000e+00
    outer loop
      vertex   1.470913e+01 1.634429e+02 7.000000e+00
      vertex   1.357039e+01 1.618177e+02 7.000000e+00
      vertex   1.515656e+01 1.629569e+02 7.000000e+00
    endloop
  endfacet
  facet normal 0.000000e+00 0.000000e+00 1.000000e+00
    outer loop
      vertex   1.515656e+01 1.629569e+02 7.000000e+00
      vertex   1.357039e+01 1.618177e+02 7.000000e+00
      vertex   1.377535e+01 1.615250e+02 7.000000e+00
    endloop
  endfacet
  facet normal 0.000000e+00 0.000000e+00 1.000000e+00
    outer loop
      vertex   1.515656e+01 1.629569e+02 7.000000e+00
      vertex   1.377535e+01 1.615250e+02 7.000000e+00
      vertex   1.551790e+01 1.624038e+02 7.000000e+00
    endloop
  endfacet
  facet normal 0.000000e+00 0.000000e+00 1.000000e+00
    outer loop
      vertex   1.551790e+01 1.624038e+02 7.000000e+00
      vertex   1.377535e+01 1.615250e+02 7.000000e+00
      vertex   1.392637e+01 1.612011e+02 7.000000e+00
    endloop
  endfacet
  facet normal 0.000000e+00 0.000000e+00 1.000000e+00
    outer loop
      vertex   1.551790e+01 1.624038e+02 7.000000e+00
      vertex   1.392637e+01 1.612011e+02 7.000000e+00
      vertex   1.578327e+01 1.617988e+02 7.000000e+00
    endloop
  endfacet
  facet normal 0.000000e+00 0.000000e+00 1.000000e+00
    outer loop
      vertex   1.578327e+01 1.617988e+02 7.000000e+00
      vertex   1.392637e+01 1.612011e+02 7.000000e+00
      vertex   1.401886e+01 1.608560e+02 7.000000e+00
    endloop
  endfacet
  facet normal 0.000000e+00 0.000000e+00 1.000000e+00
    outer loop
      vertex   1.578327e+01 1.617988e+02 7.000000e+00
      vertex   1.401886e+01 1.608560e+02 7.000000e+00
      vertex   1.594545e+01 1.611584e+02 7.000000e+00
    endloop
  endfacet
  facet normal 0.000000e+00 0.000000e+00 1.000000e+00
    outer loop
      vertex   1.594545e+01 1.611584e+02 7.000000e+00
      vertex   1.401886e+01 1.608560e+02 7.000000e+00
      vertex   1.405000e+01 1.605000e+02 7.000000e+00
    endloop
  endfacet
  facet normal -2.449758e-15 -2.226552e-15 1.000000e+00
    outer loop
      vertex   1.509454e+02 6.615838e+01 2.000000e+00
      vertex   1.510000e+02 6.550000e+01 2.000000e+00
      vertex   2.031716e+02 7.500000e+00 2.000000e+00
    endloop
  endfacet
  facet normal 2.083252e-15 1.850936e-15 1.000000e+00
    outer loop
      vertex   2.031716e+02 7.500000e+00 2.000000e+00
      vertex   1.510000e+02 6.550000e+01 2.000000e+00
      vertex   1.509454e+02 6.484162e+01 2.000000e+00
    endloop
  endfacet
  facet normal 3.991993e-17 -1.010910e-17 1.000000e+00
    outer loop
      vertex   2.031716e+02 7.500000e+00 2.000000e+00
      vertex   1.509454e+02 6.484162e+01 2.000000e+00
      vertex   1.507833e+02 6.420120e+01 2.000000e+00
    endloop
  endfacet
  facet normal 3.448801e-17 -1.512784e-17 1.000000e+00
    outer loop
      vertex   1.507833e+02 6.420120e+01 2.000000e+00
      vertex   1.505179e+02 6.359621e+01 2.000000e+00
      vertex   2.031716e+02 7.500000e+00 2.000000e+00
    endloop
  endfacet
  facet normal 2.983696e-17 -1.949346e-17 1.000000e+00
    outer loop
      vertex   2.031716e+02 7.500000e+00 2.000000e+00
      vertex   1.505179e+02 6.359621e+01 2.000000e+00
      vertex   1.501566e+02 6.304315e+01 2.000000e+00
    endloop
  endfacet
  facet normal 2.558459e-17 -2.355228e-17 1.000000e+00
    outer loop
      vertex   2.031716e+02 7.500000e+00 2.000000e+00
      vertex   1.501566e+02 6.304315e+01 2.000000e+00
      vertex   1.497091e+02 6.255710e+01 2.000000e+00
    endloop
  endfacet
  facet normal 2.145362e-17 -2.756361e-17 1.000000e+00
    outer loop
      vertex   1.497091e+02 6.255710e+01 2.000000e+00
      vertex   1.491878e+02 6.215133e+01 2.000000e+00
      vertex   2.031716e+02 7.500000e+00 2.000000e+00
    endloop
  endfacet
  facet normal 1.719381e-17 -3.177138e-17 1.000000e+00
    outer loop
      vertex   2.031716e+02 7.500000e+00 2.000000e+00
      vertex   1.491878e+02 6.215133e+01 2.000000e+00
      vertex   1.486068e+02 6.183691e+01 2.000000e+00
    endloop
  endfacet
  facet normal 1.251879e-17 -3.646600e-17 1.000000e+00
    outer loop
      vertex   2.031716e+02 7.500000e+00 2.000000e+00
      vertex   1.486068e+02 6.183691e+01 2.000000e+00
      vertex   1.479819e+02 6.162240e+01 2.000000e+00
    endloop
  endfacet
  facet normal 7.020667e-18 -4.207255e-17 1.000000e+00
    outer loop
      vertex   1.479819e+02 6.162240e+01 2.000000e+00
      vertex   1.473303e+02 6.151366e+01 2.000000e+00
      vertex   2.031716e+02 7.500000e+00 2.000000e+00
    endloop
  endfacet
  facet normal 1.037464e-16 5.792598e-17 1.000000e+00
    outer loop
      vertex   2.031716e+02 7.500000e+00 2.000000e+00
      vertex   1.473303e+02 6.151366e+01 2.000000e+00
      vertex   1.090000e+02 7.500000e+00 2.000000e+00
    endloop
  endfacet
  facet normal 1.037464e-16 -7.727152e-14 1.000000e+00
    outer loop
      vertex   2.031716e+02 7.500000e+00 2.000000e+00
      vertex   1.090000e+02 7.500000e+00 2.000000e+00
      vertex   2.031716e+02 2.500000e+00 2.000000e+00
    endloop
  endfacet
  facet normal 1.037464e-16 -7.727152e-14 1.000000e+00
    outer loop
      vertex   2.031716e+02 2.500000e+00 2.000000e+00
      vertex   1.090000e+02 7.500000e+00 2.000000e+00
      vertex   1.090000e+02 2.500000e+00 2.000000e+00
    endloop
  endfacet
  facet normal 1.037464e-16 1.545430e-13 1.000000e+00
    outer loop
      vertex   2.031716e+02 2.500000e+00 2.000000e+00
      vertex   1.090000e+02 2.500000e+00 2.000000e+00
      vertex   2.031716e+02 0.000000e+00 2.000000e+00
    endloop
  endfacet
  facet normal 5.551115e-17 1.527261e-13 1.000000e+00
    outer loop
      vertex   2.031716e+02 0.000000e+00 2.000000e+00
      vertex   1.090000e+02 2.500000e+00 2.000000e+00
      vertex   1.010000e+02 2.500000e+00 2.000000e+00
    endloop
  endfacet
  facet normal 1.357081e-17 1.510120e-13 1.000000e+00
    outer loop
      vertex   2.031716e+02 0.000000e+00 2.000000e+00
      vertex   1.010000e+02 2.500000e+00 2.000000e+00
      vertex   6.828427e+00 0.000000e+00 2.000000e+00
    endloop
  endfacet
  facet normal -7.545193e-17 1.543654e-13 1.000000e+00
    outer loop
      vertex   6.828427e+00 0.000000e+00 2.000000e+00
      vertex   1.010000e+02 2.500000e+00 2.000000e+00
      vertex   6.828427e+00 2.500000e+00 2.000000e+00
    endloop
  endfacet
  facet normal -7.545193e-17 -7.727152e-14 1.000000e+00
    outer loop
      vertex   6.828427e+00 2.500000e+00 2.000000e+00
      vertex   1.010000e+02 2.500000e+00 2.000000e+00
      vertex   6.828427e+00 7.500000e+00 2.000000e+00
    endloop
  endfacet
  facet normal -7.545193e-17 -7.727152e-14 1.000000e+00
    outer loop
      vertex   6.828427e+00 7.500000e+00 2.000000e+00
      vertex   1.010000e+02 2.500000e+00 2.000000e+00
      vertex   1.010000e+02 7.500000e+00 2.000000e+00
    endloop
  endfacet
  facet normal -7.545193e-17 1.886593e-17 1.000000e+00
    outer loop
      vertex   6.828427e+00 7.500000e+00 2.000000e+00
      vertex   1.010000e+02 7.500000e+00 2.000000e+00
      vertex   1.470913e+01 6.255710e+01 2.000000e+00
    endloop
  endfacet
  facet normal -5.511622e-17 5.073805e-17 1.000000e+00
    outer loop
      vertex   1.470913e+01 6.255710e+01 2.000000e+00
      vertex   1.010000e+02 7.500000e+00 2.000000e+00
      vertex   1.515656e+01 6.304315e+01 2.000000e+00
    endloop
  endfacet
  facet normal -6.181461e-17 4.038550e-17 1.000000e+00
    outer loop
      vertex   1.515656e+01 6.304315e+01 2.000000e+00
      vertex   1.010000e+02 7.500000e+00 2.000000e+00
      vertex   1.551790e+01 6.359621e+01 2.000000e+00
    endloop
  endfacet
  facet normal -6.857699e-17 3.008066e-17 1.000000e+00
    outer loop
      vertex   1.551790e+01 6.359621e+01 2.000000e+00
      vertex   1.010000e+02 7.500000e+00 2.000000e+00
      vertex   1.578327e+01 6.420120e+01 2.000000e+00
    endloop
  endfacet
  facet normal -7.581707e-17 1.919949e-17 1.000000e+00
    outer loop
      vertex   1.578327e+01 6.420120e+01 2.000000e+00
      vertex   1.010000e+02 7.500000e+00 2.000000e+00
      vertex   1.594545e+01 6.484162e+01 2.000000e+00
    endloop
  endfacet
  facet normal 1.207989e-15 1.923462e-15 1.000000e+00
    outer loop
      vertex   1.594545e+01 6.484162e+01 2.000000e+00
      vertex   1.010000e+02 7.500000e+00 2.000000e+00
      vertex   1.600000e+01 6.550000e+01 2.000000e+00
    endloop
  endfacet
  facet normal -1.049030e-17 1.377605e-16 1.000000e+00
    outer loop
      vertex   1.600000e+01 6.550000e+01 2.000000e+00
      vertex   1.010000e+02 7.500000e+00 2.000000e+00
      vertex   1.430000e+02 6.550000e+01 2.000000e+00
    endloop
  endfacet
  facet normal -1.049030e-17 -2.024429e-15 1.000000e+00
    outer loop
      vertex   1.600000e+01 6.550000e+01 2.000000e+00
      vertex   1.430000e+02 6.550000e+01 2.000000e+00
      vertex   1.594545e+01 6.615838e+01 2.000000e+00
    endloop
  endfacet
  facet normal 0.000000e+00 0.000000e+00 1.000000e+00
    outer loop
      vertex   1.594545e+01 6.615838e+01 2.000000e+00
      vertex   1.430000e+02 6.550000e+01 2.000000e+00
      vertex   1.430546e+02 6.615838e+01 2.000000e+00
    endloop
  endfacet
  facet normal -0.000000e+00 -0.000000e+00 1.000000e+00
    outer loop
      vertex   1.594545e+01 6.615838e+01 2.000000e+00
      vertex   1.430546e+02 6.615838e+01 2.000000e+00
      vertex   1.578327e+01 6.679880e+01 2.000000e+00
    endloop
  endfacet
  facet normal -0.000000e+00 0.000000e+00 1.000000e+00
    outer loop
      vertex   1.578327e+01 6.679880e+01 2.000000e+00
      vertex   1.430546e+02 6.615838e+01 2.000000e+00
      vertex   1.432167e+02 6.679880e+01 2.000000e+00
    endloop
  endfacet
  facet normal 0.000000e+00 -0.000000e+00 1.000000e+00
    outer loop
      vertex   1.578327e+01 6.679880e+01 2.000000e+00
      vertex   1.432167e+02 6.679880e+01 2.000000e+00
      vertex   1.551790e+01 6.740379e+01 2.000000e+00
    endloop
  endfacet
  facet normal -0.000000e+00 0.000000e+00 1.000000e+00
    outer loop
      vertex   1.551790e+01 6.740379e+01 2.000000e+00
      vertex   1.432167e+02 6.679880e+01 2.000000e+00
      vertex   1.434821e+02 6.740379e+01 2.000000e+00
    endloop
  endfacet
  facet normal 0.000000e+00 -0.000000e+00 1.000000e+00
    outer loop
      vertex   1.551790e+01 6.740379e+01 2.000000e+00
      vertex   1.434821e+02 6.740379e+01 2.000000e+00
      vertex   1.515656e+01 6.795685e+01 2.000000e+00
    endloop
  endfacet
  facet normal -0.000000e+00 0.000000e+00 1.000000e+00
    outer loop
      vertex   1.515656e+01 6.795685e+01 2.000000e+00
      vertex   1.434821e+02 6.740379e+01 2.000000e+00
      vertex   1.438434e+02 6.795685e+01 2.000000e+00
    endloop
  endfacet
  facet normal 0.000000e+00 -7.221436e-17 1.000000e+00
    outer loop
      vertex   1.515656e+01 6.795685e+01 2.000000e+00
      vertex   1.438434e+02 6.795685e+01 2.000000e+00
      vertex   1.010000e+02 1.725000e+02 2.000000e+00
    endloop
  endfacet
  facet normal 5.428097e-17 -4.996916e-17 1.000000e+00
    outer loop
      vertex   1.010000e+02 1.725000e+02 2.000000e+00
      vertex   1.438434e+02 6.795685e+01 2.000000e+00
      vertex   1.442909e+02 6.844290e+01 2.000000e+00
    endloop
  endfacet
  facet normal 1.743905e-16 0.000000e+00 1.000000e+00
    outer loop
      vertex   1.010000e+02 1.725000e+02 2.000000e+00
      vertex   1.442909e+02 6.844290e+01 2.000000e+00
      vertex   1.442909e+02 1.575571e+02 2.000000e+00
    endloop
  endfacet
  facet normal 0.000000e+00 0.000000e+00 1.000000e+00
    outer loop
      vertex   1.442909e+02 1.575571e+02 2.000000e+00
      vertex   1.442909e+02 6.844290e+01 2.000000e+00
      vertex   1.448122e+02 1.571513e+02 2.000000e+00
    endloop
  endfacet
  facet normal 0.000000e+00 0.000000e+00 1.000000e+00
    outer loop
      vertex   1.448122e+02 1.571513e+02 2.000000e+00
      vertex   1.442909e+02 6.844290e+01 2.000000e+00
      vertex   1.448122e+02 6.884867e+01 2.000000e+00
    endloop
  endfacet
  facet normal 0.000000e+00 0.000000e+00 1.000000e+00
    outer loop
      vertex   1.448122e+02 1.571513e+02 2.000000e+00
      vertex   1.448122e+02 6.884867e+01 2.000000e+00
      vertex   1.453932e+02 1.568369e+02 2.000000e+00
    endloop
  endfacet
  facet normal 0.000000e+00 0.000000e+00 1.000000e+00
    outer loop
      vertex   1.453932e+02 1.568369e+02 2.000000e+00
      vertex   1.448122e+02 6.884867e+01 2.000000e+00
      vertex   1.453932e+02 6.916309e+01 2.000000e+00
    endloop
  endfacet
  facet normal 0.000000e+00 0.000000e+00 1.000000e+00
    outer loop
      vertex   1.453932e+02 1.568369e+02 2.000000e+00
      vertex   1.453932e+02 6.916309e+01 2.000000e+00
      vertex   1.460181e+02 1.566224e+02 2.000000e+00
    endloop
  endfacet
  facet normal 0.000000e+00 0.000000e+00 1.000000e+00
    outer loop
      vertex   1.460181e+02 1.566224e+02 2.000000e+00
      vertex   1.453932e+02 6.916309e+01 2.000000e+00
      vertex   1.460181e+02 6.937760e+01 2.000000e+00
    endloop
  endfacet
  facet normal 0.000000e+00 0.000000e+00 1.000000e+00
    outer loop
      vertex   1.460181e+02 1.566224e+02 2.000000e+00
      vertex   1.460181e+02 6.937760e+01 2.000000e+00
      vertex   1.466697e+02 1.565137e+02 2.000000e+00
    endloop
  endfacet
  facet normal 0.000000e+00 0.000000e+00 1.000000e+00
    outer loop
      vertex   1.466697e+02 1.565137e+02 2.000000e+00
      vertex   1.460181e+02 6.937760e+01 2.000000e+00
      vertex   1.466697e+02 6.948634e+01 2.000000e+00
    endloop
  endfacet
  facet normal 0.000000e+00 0.000000e+00 1.000000e+00
    outer loop
      vertex   1.466697e+02 1.565137e+02 2.000000e+00
      vertex   1.466697e+02 6.948634e+01 2.000000e+00
      vertex   1.473303e+02 6.948634e+01 2.000000e+00
    endloop
  endfacet
  facet normal 0.000000e+00 1.315487e-16 1.000000e+00
    outer loop
      vertex   1.473303e+02 6.151366e+01 2.000000e+00
      vertex   1.466697e+02 6.151366e+01 2.000000e+00
      vertex   1.090000e+02 7.500000e+00 2.000000e+00
    endloop
  endfacet
  facet normal 1.966324e-17 1.178354e-16 1.000000e+00
    outer loop
      vertex   1.090000e+02 7.500000e+00 2.000000e+00
      vertex   1.466697e+02 6.151366e+01 2.000000e+00
      vertex   1.460181e+02 6.162240e+01 2.000000e+00
    endloop
  endfacet
  facet normal 3.649963e-17 1.063198e-16 1.000000e+00
    outer loop
      vertex   1.090000e+02 7.500000e+00 2.000000e+00
      vertex   1.460181e+02 6.162240e+01 2.000000e+00
      vertex   1.453932e+02 6.183691e+01 2.000000e+00
    endloop
  endfacet
  facet normal 5.194063e-17 9.597787e-17 1.000000e+00
    outer loop
      vertex   1.453932e+02 6.183691e+01 2.000000e+00
      vertex   1.448122e+02 6.215133e+01 2.000000e+00
      vertex   1.090000e+02 7.500000e+00 2.000000e+00
    endloop
  endfacet
  facet normal 6.701448e-17 8.610020e-17 1.000000e+00
    outer loop
      vertex   1.090000e+02 7.500000e+00 2.000000e+00
      vertex   1.448122e+02 6.215133e+01 2.000000e+00
      vertex   1.442909e+02 6.255710e+01 2.000000e+00
    endloop
  endfacet
  facet normal 8.264575e-17 7.608077e-17 1.000000e+00
    outer loop
      vertex   1.090000e+02 7.500000e+00 2.000000e+00
      vertex   1.442909e+02 6.255710e+01 2.000000e+00
      vertex   1.438434e+02 6.304315e+01 2.000000e+00
    endloop
  endfacet
  facet normal 9.989131e-17 6.526225e-17 1.000000e+00
    outer loop
      vertex   1.438434e+02 6.304315e+01 2.000000e+00
      vertex   1.434821e+02 6.359621e+01 2.000000e+00
      vertex   1.090000e+02 7.500000e+00 2.000000e+00
    endloop
  endfacet
  facet normal 5.551115e-17 9.254254e-17 1.000000e+00
    outer loop
      vertex   1.090000e+02 7.500000e+00 2.000000e+00
      vertex   1.434821e+02 6.359621e+01 2.000000e+00
      vertex   1.010000e+02 7.500000e+00 2.000000e+00
    endloop
  endfacet
  facet normal 1.125312e-16 4.936078e-17 1.000000e+00
    outer loop
      vertex   1.010000e+02 7.500000e+00 2.000000e+00
      vertex   1.434821e+02 6.359621e+01 2.000000e+00
      vertex   1.432167e+02 6.420120e+01 2.000000e+00
    endloop
  endfacet
  facet normal 1.334416e-16 3.379201e-17 1.000000e+00
    outer loop
      vertex   1.010000e+02 7.500000e+00 2.000000e+00
      vertex   1.432167e+02 6.420120e+01 2.000000e+00
      vertex   1.430546e+02 6.484162e+01 2.000000e+00
    endloop
  endfacet
  facet normal 1.612937e-16 1.336518e-17 1.000000e+00
    outer loop
      vertex   1.430546e+02 6.484162e+01 2.000000e+00
      vertex   1.430000e+02 6.550000e+01 2.000000e+00
      vertex   1.010000e+02 7.500000e+00 2.000000e+00
    endloop
  endfacet
  facet normal -0.000000e+00 0.000000e+00 1.000000e+00
    outer loop
      vertex   1.466697e+02 1.565137e+02 2.000000e+00
      vertex   1.473303e+02 6.948634e+01 2.000000e+00
      vertex   1.473303e+02 1.565137e+02 2.000000e+00
    endloop
  endfacet
  facet normal 0.000000e+00 0.000000e+00 1.000000e+00
    outer loop
      vertex   1.473303e+02 1.565137e+02 2.000000e+00
      vertex   1.473303e+02 6.948634e+01 2.000000e+00
      vertex   1.479819e+02 6.937760e+01 2.000000e+00
    endloop
  endfacet
  facet normal -0.000000e+00 0.000000e+00 1.000000e+00
    outer loop
      vertex   1.473303e+02 1.565137e+02 2.000000e+00
      vertex   1.479819e+02 6.937760e+01 2.000000e+00
      vertex   1.479819e+02 1.566224e+02 2.000000e+00
    endloop
  endfacet
  facet normal 0.000000e+00 0.000000e+00 1.000000e+00
    outer loop
      vertex   1.479819e+02 1.566224e+02 2.000000e+00
      vertex   1.479819e+02 6.937760e+01 2.000000e+00
      vertex   1.486068e+02 6.916309e+01 2.000000e+00
    endloop
  endfacet
  facet normal -0.000000e+00 0.000000e+00 1.000000e+00
    outer loop
      vertex   1.479819e+02 1.566224e+02 2.000000e+00
      vertex   1.486068e+02 6.916309e+01 2.000000e+00
      vertex   1.486068e+02 1.568369e+02 2.000000e+00
    endloop
  endfacet
  facet normal 0.000000e+00 0.000000e+00 1.000000e+00
    outer loop
      vertex   1.486068e+02 1.568369e+02 2.000000e+00
      vertex   1.486068e+02 6.916309e+01 2.000000e+00
      vertex   1.491878e+02 6.884867e+01 2.000000e+00
    endloop
  endfacet
  facet normal -0.000000e+00 0.000000e+00 1.000000e+00
    outer loop
      vertex   1.486068e+02 1.568369e+02 2.000000e+00
      vertex   1.491878e+02 6.884867e+01 2.000000e+00
      vertex   1.491878e+02 1.571513e+02 2.000000e+00
    endloop
  endfacet
  facet normal 0.000000e+00 0.000000e+00 1.000000e+00
    outer loop
      vertex   1.491878e+02 1.571513e+02 2.000000e+00
      vertex   1.491878e+02 6.884867e+01 2.000000e+00
      vertex   1.497091e+02 6.844290e+01 2.000000e+00
    endloop
  endfacet
  facet normal -0.000000e+00 0.000000e+00 1.000000e+00
    outer loop
      vertex   1.491878e+02 1.571513e+02 2.000000e+00
      vertex   1.497091e+02 6.844290e+01 2.000000e+00
      vertex   1.497091e+02 1.575571e+02 2.000000e+00
    endloop
  endfacet
  facet normal 4.983938e-17 0.000000e+00 1.000000e+00
    outer loop
      vertex   1.497091e+02 1.575571e+02 2.000000e+00
      vertex   1.497091e+02 6.844290e+01 2.000000e+00
      vertex   2.031716e+02 1.725000e+02 2.000000e+00
    endloop
  endfacet
  facet normal 6.710570e-17 -6.177515e-17 1.000000e+00
    outer loop
      vertex   1.497091e+02 1.575571e+02 2.000000e+00
      vertex   2.031716e+02 1.725000e+02 2.000000e+00
      vertex   1.501566e+02 1.580431e+02 2.000000e+00
    endloop
  endfacet
  facet normal 6.115544e-17 -3.995485e-17 1.000000e+00
    outer loop
      vertex   1.501566e+02 1.580431e+02 2.000000e+00
      vertex   2.031716e+02 1.725000e+02 2.000000e+00
      vertex   1.505179e+02 1.585962e+02 2.000000e+00
    endloop
  endfacet
  facet normal 5.723425e-17 -2.510527e-17 1.000000e+00
    outer loop
      vertex   1.505179e+02 1.585962e+02 2.000000e+00
      vertex   2.031716e+02 1.725000e+02 2.000000e+00
      vertex   1.507833e+02 1.592012e+02 2.000000e+00
    endloop
  endfacet
  facet normal 5.435543e-17 -1.376466e-17 1.000000e+00
    outer loop
      vertex   1.507833e+02 1.592012e+02 2.000000e+00
      vertex   2.031716e+02 1.725000e+02 2.000000e+00
      vertex   1.509454e+02 1.598416e+02 2.000000e+00
    endloop
  endfacet
  facet normal -4.484503e-16 2.060719e-15 1.000000e+00
    outer loop
      vertex   1.509454e+02 1.598416e+02 2.000000e+00
      vertex   2.031716e+02 1.725000e+02 2.000000e+00
      vertex   1.510000e+02 1.605000e+02 2.000000e+00
    endloop
  endfacet
  facet normal 4.817932e-16 -1.983637e-15 1.000000e+00
    outer loop
      vertex   1.510000e+02 1.605000e+02 2.000000e+00
      vertex   2.031716e+02 1.725000e+02 2.000000e+00
      vertex   1.509454e+02 1.611584e+02 2.000000e+00
    endloop
  endfacet
  facet normal 4.835974e-17 1.224635e-17 1.000000e+00
    outer loop
      vertex   1.509454e+02 1.611584e+02 2.000000e+00
      vertex   2.031716e+02 1.725000e+02 2.000000e+00
      vertex   1.507833e+02 1.617988e+02 2.000000e+00
    endloop
  endfacet
  facet normal 4.667885e-17 2.047524e-17 1.000000e+00
    outer loop
      vertex   1.507833e+02 1.617988e+02 2.000000e+00
      vertex   2.031716e+02 1.725000e+02 2.000000e+00
      vertex   1.505179e+02 1.624038e+02 2.000000e+00
    endloop
  endfacet
  facet normal -1.476602e-14 7.727152e-14 1.000000e+00
    outer loop
      vertex   1.505179e+02 1.624038e+02 2.000000e+00
      vertex   2.031716e+02 1.725000e+02 2.000000e+00
      vertex   2.031716e+02 1.775000e+02 2.000000e+00
    endloop
  endfacet
  facet normal 6.222709e-15 4.065499e-15 1.000000e+00
    outer loop
      vertex   1.505179e+02 1.624038e+02 2.000000e+00
      vertex   2.031716e+02 1.775000e+02 2.000000e+00
      vertex   1.501566e+02 1.629569e+02 2.000000e+00
    endloop
  endfacet
  facet normal 4.973242e-14 -1.545430e-13 1.000000e+00
    outer loop
      vertex   1.501566e+02 1.629569e+02 2.000000e+00
      vertex   2.031716e+02 1.775000e+02 2.000000e+00
      vertex   2.031716e+02 1.800000e+02 2.000000e+00
    endloop
  endfacet
  facet normal 3.878264e-17 3.570193e-17 1.000000e+00
    outer loop
      vertex   1.501566e+02 1.629569e+02 2.000000e+00
      vertex   2.031716e+02 1.800000e+02 2.000000e+00
      vertex   1.497091e+02 1.634429e+02 2.000000e+00
    endloop
  endfacet
  facet normal 3.565310e-17 4.580711e-17 1.000000e+00
    outer loop
      vertex   1.497091e+02 1.634429e+02 2.000000e+00
      vertex   2.031716e+02 1.800000e+02 2.000000e+00
      vertex   1.491878e+02 1.638487e+02 2.000000e+00
    endloop
  endfacet
  facet normal 3.178543e-17 5.873433e-17 1.000000e+00
    outer loop
      vertex   1.491878e+02 1.638487e+02 2.000000e+00
      vertex   2.031716e+02 1.800000e+02 2.000000e+00
      vertex   1.486068e+02 1.641631e+02 2.000000e+00
    endloop
  endfacet
  facet normal 2.646115e-17 7.707870e-17 1.000000e+00
    outer loop
      vertex   1.486068e+02 1.641631e+02 2.000000e+00
      vertex   2.031716e+02 1.800000e+02 2.000000e+00
      vertex   1.479819e+02 1.643776e+02 2.000000e+00
    endloop
  endfacet
  facet normal 1.790568e-17 1.073028e-16 1.000000e+00
    outer loop
      vertex   1.479819e+02 1.643776e+02 2.000000e+00
      vertex   2.031716e+02 1.800000e+02 2.000000e+00
      vertex   1.473303e+02 1.644863e+02 2.000000e+00
    endloop
  endfacet
  facet normal -4.426493e-15 1.610487e-14 1.000000e+00
    outer loop
      vertex   1.473303e+02 1.644863e+02 2.000000e+00
      vertex   2.031716e+02 1.800000e+02 2.000000e+00
      vertex   1.090000e+02 1.775000e+02 2.000000e+00
    endloop
  endfacet
  facet normal 0.000000e+00 2.914262e-14 1.000000e+00
    outer loop
      vertex   1.473303e+02 1.644863e+02 2.000000e+00
      vertex   1.090000e+02 1.775000e+02 2.000000e+00
      vertex   1.466697e+02 1.644863e+02 2.000000e+00
    endloop
  endfacet
  facet normal -3.279132e-15 1.965076e-14 1.000000e+00
    outer loop
      vertex   1.466697e+02 1.644863e+02 2.000000e+00
      vertex   1.090000e+02 1.775000e+02 2.000000e+00
      vertex   1.460181e+02 1.643776e+02 2.000000e+00
    endloop
  endfacet
  facet normal -5.040412e-15 1.468222e-14 1.000000e+00
    outer loop
      vertex   1.460181e+02 1.643776e+02 2.000000e+00
      vertex   1.090000e+02 1.775000e+02 2.000000e+00
      vertex   1.453932e+02 1.641631e+02 2.000000e+00
    endloop
  endfacet
  facet normal -6.213413e-15 1.148138e-14 1.000000e+00
    outer loop
      vertex   1.453932e+02 1.641631e+02 2.000000e+00
      vertex   1.090000e+02 1.775000e+02 2.000000e+00
      vertex   1.448122e+02 1.638487e+02 2.000000e+00
    endloop
  endfacet
  facet normal -7.108565e-15 9.133084e-15 1.000000e+00
    outer loop
      vertex   1.448122e+02 1.638487e+02 2.000000e+00
      vertex   1.090000e+02 1.775000e+02 2.000000e+00
      vertex   1.442909e+02 1.634429e+02 2.000000e+00
    endloop
  endfacet
  facet normal -7.863188e-15 7.238575e-15 1.000000e+00
    outer loop
      vertex   1.442909e+02 1.634429e+02 2.000000e+00
      vertex   1.090000e+02 1.775000e+02 2.000000e+00
      vertex   1.438434e+02 1.629569e+02 2.000000e+00
    endloop
  endfacet
  facet normal 2.136756e-14 7.727152e-14 1.000000e+00
    outer loop
      vertex   1.438434e+02 1.629569e+02 2.000000e+00
      vertex   1.090000e+02 1.775000e+02 2.000000e+00
      vertex   1.090000e+02 1.725000e+02 2.000000e+00
    endloop
  endfacet
  facet normal 1.729728e-16 -1.130088e-16 1.000000e+00
    outer loop
      vertex   1.438434e+02 1.629569e+02 2.000000e+00
      vertex   1.090000e+02 1.725000e+02 2.000000e+00
      vertex   1.434821e+02 1.624038e+02 2.000000e+00
    endloop
  endfacet
  facet normal 1.826085e-16 -8.009952e-17 1.000000e+00
    outer loop
      vertex   1.434821e+02 1.624038e+02 2.000000e+00
      vertex   1.090000e+02 1.725000e+02 2.000000e+00
      vertex   1.432167e+02 1.617988e+02 2.000000e+00
    endloop
  endfacet
  facet normal 1.924201e-16 -4.872738e-17 1.000000e+00
    outer loop
      vertex   1.432167e+02 1.617988e+02 2.000000e+00
      vertex   1.090000e+02 1.725000e+02 2.000000e+00
      vertex   1.430546e+02 1.611584e+02 2.000000e+00
    endloop
  endfacet
  facet normal 2.030450e-16 -1.682479e-17 1.000000e+00
    outer loop
      vertex   1.430546e+02 1.611584e+02 2.000000e+00
      vertex   1.090000e+02 1.725000e+02 2.000000e+00
      vertex   1.430000e+02 1.605000e+02 2.000000e+00
    endloop
  endfacet
  facet normal 2.152791e-16 1.783854e-17 1.000000e+00
    outer loop
      vertex   1.430000e+02 1.605000e+02 2.000000e+00
      vertex   1.090000e+02 1.725000e+02 2.000000e+00
      vertex   1.430546e+02 1.598416e+02 2.000000e+00
    endloop
  endfacet
  facet normal 2.303291e-16 5.832726e-17 1.000000e+00
    outer loop
      vertex   1.430546e+02 1.598416e+02 2.000000e+00
      vertex   1.090000e+02 1.725000e+02 2.000000e+00
      vertex   1.432167e+02 1.592012e+02 2.000000e+00
    endloop
  endfacet
  facet normal 2.503380e-16 1.098084e-16 1.000000e+00
    outer loop
      vertex   1.432167e+02 1.592012e+02 2.000000e+00
      vertex   1.090000e+02 1.725000e+02 2.000000e+00
      vertex   1.434821e+02 1.585962e+02 2.000000e+00
    endloop
  endfacet
  facet normal 2.797599e-16 1.827763e-16 1.000000e+00
    outer loop
      vertex   1.434821e+02 1.585962e+02 2.000000e+00
      vertex   1.090000e+02 1.725000e+02 2.000000e+00
      vertex   1.438434e+02 1.580431e+02 2.000000e+00
    endloop
  endfacet
  facet normal 3.299483e-16 3.037388e-16 1.000000e+00
    outer loop
      vertex   1.438434e+02 1.580431e+02 2.000000e+00
      vertex   1.090000e+02 1.725000e+02 2.000000e+00
      vertex   1.442909e+02 1.575571e+02 2.000000e+00
    endloop
  endfacet
  facet normal 5.551115e-17 -3.444038e-16 1.000000e+00
    outer loop
      vertex   1.442909e+02 1.575571e+02 2.000000e+00
      vertex   1.090000e+02 1.725000e+02 2.000000e+00
      vertex   1.010000e+02 1.725000e+02 2.000000e+00
    endloop
  endfacet
  facet normal 1.785238e-17 1.643428e-17 1.000000e+00
    outer loop
      vertex   1.497091e+02 6.844290e+01 2.000000e+00
      vertex   1.501566e+02 6.795685e+01 2.000000e+00
      vertex   2.031716e+02 1.725000e+02 2.000000e+00
    endloop
  endfacet
  facet normal 2.196351e-17 1.434948e-17 1.000000e+00
    outer loop
      vertex   2.031716e+02 1.725000e+02 2.000000e+00
      vertex   1.501566e+02 6.795685e+01 2.000000e+00
      vertex   1.505179e+02 6.740379e+01 2.000000e+00
    endloop
  endfacet
  facet normal 2.698177e-17 1.183530e-17 1.000000e+00
    outer loop
      vertex   2.031716e+02 1.725000e+02 2.000000e+00
      vertex   1.505179e+02 6.740379e+01 2.000000e+00
      vertex   1.507833e+02 6.679880e+01 2.000000e+00
    endloop
  endfacet
  facet normal 5.086126e-17 0.000000e+00 1.000000e+00
    outer loop
      vertex   2.031716e+02 1.725000e+02 2.000000e+00
      vertex   1.507833e+02 6.679880e+01 2.000000e+00
      vertex   2.031716e+02 7.500000e+00 2.000000e+00
    endloop
  endfacet
  facet normal 7.129800e-17 1.805511e-17 1.000000e+00
    outer loop
      vertex   2.031716e+02 7.500000e+00 2.000000e+00
      vertex   1.507833e+02 6.679880e+01 2.000000e+00
      vertex   1.509454e+02 6.615838e+01 2.000000e+00
    endloop
  endfacet
  facet normal 5.551115e-17 -1.494322e-13 1.000000e+00
    outer loop
      vertex   1.090000e+02 1.775000e+02 2.000000e+00
      vertex   6.828427e+00 1.800000e+02 2.000000e+00
      vertex   1.010000e+02 1.775000e+02 2.000000e+00
    endloop
  endfacet
  facet normal 4.075399e-15 1.991444e-15 1.000000e+00
    outer loop
      vertex   1.010000e+02 1.775000e+02 2.000000e+00
      vertex   6.828427e+00 1.800000e+02 2.000000e+00
      vertex   1.515656e+01 1.629569e+02 2.000000e+00
    endloop
  endfacet
  facet normal 3.973027e-15 2.595708e-15 1.000000e+00
    outer loop
      vertex   1.010000e+02 1.775000e+02 2.000000e+00
      vertex   1.515656e+01 1.629569e+02 2.000000e+00
      vertex   1.551790e+01 1.624038e+02 2.000000e+00
    endloop
  endfacet
  facet normal -9.792064e-15 7.727152e-14 1.000000e+00
    outer loop
      vertex   1.010000e+02 1.775000e+02 2.000000e+00
      vertex   1.578327e+01 1.617988e+02 2.000000e+00
      vertex   1.010000e+02 1.725000e+02 2.000000e+00
    endloop
  endfacet
  facet normal -8.586153e-17 -2.174309e-17 1.000000e+00
    outer loop
      vertex   1.010000e+02 1.725000e+02 2.000000e+00
      vertex   1.578327e+01 1.617988e+02 2.000000e+00
      vertex   1.594545e+01 1.611584e+02 2.000000e+00
    endloop
  endfacet
  facet normal 1.790923e-16 -2.008719e-15 1.000000e+00
    outer loop
      vertex   1.010000e+02 1.725000e+02 2.000000e+00
      vertex   1.594545e+01 1.611584e+02 2.000000e+00
      vertex   1.600000e+01 1.605000e+02 2.000000e+00
    endloop
  endfacet
  facet normal 1.357081e-17 -1.511463e-13 1.000000e+00
    outer loop
      vertex   2.031716e+02 1.800000e+02 2.000000e+00
      vertex   6.828427e+00 1.800000e+02 2.000000e+00
      vertex   1.090000e+02 1.775000e+02 2.000000e+00
    endloop
  endfacet
  facet normal -3.387802e-13 -1.543654e-13 1.000000e+00
    outer loop
      vertex   6.828427e+00 1.775000e+02 2.000000e+00
      vertex   1.418779e+01 1.638487e+02 2.000000e+00
      vertex   6.828427e+00 1.800000e+02 2.000000e+00
    endloop
  endfacet
  facet normal 0.000000e+00 0.000000e+00 1.000000e+00
    outer loop
      vertex   6.828427e+00 1.800000e+02 2.000000e+00
      vertex   1.418779e+01 1.638487e+02 2.000000e+00
      vertex   1.470913e+01 1.634429e+02 2.000000e+00
    endloop
  endfacet
  facet normal 0.000000e+00 0.000000e+00 1.000000e+00
    outer loop
      vertex   6.828427e+00 1.800000e+02 2.000000e+00
      vertex   1.470913e+01 1.634429e+02 2.000000e+00
      vertex   1.515656e+01 1.629569e+02 2.000000e+00
    endloop
  endfacet
  facet normal 2.160033e-14 3.991392e-14 1.000000e+00
    outer loop
      vertex   1.418779e+01 1.638487e+02 2.000000e+00
      vertex   6.828427e+00 1.775000e+02 2.000000e+00
      vertex   1.360678e+01 1.641631e+02 2.000000e+00
    endloop
  endfacet
  facet normal 9.510414e-14 7.727152e-14 1.000000e+00
    outer loop
      vertex   1.360678e+01 1.641631e+02 2.000000e+00
      vertex   6.828427e+00 1.775000e+02 2.000000e+00
      vertex   6.828427e+00 1.725000e+02 2.000000e+00
    endloop
  endfacet
  facet normal -2.536750e-17 -7.389301e-17 1.000000e+00
    outer loop
      vertex   1.360678e+01 1.641631e+02 2.000000e+00
      vertex   6.828427e+00 1.725000e+02 2.000000e+00
      vertex   1.298194e+01 1.643776e+02 2.000000e+00
    endloop
  endfacet
  facet normal -1.044391e-17 -6.258692e-17 1.000000e+00
    outer loop
      vertex   1.298194e+01 1.643776e+02 2.000000e+00
      vertex   6.828427e+00 1.725000e+02 2.000000e+00
      vertex   1.233032e+01 1.644863e+02 2.000000e+00
    endloop
  endfacet
  facet normal 0.000000e+00 -5.541651e-17 1.000000e+00
    outer loop
      vertex   1.233032e+01 1.644863e+02 2.000000e+00
      vertex   6.828427e+00 1.725000e+02 2.000000e+00
      vertex   1.166968e+01 1.644863e+02 2.000000e+00
    endloop
  endfacet
  facet normal 8.400519e-18 -5.034155e-17 1.000000e+00
    outer loop
      vertex   1.166968e+01 1.644863e+02 2.000000e+00
      vertex   6.828427e+00 1.725000e+02 2.000000e+00
      vertex   1.101806e+01 1.643776e+02 2.000000e+00
    endloop
  endfacet
  facet normal 1.594611e-17 -4.644944e-17 1.000000e+00
    outer loop
      vertex   1.101806e+01 1.643776e+02 2.000000e+00
      vertex   6.828427e+00 1.725000e+02 2.000000e+00
      vertex   1.039322e+01 1.641631e+02 2.000000e+00
    endloop
  endfacet
  facet normal 2.341002e-17 -4.325793e-17 1.000000e+00
    outer loop
      vertex   1.039322e+01 1.641631e+02 2.000000e+00
      vertex   6.828427e+00 1.725000e+02 2.000000e+00
      vertex   9.812207e+00 1.638487e+02 2.000000e+00
    endloop
  endfacet
  facet normal 3.149789e-17 -4.046849e-17 1.000000e+00
    outer loop
      vertex   9.812207e+00 1.638487e+02 2.000000e+00
      vertex   6.828427e+00 1.725000e+02 2.000000e+00
      vertex   9.290874e+00 1.634429e+02 2.000000e+00
    endloop
  endfacet
  facet normal 4.111900e-17 -3.785270e-17 1.000000e+00
    outer loop
      vertex   9.290874e+00 1.634429e+02 2.000000e+00
      vertex   6.828427e+00 1.725000e+02 2.000000e+00
      vertex   8.843438e+00 1.629569e+02 2.000000e+00
    endloop
  endfacet
  facet normal 5.382990e-17 -3.516883e-17 1.000000e+00
    outer loop
      vertex   8.843438e+00 1.629569e+02 2.000000e+00
      vertex   6.828427e+00 1.725000e+02 2.000000e+00
      vertex   8.482105e+00 1.624038e+02 2.000000e+00
    endloop
  endfacet
  facet normal 7.301353e-17 -3.202670e-17 1.000000e+00
    outer loop
      vertex   8.482105e+00 1.624038e+02 2.000000e+00
      vertex   6.828427e+00 1.725000e+02 2.000000e+00
      vertex   8.216731e+00 1.617988e+02 2.000000e+00
    endloop
  endfacet
  facet normal 1.083616e-16 -2.744088e-17 1.000000e+00
    outer loop
      vertex   8.216731e+00 1.617988e+02 2.000000e+00
      vertex   6.828427e+00 1.725000e+02 2.000000e+00
      vertex   8.054555e+00 1.611584e+02 2.000000e+00
    endloop
  endfacet
  facet normal 2.050348e-16 -1.698967e-17 1.000000e+00
    outer loop
      vertex   8.054555e+00 1.611584e+02 2.000000e+00
      vertex   6.828427e+00 1.725000e+02 2.000000e+00
      vertex   8.000000e+00 1.605000e+02 2.000000e+00
    endloop
  endfacet
  facet normal 2.505800e-15 2.076365e-16 1.000000e+00
    outer loop
      vertex   8.000000e+00 1.605000e+02 2.000000e+00
      vertex   6.828427e+00 1.725000e+02 2.000000e+00
      vertex   8.054555e+00 1.598416e+02 2.000000e+00
    endloop
  endfacet
  facet normal 3.621884e-16 -6.867566e-33 1.000000e+00
    outer loop
      vertex   8.054555e+00 1.598416e+02 2.000000e+00
      vertex   6.828427e+00 1.725000e+02 2.000000e+00
      vertex   8.054555e+00 6.615838e+01 2.000000e+00
    endloop
  endfacet
  facet normal 0.000000e+00 0.000000e+00 1.000000e+00
    outer loop
      vertex   8.054555e+00 1.598416e+02 2.000000e+00
      vertex   8.054555e+00 6.615838e+01 2.000000e+00
      vertex   8.216731e+00 1.592012e+02 2.000000e+00
    endloop
  endfacet
  facet normal 0.000000e+00 0.000000e+00 1.000000e+00
    outer loop
      vertex   8.216731e+00 1.592012e+02 2.000000e+00
      vertex   8.054555e+00 6.615838e+01 2.000000e+00
      vertex   8.216731e+00 6.679880e+01 2.000000e+00
    endloop
  endfacet
  facet normal 0.000000e+00 0.000000e+00 1.000000e+00
    outer loop
      vertex   8.216731e+00 1.592012e+02 2.000000e+00
      vertex   8.216731e+00 6.679880e+01 2.000000e+00
      vertex   8.482105e+00 1.585962e+02 2.000000e+00
    endloop
  endfacet
  facet normal 0.000000e+00 0.000000e+00 1.000000e+00
    outer loop
      vertex   8.482105e+00 1.585962e+02 2.000000e+00
      vertex   8.216731e+00 6.679880e+01 2.000000e+00
      vertex   8.482105e+00 6.740379e+01 2.000000e+00
    endloop
  endfacet
  facet normal 0.000000e+00 0.000000e+00 1.000000e+00
    outer loop
      vertex   8.482105e+00 1.585962e+02 2.000000e+00
      vertex   8.482105e+00 6.740379e+01 2.000000e+00
      vertex   8.843438e+00 1.580431e+02 2.000000e+00
    endloop
  endfacet
  facet normal 0.000000e+00 0.000000e+00 1.000000e+00
    outer loop
      vertex   8.843438e+00 1.580431e+02 2.000000e+00
      vertex   8.482105e+00 6.740379e+01 2.000000e+00
      vertex   8.843438e+00 6.795685e+01 2.000000e+00
    endloop
  endfacet
  facet normal 0.000000e+00 0.000000e+00 1.000000e+00
    outer loop
      vertex   8.843438e+00 1.580431e+02 2.000000e+00
      vertex   8.843438e+00 6.795685e+01 2.000000e+00
      vertex   9.290874e+00 1.575571e+02 2.000000e+00
    endloop
  endfacet
  facet normal 0.000000e+00 0.000000e+00 1.000000e+00
    outer loop
      vertex   9.290874e+00 1.575571e+02 2.000000e+00
      vertex   8.843438e+00 6.795685e+01 2.000000e+00
      vertex   9.290874e+00 6.844290e+01 2.000000e+00
    endloop
  endfacet
  facet normal 0.000000e+00 0.000000e+00 1.000000e+00
    outer loop
      vertex   9.290874e+00 1.575571e+02 2.000000e+00
      vertex   9.290874e+00 6.844290e+01 2.000000e+00
      vertex   9.812207e+00 1.571513e+02 2.000000e+00
    endloop
  endfacet
  facet normal 0.000000e+00 0.000000e+00 1.000000e+00
    outer loop
      vertex   9.812207e+00 1.571513e+02 2.000000e+00
      vertex   9.290874e+00 6.844290e+01 2.000000e+00
      vertex   9.812207e+00 6.884867e+01 2.000000e+00
    endloop
  endfacet
  facet normal 0.000000e+00 0.000000e+00 1.000000e+00
    outer loop
      vertex   9.812207e+00 1.571513e+02 2.000000e+00
      vertex   9.812207e+00 6.884867e+01 2.000000e+00
      vertex   1.039322e+01 1.568369e+02 2.000000e+00
    endloop
  endfacet
  facet normal 0.000000e+00 0.000000e+00 1.000000e+00
    outer loop
      vertex   1.039322e+01 1.568369e+02 2.000000e+00
      vertex   9.812207e+00 6.884867e+01 2.000000e+00
      vertex   1.039322e+01 6.916309e+01 2.000000e+00
    endloop
  endfacet
  facet normal 0.000000e+00 0.000000e+00 1.000000e+00
    outer loop
      vertex   1.039322e+01 1.568369e+02 2.000000e+00
      vertex   1.039322e+01 6.916309e+01 2.000000e+00
      vertex   1.101806e+01 1.566224e+02 2.000000e+00
    endloop
  endfacet
  facet normal 0.000000e+00 0.000000e+00 1.000000e+00
    outer loop
      vertex   1.101806e+01 1.566224e+02 2.000000e+00
      vertex   1.039322e+01 6.916309e+01 2.000000e+00
      vertex   1.101806e+01 6.937760e+01 2.000000e+00
    endloop
  endfacet
  facet normal 0.000000e+00 0.000000e+00 1.000000e+00
    outer loop
      vertex   1.101806e+01 1.566224e+02 2.000000e+00
      vertex   1.101806e+01 6.937760e+01 2.000000e+00
      vertex   1.166968e+01 1.565137e+02 2.000000e+00
    endloop
  endfacet
  facet normal 0.000000e+00 0.000000e+00 1.000000e+00
    outer loop
      vertex   1.166968e+01 1.565137e+02 2.000000e+00
      vertex   1.101806e+01 6.937760e+01 2.000000e+00
      vertex   1.166968e+01 6.948634e+01 2.000000e+00
    endloop
  endfacet
  facet normal 0.000000e+00 0.000000e+00 1.000000e+00
    outer loop
      vertex   1.166968e+01 1.565137e+02 2.000000e+00
      vertex   1.166968e+01 6.948634e+01 2.000000e+00
      vertex   1.233032e+01 6.948634e+01 2.000000e+00
    endloop
  endfacet
  facet normal 4.424149e-17 -3.665954e-18 1.000000e+00
    outer loop
      vertex   8.054555e+00 6.615838e+01 2.000000e+00
      vertex   6.828427e+00 1.725000e+02 2.000000e+00
      vertex   8.000000e+00 6.550000e+01 2.000000e+00
    endloop
  endfacet
  facet normal 3.790539e-16 0.000000e+00 1.000000e+00
    outer loop
      vertex   8.000000e+00 6.550000e+01 2.000000e+00
      vertex   6.828427e+00 1.725000e+02 2.000000e+00
      vertex   6.828427e+00 7.500000e+00 2.000000e+00
    endloop
  endfacet
  facet normal 7.429235e-17 6.156040e-18 1.000000e+00
    outer loop
      vertex   8.000000e+00 6.550000e+01 2.000000e+00
      vertex   6.828427e+00 7.500000e+00 2.000000e+00
      vertex   8.054555e+00 6.484162e+01 2.000000e+00
    endloop
  endfacet
  facet normal 2.820151e-17 7.141593e-18 1.000000e+00
    outer loop
      vertex   8.054555e+00 6.484162e+01 2.000000e+00
      vertex   6.828427e+00 7.500000e+00 2.000000e+00
      vertex   8.216731e+00 6.420120e+01 2.000000e+00
    endloop
  endfacet
  facet normal 1.691140e-17 7.418027e-18 1.000000e+00
    outer loop
      vertex   8.216731e+00 6.420120e+01 2.000000e+00
      vertex   6.828427e+00 7.500000e+00 2.000000e+00
      vertex   8.482105e+00 6.359621e+01 2.000000e+00
    endloop
  endfacet
  facet normal 1.159406e-17 7.574778e-18 1.000000e+00
    outer loop
      vertex   8.482105e+00 6.359621e+01 2.000000e+00
      vertex   6.828427e+00 7.500000e+00 2.000000e+00
      vertex   8.843438e+00 6.304315e+01 2.000000e+00
    endloop
  endfacet
  facet normal 8.356010e-18 7.692249e-18 1.000000e+00
    outer loop
      vertex   8.843438e+00 6.304315e+01 2.000000e+00
      vertex   6.828427e+00 7.500000e+00 2.000000e+00
      vertex   9.290874e+00 6.255710e+01 2.000000e+00
    endloop
  endfacet
  facet normal 6.066808e-18 7.794635e-18 1.000000e+00
    outer loop
      vertex   9.290874e+00 6.255710e+01 2.000000e+00
      vertex   6.828427e+00 7.500000e+00 2.000000e+00
      vertex   9.812207e+00 6.215133e+01 2.000000e+00
    endloop
  endfacet
  facet normal 4.271296e-18 7.892664e-18 1.000000e+00
    outer loop
      vertex   9.812207e+00 6.215133e+01 2.000000e+00
      vertex   6.828427e+00 7.500000e+00 2.000000e+00
      vertex   1.039322e+01 6.183691e+01 2.000000e+00
    endloop
  endfacet
  facet normal 2.743954e-18 7.992865e-18 1.000000e+00
    outer loop
      vertex   1.039322e+01 6.183691e+01 2.000000e+00
      vertex   6.828427e+00 7.500000e+00 2.000000e+00
      vertex   1.101806e+01 6.162240e+01 2.000000e+00
    endloop
  endfacet
  facet normal 1.351757e-18 8.100636e-18 1.000000e+00
    outer loop
      vertex   1.101806e+01 6.162240e+01 2.000000e+00
      vertex   6.828427e+00 7.500000e+00 2.000000e+00
      vertex   1.166968e+01 6.151366e+01 2.000000e+00
    endloop
  endfacet
  facet normal -0.000000e+00 8.221794e-18 1.000000e+00
    outer loop
      vertex   1.166968e+01 6.151366e+01 2.000000e+00
      vertex   6.828427e+00 7.500000e+00 2.000000e+00
      vertex   1.233032e+01 6.151366e+01 2.000000e+00
    endloop
  endfacet
  facet normal -1.395698e-18 8.363961e-18 1.000000e+00
    outer loop
      vertex   1.233032e+01 6.151366e+01 2.000000e+00
      vertex   6.828427e+00 7.500000e+00 2.000000e+00
      vertex   1.298194e+01 6.162240e+01 2.000000e+00
    endloop
  endfacet
  facet normal -2.931289e-18 8.538552e-18 1.000000e+00
    outer loop
      vertex   1.298194e+01 6.162240e+01 2.000000e+00
      vertex   6.828427e+00 7.500000e+00 2.000000e+00
      vertex   1.360678e+01 6.183691e+01 2.000000e+00
    endloop
  endfacet
  facet normal -4.743152e-18 8.764576e-18 1.000000e+00
    outer loop
      vertex   1.360678e+01 6.183691e+01 2.000000e+00
      vertex   6.828427e+00 7.500000e+00 2.000000e+00
      vertex   1.418779e+01 6.215133e+01 2.000000e+00
    endloop
  endfacet
  facet normal -7.065109e-18 9.077252e-18 1.000000e+00
    outer loop
      vertex   1.418779e+01 6.215133e+01 2.000000e+00
      vertex   6.828427e+00 7.500000e+00 2.000000e+00
      vertex   1.470913e+01 6.255710e+01 2.000000e+00
    endloop
  endfacet
  facet normal -0.000000e+00 0.000000e+00 1.000000e+00
    outer loop
      vertex   1.166968e+01 1.565137e+02 2.000000e+00
      vertex   1.233032e+01 6.948634e+01 2.000000e+00
      vertex   1.233032e+01 1.565137e+02 2.000000e+00
    endloop
  endfacet
  facet normal 0.000000e+00 0.000000e+00 1.000000e+00
    outer loop
      vertex   1.233032e+01 1.565137e+02 2.000000e+00
      vertex   1.233032e+01 6.948634e+01 2.000000e+00
      vertex   1.298194e+01 6.937760e+01 2.000000e+00
    endloop
  endfacet
  facet normal -0.000000e+00 0.000000e+00 1.000000e+00
    outer loop
      vertex   1.233032e+01 1.565137e+02 2.000000e+00
      vertex   1.298194e+01 6.937760e+01 2.000000e+00
      vertex   1.298194e+01 1.566224e+02 2.000000e+00
    endloop
  endfacet
  facet normal 0.000000e+00 0.000000e+00 1.000000e+00
    outer loop
      vertex   1.298194e+01 1.566224e+02 2.000000e+00
      vertex   1.298194e+01 6.937760e+01 2.000000e+00
      vertex   1.360678e+01 6.916309e+01 2.000000e+00
    endloop
  endfacet
  facet normal -0.000000e+00 0.000000e+00 1.000000e+00
    outer loop
      vertex   1.298194e+01 1.566224e+02 2.000000e+00
      vertex   1.360678e+01 6.916309e+01 2.000000e+00
      vertex   1.360678e+01 1.568369e+02 2.000000e+00
    endloop
  endfacet
  facet normal 0.000000e+00 0.000000e+00 1.000000e+00
    outer loop
      vertex   1.360678e+01 1.568369e+02 2.000000e+00
      vertex   1.360678e+01 6.916309e+01 2.000000e+00
      vertex   1.418779e+01 6.884867e+01 2.000000e+00
    endloop
  endfacet
  facet normal -0.000000e+00 0.000000e+00 1.000000e+00
    outer loop
      vertex   1.360678e+01 1.568369e+02 2.000000e+00
      vertex   1.418779e+01 6.884867e+01 2.000000e+00
      vertex   1.418779e+01 1.571513e+02 2.000000e+00
    endloop
  endfacet
  facet normal 0.000000e+00 0.000000e+00 1.000000e+00
    outer loop
      vertex   1.418779e+01 1.571513e+02 2.000000e+00
      vertex   1.418779e+01 6.884867e+01 2.000000e+00
      vertex   1.470913e+01 6.844290e+01 2.000000e+00
    endloop
  endfacet
  facet normal -0.000000e+00 0.000000e+00 1.000000e+00
    outer loop
      vertex   1.418779e+01 1.571513e+02 2.000000e+00
      vertex   1.470913e+01 6.844290e+01 2.000000e+00
      vertex   1.470913e+01 1.575571e+02 2.000000e+00
    endloop
  endfacet
  facet normal -8.748917e-17 0.000000e+00 1.000000e+00
    outer loop
      vertex   1.470913e+01 1.575571e+02 2.000000e+00
      vertex   1.470913e+01 6.844290e+01 2.000000e+00
      vertex   1.010000e+02 1.725000e+02 2.000000e+00
    endloop
  endfacet
  facet normal -1.040811e-16 9.581337e-17 1.000000e+00
    outer loop
      vertex   1.470913e+01 1.575571e+02 2.000000e+00
      vertex   1.010000e+02 1.725000e+02 2.000000e+00
      vertex   1.515656e+01 1.580431e+02 2.000000e+00
    endloop
  endfacet
  facet normal -9.881785e-17 6.456093e-17 1.000000e+00
    outer loop
      vertex   1.515656e+01 1.580431e+02 2.000000e+00
      vertex   1.010000e+02 1.725000e+02 2.000000e+00
      vertex   1.551790e+01 1.585962e+02 2.000000e+00
    endloop
  endfacet
  facet normal -9.510203e-17 4.171562e-17 1.000000e+00
    outer loop
      vertex   1.551790e+01 1.585962e+02 2.000000e+00
      vertex   1.010000e+02 1.725000e+02 2.000000e+00
      vertex   1.578327e+01 1.592012e+02 2.000000e+00
    endloop
  endfacet
  facet normal -9.223711e-17 2.335761e-17 1.000000e+00
    outer loop
      vertex   1.578327e+01 1.592012e+02 2.000000e+00
      vertex   1.010000e+02 1.725000e+02 2.000000e+00
      vertex   1.594545e+01 1.598416e+02 2.000000e+00
    endloop
  endfacet
  facet normal -3.947889e-16 2.056272e-15 1.000000e+00
    outer loop
      vertex   1.594545e+01 1.598416e+02 2.000000e+00
      vertex   1.010000e+02 1.725000e+02 2.000000e+00
      vertex   1.600000e+01 1.605000e+02 2.000000e+00
    endloop
  endfacet
  facet normal -4.146214e-17 -3.816859e-17 1.000000e+00
    outer loop
      vertex   1.470913e+01 6.844290e+01 2.000000e+00
      vertex   1.515656e+01 6.795685e+01 2.000000e+00
      vertex   1.010000e+02 1.725000e+02 2.000000e+00
    endloop
  endfacet
  facet normal 4.112834e-15 1.804056e-15 1.000000e+00
    outer loop
      vertex   1.551790e+01 1.624038e+02 2.000000e+00
      vertex   1.578327e+01 1.617988e+02 2.000000e+00
      vertex   1.010000e+02 1.775000e+02 2.000000e+00
    endloop
  endfacet
  facet normal -9.961947e-01 -8.715574e-02 -0.000000e+00
    outer loop
      vertex   1.490189e+02 6.585598e+01 7.000000e+00
      vertex   1.490189e+02 6.585598e+01 2.000000e+00
      vertex   1.490500e+02 6.550000e+01 7.000000e+00
    endloop
  endfacet
  facet normal -9.961947e-01 -8.715574e-02 -0.000000e+00
    outer loop
      vertex   1.490500e+02 6.550000e+01 7.000000e+00
      vertex   1.490189e+02 6.585598e+01 2.000000e+00
      vertex   1.490500e+02 6.550000e+01 2.000000e+00
    endloop
  endfacet
  facet normal -9.961947e-01 8.715574e-02 0.000000e+00
    outer loop
      vertex   1.490500e+02 6.550000e+01 7.000000e+00
      vertex   1.490500e+02 6.550000e+01 2.000000e+00
      vertex   1.490189e+02 6.514402e+01 7.000000e+00
    endloop
  endfacet
  facet normal -9.961947e-01 8.715574e-02 0.000000e+00
    outer loop
      vertex   1.490189e+02 6.514402e+01 7.000000e+00
      vertex   1.490500e+02 6.550000e+01 2.000000e+00
      vertex   1.490189e+02 6.514402e+01 2.000000e+00
    endloop
  endfacet
  facet normal -9.659258e-01 2.588190e-01 0.000000e+00
    outer loop
      vertex   1.490189e+02 6.514402e+01 7.000000e+00
      vertex   1.490189e+02 6.514402e+01 2.000000e+00
      vertex   1.489264e+02 6.479886e+01 7.000000e+00
    endloop
  endfacet
  facet normal -9.659258e-01 2.588190e-01 0.000000e+00
    outer loop
      vertex   1.489264e+02 6.479886e+01 7.000000e+00
      vertex   1.490189e+02 6.514402e+01 2.000000e+00
      vertex   1.489264e+02 6.479886e+01 2.000000e+00
    endloop
  endfacet
  facet normal -9.063078e-01 4.226183e-01 0.000000e+00
    outer loop
      vertex   1.489264e+02 6.479886e+01 7.000000e+00
      vertex   1.489264e+02 6.479886e+01 2.000000e+00
      vertex   1.487754e+02 6.447500e+01 7.000000e+00
    endloop
  endfacet
  facet normal -9.063078e-01 4.226183e-01 0.000000e+00
    outer loop
      vertex   1.487754e+02 6.447500e+01 7.000000e+00
      vertex   1.489264e+02 6.479886e+01 2.000000e+00
      vertex   1.487754e+02 6.447500e+01 2.000000e+00
    endloop
  endfacet
  facet normal -8.191520e-01 5.735764e-01 0.000000e+00
    outer loop
      vertex   1.487754e+02 6.447500e+01 7.000000e+00
      vertex   1.487754e+02 6.447500e+01 2.000000e+00
      vertex   1.485704e+02 6.418229e+01 7.000000e+00
    endloop
  endfacet
  facet normal -8.191520e-01 5.735764e-01 0.000000e+00
    outer loop
      vertex   1.485704e+02 6.418229e+01 7.000000e+00
      vertex   1.487754e+02 6.447500e+01 2.000000e+00
      vertex   1.485704e+02 6.418229e+01 2.000000e+00
    endloop
  endfacet
  facet normal -7.071068e-01 7.071068e-01 0.000000e+00
    outer loop
      vertex   1.485704e+02 6.418229e+01 7.000000e+00
      vertex   1.485704e+02 6.418229e+01 2.000000e+00
      vertex   1.483177e+02 6.392961e+01 7.000000e+00
    endloop
  endfacet
  facet normal -7.071068e-01 7.071068e-01 0.000000e+00
    outer loop
      vertex   1.483177e+02 6.392961e+01 7.000000e+00
      vertex   1.485704e+02 6.418229e+01 2.000000e+00
      vertex   1.483177e+02 6.392961e+01 2.000000e+00
    endloop
  endfacet
  facet normal -5.735764e-01 8.191520e-01 0.000000e+00
    outer loop
      vertex   1.483177e+02 6.392961e+01 7.000000e+00
      vertex   1.483177e+02 6.392961e+01 2.000000e+00
      vertex   1.480250e+02 6.372465e+01 7.000000e+00
    endloop
  endfacet
  facet normal -5.735764e-01 8.191520e-01 0.000000e+00
    outer loop
      vertex   1.480250e+02 6.372465e+01 7.000000e+00
      vertex   1.483177e+02 6.392961e+01 2.000000e+00
      vertex   1.480250e+02 6.372465e+01 2.000000e+00
    endloop
  endfacet
  facet normal -4.226183e-01 9.063078e-01 0.000000e+00
    outer loop
      vertex   1.480250e+02 6.372465e+01 7.000000e+00
      vertex   1.480250e+02 6.372465e+01 2.000000e+00
      vertex   1.477011e+02 6.357363e+01 7.000000e+00
    endloop
  endfacet
  facet normal -4.226183e-01 9.063078e-01 0.000000e+00
    outer loop
      vertex   1.477011e+02 6.357363e+01 7.000000e+00
      vertex   1.480250e+02 6.372465e+01 2.000000e+00
      vertex   1.477011e+02 6.357363e+01 2.000000e+00
    endloop
  endfacet
  facet normal -2.588190e-01 9.659258e-01 0.000000e+00
    outer loop
      vertex   1.477011e+02 6.357363e+01 7.000000e+00
      vertex   1.477011e+02 6.357363e+01 2.000000e+00
      vertex   1.473560e+02 6.348114e+01 7.000000e+00
    endloop
  endfacet
  facet normal -2.588190e-01 9.659258e-01 0.000000e+00
    outer loop
      vertex   1.473560e+02 6.348114e+01 7.000000e+00
      vertex   1.477011e+02 6.357363e+01 2.000000e+00
      vertex   1.473560e+02 6.348114e+01 2.000000e+00
    endloop
  endfacet
  facet normal -8.715574e-02 9.961947e-01 0.000000e+00
    outer loop
      vertex   1.473560e+02 6.348114e+01 7.000000e+00
      vertex   1.473560e+02 6.348114e+01 2.000000e+00
      vertex   1.470000e+02 6.345000e+01 7.000000e+00
    endloop
  endfacet
  facet normal -8.715574e-02 9.961947e-01 0.000000e+00
    outer loop
      vertex   1.470000e+02 6.345000e+01 7.000000e+00
      vertex   1.473560e+02 6.348114e+01 2.000000e+00
      vertex   1.470000e+02 6.345000e+01 2.000000e+00
    endloop
  endfacet
  facet normal 8.715574e-02 9.961947e-01 0.000000e+00
    outer loop
      vertex   1.470000e+02 6.345000e+01 7.000000e+00
      vertex   1.470000e+02 6.345000e+01 2.000000e+00
      vertex   1.466440e+02 6.348114e+01 7.000000e+00
    endloop
  endfacet
  facet normal 8.715574e-02 9.961947e-01 0.000000e+00
    outer loop
      vertex   1.466440e+02 6.348114e+01 7.000000e+00
      vertex   1.470000e+02 6.345000e+01 2.000000e+00
      vertex   1.466440e+02 6.348114e+01 2.000000e+00
    endloop
  endfacet
  facet normal 2.588190e-01 9.659258e-01 0.000000e+00
    outer loop
      vertex   1.466440e+02 6.348114e+01 7.000000e+00
      vertex   1.466440e+02 6.348114e+01 2.000000e+00
      vertex   1.462989e+02 6.357363e+01 7.000000e+00
    endloop
  endfacet
  facet normal 2.588190e-01 9.659258e-01 0.000000e+00
    outer loop
      vertex   1.462989e+02 6.357363e+01 7.000000e+00
      vertex   1.466440e+02 6.348114e+01 2.000000e+00
      vertex   1.462989e+02 6.357363e+01 2.000000e+00
    endloop
  endfacet
  facet normal 4.226183e-01 9.063078e-01 0.000000e+00
    outer loop
      vertex   1.462989e+02 6.357363e+01 7.000000e+00
      vertex   1.462989e+02 6.357363e+01 2.000000e+00
      vertex   1.459750e+02 6.372465e+01 7.000000e+00
    endloop
  endfacet
  facet normal 4.226183e-01 9.063078e-01 -2.402307e-15
    outer loop
      vertex   1.459750e+02 6.372465e+01 7.000000e+00
      vertex   1.462989e+02 6.357363e+01 2.000000e+00
      vertex   1.459750e+02 6.372465e+01 2.000000e+00
    endloop
  endfacet
  facet normal 5.735764e-01 8.191520e-01 -3.260405e-15
    outer loop
      vertex   1.459750e+02 6.372465e+01 7.000000e+00
      vertex   1.459750e+02 6.372465e+01 2.000000e+00
      vertex   1.456823e+02 6.392961e+01 7.000000e+00
    endloop
  endfacet
  facet normal 5.735764e-01 8.191520e-01 0.000000e+00
    outer loop
      vertex   1.456823e+02 6.392961e+01 7.000000e+00
      vertex   1.459750e+02 6.372465e+01 2.000000e+00
      vertex   1.456823e+02 6.392961e+01 2.000000e+00
    endloop
  endfacet
  facet normal 7.071068e-01 7.071068e-01 0.000000e+00
    outer loop
      vertex   1.456823e+02 6.392961e+01 7.000000e+00
      vertex   1.456823e+02 6.392961e+01 2.000000e+00
      vertex   1.454296e+02 6.418229e+01 7.000000e+00
    endloop
  endfacet
  facet normal 7.071068e-01 7.071068e-01 0.000000e+00
    outer loop
      vertex   1.454296e+02 6.418229e+01 7.000000e+00
      vertex   1.456823e+02 6.392961e+01 2.000000e+00
      vertex   1.454296e+02 6.418229e+01 2.000000e+00
    endloop
  endfacet
  facet normal 8.191520e-01 5.735764e-01 0.000000e+00
    outer loop
      vertex   1.454296e+02 6.418229e+01 7.000000e+00
      vertex   1.454296e+02 6.418229e+01 2.000000e+00
      vertex   1.452246e+02 6.447500e+01 7.000000e+00
    endloop
  endfacet
  facet normal 8.191520e-01 5.735764e-01 0.000000e+00
    outer loop
      vertex   1.452246e+02 6.447500e+01 7.000000e+00
      vertex   1.454296e+02 6.418229e+01 2.000000e+00
      vertex   1.452246e+02 6.447500e+01 2.000000e+00
    endloop
  endfacet
  facet normal 9.063078e-01 4.226183e-01 0.000000e+00
    outer loop
      vertex   1.452246e+02 6.447500e+01 7.000000e+00
      vertex   1.452246e+02 6.447500e+01 2.000000e+00
      vertex   1.450736e+02 6.479886e+01 7.000000e+00
    endloop
  endfacet
  facet normal 9.063078e-01 4.226183e-01 0.000000e+00
    outer loop
      vertex   1.450736e+02 6.479886e+01 7.000000e+00
      vertex   1.452246e+02 6.447500e+01 2.000000e+00
      vertex   1.450736e+02 6.479886e+01 2.000000e+00
    endloop
  endfacet
  facet normal 9.659258e-01 2.588190e-01 0.000000e+00
    outer loop
      vertex   1.450736e+02 6.479886e+01 7.000000e+00
      vertex   1.450736e+02 6.479886e+01 2.000000e+00
      vertex   1.449811e+02 6.514402e+01 7.000000e+00
    endloop
  endfacet
  facet normal 9.659258e-01 2.588190e-01 0.000000e+00
    outer loop
      vertex   1.449811e+02 6.514402e+01 7.000000e+00
      vertex   1.450736e+02 6.479886e+01 2.000000e+00
      vertex   1.449811e+02 6.514402e+01 2.000000e+00
    endloop
  endfacet
  facet normal 9.961947e-01 8.715574e-02 0.000000e+00
    outer loop
      vertex   1.449811e+02 6.514402e+01 7.000000e+00
      vertex   1.449811e+02 6.514402e+01 2.000000e+00
      vertex   1.449500e+02 6.550000e+01 7.000000e+00
    endloop
  endfacet
  facet normal 9.961947e-01 8.715574e-02 0.000000e+00
    outer loop
      vertex   1.449500e+02 6.550000e+01 7.000000e+00
      vertex   1.449811e+02 6.514402e+01 2.000000e+00
      vertex   1.449500e+02 6.550000e+01 2.000000e+00
    endloop
  endfacet
  facet normal 9.961947e-01 -8.715574e-02 0.000000e+00
    outer loop
      vertex   1.449500e+02 6.550000e+01 7.000000e+00
      vertex   1.449500e+02 6.550000e+01 2.000000e+00
      vertex   1.449811e+02 6.585598e+01 7.000000e+00
    endloop
  endfacet
  facet normal 9.961947e-01 -8.715574e-02 0.000000e+00
    outer loop
      vertex   1.449811e+02 6.585598e+01 7.000000e+00
      vertex   1.449500e+02 6.550000e+01 2.000000e+00
      vertex   1.449811e+02 6.585598e+01 2.000000e+00
    endloop
  endfacet
  facet normal 9.659258e-01 -2.588190e-01 0.000000e+00
    outer loop
      vertex   1.449811e+02 6.585598e+01 7.000000e+00
      vertex   1.449811e+02 6.585598e+01 2.000000e+00
      vertex   1.450736e+02 6.620114e+01 7.000000e+00
    endloop
  endfacet
  facet normal 9.659258e-01 -2.588190e-01 0.000000e+00
    outer loop
      vertex   1.450736e+02 6.620114e+01 7.000000e+00
      vertex   1.449811e+02 6.585598e+01 2.000000e+00
      vertex   1.450736e+02 6.620114e+01 2.000000e+00
    endloop
  endfacet
  facet normal 9.063078e-01 -4.226183e-01 0.000000e+00
    outer loop
      vertex   1.450736e+02 6.620114e+01 7.000000e+00
      vertex   1.450736e+02 6.620114e+01 2.000000e+00
      vertex   1.452246e+02 6.652500e+01 7.000000e+00
    endloop
  endfacet
  facet normal 9.063078e-01 -4.226183e-01 0.000000e+00
    outer loop
      vertex   1.452246e+02 6.652500e+01 7.000000e+00
      vertex   1.450736e+02 6.620114e+01 2.000000e+00
      vertex   1.452246e+02 6.652500e+01 2.000000e+00
    endloop
  endfacet
  facet normal 8.191520e-01 -5.735764e-01 0.000000e+00
    outer loop
      vertex   1.452246e+02 6.652500e+01 7.000000e+00
      vertex   1.452246e+02 6.652500e+01 2.000000e+00
      vertex   1.454296e+02 6.681771e+01 7.000000e+00
    endloop
  endfacet
  facet normal 8.191520e-01 -5.735764e-01 0.000000e+00
    outer loop
      vertex   1.454296e+02 6.681771e+01 7.000000e+00
      vertex   1.452246e+02 6.652500e+01 2.000000e+00
      vertex   1.454296e+02 6.681771e+01 2.000000e+00
    endloop
  endfacet
  facet normal 7.071068e-01 -7.071068e-01 0.000000e+00
    outer loop
      vertex   1.454296e+02 6.681771e+01 7.000000e+00
      vertex   1.454296e+02 6.681771e+01 2.000000e+00
      vertex   1.456823e+02 6.707039e+01 7.000000e+00
    endloop
  endfacet
  facet normal 7.071068e-01 -7.071068e-01 0.000000e+00
    outer loop
      vertex   1.456823e+02 6.707039e+01 7.000000e+00
      vertex   1.454296e+02 6.681771e+01 2.000000e+00
      vertex   1.456823e+02 6.707039e+01 2.000000e+00
    endloop
  endfacet
  facet normal 5.735764e-01 -8.191520e-01 0.000000e+00
    outer loop
      vertex   1.456823e+02 6.707039e+01 7.000000e+00
      vertex   1.456823e+02 6.707039e+01 2.000000e+00
      vertex   1.459750e+02 6.727535e+01 7.000000e+00
    endloop
  endfacet
  facet normal 5.735764e-01 -8.191520e-01 3.260405e-15
    outer loop
      vertex   1.459750e+02 6.727535e+01 7.000000e+00
      vertex   1.456823e+02 6.707039e+01 2.000000e+00
      vertex   1.459750e+02 6.727535e+01 2.000000e+00
    endloop
  endfacet
  facet normal 4.226183e-01 -9.063078e-01 2.402307e-15
    outer loop
      vertex   1.459750e+02 6.727535e+01 7.000000e+00
      vertex   1.459750e+02 6.727535e+01 2.000000e+00
      vertex   1.462989e+02 6.742637e+01 7.000000e+00
    endloop
  endfacet
  facet normal 4.226183e-01 -9.063078e-01 0.000000e+00
    outer loop
      vertex   1.462989e+02 6.742637e+01 7.000000e+00
      vertex   1.459750e+02 6.727535e+01 2.000000e+00
      vertex   1.462989e+02 6.742637e+01 2.000000e+00
    endloop
  endfacet
  facet normal 2.588190e-01 -9.659258e-01 0.000000e+00
    outer loop
      vertex   1.462989e+02 6.742637e+01 7.000000e+00
      vertex   1.462989e+02 6.742637e+01 2.000000e+00
      vertex   1.466440e+02 6.751886e+01 7.000000e+00
    endloop
  endfacet
  facet normal 2.588190e-01 -9.659258e-01 0.000000e+00
    outer loop
      vertex   1.466440e+02 6.751886e+01 7.000000e+00
      vertex   1.462989e+02 6.742637e+01 2.000000e+00
      vertex   1.466440e+02 6.751886e+01 2.000000e+00
    endloop
  endfacet
  facet normal 8.715574e-02 -9.961947e-01 0.000000e+00
    outer loop
      vertex   1.466440e+02 6.751886e+01 7.000000e+00
      vertex   1.466440e+02 6.751886e+01 2.000000e+00
      vertex   1.470000e+02 6.755000e+01 7.000000e+00
    endloop
  endfacet
  facet normal 8.715574e-02 -9.961947e-01 0.000000e+00
    outer loop
      vertex   1.470000e+02 6.755000e+01 7.000000e+00
      vertex   1.466440e+02 6.751886e+01 2.000000e+00
      vertex   1.470000e+02 6.755000e+01 2.000000e+00
    endloop
  endfacet
  facet normal -8.715574e-02 -9.961947e-01 -0.000000e+00
    outer loop
      vertex   1.470000e+02 6.755000e+01 7.000000e+00
      vertex   1.470000e+02 6.755000e+01 2.000000e+00
      vertex   1.473560e+02 6.751886e+01 7.000000e+00
    endloop
  endfacet
  facet normal -8.715574e-02 -9.961947e-01 -0.000000e+00
    outer loop
      vertex   1.473560e+02 6.751886e+01 7.000000e+00
      vertex   1.470000e+02 6.755000e+01 2.000000e+00
      vertex   1.473560e+02 6.751886e+01 2.000000e+00
    endloop
  endfacet
  facet normal -2.588190e-01 -9.659258e-01 -0.000000e+00
    outer loop
      vertex   1.473560e+02 6.751886e+01 7.000000e+00
      vertex   1.473560e+02 6.751886e+01 2.000000e+00
      vertex   1.477011e+02 6.742637e+01 7.000000e+00
    endloop
  endfacet
  facet normal -2.588190e-01 -9.659258e-01 -0.000000e+00
    outer loop
      vertex   1.477011e+02 6.742637e+01 7.000000e+00
      vertex   1.473560e+02 6.751886e+01 2.000000e+00
      vertex   1.477011e+02 6.742637e+01 2.000000e+00
    endloop
  endfacet
  facet normal -4.226183e-01 -9.063078e-01 -0.000000e+00
    outer loop
      vertex   1.477011e+02 6.742637e+01 7.000000e+00
      vertex   1.477011e+02 6.742637e+01 2.000000e+00
      vertex   1.480250e+02 6.727535e+01 7.000000e+00
    endloop
  endfacet
  facet normal -4.226183e-01 -9.063078e-01 -0.000000e+00
    outer loop
      vertex   1.480250e+02 6.727535e+01 7.000000e+00
      vertex   1.477011e+02 6.742637e+01 2.000000e+00
      vertex   1.480250e+02 6.727535e+01 2.000000e+00
    endloop
  endfacet
  facet normal -5.735764e-01 -8.191520e-01 -0.000000e+00
    outer loop
      vertex   1.480250e+02 6.727535e+01 7.000000e+00
      vertex   1.480250e+02 6.727535e+01 2.000000e+00
      vertex   1.483177e+02 6.707039e+01 7.000000e+00
    endloop
  endfacet
  facet normal -5.735764e-01 -8.191520e-01 -0.000000e+00
    outer loop
      vertex   1.483177e+02 6.707039e+01 7.000000e+00
      vertex   1.480250e+02 6.727535e+01 2.000000e+00
      vertex   1.483177e+02 6.707039e+01 2.000000e+00
    endloop
  endfacet
  facet normal -7.071068e-01 -7.071068e-01 -0.000000e+00
    outer loop
      vertex   1.483177e+02 6.707039e+01 7.000000e+00
      vertex   1.483177e+02 6.707039e+01 2.000000e+00
      vertex   1.485704e+02 6.681771e+01 7.000000e+00
    endloop
  endfacet
  facet normal -7.071068e-01 -7.071068e-01 -0.000000e+00
    outer loop
      vertex   1.485704e+02 6.681771e+01 7.000000e+00
      vertex   1.483177e+02 6.707039e+01 2.000000e+00
      vertex   1.485704e+02 6.681771e+01 2.000000e+00
    endloop
  endfacet
  facet normal -8.191520e-01 -5.735764e-01 -0.000000e+00
    outer loop
      vertex   1.485704e+02 6.681771e+01 7.000000e+00
      vertex   1.485704e+02 6.681771e+01 2.000000e+00
      vertex   1.487754e+02 6.652500e+01 7.000000e+00
    endloop
  endfacet
  facet normal -8.191520e-01 -5.735764e-01 -0.000000e+00
    outer loop
      vertex   1.487754e+02 6.652500e+01 7.000000e+00
      vertex   1.485704e+02 6.681771e+01 2.000000e+00
      vertex   1.487754e+02 6.652500e+01 2.000000e+00
    endloop
  endfacet
  facet normal -9.063078e-01 -4.226183e-01 -0.000000e+00
    outer loop
      vertex   1.487754e+02 6.652500e+01 7.000000e+00
      vertex   1.487754e+02 6.652500e+01 2.000000e+00
      vertex   1.489264e+02 6.620114e+01 7.000000e+00
    endloop
  endfacet
  facet normal -9.063078e-01 -4.226183e-01 -0.000000e+00
    outer loop
      vertex   1.489264e+02 6.620114e+01 7.000000e+00
      vertex   1.487754e+02 6.652500e+01 2.000000e+00
      vertex   1.489264e+02 6.620114e+01 2.000000e+00
    endloop
  endfacet
  facet normal -9.659258e-01 -2.588190e-01 -0.000000e+00
    outer loop
      vertex   1.489264e+02 6.620114e+01 7.000000e+00
      vertex   1.489264e+02 6.620114e+01 2.000000e+00
      vertex   1.490189e+02 6.585598e+01 7.000000e+00
    endloop
  endfacet
  facet normal -9.659258e-01 -2.588190e-01 -0.000000e+00
    outer loop
      vertex   1.490189e+02 6.585598e+01 7.000000e+00
      vertex   1.489264e+02 6.620114e+01 2.000000e+00
      vertex   1.490189e+02 6.585598e+01 2.000000e+00
    endloop
  endfacet
  facet normal 9.965845e-01 -8.257935e-02 -2.347046e-16
    outer loop
      vertex   1.509454e+02 6.484162e+01 7.000000e+00
      vertex   1.509454e+02 6.484162e+01 2.000000e+00
      vertex   1.510000e+02 6.550000e+01 7.000000e+00
    endloop
  endfacet
  facet normal 9.965845e-01 -8.257935e-02 0.000000e+00
    outer loop
      vertex   1.510000e+02 6.550000e+01 7.000000e+00
      vertex   1.509454e+02 6.484162e+01 2.000000e+00
      vertex   1.510000e+02 6.550000e+01 2.000000e+00
    endloop
  endfacet
  facet normal 9.965845e-01 8.257935e-02 0.000000e+00
    outer loop
      vertex   1.510000e+02 6.550000e+01 7.000000e+00
      vertex   1.510000e+02 6.550000e+01 2.000000e+00
      vertex   1.509454e+02 6.615838e+01 7.000000e+00
    endloop
  endfacet
  facet normal 9.965845e-01 8.257935e-02 2.347046e-16
    outer loop
      vertex   1.509454e+02 6.615838e+01 7.000000e+00
      vertex   1.510000e+02 6.550000e+01 2.000000e+00
      vertex   1.509454e+02 6.615838e+01 2.000000e+00
    endloop
  endfacet
  facet normal 9.694003e-01 2.454855e-01 6.977117e-16
    outer loop
      vertex   1.509454e+02 6.615838e+01 7.000000e+00
      vertex   1.509454e+02 6.615838e+01 2.000000e+00
      vertex   1.507833e+02 6.679880e+01 7.000000e+00
    endloop
  endfacet
  facet normal 9.694003e-01 2.454855e-01 0.000000e+00
    outer loop
      vertex   1.507833e+02 6.679880e+01 7.000000e+00
      vertex   1.509454e+02 6.615838e+01 2.000000e+00
      vertex   1.507833e+02 6.679880e+01 2.000000e+00
    endloop
  endfacet
  facet normal 9.157733e-01 4.016954e-01 0.000000e+00
    outer loop
      vertex   1.507833e+02 6.679880e+01 7.000000e+00
      vertex   1.507833e+02 6.679880e+01 2.000000e+00
      vertex   1.505179e+02 6.740379e+01 7.000000e+00
    endloop
  endfacet
  facet normal 9.157733e-01 4.016954e-01 0.000000e+00
    outer loop
      vertex   1.505179e+02 6.740379e+01 7.000000e+00
      vertex   1.507833e+02 6.679880e+01 2.000000e+00
      vertex   1.505179e+02 6.740379e+01 2.000000e+00
    endloop
  endfacet
  facet normal 8.371665e-01 5.469482e-01 0.000000e+00
    outer loop
      vertex   1.505179e+02 6.740379e+01 7.000000e+00
      vertex   1.505179e+02 6.740379e+01 2.000000e+00
      vertex   1.501566e+02 6.795685e+01 7.000000e+00
    endloop
  endfacet
  facet normal 8.371665e-01 5.469482e-01 0.000000e+00
    outer loop
      vertex   1.501566e+02 6.795685e+01 7.000000e+00
      vertex   1.505179e+02 6.740379e+01 2.000000e+00
      vertex   1.501566e+02 6.795685e+01 2.000000e+00
    endloop
  endfacet
  facet normal 7.357239e-01 6.772816e-01 0.000000e+00
    outer loop
      vertex   1.501566e+02 6.795685e+01 7.000000e+00
      vertex   1.501566e+02 6.795685e+01 2.000000e+00
      vertex   1.497091e+02 6.844290e+01 7.000000e+00
    endloop
  endfacet
  facet normal 7.357239e-01 6.772816e-01 0.000000e+00
    outer loop
      vertex   1.497091e+02 6.844290e+01 7.000000e+00
      vertex   1.501566e+02 6.795685e+01 2.000000e+00
      vertex   1.497091e+02 6.844290e+01 2.000000e+00
    endloop
  endfacet
  facet normal 6.142127e-01 7.891405e-01 0.000000e+00
    outer loop
      vertex   1.497091e+02 6.844290e+01 7.000000e+00
      vertex   1.497091e+02 6.844290e+01 2.000000e+00
      vertex   1.491878e+02 6.884867e+01 7.000000e+00
    endloop
  endfacet
  facet normal 6.142127e-01 7.891405e-01 0.000000e+00
    outer loop
      vertex   1.491878e+02 6.884867e+01 7.000000e+00
      vertex   1.497091e+02 6.844290e+01 2.000000e+00
      vertex   1.491878e+02 6.884867e+01 2.000000e+00
    endloop
  endfacet
  facet normal 4.759474e-01 8.794738e-01 0.000000e+00
    outer loop
      vertex   1.491878e+02 6.884867e+01 7.000000e+00
      vertex   1.491878e+02 6.884867e+01 2.000000e+00
      vertex   1.486068e+02 6.916309e+01 7.000000e+00
    endloop
  endfacet
  facet normal 4.759474e-01 8.794738e-01 0.000000e+00
    outer loop
      vertex   1.486068e+02 6.916309e+01 7.000000e+00
      vertex   1.491878e+02 6.884867e+01 2.000000e+00
      vertex   1.486068e+02 6.916309e+01 2.000000e+00
    endloop
  endfacet
  facet normal 3.246995e-01 9.458172e-01 0.000000e+00
    outer loop
      vertex   1.486068e+02 6.916309e+01 7.000000e+00
      vertex   1.486068e+02 6.916309e+01 2.000000e+00
      vertex   1.479819e+02 6.937760e+01 7.000000e+00
    endloop
  endfacet
  facet normal 3.246995e-01 9.458172e-01 0.000000e+00
    outer loop
      vertex   1.479819e+02 6.937760e+01 7.000000e+00
      vertex   1.486068e+02 6.916309e+01 2.000000e+00
      vertex   1.479819e+02 6.937760e+01 2.000000e+00
    endloop
  endfacet
  facet normal 1.645946e-01 9.863613e-01 0.000000e+00
    outer loop
      vertex   1.479819e+02 6.937760e+01 7.000000e+00
      vertex   1.479819e+02 6.937760e+01 2.000000e+00
      vertex   1.473303e+02 6.948634e+01 7.000000e+00
    endloop
  endfacet
  facet normal 1.645946e-01 9.863613e-01 0.000000e+00
    outer loop
      vertex   1.473303e+02 6.948634e+01 7.000000e+00
      vertex   1.479819e+02 6.937760e+01 2.000000e+00
      vertex   1.473303e+02 6.948634e+01 2.000000e+00
    endloop
  endfacet
  facet normal 0.000000e+00 1.000000e+00 0.000000e+00
    outer loop
      vertex   1.473303e+02 6.948634e+01 7.000000e+00
      vertex   1.473303e+02 6.948634e+01 2.000000e+00
      vertex   1.466697e+02 6.948634e+01 7.000000e+00
    endloop
  endfacet
  facet normal 0.000000e+00 1.000000e+00 0.000000e+00
    outer loop
      vertex   1.466697e+02 6.948634e+01 7.000000e+00
      vertex   1.473303e+02 6.948634e+01 2.000000e+00
      vertex   1.466697e+02 6.948634e+01 2.000000e+00
    endloop
  endfacet
  facet normal -1.645946e-01 9.863613e-01 0.000000e+00
    outer loop
      vertex   1.466697e+02 6.948634e+01 7.000000e+00
      vertex   1.466697e+02 6.948634e+01 2.000000e+00
      vertex   1.460181e+02 6.937760e+01 7.000000e+00
    endloop
  endfacet
  facet normal -1.645946e-01 9.863613e-01 0.000000e+00
    outer loop
      vertex   1.460181e+02 6.937760e+01 7.000000e+00
      vertex   1.466697e+02 6.948634e+01 2.000000e+00
      vertex   1.460181e+02 6.937760e+01 2.000000e+00
    endloop
  endfacet
  facet normal -3.246995e-01 9.458172e-01 0.000000e+00
    outer loop
      vertex   1.460181e+02 6.937760e+01 7.000000e+00
      vertex   1.460181e+02 6.937760e+01 2.000000e+00
      vertex   1.453932e+02 6.916309e+01 7.000000e+00
    endloop
  endfacet
  facet normal -3.246995e-01 9.458172e-01 0.000000e+00
    outer loop
      vertex   1.453932e+02 6.916309e+01 7.000000e+00
      vertex   1.460181e+02 6.937760e+01 2.000000e+00
      vertex   1.453932e+02 6.916309e+01 2.000000e+00
    endloop
  endfacet
  facet normal -4.759474e-01 8.794738e-01 0.000000e+00
    outer loop
      vertex   1.453932e+02 6.916309e+01 7.000000e+00
      vertex   1.453932e+02 6.916309e+01 2.000000e+00
      vertex   1.448122e+02 6.884867e+01 7.000000e+00
    endloop
  endfacet
  facet normal -4.759474e-01 8.794738e-01 0.000000e+00
    outer loop
      vertex   1.448122e+02 6.884867e+01 7.000000e+00
      vertex   1.453932e+02 6.916309e+01 2.000000e+00
      vertex   1.448122e+02 6.884867e+01 2.000000e+00
    endloop
  endfacet
  facet normal -6.142127e-01 7.891405e-01 0.000000e+00
    outer loop
      vertex   1.448122e+02 6.884867e+01 7.000000e+00
      vertex   1.448122e+02 6.884867e+01 2.000000e+00
      vertex   1.442909e+02 6.844290e+01 7.000000e+00
    endloop
  endfacet
  facet normal -6.142127e-01 7.891405e-01 0.000000e+00
    outer loop
      vertex   1.442909e+02 6.844290e+01 7.000000e+00
      vertex   1.448122e+02 6.884867e+01 2.000000e+00
      vertex   1.442909e+02 6.844290e+01 2.000000e+00
    endloop
  endfacet
  facet normal -7.357239e-01 6.772816e-01 0.000000e+00
    outer loop
      vertex   1.442909e+02 6.844290e+01 7.000000e+00
      vertex   1.442909e+02 6.844290e+01 2.000000e+00
      vertex   1.438434e+02 6.795685e+01 7.000000e+00
    endloop
  endfacet
  facet normal -7.357239e-01 6.772816e-01 0.000000e+00
    outer loop
      vertex   1.438434e+02 6.795685e+01 7.000000e+00
      vertex   1.442909e+02 6.844290e+01 2.000000e+00
      vertex   1.438434e+02 6.795685e+01 2.000000e+00
    endloop
  endfacet
  facet normal -8.371665e-01 5.469482e-01 0.000000e+00
    outer loop
      vertex   1.438434e+02 6.795685e+01 7.000000e+00
      vertex   1.438434e+02 6.795685e+01 2.000000e+00
      vertex   1.434821e+02 6.740379e+01 7.000000e+00
    endloop
  endfacet
  facet normal -8.371665e-01 5.469482e-01 0.000000e+00
    outer loop
      vertex   1.434821e+02 6.740379e+01 7.000000e+00
      vertex   1.438434e+02 6.795685e+01 2.000000e+00
      vertex   1.434821e+02 6.740379e+01 2.000000e+00
    endloop
  endfacet
  facet normal -9.157733e-01 4.016954e-01 0.000000e+00
    outer loop
      vertex   1.434821e+02 6.740379e+01 7.000000e+00
      vertex   1.434821e+02 6.740379e+01 2.000000e+00
      vertex   1.432167e+02 6.679880e+01 7.000000e+00
    endloop
  endfacet
  facet normal -9.157733e-01 4.016954e-01 0.000000e+00
    outer loop
      vertex   1.432167e+02 6.679880e+01 7.000000e+00
      vertex   1.434821e+02 6.740379e+01 2.000000e+00
      vertex   1.432167e+02 6.679880e+01 2.000000e+00
    endloop
  endfacet
  facet normal -9.694003e-01 2.454855e-01 0.000000e+00
    outer loop
      vertex   1.432167e+02 6.679880e+01 7.000000e+00
      vertex   1.432167e+02 6.679880e+01 2.000000e+00
      vertex   1.430546e+02 6.615838e+01 7.000000e+00
    endloop
  endfacet
  facet normal -9.694003e-01 2.454855e-01 0.000000e+00
    outer loop
      vertex   1.430546e+02 6.615838e+01 7.000000e+00
      vertex   1.432167e+02 6.679880e+01 2.000000e+00
      vertex   1.430546e+02 6.615838e+01 2.000000e+00
    endloop
  endfacet
  facet normal -9.965845e-01 8.257935e-02 0.000000e+00
    outer loop
      vertex   1.430546e+02 6.615838e+01 7.000000e+00
      vertex   1.430546e+02 6.615838e+01 2.000000e+00
      vertex   1.430000e+02 6.550000e+01 7.000000e+00
    endloop
  endfacet
  facet normal -9.965845e-01 8.257935e-02 0.000000e+00
    outer loop
      vertex   1.430000e+02 6.550000e+01 7.000000e+00
      vertex   1.430546e+02 6.615838e+01 2.000000e+00
      vertex   1.430000e+02 6.550000e+01 2.000000e+00
    endloop
  endfacet
  facet normal -9.965845e-01 -8.257935e-02 -0.000000e+00
    outer loop
      vertex   1.430000e+02 6.550000e+01 7.000000e+00
      vertex   1.430000e+02 6.550000e+01 2.000000e+00
      vertex   1.430546e+02 6.484162e+01 7.000000e+00
    endloop
  endfacet
  facet normal -9.965845e-01 -8.257935e-02 -0.000000e+00
    outer loop
      vertex   1.430546e+02 6.484162e+01 7.000000e+00
      vertex   1.430000e+02 6.550000e+01 2.000000e+00
      vertex   1.430546e+02 6.484162e+01 2.000000e+00
    endloop
  endfacet
  facet normal -9.694003e-01 -2.454855e-01 -0.000000e+00
    outer loop
      vertex   1.430546e+02 6.484162e+01 7.000000e+00
      vertex   1.430546e+02 6.484162e+01 2.000000e+00
      vertex   1.432167e+02 6.420120e+01 7.000000e+00
    endloop
  endfacet
  facet normal -9.694003e-01 -2.454855e-01 -0.000000e+00
    outer loop
      vertex   1.432167e+02 6.420120e+01 7.000000e+00
      vertex   1.430546e+02 6.484162e+01 2.000000e+00
      vertex   1.432167e+02 6.420120e+01 2.000000e+00
    endloop
  endfacet
  facet normal -9.157733e-01 -4.016954e-01 -0.000000e+00
    outer loop
      vertex   1.432167e+02 6.420120e+01 7.000000e+00
      vertex   1.432167e+02 6.420120e+01 2.000000e+00
      vertex   1.434821e+02 6.359621e+01 7.000000e+00
    endloop
  endfacet
  facet normal -9.157733e-01 -4.016954e-01 -0.000000e+00
    outer loop
      vertex   1.434821e+02 6.359621e+01 7.000000e+00
      vertex   1.432167e+02 6.420120e+01 2.000000e+00
      vertex   1.434821e+02 6.359621e+01 2.000000e+00
    endloop
  endfacet
  facet normal -8.371665e-01 -5.469482e-01 -0.000000e+00
    outer loop
      vertex   1.434821e+02 6.359621e+01 7.000000e+00
      vertex   1.434821e+02 6.359621e+01 2.000000e+00
      vertex   1.438434e+02 6.304315e+01 7.000000e+00
    endloop
  endfacet
  facet normal -8.371665e-01 -5.469482e-01 -0.000000e+00
    outer loop
      vertex   1.438434e+02 6.304315e+01 7.000000e+00
      vertex   1.434821e+02 6.359621e+01 2.000000e+00
      vertex   1.438434e+02 6.304315e+01 2.000000e+00
    endloop
  endfacet
  facet normal -7.357239e-01 -6.772816e-01 -0.000000e+00
    outer loop
      vertex   1.438434e+02 6.304315e+01 7.000000e+00
      vertex   1.438434e+02 6.304315e+01 2.000000e+00
      vertex   1.442909e+02 6.255710e+01 7.000000e+00
    endloop
  endfacet
  facet normal -7.357239e-01 -6.772816e-01 -0.000000e+00
    outer loop
      vertex   1.442909e+02 6.255710e+01 7.000000e+00
      vertex   1.438434e+02 6.304315e+01 2.000000e+00
      vertex   1.442909e+02 6.255710e+01 2.000000e+00
    endloop
  endfacet
  facet normal -6.142127e-01 -7.891405e-01 -0.000000e+00
    outer loop
      vertex   1.442909e+02 6.255710e+01 7.000000e+00
      vertex   1.442909e+02 6.255710e+01 2.000000e+00
      vertex   1.448122e+02 6.215133e+01 7.000000e+00
    endloop
  endfacet
  facet normal -6.142127e-01 -7.891405e-01 -0.000000e+00
    outer loop
      vertex   1.448122e+02 6.215133e+01 7.000000e+00
      vertex   1.442909e+02 6.255710e+01 2.000000e+00
      vertex   1.448122e+02 6.215133e+01 2.000000e+00
    endloop
  endfacet
  facet normal -4.759474e-01 -8.794738e-01 -0.000000e+00
    outer loop
      vertex   1.448122e+02 6.215133e+01 7.000000e+00
      vertex   1.448122e+02 6.215133e+01 2.000000e+00
      vertex   1.453932e+02 6.183691e+01 7.000000e+00
    endloop
  endfacet
  facet normal -4.759474e-01 -8.794738e-01 -0.000000e+00
    outer loop
      vertex   1.453932e+02 6.183691e+01 7.000000e+00
      vertex   1.448122e+02 6.215133e+01 2.000000e+00
      vertex   1.453932e+02 6.183691e+01 2.000000e+00
    endloop
  endfacet
  facet normal -3.246995e-01 -9.458172e-01 -0.000000e+00
    outer loop
      vertex   1.453932e+02 6.183691e+01 7.000000e+00
      vertex   1.453932e+02 6.183691e+01 2.000000e+00
      vertex   1.460181e+02 6.162240e+01 7.000000e+00
    endloop
  endfacet
  facet normal -3.246995e-01 -9.458172e-01 -0.000000e+00
    outer loop
      vertex   1.460181e+02 6.162240e+01 7.000000e+00
      vertex   1.453932e+02 6.183691e+01 2.000000e+00
      vertex   1.460181e+02 6.162240e+01 2.000000e+00
    endloop
  endfacet
  facet normal -1.645946e-01 -9.863613e-01 -0.000000e+00
    outer loop
      vertex   1.460181e+02 6.162240e+01 7.000000e+00
      vertex   1.460181e+02 6.162240e+01 2.000000e+00
      vertex   1.466697e+02 6.151366e+01 7.000000e+00
    endloop
  endfacet
  facet normal -1.645946e-01 -9.863613e-01 -0.000000e+00
    outer loop
      vertex   1.466697e+02 6.151366e+01 7.000000e+00
      vertex   1.460181e+02 6.162240e+01 2.000000e+00
      vertex   1.466697e+02 6.151366e+01 2.000000e+00
    endloop
  endfacet
  facet normal 0.000000e+00 -1.000000e+00 0.000000e+00
    outer loop
      vertex   1.466697e+02 6.151366e+01 7.000000e+00
      vertex   1.466697e+02 6.151366e+01 2.000000e+00
      vertex   1.473303e+02 6.151366e+01 7.000000e+00
    endloop
  endfacet
  facet normal 0.000000e+00 -1.000000e+00 -0.000000e+00
    outer loop
      vertex   1.473303e+02 6.151366e+01 7.000000e+00
      vertex   1.466697e+02 6.151366e+01 2.000000e+00
      vertex   1.473303e+02 6.151366e+01 2.000000e+00
    endloop
  endfacet
  facet normal 1.645946e-01 -9.863613e-01 0.000000e+00
    outer loop
      vertex   1.473303e+02 6.151366e+01 7.000000e+00
      vertex   1.473303e+02 6.151366e+01 2.000000e+00
      vertex   1.479819e+02 6.162240e+01 7.000000e+00
    endloop
  endfacet
  facet normal 1.645946e-01 -9.863613e-01 0.000000e+00
    outer loop
      vertex   1.479819e+02 6.162240e+01 7.000000e+00
      vertex   1.473303e+02 6.151366e+01 2.000000e+00
      vertex   1.479819e+02 6.162240e+01 2.000000e+00
    endloop
  endfacet
  facet normal 3.246995e-01 -9.458172e-01 0.000000e+00
    outer loop
      vertex   1.479819e+02 6.162240e+01 7.000000e+00
      vertex   1.479819e+02 6.162240e+01 2.000000e+00
      vertex   1.486068e+02 6.183691e+01 7.000000e+00
    endloop
  endfacet
  facet normal 3.246995e-01 -9.458172e-01 0.000000e+00
    outer loop
      vertex   1.486068e+02 6.183691e+01 7.000000e+00
      vertex   1.479819e+02 6.162240e+01 2.000000e+00
      vertex   1.486068e+02 6.183691e+01 2.000000e+00
    endloop
  endfacet
  facet normal 4.759474e-01 -8.794738e-01 0.000000e+00
    outer loop
      vertex   1.486068e+02 6.183691e+01 7.000000e+00
      vertex   1.486068e+02 6.183691e+01 2.000000e+00
      vertex   1.491878e+02 6.215133e+01 7.000000e+00
    endloop
  endfacet
  facet normal 4.759474e-01 -8.794738e-01 0.000000e+00
    outer loop
      vertex   1.491878e+02 6.215133e+01 7.000000e+00
      vertex   1.486068e+02 6.183691e+01 2.000000e+00
      vertex   1.491878e+02 6.215133e+01 2.000000e+00
    endloop
  endfacet
  facet normal 6.142127e-01 -7.891405e-01 0.000000e+00
    outer loop
      vertex   1.491878e+02 6.215133e+01 7.000000e+00
      vertex   1.491878e+02 6.215133e+01 2.000000e+00
      vertex   1.497091e+02 6.255710e+01 7.000000e+00
    endloop
  endfacet
  facet normal 6.142127e-01 -7.891405e-01 0.000000e+00
    outer loop
      vertex   1.497091e+02 6.255710e+01 7.000000e+00
      vertex   1.491878e+02 6.215133e+01 2.000000e+00
      vertex   1.497091e+02 6.255710e+01 2.000000e+00
    endloop
  endfacet
  facet normal 7.357239e-01 -6.772816e-01 0.000000e+00
    outer loop
      vertex   1.497091e+02 6.255710e+01 7.000000e+00
      vertex   1.497091e+02 6.255710e+01 2.000000e+00
      vertex   1.501566e+02 6.304315e+01 7.000000e+00
    endloop
  endfacet
  facet normal 7.357239e-01 -6.772816e-01 0.000000e+00
    outer loop
      vertex   1.501566e+02 6.304315e+01 7.000000e+00
      vertex   1.497091e+02 6.255710e+01 2.000000e+00
      vertex   1.501566e+02 6.304315e+01 2.000000e+00
    endloop
  endfacet
  facet normal 8.371665e-01 -5.469482e-01 0.000000e+00
    outer loop
      vertex   1.501566e+02 6.304315e+01 7.000000e+00
      vertex   1.501566e+02 6.304315e+01 2.000000e+00
      vertex   1.505179e+02 6.359621e+01 7.000000e+00
    endloop
  endfacet
  facet normal 8.371665e-01 -5.469482e-01 0.000000e+00
    outer loop
      vertex   1.505179e+02 6.359621e+01 7.000000e+00
      vertex   1.501566e+02 6.304315e+01 2.000000e+00
      vertex   1.505179e+02 6.359621e+01 2.000000e+00
    endloop
  endfacet
  facet normal 9.157733e-01 -4.016954e-01 0.000000e+00
    outer loop
      vertex   1.505179e+02 6.359621e+01 7.000000e+00
      vertex   1.505179e+02 6.359621e+01 2.000000e+00
      vertex   1.507833e+02 6.420120e+01 7.000000e+00
    endloop
  endfacet
  facet normal 9.157733e-01 -4.016954e-01 0.000000e+00
    outer loop
      vertex   1.507833e+02 6.420120e+01 7.000000e+00
      vertex   1.505179e+02 6.359621e+01 2.000000e+00
      vertex   1.507833e+02 6.420120e+01 2.000000e+00
    endloop
  endfacet
  facet normal 9.694003e-01 -2.454855e-01 0.000000e+00
    outer loop
      vertex   1.507833e+02 6.420120e+01 7.000000e+00
      vertex   1.507833e+02 6.420120e+01 2.000000e+00
      vertex   1.509454e+02 6.484162e+01 7.000000e+00
    endloop
  endfacet
  facet normal 9.694003e-01 -2.454855e-01 -6.977117e-16
    outer loop
      vertex   1.509454e+02 6.484162e+01 7.000000e+00
      vertex   1.507833e+02 6.420120e+01 2.000000e+00
      vertex   1.509454e+02 6.484162e+01 2.000000e+00
    endloop
  endfacet
  facet normal -0.000000e+00 0.000000e+00 1.000000e+00
    outer loop
      vertex   1.490189e+02 6.514402e+01 7.000000e+00
      vertex   1.509454e+02 6.484162e+01 7.000000e+00
      vertex   1.490500e+02 6.550000e+01 7.000000e+00
    endloop
  endfacet
  facet normal -0.000000e+00 0.000000e+00 1.000000e+00
    outer loop
      vertex   1.490500e+02 6.550000e+01 7.000000e+00
      vertex   1.509454e+02 6.484162e+01 7.000000e+00
      vertex   1.510000e+02 6.550000e+01 7.000000e+00
    endloop
  endfacet
  facet normal 0.000000e+00 0.000000e+00 1.000000e+00
    outer loop
      vertex   1.490500e+02 6.550000e+01 7.000000e+00
      vertex   1.510000e+02 6.550000e+01 7.000000e+00
      vertex   1.509454e+02 6.615838e+01 7.000000e+00
    endloop
  endfacet
  facet normal 0.000000e+00 0.000000e+00 1.000000e+00
    outer loop
      vertex   1.509454e+02 6.484162e+01 7.000000e+00
      vertex   1.490189e+02 6.514402e+01 7.000000e+00
      vertex   1.507833e+02 6.420120e+01 7.000000e+00
    endloop
  endfacet
  facet normal 0.000000e+00 0.000000e+00 1.000000e+00
    outer loop
      vertex   1.507833e+02 6.420120e+01 7.000000e+00
      vertex   1.490189e+02 6.514402e+01 7.000000e+00
      vertex   1.489264e+02 6.479886e+01 7.000000e+00
    endloop
  endfacet
  facet normal 0.000000e+00 0.000000e+00 1.000000e+00
    outer loop
      vertex   1.507833e+02 6.420120e+01 7.000000e+00
      vertex   1.489264e+02 6.479886e+01 7.000000e+00
      vertex   1.505179e+02 6.359621e+01 7.000000e+00
    endloop
  endfacet
  facet normal 0.000000e+00 0.000000e+00 1.000000e+00
    outer loop
      vertex   1.505179e+02 6.359621e+01 7.000000e+00
      vertex   1.489264e+02 6.479886e+01 7.000000e+00
      vertex   1.487754e+02 6.447500e+01 7.000000e+00
    endloop
  endfacet
  facet normal 0.000000e+00 0.000000e+00 1.000000e+00
    outer loop
      vertex   1.505179e+02 6.359621e+01 7.000000e+00
      vertex   1.487754e+02 6.447500e+01 7.000000e+00
      vertex   1.501566e+02 6.304315e+01 7.000000e+00
    endloop
  endfacet
  facet normal 0.000000e+00 0.000000e+00 1.000000e+00
    outer loop
      vertex   1.501566e+02 6.304315e+01 7.000000e+00
      vertex   1.487754e+02 6.447500e+01 7.000000e+00
      vertex   1.485704e+02 6.418229e+01 7.000000e+00
    endloop
  endfacet
  facet normal 0.000000e+00 0.000000e+00 1.000000e+00
    outer loop
      vertex   1.501566e+02 6.304315e+01 7.000000e+00
      vertex   1.485704e+02 6.418229e+01 7.000000e+00
      vertex   1.497091e+02 6.255710e+01 7.000000e+00
    endloop
  endfacet
  facet normal 0.000000e+00 0.000000e+00 1.000000e+00
    outer loop
      vertex   1.497091e+02 6.255710e+01 7.000000e+00
      vertex   1.485704e+02 6.418229e+01 7.000000e+00
      vertex   1.483177e+02 6.392961e+01 7.000000e+00
    endloop
  endfacet
  facet normal 0.000000e+00 0.000000e+00 1.000000e+00
    outer loop
      vertex   1.497091e+02 6.255710e+01 7.000000e+00
      vertex   1.483177e+02 6.392961e+01 7.000000e+00
      vertex   1.491878e+02 6.215133e+01 7.000000e+00
    endloop
  endfacet
  facet normal 0.000000e+00 0.000000e+00 1.000000e+00
    outer loop
      vertex   1.491878e+02 6.215133e+01 7.000000e+00
      vertex   1.483177e+02 6.392961e+01 7.000000e+00
      vertex   1.480250e+02 6.372465e+01 7.000000e+00
    endloop
  endfacet
  facet normal 0.000000e+00 0.000000e+00 1.000000e+00
    outer loop
      vertex   1.491878e+02 6.215133e+01 7.000000e+00
      vertex   1.480250e+02 6.372465e+01 7.000000e+00
      vertex   1.486068e+02 6.183691e+01 7.000000e+00
    endloop
  endfacet
  facet normal 0.000000e+00 0.000000e+00 1.000000e+00
    outer loop
      vertex   1.486068e+02 6.183691e+01 7.000000e+00
      vertex   1.480250e+02 6.372465e+01 7.000000e+00
      vertex   1.477011e+02 6.357363e+01 7.000000e+00
    endloop
  endfacet
  facet normal 0.000000e+00 0.000000e+00 1.000000e+00
    outer loop
      vertex   1.486068e+02 6.183691e+01 7.000000e+00
      vertex   1.477011e+02 6.357363e+01 7.000000e+00
      vertex   1.479819e+02 6.162240e+01 7.000000e+00
    endloop
  endfacet
  facet normal 0.000000e+00 0.000000e+00 1.000000e+00
    outer loop
      vertex   1.479819e+02 6.162240e+01 7.000000e+00
      vertex   1.477011e+02 6.357363e+01 7.000000e+00
      vertex   1.473560e+02 6.348114e+01 7.000000e+00
    endloop
  endfacet
  facet normal 0.000000e+00 0.000000e+00 1.000000e+00
    outer loop
      vertex   1.479819e+02 6.162240e+01 7.000000e+00
      vertex   1.473560e+02 6.348114e+01 7.000000e+00
      vertex   1.473303e+02 6.151366e+01 7.000000e+00
    endloop
  endfacet
  facet normal 0.000000e+00 -0.000000e+00 1.000000e+00
    outer loop
      vertex   1.473303e+02 6.151366e+01 7.000000e+00
      vertex   1.473560e+02 6.348114e+01 7.000000e+00
      vertex   1.470000e+02 6.345000e+01 7.000000e+00
    endloop
  endfacet
  facet normal 0.000000e+00 0.000000e+00 1.000000e+00
    outer loop
      vertex   1.473303e+02 6.151366e+01 7.000000e+00
      vertex   1.470000e+02 6.345000e+01 7.000000e+00
      vertex   1.466697e+02 6.151366e+01 7.000000e+00
    endloop
  endfacet
  facet normal 0.000000e+00 -0.000000e+00 1.000000e+00
    outer loop
      vertex   1.466697e+02 6.151366e+01 7.000000e+00
      vertex   1.470000e+02 6.345000e+01 7.000000e+00
      vertex   1.466440e+02 6.348114e+01 7.000000e+00
    endloop
  endfacet
  facet normal 0.000000e+00 0.000000e+00 1.000000e+00
    outer loop
      vertex   1.466697e+02 6.151366e+01 7.000000e+00
      vertex   1.466440e+02 6.348114e+01 7.000000e+00
      vertex   1.460181e+02 6.162240e+01 7.000000e+00
    endloop
  endfacet
  facet normal 0.000000e+00 0.000000e+00 1.000000e+00
    outer loop
      vertex   1.460181e+02 6.162240e+01 7.000000e+00
      vertex   1.466440e+02 6.348114e+01 7.000000e+00
      vertex   1.462989e+02 6.357363e+01 7.000000e+00
    endloop
  endfacet
  facet normal 0.000000e+00 -0.000000e+00 1.000000e+00
    outer loop
      vertex   1.460181e+02 6.162240e+01 7.000000e+00
      vertex   1.462989e+02 6.357363e+01 7.000000e+00
      vertex   1.453932e+02 6.183691e+01 7.000000e+00
    endloop
  endfacet
  facet normal 0.000000e+00 0.000000e+00 1.000000e+00
    outer loop
      vertex   1.453932e+02 6.183691e+01 7.000000e+00
      vertex   1.462989e+02 6.357363e+01 7.000000e+00
      vertex   1.459750e+02 6.372465e+01 7.000000e+00
    endloop
  endfacet
  facet normal 0.000000e+00 -0.000000e+00 1.000000e+00
    outer loop
      vertex   1.453932e+02 6.183691e+01 7.000000e+00
      vertex   1.459750e+02 6.372465e+01 7.000000e+00
      vertex   1.448122e+02 6.215133e+01 7.000000e+00
    endloop
  endfacet
  facet normal 0.000000e+00 0.000000e+00 1.000000e+00
    outer loop
      vertex   1.448122e+02 6.215133e+01 7.000000e+00
      vertex   1.459750e+02 6.372465e+01 7.000000e+00
      vertex   1.456823e+02 6.392961e+01 7.000000e+00
    endloop
  endfacet
  facet normal 0.000000e+00 -0.000000e+00 1.000000e+00
    outer loop
      vertex   1.448122e+02 6.215133e+01 7.000000e+00
      vertex   1.456823e+02 6.392961e+01 7.000000e+00
      vertex   1.442909e+02 6.255710e+01 7.000000e+00
    endloop
  endfacet
  facet normal 0.000000e+00 0.000000e+00 1.000000e+00
    outer loop
      vertex   1.442909e+02 6.255710e+01 7.000000e+00
      vertex   1.456823e+02 6.392961e+01 7.000000e+00
      vertex   1.454296e+02 6.418229e+01 7.000000e+00
    endloop
  endfacet
  facet normal 0.000000e+00 -0.000000e+00 1.000000e+00
    outer loop
      vertex   1.442909e+02 6.255710e+01 7.000000e+00
      vertex   1.454296e+02 6.418229e+01 7.000000e+00
      vertex   1.438434e+02 6.304315e+01 7.000000e+00
    endloop
  endfacet
  facet normal 0.000000e+00 0.000000e+00 1.000000e+00
    outer loop
      vertex   1.438434e+02 6.304315e+01 7.000000e+00
      vertex   1.454296e+02 6.418229e+01 7.000000e+00
      vertex   1.452246e+02 6.447500e+01 7.000000e+00
    endloop
  endfacet
  facet normal 0.000000e+00 -0.000000e+00 1.000000e+00
    outer loop
      vertex   1.438434e+02 6.304315e+01 7.000000e+00
      vertex   1.452246e+02 6.447500e+01 7.000000e+00
      vertex   1.434821e+02 6.359621e+01 7.000000e+00
    endloop
  endfacet
  facet normal 0.000000e+00 0.000000e+00 1.000000e+00
    outer loop
      vertex   1.434821e+02 6.359621e+01 7.000000e+00
      vertex   1.452246e+02 6.447500e+01 7.000000e+00
      vertex   1.450736e+02 6.479886e+01 7.000000e+00
    endloop
  endfacet
  facet normal 0.000000e+00 -0.000000e+00 1.000000e+00
    outer loop
      vertex   1.434821e+02 6.359621e+01 7.000000e+00
      vertex   1.450736e+02 6.479886e+01 7.000000e+00
      vertex   1.432167e+02 6.420120e+01 7.000000e+00
    endloop
  endfacet
  facet normal 0.000000e+00 0.000000e+00 1.000000e+00
    outer loop
      vertex   1.432167e+02 6.420120e+01 7.000000e+00
      vertex   1.450736e+02 6.479886e+01 7.000000e+00
      vertex   1.449811e+02 6.514402e+01 7.000000e+00
    endloop
  endfacet
  facet normal 0.000000e+00 -0.000000e+00 1.000000e+00
    outer loop
      vertex   1.432167e+02 6.420120e+01 7.000000e+00
      vertex   1.449811e+02 6.514402e+01 7.000000e+00
      vertex   1.430546e+02 6.484162e+01 7.000000e+00
    endloop
  endfacet
  facet normal 0.000000e+00 0.000000e+00 1.000000e+00
    outer loop
      vertex   1.430546e+02 6.484162e+01 7.000000e+00
      vertex   1.449811e+02 6.514402e+01 7.000000e+00
      vertex   1.449500e+02 6.550000e+01 7.000000e+00
    endloop
  endfacet
  facet normal 0.000000e+00 -0.000000e+00 1.000000e+00
    outer loop
      vertex   1.430546e+02 6.484162e+01 7.000000e+00
      vertex   1.449500e+02 6.550000e+01 7.000000e+00
      vertex   1.430000e+02 6.550000e+01 7.000000e+00
    endloop
  endfacet
  facet normal 0.000000e+00 0.000000e+00 1.000000e+00
    outer loop
      vertex   1.430000e+02 6.550000e+01 7.000000e+00
      vertex   1.449500e+02 6.550000e+01 7.000000e+00
      vertex   1.430546e+02 6.615838e+01 7.000000e+00
    endloop
  endfacet
  facet normal 0.000000e+00 0.000000e+00 1.000000e+00
    outer loop
      vertex   1.430546e+02 6.615838e+01 7.000000e+00
      vertex   1.449500e+02 6.550000e+01 7.000000e+00
      vertex   1.449811e+02 6.585598e+01 7.000000e+00
    endloop
  endfacet
  facet normal -0.000000e+00 0.000000e+00 1.000000e+00
    outer loop
      vertex   1.430546e+02 6.615838e+01 7.000000e+00
      vertex   1.449811e+02 6.585598e+01 7.000000e+00
      vertex   1.432167e+02 6.679880e+01 7.000000e+00
    endloop
  endfacet
  facet normal 0.000000e+00 0.000000e+00 1.000000e+00
    outer loop
      vertex   1.432167e+02 6.679880e+01 7.000000e+00
      vertex   1.449811e+02 6.585598e+01 7.000000e+00
      vertex   1.450736e+02 6.620114e+01 7.000000e+00
    endloop
  endfacet
  facet normal -0.000000e+00 0.000000e+00 1.000000e+00
    outer loop
      vertex   1.432167e+02 6.679880e+01 7.000000e+00
      vertex   1.450736e+02 6.620114e+01 7.000000e+00
      vertex   1.434821e+02 6.740379e+01 7.000000e+00
    endloop
  endfacet
  facet normal 0.000000e+00 0.000000e+00 1.000000e+00
    outer loop
      vertex   1.434821e+02 6.740379e+01 7.000000e+00
      vertex   1.450736e+02 6.620114e+01 7.000000e+00
      vertex   1.452246e+02 6.652500e+01 7.000000e+00
    endloop
  endfacet
  facet normal -0.000000e+00 0.000000e+00 1.000000e+00
    outer loop
      vertex   1.434821e+02 6.740379e+01 7.000000e+00
      vertex   1.452246e+02 6.652500e+01 7.000000e+00
      vertex   1.438434e+02 6.795685e+01 7.000000e+00
    endloop
  endfacet
  facet normal 0.000000e+00 0.000000e+00 1.000000e+00
    outer loop
      vertex   1.438434e+02 6.795685e+01 7.000000e+00
      vertex   1.452246e+02 6.652500e+01 7.000000e+00
      vertex   1.454296e+02 6.681771e+01 7.000000e+00
    endloop
  endfacet
  facet normal -0.000000e+00 0.000000e+00 1.000000e+00
    outer loop
      vertex   1.438434e+02 6.795685e+01 7.000000e+00
      vertex   1.454296e+02 6.681771e+01 7.000000e+00
      vertex   1.442909e+02 6.844290e+01 7.000000e+00
    endloop
  endfacet
  facet normal 0.000000e+00 0.000000e+00 1.000000e+00
    outer loop
      vertex   1.442909e+02 6.844290e+01 7.000000e+00
      vertex   1.454296e+02 6.681771e+01 7.000000e+00
      vertex   1.456823e+02 6.707039e+01 7.000000e+00
    endloop
  endfacet
  facet normal -0.000000e+00 0.000000e+00 1.000000e+00
    outer loop
      vertex   1.442909e+02 6.844290e+01 7.000000e+00
      vertex   1.456823e+02 6.707039e+01 7.000000e+00
      vertex   1.448122e+02 6.884867e+01 7.000000e+00
    endloop
  endfacet
  facet normal 0.000000e+00 0.000000e+00 1.000000e+00
    outer loop
      vertex   1.448122e+02 6.884867e+01 7.000000e+00
      vertex   1.456823e+02 6.707039e+01 7.000000e+00
      vertex   1.459750e+02 6.727535e+01 7.000000e+00
    endloop
  endfacet
  facet normal -0.000000e+00 0.000000e+00 1.000000e+00
    outer loop
      vertex   1.448122e+02 6.884867e+01 7.000000e+00
      vertex   1.459750e+02 6.727535e+01 7.000000e+00
      vertex   1.453932e+02 6.916309e+01 7.000000e+00
    endloop
  endfacet
  facet normal 0.000000e+00 0.000000e+00 1.000000e+00
    outer loop
      vertex   1.453932e+02 6.916309e+01 7.000000e+00
      vertex   1.459750e+02 6.727535e+01 7.000000e+00
      vertex   1.462989e+02 6.742637e+01 7.000000e+00
    endloop
  endfacet
  facet normal -0.000000e+00 0.000000e+00 1.000000e+00
    outer loop
      vertex   1.453932e+02 6.916309e+01 7.000000e+00
      vertex   1.462989e+02 6.742637e+01 7.000000e+00
      vertex   1.460181e+02 6.937760e+01 7.000000e+00
    endloop
  endfacet
  facet normal 0.000000e+00 0.000000e+00 1.000000e+00
    outer loop
      vertex   1.460181e+02 6.937760e+01 7.000000e+00
      vertex   1.462989e+02 6.742637e+01 7.000000e+00
      vertex   1.466440e+02 6.751886e+01 7.000000e+00
    endloop
  endfacet
  facet normal -0.000000e+00 0.000000e+00 1.000000e+00
    outer loop
      vertex   1.460181e+02 6.937760e+01 7.000000e+00
      vertex   1.466440e+02 6.751886e+01 7.000000e+00
      vertex   1.466697e+02 6.948634e+01 7.000000e+00
    endloop
  endfacet
  facet normal 0.000000e+00 0.000000e+00 1.000000e+00
    outer loop
      vertex   1.466697e+02 6.948634e+01 7.000000e+00
      vertex   1.466440e+02 6.751886e+01 7.000000e+00
      vertex   1.470000e+02 6.755000e+01 7.000000e+00
    endloop
  endfacet
  facet normal -0.000000e+00 0.000000e+00 1.000000e+00
    outer loop
      vertex   1.466697e+02 6.948634e+01 7.000000e+00
      vertex   1.470000e+02 6.755000e+01 7.000000e+00
      vertex   1.473303e+02 6.948634e+01 7.000000e+00
    endloop
  endfacet
  facet normal 0.000000e+00 0.000000e+00 1.000000e+00
    outer loop
      vertex   1.473303e+02 6.948634e+01 7.000000e+00
      vertex   1.470000e+02 6.755000e+01 7.000000e+00
      vertex   1.473560e+02 6.751886e+01 7.000000e+00
    endloop
  endfacet
  facet normal 0.000000e+00 0.000000e+00 1.000000e+00
    outer loop
      vertex   1.473303e+02 6.948634e+01 7.000000e+00
      vertex   1.473560e+02 6.751886e+01 7.000000e+00
      vertex   1.479819e+02 6.937760e+01 7.000000e+00
    endloop
  endfacet
  facet normal 0.000000e+00 0.000000e+00 1.000000e+00
    outer loop
      vertex   1.479819e+02 6.937760e+01 7.000000e+00
      vertex   1.473560e+02 6.751886e+01 7.000000e+00
      vertex   1.477011e+02 6.742637e+01 7.000000e+00
    endloop
  endfacet
  facet normal 0.000000e+00 0.000000e+00 1.000000e+00
    outer loop
      vertex   1.479819e+02 6.937760e+01 7.000000e+00
      vertex   1.477011e+02 6.742637e+01 7.000000e+00
      vertex   1.486068e+02 6.916309e+01 7.000000e+00
    endloop
  endfacet
  facet normal 0.000000e+00 0.000000e+00 1.000000e+00
    outer loop
      vertex   1.486068e+02 6.916309e+01 7.000000e+00
      vertex   1.477011e+02 6.742637e+01 7.000000e+00
      vertex   1.480250e+02 6.727535e+01 7.000000e+00
    endloop
  endfacet
  facet normal 0.000000e+00 0.000000e+00 1.000000e+00
    outer loop
      vertex   1.486068e+02 6.916309e+01 7.000000e+00
      vertex   1.480250e+02 6.727535e+01 7.000000e+00
      vertex   1.491878e+02 6.884867e+01 7.000000e+00
    endloop
  endfacet
  facet normal 0.000000e+00 0.000000e+00 1.000000e+00
    outer loop
      vertex   1.491878e+02 6.884867e+01 7.000000e+00
      vertex   1.480250e+02 6.727535e+01 7.000000e+00
      vertex   1.483177e+02 6.707039e+01 7.000000e+00
    endloop
  endfacet
  facet normal 0.000000e+00 0.000000e+00 1.000000e+00
    outer loop
      vertex   1.491878e+02 6.884867e+01 7.000000e+00
      vertex   1.483177e+02 6.707039e+01 7.000000e+00
      vertex   1.497091e+02 6.844290e+01 7.000000e+00
    endloop
  endfacet
  facet normal 0.000000e+00 0.000000e+00 1.000000e+00
    outer loop
      vertex   1.497091e+02 6.844290e+01 7.000000e+00
      vertex   1.483177e+02 6.707039e+01 7.000000e+00
      vertex   1.485704e+02 6.681771e+01 7.000000e+00
    endloop
  endfacet
  facet normal 0.000000e+00 0.000000e+00 1.000000e+00
    outer loop
      vertex   1.497091e+02 6.844290e+01 7.000000e+00
      vertex   1.485704e+02 6.681771e+01 7.000000e+00
      vertex   1.501566e+02 6.795685e+01 7.000000e+00
    endloop
  endfacet
  facet normal 0.000000e+00 0.000000e+00 1.000000e+00
    outer loop
      vertex   1.501566e+02 6.795685e+01 7.000000e+00
      vertex   1.485704e+02 6.681771e+01 7.000000e+00
      vertex   1.487754e+02 6.652500e+01 7.000000e+00
    endloop
  endfacet
  facet normal 0.000000e+00 0.000000e+00 1.000000e+00
    outer loop
      vertex   1.501566e+02 6.795685e+01 7.000000e+00
      vertex   1.487754e+02 6.652500e+01 7.000000e+00
      vertex   1.505179e+02 6.740379e+01 7.000000e+00
    endloop
  endfacet
  facet normal 0.000000e+00 0.000000e+00 1.000000e+00
    outer loop
      vertex   1.505179e+02 6.740379e+01 7.000000e+00
      vertex   1.487754e+02 6.652500e+01 7.000000e+00
      vertex   1.489264e+02 6.620114e+01 7.000000e+00
    endloop
  endfacet
  facet normal 0.000000e+00 0.000000e+00 1.000000e+00
    outer loop
      vertex   1.505179e+02 6.740379e+01 7.000000e+00
      vertex   1.489264e+02 6.620114e+01 7.000000e+00
      vertex   1.507833e+02 6.679880e+01 7.000000e+00
    endloop
  endfacet
  facet normal 0.000000e+00 0.000000e+00 1.000000e+00
    outer loop
      vertex   1.507833e+02 6.679880e+01 7.000000e+00
      vertex   1.489264e+02 6.620114e+01 7.000000e+00
      vertex   1.490189e+02 6.585598e+01 7.000000e+00
    endloop
  endfacet
  facet normal 0.000000e+00 0.000000e+00 1.000000e+00
    outer loop
      vertex   1.507833e+02 6.679880e+01 7.000000e+00
      vertex   1.490189e+02 6.585598e+01 7.000000e+00
      vertex   1.509454e+02 6.615838e+01 7.000000e+00
    endloop
  endfacet
  facet normal 0.000000e+00 0.000000e+00 1.000000e+00
    outer loop
      vertex   1.509454e+02 6.615838e+01 7.000000e+00
      vertex   1.490189e+02 6.585598e+01 7.000000e+00
      vertex   1.490500e+02 6.550000e+01 7.000000e+00
    endloop
  endfacet
  facet normal 0.000000e+00 -3.742548e-15 1.000000e+00
    outer loop
      vertex   1.401886e+01 1.608560e+02 2.000000e+00
      vertex   9.981144e+00 1.608560e+02 2.000000e+00
      vertex   1.405000e+01 1.605000e+02 2.000000e+00
    endloop
  endfacet
  facet normal 3.249433e-16 -2.842886e-17 1.000000e+00
    outer loop
      vertex   1.405000e+01 1.605000e+02 2.000000e+00
      vertex   9.981144e+00 1.608560e+02 2.000000e+00
      vertex   9.950000e+00 1.605000e+02 2.000000e+00
    endloop
  endfacet
  facet normal 3.249433e-16 3.714119e-15 1.000000e+00
    outer loop
      vertex   1.405000e+01 1.605000e+02 2.000000e+00
      vertex   9.950000e+00 1.605000e+02 2.000000e+00
      vertex   1.401886e+01 1.601440e+02 2.000000e+00
    endloop
  endfacet
  facet normal 0.000000e+00 0.000000e+00 1.000000e+00
    outer loop
      vertex   1.401886e+01 1.601440e+02 2.000000e+00
      vertex   9.950000e+00 1.605000e+02 2.000000e+00
      vertex   9.981144e+00 1.601440e+02 2.000000e+00
    endloop
  endfacet
  facet normal 0.000000e+00 0.000000e+00 1.000000e+00
    outer loop
      vertex   1.401886e+01 1.601440e+02 2.000000e+00
      vertex   9.981144e+00 1.601440e+02 2.000000e+00
      vertex   1.392637e+01 1.597989e+02 2.000000e+00
    endloop
  endfacet
  facet normal 0.000000e+00 0.000000e+00 1.000000e+00
    outer loop
      vertex   1.392637e+01 1.597989e+02 2.000000e+00
      vertex   9.981144e+00 1.601440e+02 2.000000e+00
      vertex   1.007363e+01 1.597989e+02 2.000000e+00
    endloop
  endfacet
  facet normal 0.000000e+00 0.000000e+00 1.000000e+00
    outer loop
      vertex   1.392637e+01 1.597989e+02 2.000000e+00
      vertex   1.007363e+01 1.597989e+02 2.000000e+00
      vertex   1.377535e+01 1.594750e+02 2.000000e+00
    endloop
  endfacet
  facet normal 0.000000e+00 0.000000e+00 1.000000e+00
    outer loop
      vertex   1.377535e+01 1.594750e+02 2.000000e+00
      vertex   1.007363e+01 1.597989e+02 2.000000e+00
      vertex   1.022465e+01 1.594750e+02 2.000000e+00
    endloop
  endfacet
  facet normal 0.000000e+00 0.000000e+00 1.000000e+00
    outer loop
      vertex   1.377535e+01 1.594750e+02 2.000000e+00
      vertex   1.022465e+01 1.594750e+02 2.000000e+00
      vertex   1.357039e+01 1.591823e+02 2.000000e+00
    endloop
  endfacet
  facet normal 0.000000e+00 0.000000e+00 1.000000e+00
    outer loop
      vertex   1.357039e+01 1.591823e+02 2.000000e+00
      vertex   1.022465e+01 1.594750e+02 2.000000e+00
      vertex   1.042961e+01 1.591823e+02 2.000000e+00
    endloop
  endfacet
  facet normal 0.000000e+00 0.000000e+00 1.000000e+00
    outer loop
      vertex   1.357039e+01 1.591823e+02 2.000000e+00
      vertex   1.042961e+01 1.591823e+02 2.000000e+00
      vertex   1.331771e+01 1.589296e+02 2.000000e+00
    endloop
  endfacet
  facet normal 0.000000e+00 0.000000e+00 1.000000e+00
    outer loop
      vertex   1.331771e+01 1.589296e+02 2.000000e+00
      vertex   1.042961e+01 1.591823e+02 2.000000e+00
      vertex   1.068229e+01 1.589296e+02 2.000000e+00
    endloop
  endfacet
  facet normal 0.000000e+00 0.000000e+00 1.000000e+00
    outer loop
      vertex   1.331771e+01 1.589296e+02 2.000000e+00
      vertex   1.068229e+01 1.589296e+02 2.000000e+00
      vertex   1.302500e+01 1.587246e+02 2.000000e+00
    endloop
  endfacet
  facet normal 0.000000e+00 0.000000e+00 1.000000e+00
    outer loop
      vertex   1.302500e+01 1.587246e+02 2.000000e+00
      vertex   1.068229e+01 1.589296e+02 2.000000e+00
      vertex   1.097500e+01 1.587246e+02 2.000000e+00
    endloop
  endfacet
  facet normal 0.000000e+00 0.000000e+00 1.000000e+00
    outer loop
      vertex   1.302500e+01 1.587246e+02 2.000000e+00
      vertex   1.097500e+01 1.587246e+02 2.000000e+00
      vertex   1.270114e+01 1.585736e+02 2.000000e+00
    endloop
  endfacet
  facet normal 0.000000e+00 0.000000e+00 1.000000e+00
    outer loop
      vertex   1.270114e+01 1.585736e+02 2.000000e+00
      vertex   1.097500e+01 1.587246e+02 2.000000e+00
      vertex   1.129886e+01 1.585736e+02 2.000000e+00
    endloop
  endfacet
  facet normal 0.000000e+00 0.000000e+00 1.000000e+00
    outer loop
      vertex   1.270114e+01 1.585736e+02 2.000000e+00
      vertex   1.129886e+01 1.585736e+02 2.000000e+00
      vertex   1.235598e+01 1.584811e+02 2.000000e+00
    endloop
  endfacet
  facet normal 0.000000e+00 0.000000e+00 1.000000e+00
    outer loop
      vertex   1.235598e+01 1.584811e+02 2.000000e+00
      vertex   1.129886e+01 1.585736e+02 2.000000e+00
      vertex   1.164402e+01 1.584811e+02 2.000000e+00
    endloop
  endfacet
  facet normal 0.000000e+00 0.000000e+00 1.000000e+00
    outer loop
      vertex   1.235598e+01 1.584811e+02 2.000000e+00
      vertex   1.164402e+01 1.584811e+02 2.000000e+00
      vertex   1.200000e+01 1.584500e+02 2.000000e+00
    endloop
  endfacet
  facet normal 0.000000e+00 0.000000e+00 1.000000e+00
    outer loop
      vertex   9.981144e+00 1.608560e+02 2.000000e+00
      vertex   1.401886e+01 1.608560e+02 2.000000e+00
      vertex   1.007363e+01 1.612011e+02 2.000000e+00
    endloop
  endfacet
  facet normal -0.000000e+00 0.000000e+00 1.000000e+00
    outer loop
      vertex   1.007363e+01 1.612011e+02 2.000000e+00
      vertex   1.401886e+01 1.608560e+02 2.000000e+00
      vertex   1.392637e+01 1.612011e+02 2.000000e+00
    endloop
  endfacet
  facet normal 0.000000e+00 0.000000e+00 1.000000e+00
    outer loop
      vertex   1.007363e+01 1.612011e+02 2.000000e+00
      vertex   1.392637e+01 1.612011e+02 2.000000e+00
      vertex   1.022465e+01 1.615250e+02 2.000000e+00
    endloop
  endfacet
  facet normal -0.000000e+00 0.000000e+00 1.000000e+00
    outer loop
      vertex   1.022465e+01 1.615250e+02 2.000000e+00
      vertex   1.392637e+01 1.612011e+02 2.000000e+00
      vertex   1.377535e+01 1.615250e+02 2.000000e+00
    endloop
  endfacet
  facet normal 0.000000e+00 0.000000e+00 1.000000e+00
    outer loop
      vertex   1.022465e+01 1.615250e+02 2.000000e+00
      vertex   1.377535e+01 1.615250e+02 2.000000e+00
      vertex   1.042961e+01 1.618177e+02 2.000000e+00
    endloop
  endfacet
  facet normal -0.000000e+00 0.000000e+00 1.000000e+00
    outer loop
      vertex   1.042961e+01 1.618177e+02 2.000000e+00
      vertex   1.377535e+01 1.615250e+02 2.000000e+00
      vertex   1.357039e+01 1.618177e+02 2.000000e+00
    endloop
  endfacet
  facet normal 0.000000e+00 0.000000e+00 1.000000e+00
    outer loop
      vertex   1.042961e+01 1.618177e+02 2.000000e+00
      vertex   1.357039e+01 1.618177e+02 2.000000e+00
      vertex   1.068229e+01 1.620704e+02 2.000000e+00
    endloop
  endfacet
  facet normal -0.000000e+00 0.000000e+00 1.000000e+00
    outer loop
      vertex   1.068229e+01 1.620704e+02 2.000000e+00
      vertex   1.357039e+01 1.618177e+02 2.000000e+00
      vertex   1.331771e+01 1.620704e+02 2.000000e+00
    endloop
  endfacet
  facet normal 0.000000e+00 0.000000e+00 1.000000e+00
    outer loop
      vertex   1.068229e+01 1.620704e+02 2.000000e+00
      vertex   1.331771e+01 1.620704e+02 2.000000e+00
      vertex   1.097500e+01 1.622754e+02 2.000000e+00
    endloop
  endfacet
  facet normal -0.000000e+00 0.000000e+00 1.000000e+00
    outer loop
      vertex   1.097500e+01 1.622754e+02 2.000000e+00
      vertex   1.331771e+01 1.620704e+02 2.000000e+00
      vertex   1.302500e+01 1.622754e+02 2.000000e+00
    endloop
  endfacet
  facet normal 0.000000e+00 0.000000e+00 1.000000e+00
    outer loop
      vertex   1.097500e+01 1.622754e+02 2.000000e+00
      vertex   1.302500e+01 1.622754e+02 2.000000e+00
      vertex   1.129886e+01 1.624264e+02 2.000000e+00
    endloop
  endfacet
  facet normal -0.000000e+00 0.000000e+00 1.000000e+00
    outer loop
      vertex   1.129886e+01 1.624264e+02 2.000000e+00
      vertex   1.302500e+01 1.622754e+02 2.000000e+00
      vertex   1.270114e+01 1.624264e+02 2.000000e+00
    endloop
  endfacet
  facet normal 0.000000e+00 0.000000e+00 1.000000e+00
    outer loop
      vertex   1.129886e+01 1.624264e+02 2.000000e+00
      vertex   1.270114e+01 1.624264e+02 2.000000e+00
      vertex   1.164402e+01 1.625189e+02 2.000000e+00
    endloop
  endfacet
  facet normal -0.000000e+00 0.000000e+00 1.000000e+00
    outer loop
      vertex   1.164402e+01 1.625189e+02 2.000000e+00
      vertex   1.270114e+01 1.624264e+02 2.000000e+00
      vertex   1.235598e+01 1.625189e+02 2.000000e+00
    endloop
  endfacet
  facet normal 0.000000e+00 0.000000e+00 1.000000e+00
    outer loop
      vertex   1.164402e+01 1.625189e+02 2.000000e+00
      vertex   1.235598e+01 1.625189e+02 2.000000e+00
      vertex   1.200000e+01 1.625500e+02 2.000000e+00
    endloop
  endfacet
  facet normal -9.961947e-01 -8.715574e-02 -0.000000e+00
    outer loop
      vertex   1.401886e+01 6.585598e+01 7.000000e+00
      vertex   1.401886e+01 6.585598e+01 2.000000e+00
      vertex   1.405000e+01 6.550000e+01 7.000000e+00
    endloop
  endfacet
  facet normal -9.961947e-01 -8.715574e-02 -0.000000e+00
    outer loop
      vertex   1.405000e+01 6.550000e+01 7.000000e+00
      vertex   1.401886e+01 6.585598e+01 2.000000e+00
      vertex   1.405000e+01 6.550000e+01 2.000000e+00
    endloop
  endfacet
  facet normal -9.961947e-01 8.715574e-02 0.000000e+00
    outer loop
      vertex   1.405000e+01 6.550000e+01 7.000000e+00
      vertex   1.405000e+01 6.550000e+01 2.000000e+00
      vertex   1.401886e+01 6.514402e+01 7.000000e+00
    endloop
  endfacet
  facet normal -9.961947e-01 8.715574e-02 0.000000e+00
    outer loop
      vertex   1.401886e+01 6.514402e+01 7.000000e+00
      vertex   1.405000e+01 6.550000e+01 2.000000e+00
      vertex   1.401886e+01 6.514402e+01 2.000000e+00
    endloop
  endfacet
  facet normal -9.659258e-01 2.588190e-01 0.000000e+00
    outer loop
      vertex   1.401886e+01 6.514402e+01 7.000000e+00
      vertex   1.401886e+01 6.514402e+01 2.000000e+00
      vertex   1.392637e+01 6.479886e+01 7.000000e+00
    endloop
  endfacet
  facet normal -9.659258e-01 2.588190e-01 0.000000e+00
    outer loop
      vertex   1.392637e+01 6.479886e+01 7.000000e+00
      vertex   1.401886e+01 6.514402e+01 2.000000e+00
      vertex   1.392637e+01 6.479886e+01 2.000000e+00
    endloop
  endfacet
  facet normal -9.063078e-01 4.226183e-01 0.000000e+00
    outer loop
      vertex   1.392637e+01 6.479886e+01 7.000000e+00
      vertex   1.392637e+01 6.479886e+01 2.000000e+00
      vertex   1.377535e+01 6.447500e+01 7.000000e+00
    endloop
  endfacet
  facet normal -9.063078e-01 4.226183e-01 0.000000e+00
    outer loop
      vertex   1.377535e+01 6.447500e+01 7.000000e+00
      vertex   1.392637e+01 6.479886e+01 2.000000e+00
      vertex   1.377535e+01 6.447500e+01 2.000000e+00
    endloop
  endfacet
  facet normal -8.191520e-01 5.735764e-01 0.000000e+00
    outer loop
      vertex   1.377535e+01 6.447500e+01 7.000000e+00
      vertex   1.377535e+01 6.447500e+01 2.000000e+00
      vertex   1.357039e+01 6.418229e+01 7.000000e+00
    endloop
  endfacet
  facet normal -8.191520e-01 5.735764e-01 0.000000e+00
    outer loop
      vertex   1.357039e+01 6.418229e+01 7.000000e+00
      vertex   1.377535e+01 6.447500e+01 2.000000e+00
      vertex   1.357039e+01 6.418229e+01 2.000000e+00
    endloop
  endfacet
  facet normal -7.071068e-01 7.071068e-01 0.000000e+00
    outer loop
      vertex   1.357039e+01 6.418229e+01 7.000000e+00
      vertex   1.357039e+01 6.418229e+01 2.000000e+00
      vertex   1.331771e+01 6.392961e+01 7.000000e+00
    endloop
  endfacet
  facet normal -7.071068e-01 7.071068e-01 0.000000e+00
    outer loop
      vertex   1.331771e+01 6.392961e+01 7.000000e+00
      vertex   1.357039e+01 6.418229e+01 2.000000e+00
      vertex   1.331771e+01 6.392961e+01 2.000000e+00
    endloop
  endfacet
  facet normal -5.735764e-01 8.191520e-01 0.000000e+00
    outer loop
      vertex   1.331771e+01 6.392961e+01 7.000000e+00
      vertex   1.331771e+01 6.392961e+01 2.000000e+00
      vertex   1.302500e+01 6.372465e+01 7.000000e+00
    endloop
  endfacet
  facet normal -5.735764e-01 8.191520e-01 0.000000e+00
    outer loop
      vertex   1.302500e+01 6.372465e+01 7.000000e+00
      vertex   1.331771e+01 6.392961e+01 2.000000e+00
      vertex   1.302500e+01 6.372465e+01 2.000000e+00
    endloop
  endfacet
  facet normal -4.226183e-01 9.063078e-01 0.000000e+00
    outer loop
      vertex   1.302500e+01 6.372465e+01 7.000000e+00
      vertex   1.302500e+01 6.372465e+01 2.000000e+00
      vertex   1.270114e+01 6.357363e+01 7.000000e+00
    endloop
  endfacet
  facet normal -4.226183e-01 9.063078e-01 0.000000e+00
    outer loop
      vertex   1.270114e+01 6.357363e+01 7.000000e+00
      vertex   1.302500e+01 6.372465e+01 2.000000e+00
      vertex   1.270114e+01 6.357363e+01 2.000000e+00
    endloop
  endfacet
  facet normal -2.588190e-01 9.659258e-01 0.000000e+00
    outer loop
      vertex   1.270114e+01 6.357363e+01 7.000000e+00
      vertex   1.270114e+01 6.357363e+01 2.000000e+00
      vertex   1.235598e+01 6.348114e+01 7.000000e+00
    endloop
  endfacet
  facet normal -2.588190e-01 9.659258e-01 9.195100e-17
    outer loop
      vertex   1.235598e+01 6.348114e+01 7.000000e+00
      vertex   1.270114e+01 6.357363e+01 2.000000e+00
      vertex   1.235598e+01 6.348114e+01 2.000000e+00
    endloop
  endfacet
  facet normal -8.715574e-02 9.961947e-01 3.096394e-17
    outer loop
      vertex   1.235598e+01 6.348114e+01 7.000000e+00
      vertex   1.235598e+01 6.348114e+01 2.000000e+00
      vertex   1.200000e+01 6.345000e+01 7.000000e+00
    endloop
  endfacet
  facet normal -8.715574e-02 9.961947e-01 0.000000e+00
    outer loop
      vertex   1.200000e+01 6.345000e+01 7.000000e+00
      vertex   1.235598e+01 6.348114e+01 2.000000e+00
      vertex   1.200000e+01 6.345000e+01 2.000000e+00
    endloop
  endfacet
  facet normal 8.715574e-02 9.961947e-01 0.000000e+00
    outer loop
      vertex   1.200000e+01 6.345000e+01 7.000000e+00
      vertex   1.200000e+01 6.345000e+01 2.000000e+00
      vertex   1.164402e+01 6.348114e+01 7.000000e+00
    endloop
  endfacet
  facet normal 8.715574e-02 9.961947e-01 0.000000e+00
    outer loop
      vertex   1.164402e+01 6.348114e+01 7.000000e+00
      vertex   1.200000e+01 6.345000e+01 2.000000e+00
      vertex   1.164402e+01 6.348114e+01 2.000000e+00
    endloop
  endfacet
  facet normal 2.588190e-01 9.659258e-01 0.000000e+00
    outer loop
      vertex   1.164402e+01 6.348114e+01 7.000000e+00
      vertex   1.164402e+01 6.348114e+01 2.000000e+00
      vertex   1.129886e+01 6.357363e+01 7.000000e+00
    endloop
  endfacet
  facet normal 2.588190e-01 9.659258e-01 0.000000e+00
    outer loop
      vertex   1.129886e+01 6.357363e+01 7.000000e+00
      vertex   1.164402e+01 6.348114e+01 2.000000e+00
      vertex   1.129886e+01 6.357363e+01 2.000000e+00
    endloop
  endfacet
  facet normal 4.226183e-01 9.063078e-01 0.000000e+00
    outer loop
      vertex   1.129886e+01 6.357363e+01 7.000000e+00
      vertex   1.129886e+01 6.357363e+01 2.000000e+00
      vertex   1.097500e+01 6.372465e+01 7.000000e+00
    endloop
  endfacet
  facet normal 4.226183e-01 9.063078e-01 -1.501442e-16
    outer loop
      vertex   1.097500e+01 6.372465e+01 7.000000e+00
      vertex   1.129886e+01 6.357363e+01 2.000000e+00
      vertex   1.097500e+01 6.372465e+01 2.000000e+00
    endloop
  endfacet
  facet normal 5.735764e-01 8.191520e-01 -2.037753e-16
    outer loop
      vertex   1.097500e+01 6.372465e+01 7.000000e+00
      vertex   1.097500e+01 6.372465e+01 2.000000e+00
      vertex   1.068229e+01 6.392961e+01 7.000000e+00
    endloop
  endfacet
  facet normal 5.735764e-01 8.191520e-01 0.000000e+00
    outer loop
      vertex   1.068229e+01 6.392961e+01 7.000000e+00
      vertex   1.097500e+01 6.372465e+01 2.000000e+00
      vertex   1.068229e+01 6.392961e+01 2.000000e+00
    endloop
  endfacet
  facet normal 7.071068e-01 7.071068e-01 0.000000e+00
    outer loop
      vertex   1.068229e+01 6.392961e+01 7.000000e+00
      vertex   1.068229e+01 6.392961e+01 2.000000e+00
      vertex   1.042961e+01 6.418229e+01 7.000000e+00
    endloop
  endfacet
  facet normal 7.071068e-01 7.071068e-01 0.000000e+00
    outer loop
      vertex   1.042961e+01 6.418229e+01 7.000000e+00
      vertex   1.068229e+01 6.392961e+01 2.000000e+00
      vertex   1.042961e+01 6.418229e+01 2.000000e+00
    endloop
  endfacet
  facet normal 8.191520e-01 5.735764e-01 0.000000e+00
    outer loop
      vertex   1.042961e+01 6.418229e+01 7.000000e+00
      vertex   1.042961e+01 6.418229e+01 2.000000e+00
      vertex   1.022465e+01 6.447500e+01 7.000000e+00
    endloop
  endfacet
  facet normal 8.191520e-01 5.735764e-01 0.000000e+00
    outer loop
      vertex   1.022465e+01 6.447500e+01 7.000000e+00
      vertex   1.042961e+01 6.418229e+01 2.000000e+00
      vertex   1.022465e+01 6.447500e+01 2.000000e+00
    endloop
  endfacet
  facet normal 9.063078e-01 4.226183e-01 0.000000e+00
    outer loop
      vertex   1.022465e+01 6.447500e+01 7.000000e+00
      vertex   1.022465e+01 6.447500e+01 2.000000e+00
      vertex   1.007363e+01 6.479886e+01 7.000000e+00
    endloop
  endfacet
  facet normal 9.063078e-01 4.226183e-01 0.000000e+00
    outer loop
      vertex   1.007363e+01 6.479886e+01 7.000000e+00
      vertex   1.022465e+01 6.447500e+01 2.000000e+00
      vertex   1.007363e+01 6.479886e+01 2.000000e+00
    endloop
  endfacet
  facet normal 9.659258e-01 2.588190e-01 0.000000e+00
    outer loop
      vertex   1.007363e+01 6.479886e+01 7.000000e+00
      vertex   1.007363e+01 6.479886e+01 2.000000e+00
      vertex   9.981144e+00 6.514402e+01 7.000000e+00
    endloop
  endfacet
  facet normal 9.659258e-01 2.588190e-01 0.000000e+00
    outer loop
      vertex   9.981144e+00 6.514402e+01 7.000000e+00
      vertex   1.007363e+01 6.479886e+01 2.000000e+00
      vertex   9.981144e+00 6.514402e+01 2.000000e+00
    endloop
  endfacet
  facet normal 9.961947e-01 8.715574e-02 0.000000e+00
    outer loop
      vertex   9.981144e+00 6.514402e+01 7.000000e+00
      vertex   9.981144e+00 6.514402e+01 2.000000e+00
      vertex   9.950000e+00 6.550000e+01 7.000000e+00
    endloop
  endfacet
  facet normal 9.961947e-01 8.715574e-02 0.000000e+00
    outer loop
      vertex   9.950000e+00 6.550000e+01 7.000000e+00
      vertex   9.981144e+00 6.514402e+01 2.000000e+00
      vertex   9.950000e+00 6.550000e+01 2.000000e+00
    endloop
  endfacet
  facet normal 9.961947e-01 -8.715574e-02 0.000000e+00
    outer loop
      vertex   9.950000e+00 6.550000e+01 7.000000e+00
      vertex   9.950000e+00 6.550000e+01 2.000000e+00
      vertex   9.981144e+00 6.585598e+01 7.000000e+00
    endloop
  endfacet
  facet normal 9.961947e-01 -8.715574e-02 0.000000e+00
    outer loop
      vertex   9.981144e+00 6.585598e+01 7.000000e+00
      vertex   9.950000e+00 6.550000e+01 2.000000e+00
      vertex   9.981144e+00 6.585598e+01 2.000000e+00
    endloop
  endfacet
  facet normal 9.659258e-01 -2.588190e-01 0.000000e+00
    outer loop
      vertex   9.981144e+00 6.585598e+01 7.000000e+00
      vertex   9.981144e+00 6.585598e+01 2.000000e+00
      vertex   1.007363e+01 6.620114e+01 7.000000e+00
    endloop
  endfacet
  facet normal 9.659258e-01 -2.588190e-01 0.000000e+00
    outer loop
      vertex   1.007363e+01 6.620114e+01 7.000000e+00
      vertex   9.981144e+00 6.585598e+01 2.000000e+00
      vertex   1.007363e+01 6.620114e+01 2.000000e+00
    endloop
  endfacet
  facet normal 9.063078e-01 -4.226183e-01 0.000000e+00
    outer loop
      vertex   1.007363e+01 6.620114e+01 7.000000e+00
      vertex   1.007363e+01 6.620114e+01 2.000000e+00
      vertex   1.022465e+01 6.652500e+01 7.000000e+00
    endloop
  endfacet
  facet normal 9.063078e-01 -4.226183e-01 0.000000e+00
    outer loop
      vertex   1.022465e+01 6.652500e+01 7.000000e+00
      vertex   1.007363e+01 6.620114e+01 2.000000e+00
      vertex   1.022465e+01 6.652500e+01 2.000000e+00
    endloop
  endfacet
  facet normal 8.191520e-01 -5.735764e-01 0.000000e+00
    outer loop
      vertex   1.022465e+01 6.652500e+01 7.000000e+00
      vertex   1.022465e+01 6.652500e+01 2.000000e+00
      vertex   1.042961e+01 6.681771e+01 7.000000e+00
    endloop
  endfacet
  facet normal 8.191520e-01 -5.735764e-01 0.000000e+00
    outer loop
      vertex   1.042961e+01 6.681771e+01 7.000000e+00
      vertex   1.022465e+01 6.652500e+01 2.000000e+00
      vertex   1.042961e+01 6.681771e+01 2.000000e+00
    endloop
  endfacet
  facet normal 7.071068e-01 -7.071068e-01 0.000000e+00
    outer loop
      vertex   1.042961e+01 6.681771e+01 7.000000e+00
      vertex   1.042961e+01 6.681771e+01 2.000000e+00
      vertex   1.068229e+01 6.707039e+01 7.000000e+00
    endloop
  endfacet
  facet normal 7.071068e-01 -7.071068e-01 0.000000e+00
    outer loop
      vertex   1.068229e+01 6.707039e+01 7.000000e+00
      vertex   1.042961e+01 6.681771e+01 2.000000e+00
      vertex   1.068229e+01 6.707039e+01 2.000000e+00
    endloop
  endfacet
  facet normal 5.735764e-01 -8.191520e-01 0.000000e+00
    outer loop
      vertex   1.068229e+01 6.707039e+01 7.000000e+00
      vertex   1.068229e+01 6.707039e+01 2.000000e+00
      vertex   1.097500e+01 6.727535e+01 7.000000e+00
    endloop
  endfacet
  facet normal 5.735764e-01 -8.191520e-01 2.037753e-16
    outer loop
      vertex   1.097500e+01 6.727535e+01 7.000000e+00
      vertex   1.068229e+01 6.707039e+01 2.000000e+00
      vertex   1.097500e+01 6.727535e+01 2.000000e+00
    endloop
  endfacet
  facet normal 4.226183e-01 -9.063078e-01 1.501442e-16
    outer loop
      vertex   1.097500e+01 6.727535e+01 7.000000e+00
      vertex   1.097500e+01 6.727535e+01 2.000000e+00
      vertex   1.129886e+01 6.742637e+01 7.000000e+00
    endloop
  endfacet
  facet normal 4.226183e-01 -9.063078e-01 0.000000e+00
    outer loop
      vertex   1.129886e+01 6.742637e+01 7.000000e+00
      vertex   1.097500e+01 6.727535e+01 2.000000e+00
      vertex   1.129886e+01 6.742637e+01 2.000000e+00
    endloop
  endfacet
  facet normal 2.588190e-01 -9.659258e-01 0.000000e+00
    outer loop
      vertex   1.129886e+01 6.742637e+01 7.000000e+00
      vertex   1.129886e+01 6.742637e+01 2.000000e+00
      vertex   1.164402e+01 6.751886e+01 7.000000e+00
    endloop
  endfacet
  facet normal 2.588190e-01 -9.659258e-01 0.000000e+00
    outer loop
      vertex   1.164402e+01 6.751886e+01 7.000000e+00
      vertex   1.129886e+01 6.742637e+01 2.000000e+00
      vertex   1.164402e+01 6.751886e+01 2.000000e+00
    endloop
  endfacet
  facet normal 8.715574e-02 -9.961947e-01 0.000000e+00
    outer loop
      vertex   1.164402e+01 6.751886e+01 7.000000e+00
      vertex   1.164402e+01 6.751886e+01 2.000000e+00
      vertex   1.200000e+01 6.755000e+01 7.000000e+00
    endloop
  endfacet
  facet normal 8.715574e-02 -9.961947e-01 0.000000e+00
    outer loop
      vertex   1.200000e+01 6.755000e+01 7.000000e+00
      vertex   1.164402e+01 6.751886e+01 2.000000e+00
      vertex   1.200000e+01 6.755000e+01 2.000000e+00
    endloop
  endfacet
  facet normal -8.715574e-02 -9.961947e-01 -0.000000e+00
    outer loop
      vertex   1.200000e+01 6.755000e+01 7.000000e+00
      vertex   1.200000e+01 6.755000e+01 2.000000e+00
      vertex   1.235598e+01 6.751886e+01 7.000000e+00
    endloop
  endfacet
  facet normal -8.715574e-02 -9.961947e-01 -3.096394e-17
    outer loop
      vertex   1.235598e+01 6.751886e+01 7.000000e+00
      vertex   1.200000e+01 6.755000e+01 2.000000e+00
      vertex   1.235598e+01 6.751886e+01 2.000000e+00
    endloop
  endfacet
  facet normal -2.588190e-01 -9.659258e-01 -9.195100e-17
    outer loop
      vertex   1.235598e+01 6.751886e+01 7.000000e+00
      vertex   1.235598e+01 6.751886e+01 2.000000e+00
      vertex   1.270114e+01 6.742637e+01 7.000000e+00
    endloop
  endfacet
  facet normal -2.588190e-01 -9.659258e-01 -0.000000e+00
    outer loop
      vertex   1.270114e+01 6.742637e+01 7.000000e+00
      vertex   1.235598e+01 6.751886e+01 2.000000e+00
      vertex   1.270114e+01 6.742637e+01 2.000000e+00
    endloop
  endfacet
  facet normal -4.226183e-01 -9.063078e-01 -0.000000e+00
    outer loop
      vertex   1.270114e+01 6.742637e+01 7.000000e+00
      vertex   1.270114e+01 6.742637e+01 2.000000e+00
      vertex   1.302500e+01 6.727535e+01 7.000000e+00
    endloop
  endfacet
  facet normal -4.226183e-01 -9.063078e-01 -0.000000e+00
    outer loop
      vertex   1.302500e+01 6.727535e+01 7.000000e+00
      vertex   1.270114e+01 6.742637e+01 2.000000e+00
      vertex   1.302500e+01 6.727535e+01 2.000000e+00
    endloop
  endfacet
  facet normal -5.735764e-01 -8.191520e-01 -0.000000e+00
    outer loop
      vertex   1.302500e+01 6.727535e+01 7.000000e+00
      vertex   1.302500e+01 6.727535e+01 2.000000e+00
      vertex   1.331771e+01 6.707039e+01 7.000000e+00
    endloop
  endfacet
  facet normal -5.735764e-01 -8.191520e-01 -0.000000e+00
    outer loop
      vertex   1.331771e+01 6.707039e+01 7.000000e+00
      vertex   1.302500e+01 6.727535e+01 2.000000e+00
      vertex   1.331771e+01 6.707039e+01 2.000000e+00
    endloop
  endfacet
  facet normal -7.071068e-01 -7.071068e-01 -0.000000e+00
    outer loop
      vertex   1.331771e+01 6.707039e+01 7.000000e+00
      vertex   1.331771e+01 6.707039e+01 2.000000e+00
      vertex   1.357039e+01 6.681771e+01 7.000000e+00
    endloop
  endfacet
  facet normal -7.071068e-01 -7.071068e-01 -0.000000e+00
    outer loop
      vertex   1.357039e+01 6.681771e+01 7.000000e+00
      vertex   1.331771e+01 6.707039e+01 2.000000e+00
      vertex   1.357039e+01 6.681771e+01 2.000000e+00
    endloop
  endfacet
  facet normal -8.191520e-01 -5.735764e-01 -0.000000e+00
    outer loop
      vertex   1.357039e+01 6.681771e+01 7.000000e+00
      vertex   1.357039e+01 6.681771e+01 2.000000e+00
      vertex   1.377535e+01 6.652500e+01 7.000000e+00
    endloop
  endfacet
  facet normal -8.191520e-01 -5.735764e-01 -0.000000e+00
    outer loop
      vertex   1.377535e+01 6.652500e+01 7.000000e+00
      vertex   1.357039e+01 6.681771e+01 2.000000e+00
      vertex   1.377535e+01 6.652500e+01 2.000000e+00
    endloop
  endfacet
  facet normal -9.063078e-01 -4.226183e-01 -0.000000e+00
    outer loop
      vertex   1.377535e+01 6.652500e+01 7.000000e+00
      vertex   1.377535e+01 6.652500e+01 2.000000e+00
      vertex   1.392637e+01 6.620114e+01 7.000000e+00
    endloop
  endfacet
  facet normal -9.063078e-01 -4.226183e-01 -0.000000e+00
    outer loop
      vertex   1.392637e+01 6.620114e+01 7.000000e+00
      vertex   1.377535e+01 6.652500e+01 2.000000e+00
      vertex   1.392637e+01 6.620114e+01 2.000000e+00
    endloop
  endfacet
  facet normal -9.659258e-01 -2.588190e-01 -0.000000e+00
    outer loop
      vertex   1.392637e+01 6.620114e+01 7.000000e+00
      vertex   1.392637e+01 6.620114e+01 2.000000e+00
      vertex   1.401886e+01 6.585598e+01 7.000000e+00
    endloop
  endfacet
  facet normal -9.659258e-01 -2.588190e-01 -0.000000e+00
    outer loop
      vertex   1.401886e+01 6.585598e+01 7.000000e+00
      vertex   1.392637e+01 6.620114e+01 2.000000e+00
      vertex   1.401886e+01 6.585598e+01 2.000000e+00
    endloop
  endfacet
  facet normal 9.965845e-01 -8.257935e-02 -2.347046e-16
    outer loop
      vertex   1.594545e+01 6.484162e+01 7.000000e+00
      vertex   1.594545e+01 6.484162e+01 2.000000e+00
      vertex   1.600000e+01 6.550000e+01 7.000000e+00
    endloop
  endfacet
  facet normal 9.965845e-01 -8.257935e-02 0.000000e+00
    outer loop
      vertex   1.600000e+01 6.550000e+01 7.000000e+00
      vertex   1.594545e+01 6.484162e+01 2.000000e+00
      vertex   1.600000e+01 6.550000e+01 2.000000e+00
    endloop
  endfacet
  facet normal 9.965845e-01 8.257935e-02 0.000000e+00
    outer loop
      vertex   1.600000e+01 6.550000e+01 7.000000e+00
      vertex   1.600000e+01 6.550000e+01 2.000000e+00
      vertex   1.594545e+01 6.615838e+01 7.000000e+00
    endloop
  endfacet
  facet normal 9.965845e-01 8.257935e-02 2.347046e-16
    outer loop
      vertex   1.594545e+01 6.615838e+01 7.000000e+00
      vertex   1.600000e+01 6.550000e+01 2.000000e+00
      vertex   1.594545e+01 6.615838e+01 2.000000e+00
    endloop
  endfacet
  facet normal 9.694003e-01 2.454855e-01 6.977117e-16
    outer loop
      vertex   1.594545e+01 6.615838e+01 7.000000e+00
      vertex   1.594545e+01 6.615838e+01 2.000000e+00
      vertex   1.578327e+01 6.679880e+01 7.000000e+00
    endloop
  endfacet
  facet normal 9.694003e-01 2.454855e-01 0.000000e+00
    outer loop
      vertex   1.578327e+01 6.679880e+01 7.000000e+00
      vertex   1.594545e+01 6.615838e+01 2.000000e+00
      vertex   1.578327e+01 6.679880e+01 2.000000e+00
    endloop
  endfacet
  facet normal 9.157733e-01 4.016954e-01 0.000000e+00
    outer loop
      vertex   1.578327e+01 6.679880e+01 7.000000e+00
      vertex   1.578327e+01 6.679880e+01 2.000000e+00
      vertex   1.551790e+01 6.740379e+01 7.000000e+00
    endloop
  endfacet
  facet normal 9.157733e-01 4.016954e-01 -3.253480e-16
    outer loop
      vertex   1.551790e+01 6.740379e+01 7.000000e+00
      vertex   1.578327e+01 6.679880e+01 2.000000e+00
      vertex   1.551790e+01 6.740379e+01 2.000000e+00
    endloop
  endfacet
  facet normal 8.371665e-01 5.469482e-01 -2.974213e-16
    outer loop
      vertex   1.551790e+01 6.740379e+01 7.000000e+00
      vertex   1.551790e+01 6.740379e+01 2.000000e+00
      vertex   1.515656e+01 6.795685e+01 7.000000e+00
    endloop
  endfacet
  facet normal 8.371665e-01 5.469482e-01 0.000000e+00
    outer loop
      vertex   1.515656e+01 6.795685e+01 7.000000e+00
      vertex   1.551790e+01 6.740379e+01 2.000000e+00
      vertex   1.515656e+01 6.795685e+01 2.000000e+00
    endloop
  endfacet
  facet normal 7.357239e-01 6.772816e-01 0.000000e+00
    outer loop
      vertex   1.515656e+01 6.795685e+01 7.000000e+00
      vertex   1.515656e+01 6.795685e+01 2.000000e+00
      vertex   1.470913e+01 6.844290e+01 7.000000e+00
    endloop
  endfacet
  facet normal 7.357239e-01 6.772816e-01 0.000000e+00
    outer loop
      vertex   1.470913e+01 6.844290e+01 7.000000e+00
      vertex   1.515656e+01 6.795685e+01 2.000000e+00
      vertex   1.470913e+01 6.844290e+01 2.000000e+00
    endloop
  endfacet
  facet normal 6.142127e-01 7.891405e-01 0.000000e+00
    outer loop
      vertex   1.470913e+01 6.844290e+01 7.000000e+00
      vertex   1.470913e+01 6.844290e+01 2.000000e+00
      vertex   1.418779e+01 6.884867e+01 7.000000e+00
    endloop
  endfacet
  facet normal 6.142127e-01 7.891405e-01 0.000000e+00
    outer loop
      vertex   1.418779e+01 6.884867e+01 7.000000e+00
      vertex   1.470913e+01 6.844290e+01 2.000000e+00
      vertex   1.418779e+01 6.884867e+01 2.000000e+00
    endloop
  endfacet
  facet normal 4.759474e-01 8.794738e-01 0.000000e+00
    outer loop
      vertex   1.418779e+01 6.884867e+01 7.000000e+00
      vertex   1.418779e+01 6.884867e+01 2.000000e+00
      vertex   1.360678e+01 6.916309e+01 7.000000e+00
    endloop
  endfacet
  facet normal 4.759474e-01 8.794738e-01 0.000000e+00
    outer loop
      vertex   1.360678e+01 6.916309e+01 7.000000e+00
      vertex   1.418779e+01 6.884867e+01 2.000000e+00
      vertex   1.360678e+01 6.916309e+01 2.000000e+00
    endloop
  endfacet
  facet normal 3.246995e-01 9.458172e-01 0.000000e+00
    outer loop
      vertex   1.360678e+01 6.916309e+01 7.000000e+00
      vertex   1.360678e+01 6.916309e+01 2.000000e+00
      vertex   1.298194e+01 6.937760e+01 7.000000e+00
    endloop
  endfacet
  facet normal 3.246995e-01 9.458172e-01 0.000000e+00
    outer loop
      vertex   1.298194e+01 6.937760e+01 7.000000e+00
      vertex   1.360678e+01 6.916309e+01 2.000000e+00
      vertex   1.298194e+01 6.937760e+01 2.000000e+00
    endloop
  endfacet
  facet normal 1.645946e-01 9.863613e-01 0.000000e+00
    outer loop
      vertex   1.298194e+01 6.937760e+01 7.000000e+00
      vertex   1.298194e+01 6.937760e+01 2.000000e+00
      vertex   1.233032e+01 6.948634e+01 7.000000e+00
    endloop
  endfacet
  facet normal 1.645946e-01 9.863613e-01 0.000000e+00
    outer loop
      vertex   1.233032e+01 6.948634e+01 7.000000e+00
      vertex   1.298194e+01 6.937760e+01 2.000000e+00
      vertex   1.233032e+01 6.948634e+01 2.000000e+00
    endloop
  endfacet
  facet normal 0.000000e+00 1.000000e+00 0.000000e+00
    outer loop
      vertex   1.233032e+01 6.948634e+01 7.000000e+00
      vertex   1.233032e+01 6.948634e+01 2.000000e+00
      vertex   1.166968e+01 6.948634e+01 7.000000e+00
    endloop
  endfacet
  facet normal 0.000000e+00 1.000000e+00 0.000000e+00
    outer loop
      vertex   1.166968e+01 6.948634e+01 7.000000e+00
      vertex   1.233032e+01 6.948634e+01 2.000000e+00
      vertex   1.166968e+01 6.948634e+01 2.000000e+00
    endloop
  endfacet
  facet normal -1.645946e-01 9.863613e-01 1.169515e-16
    outer loop
      vertex   1.166968e+01 6.948634e+01 7.000000e+00
      vertex   1.166968e+01 6.948634e+01 2.000000e+00
      vertex   1.101806e+01 6.937760e+01 7.000000e+00
    endloop
  endfacet
  facet normal -1.645946e-01 9.863613e-01 0.000000e+00
    outer loop
      vertex   1.101806e+01 6.937760e+01 7.000000e+00
      vertex   1.166968e+01 6.948634e+01 2.000000e+00
      vertex   1.101806e+01 6.937760e+01 2.000000e+00
    endloop
  endfacet
  facet normal -3.246995e-01 9.458172e-01 0.000000e+00
    outer loop
      vertex   1.101806e+01 6.937760e+01 7.000000e+00
      vertex   1.101806e+01 6.937760e+01 2.000000e+00
      vertex   1.039322e+01 6.916309e+01 7.000000e+00
    endloop
  endfacet
  facet normal -3.246995e-01 9.458172e-01 0.000000e+00
    outer loop
      vertex   1.039322e+01 6.916309e+01 7.000000e+00
      vertex   1.101806e+01 6.937760e+01 2.000000e+00
      vertex   1.039322e+01 6.916309e+01 2.000000e+00
    endloop
  endfacet
  facet normal -4.759474e-01 8.794738e-01 0.000000e+00
    outer loop
      vertex   1.039322e+01 6.916309e+01 7.000000e+00
      vertex   1.039322e+01 6.916309e+01 2.000000e+00
      vertex   9.812207e+00 6.884867e+01 7.000000e+00
    endloop
  endfacet
  facet normal -4.759474e-01 8.794738e-01 0.000000e+00
    outer loop
      vertex   9.812207e+00 6.884867e+01 7.000000e+00
      vertex   1.039322e+01 6.916309e+01 2.000000e+00
      vertex   9.812207e+00 6.884867e+01 2.000000e+00
    endloop
  endfacet
  facet normal -6.142127e-01 7.891405e-01 0.000000e+00
    outer loop
      vertex   9.812207e+00 6.884867e+01 7.000000e+00
      vertex   9.812207e+00 6.884867e+01 2.000000e+00
      vertex   9.290874e+00 6.844290e+01 7.000000e+00
    endloop
  endfacet
  facet normal -6.142127e-01 7.891405e-01 2.182122e-16
    outer loop
      vertex   9.290874e+00 6.844290e+01 7.000000e+00
      vertex   9.812207e+00 6.884867e+01 2.000000e+00
      vertex   9.290874e+00 6.844290e+01 2.000000e+00
    endloop
  endfacet
  facet normal -7.357239e-01 6.772816e-01 2.613816e-16
    outer loop
      vertex   9.290874e+00 6.844290e+01 7.000000e+00
      vertex   9.290874e+00 6.844290e+01 2.000000e+00
      vertex   8.843438e+00 6.795685e+01 7.000000e+00
    endloop
  endfacet
  facet normal -7.357239e-01 6.772816e-01 0.000000e+00
    outer loop
      vertex   8.843438e+00 6.795685e+01 7.000000e+00
      vertex   9.290874e+00 6.844290e+01 2.000000e+00
      vertex   8.843438e+00 6.795685e+01 2.000000e+00
    endloop
  endfacet
  facet normal -8.371665e-01 5.469482e-01 0.000000e+00
    outer loop
      vertex   8.843438e+00 6.795685e+01 7.000000e+00
      vertex   8.843438e+00 6.795685e+01 2.000000e+00
      vertex   8.482105e+00 6.740379e+01 7.000000e+00
    endloop
  endfacet
  facet normal -8.371665e-01 5.469482e-01 0.000000e+00
    outer loop
      vertex   8.482105e+00 6.740379e+01 7.000000e+00
      vertex   8.843438e+00 6.795685e+01 2.000000e+00
      vertex   8.482105e+00 6.740379e+01 2.000000e+00
    endloop
  endfacet
  facet normal -9.157733e-01 4.016954e-01 0.000000e+00
    outer loop
      vertex   8.482105e+00 6.740379e+01 7.000000e+00
      vertex   8.482105e+00 6.740379e+01 2.000000e+00
      vertex   8.216731e+00 6.679880e+01 7.000000e+00
    endloop
  endfacet
  facet normal -9.157733e-01 4.016954e-01 0.000000e+00
    outer loop
      vertex   8.216731e+00 6.679880e+01 7.000000e+00
      vertex   8.482105e+00 6.740379e+01 2.000000e+00
      vertex   8.216731e+00 6.679880e+01 2.000000e+00
    endloop
  endfacet
  facet normal -9.694003e-01 2.454855e-01 0.000000e+00
    outer loop
      vertex   8.216731e+00 6.679880e+01 7.000000e+00
      vertex   8.216731e+00 6.679880e+01 2.000000e+00
      vertex   8.054555e+00 6.615838e+01 7.000000e+00
    endloop
  endfacet
  facet normal -9.694003e-01 2.454855e-01 0.000000e+00
    outer loop
      vertex   8.054555e+00 6.615838e+01 7.000000e+00
      vertex   8.216731e+00 6.679880e+01 2.000000e+00
      vertex   8.054555e+00 6.615838e+01 2.000000e+00
    endloop
  endfacet
  facet normal -9.965845e-01 8.257935e-02 0.000000e+00
    outer loop
      vertex   8.054555e+00 6.615838e+01 7.000000e+00
      vertex   8.054555e+00 6.615838e+01 2.000000e+00
      vertex   8.000000e+00 6.550000e+01 7.000000e+00
    endloop
  endfacet
  facet normal -9.965845e-01 8.257935e-02 0.000000e+00
    outer loop
      vertex   8.000000e+00 6.550000e+01 7.000000e+00
      vertex   8.054555e+00 6.615838e+01 2.000000e+00
      vertex   8.000000e+00 6.550000e+01 2.000000e+00
    endloop
  endfacet
  facet normal -9.965845e-01 -8.257935e-02 -0.000000e+00
    outer loop
      vertex   8.000000e+00 6.550000e+01 7.000000e+00
      vertex   8.000000e+00 6.550000e+01 2.000000e+00
      vertex   8.054555e+00 6.484162e+01 7.000000e+00
    endloop
  endfacet
  facet normal -9.965845e-01 -8.257935e-02 -0.000000e+00
    outer loop
      vertex   8.054555e+00 6.484162e+01 7.000000e+00
      vertex   8.000000e+00 6.550000e+01 2.000000e+00
      vertex   8.054555e+00 6.484162e+01 2.000000e+00
    endloop
  endfacet
  facet normal -9.694003e-01 -2.454855e-01 -0.000000e+00
    outer loop
      vertex   8.054555e+00 6.484162e+01 7.000000e+00
      vertex   8.054555e+00 6.484162e+01 2.000000e+00
      vertex   8.216731e+00 6.420120e+01 7.000000e+00
    endloop
  endfacet
  facet normal -9.694003e-01 -2.454855e-01 -0.000000e+00
    outer loop
      vertex   8.216731e+00 6.420120e+01 7.000000e+00
      vertex   8.054555e+00 6.484162e+01 2.000000e+00
      vertex   8.216731e+00 6.420120e+01 2.000000e+00
    endloop
  endfacet
  facet normal -9.157733e-01 -4.016954e-01 -0.000000e+00
    outer loop
      vertex   8.216731e+00 6.420120e+01 7.000000e+00
      vertex   8.216731e+00 6.420120e+01 2.000000e+00
      vertex   8.482105e+00 6.359621e+01 7.000000e+00
    endloop
  endfacet
  facet normal -9.157733e-01 -4.016954e-01 -0.000000e+00
    outer loop
      vertex   8.482105e+00 6.359621e+01 7.000000e+00
      vertex   8.216731e+00 6.420120e+01 2.000000e+00
      vertex   8.482105e+00 6.359621e+01 2.000000e+00
    endloop
  endfacet
  facet normal -8.371665e-01 -5.469482e-01 -0.000000e+00
    outer loop
      vertex   8.482105e+00 6.359621e+01 7.000000e+00
      vertex   8.482105e+00 6.359621e+01 2.000000e+00
      vertex   8.843438e+00 6.304315e+01 7.000000e+00
    endloop
  endfacet
  facet normal -8.371665e-01 -5.469482e-01 -0.000000e+00
    outer loop
      vertex   8.843438e+00 6.304315e+01 7.000000e+00
      vertex   8.482105e+00 6.359621e+01 2.000000e+00
      vertex   8.843438e+00 6.304315e+01 2.000000e+00
    endloop
  endfacet
  facet normal -7.357239e-01 -6.772816e-01 -0.000000e+00
    outer loop
      vertex   8.843438e+00 6.304315e+01 7.000000e+00
      vertex   8.843438e+00 6.304315e+01 2.000000e+00
      vertex   9.290874e+00 6.255710e+01 7.000000e+00
    endloop
  endfacet
  facet normal -7.357239e-01 -6.772816e-01 -2.613816e-16
    outer loop
      vertex   9.290874e+00 6.255710e+01 7.000000e+00
      vertex   8.843438e+00 6.304315e+01 2.000000e+00
      vertex   9.290874e+00 6.255710e+01 2.000000e+00
    endloop
  endfacet
  facet normal -6.142127e-01 -7.891405e-01 -2.182122e-16
    outer loop
      vertex   9.290874e+00 6.255710e+01 7.000000e+00
      vertex   9.290874e+00 6.255710e+01 2.000000e+00
      vertex   9.812207e+00 6.215133e+01 7.000000e+00
    endloop
  endfacet
  facet normal -6.142127e-01 -7.891405e-01 -0.000000e+00
    outer loop
      vertex   9.812207e+00 6.215133e+01 7.000000e+00
      vertex   9.290874e+00 6.255710e+01 2.000000e+00
      vertex   9.812207e+00 6.215133e+01 2.000000e+00
    endloop
  endfacet
  facet normal -4.759474e-01 -8.794738e-01 -0.000000e+00
    outer loop
      vertex   9.812207e+00 6.215133e+01 7.000000e+00
      vertex   9.812207e+00 6.215133e+01 2.000000e+00
      vertex   1.039322e+01 6.183691e+01 7.000000e+00
    endloop
  endfacet
  facet normal -4.759474e-01 -8.794738e-01 -0.000000e+00
    outer loop
      vertex   1.039322e+01 6.183691e+01 7.000000e+00
      vertex   9.812207e+00 6.215133e+01 2.000000e+00
      vertex   1.039322e+01 6.183691e+01 2.000000e+00
    endloop
  endfacet
  facet normal -3.246995e-01 -9.458172e-01 -0.000000e+00
    outer loop
      vertex   1.039322e+01 6.183691e+01 7.000000e+00
      vertex   1.039322e+01 6.183691e+01 2.000000e+00
      vertex   1.101806e+01 6.162240e+01 7.000000e+00
    endloop
  endfacet
  facet normal -3.246995e-01 -9.458172e-01 -0.000000e+00
    outer loop
      vertex   1.101806e+01 6.162240e+01 7.000000e+00
      vertex   1.039322e+01 6.183691e+01 2.000000e+00
      vertex   1.101806e+01 6.162240e+01 2.000000e+00
    endloop
  endfacet
  facet normal -1.645946e-01 -9.863613e-01 -0.000000e+00
    outer loop
      vertex   1.101806e+01 6.162240e+01 7.000000e+00
      vertex   1.101806e+01 6.162240e+01 2.000000e+00
      vertex   1.166968e+01 6.151366e+01 7.000000e+00
    endloop
  endfacet
  facet normal -1.645946e-01 -9.863613e-01 -1.169515e-16
    outer loop
      vertex   1.166968e+01 6.151366e+01 7.000000e+00
      vertex   1.101806e+01 6.162240e+01 2.000000e+00
      vertex   1.166968e+01 6.151366e+01 2.000000e+00
    endloop
  endfacet
  facet normal 0.000000e+00 -1.000000e+00 0.000000e+00
    outer loop
      vertex   1.166968e+01 6.151366e+01 7.000000e+00
      vertex   1.166968e+01 6.151366e+01 2.000000e+00
      vertex   1.233032e+01 6.151366e+01 7.000000e+00
    endloop
  endfacet
  facet normal 0.000000e+00 -1.000000e+00 -0.000000e+00
    outer loop
      vertex   1.233032e+01 6.151366e+01 7.000000e+00
      vertex   1.166968e+01 6.151366e+01 2.000000e+00
      vertex   1.233032e+01 6.151366e+01 2.000000e+00
    endloop
  endfacet
  facet normal 1.645946e-01 -9.863613e-01 0.000000e+00
    outer loop
      vertex   1.233032e+01 6.151366e+01 7.000000e+00
      vertex   1.233032e+01 6.151366e+01 2.000000e+00
      vertex   1.298194e+01 6.162240e+01 7.000000e+00
    endloop
  endfacet
  facet normal 1.645946e-01 -9.863613e-01 0.000000e+00
    outer loop
      vertex   1.298194e+01 6.162240e+01 7.000000e+00
      vertex   1.233032e+01 6.151366e+01 2.000000e+00
      vertex   1.298194e+01 6.162240e+01 2.000000e+00
    endloop
  endfacet
  facet normal 3.246995e-01 -9.458172e-01 0.000000e+00
    outer loop
      vertex   1.298194e+01 6.162240e+01 7.000000e+00
      vertex   1.298194e+01 6.162240e+01 2.000000e+00
      vertex   1.360678e+01 6.183691e+01 7.000000e+00
    endloop
  endfacet
  facet normal 3.246995e-01 -9.458172e-01 0.000000e+00
    outer loop
      vertex   1.360678e+01 6.183691e+01 7.000000e+00
      vertex   1.298194e+01 6.162240e+01 2.000000e+00
      vertex   1.360678e+01 6.183691e+01 2.000000e+00
    endloop
  endfacet
  facet normal 4.759474e-01 -8.794738e-01 0.000000e+00
    outer loop
      vertex   1.360678e+01 6.183691e+01 7.000000e+00
      vertex   1.360678e+01 6.183691e+01 2.000000e+00
      vertex   1.418779e+01 6.215133e+01 7.000000e+00
    endloop
  endfacet
  facet normal 4.759474e-01 -8.794738e-01 0.000000e+00
    outer loop
      vertex   1.418779e+01 6.215133e+01 7.000000e+00
      vertex   1.360678e+01 6.183691e+01 2.000000e+00
      vertex   1.418779e+01 6.215133e+01 2.000000e+00
    endloop
  endfacet
  facet normal 6.142127e-01 -7.891405e-01 0.000000e+00
    outer loop
      vertex   1.418779e+01 6.215133e+01 7.000000e+00
      vertex   1.418779e+01 6.215133e+01 2.000000e+00
      vertex   1.470913e+01 6.255710e+01 7.000000e+00
    endloop
  endfacet
  facet normal 6.142127e-01 -7.891405e-01 0.000000e+00
    outer loop
      vertex   1.470913e+01 6.255710e+01 7.000000e+00
      vertex   1.418779e+01 6.215133e+01 2.000000e+00
      vertex   1.470913e+01 6.255710e+01 2.000000e+00
    endloop
  endfacet
  facet normal 7.357239e-01 -6.772816e-01 0.000000e+00
    outer loop
      vertex   1.470913e+01 6.255710e+01 7.000000e+00
      vertex   1.470913e+01 6.255710e+01 2.000000e+00
      vertex   1.515656e+01 6.304315e+01 7.000000e+00
    endloop
  endfacet
  facet normal 7.357239e-01 -6.772816e-01 0.000000e+00
    outer loop
      vertex   1.515656e+01 6.304315e+01 7.000000e+00
      vertex   1.470913e+01 6.255710e+01 2.000000e+00
      vertex   1.515656e+01 6.304315e+01 2.000000e+00
    endloop
  endfacet
  facet normal 8.371665e-01 -5.469482e-01 0.000000e+00
    outer loop
      vertex   1.515656e+01 6.304315e+01 7.000000e+00
      vertex   1.515656e+01 6.304315e+01 2.000000e+00
      vertex   1.551790e+01 6.359621e+01 7.000000e+00
    endloop
  endfacet
  facet normal 8.371665e-01 -5.469482e-01 -4.798388e-16
    outer loop
      vertex   1.551790e+01 6.359621e+01 7.000000e+00
      vertex   1.515656e+01 6.304315e+01 2.000000e+00
      vertex   1.551790e+01 6.359621e+01 2.000000e+00
    endloop
  endfacet
  facet normal 9.157733e-01 -4.016954e-01 -2.454955e-16
    outer loop
      vertex   1.551790e+01 6.359621e+01 7.000000e+00
      vertex   1.551790e+01 6.359621e+01 2.000000e+00
      vertex   1.578327e+01 6.420120e+01 7.000000e+00
    endloop
  endfacet
  facet normal 9.157733e-01 -4.016954e-01 0.000000e+00
    outer loop
      vertex   1.578327e+01 6.420120e+01 7.000000e+00
      vertex   1.551790e+01 6.359621e+01 2.000000e+00
      vertex   1.578327e+01 6.420120e+01 2.000000e+00
    endloop
  endfacet
  facet normal 9.694003e-01 -2.454855e-01 0.000000e+00
    outer loop
      vertex   1.578327e+01 6.420120e+01 7.000000e+00
      vertex   1.578327e+01 6.420120e+01 2.000000e+00
      vertex   1.594545e+01 6.484162e+01 7.000000e+00
    endloop
  endfacet
  facet normal 9.694003e-01 -2.454855e-01 -6.977117e-16
    outer loop
      vertex   1.594545e+01 6.484162e+01 7.000000e+00
      vertex   1.578327e+01 6.420120e+01 2.000000e+00
      vertex   1.594545e+01 6.484162e+01 2.000000e+00
    endloop
  endfacet
  facet normal -0.000000e+00 0.000000e+00 1.000000e+00
    outer loop
      vertex   1.401886e+01 6.514402e+01 7.000000e+00
      vertex   1.594545e+01 6.484162e+01 7.000000e+00
      vertex   1.405000e+01 6.550000e+01 7.000000e+00
    endloop
  endfacet
  facet normal -0.000000e+00 0.000000e+00 1.000000e+00
    outer loop
      vertex   1.405000e+01 6.550000e+01 7.000000e+00
      vertex   1.594545e+01 6.484162e+01 7.000000e+00
      vertex   1.600000e+01 6.550000e+01 7.000000e+00
    endloop
  endfacet
  facet normal 0.000000e+00 0.000000e+00 1.000000e+00
    outer loop
      vertex   1.405000e+01 6.550000e+01 7.000000e+00
      vertex   1.600000e+01 6.550000e+01 7.000000e+00
      vertex   1.594545e+01 6.615838e+01 7.000000e+00
    endloop
  endfacet
  facet normal 0.000000e+00 0.000000e+00 1.000000e+00
    outer loop
      vertex   1.594545e+01 6.484162e+01 7.000000e+00
      vertex   1.401886e+01 6.514402e+01 7.000000e+00
      vertex   1.578327e+01 6.420120e+01 7.000000e+00
    endloop
  endfacet
  facet normal 0.000000e+00 0.000000e+00 1.000000e+00
    outer loop
      vertex   1.578327e+01 6.420120e+01 7.000000e+00
      vertex   1.401886e+01 6.514402e+01 7.000000e+00
      vertex   1.392637e+01 6.479886e+01 7.000000e+00
    endloop
  endfacet
  facet normal 0.000000e+00 0.000000e+00 1.000000e+00
    outer loop
      vertex   1.578327e+01 6.420120e+01 7.000000e+00
      vertex   1.392637e+01 6.479886e+01 7.000000e+00
      vertex   1.551790e+01 6.359621e+01 7.000000e+00
    endloop
  endfacet
  facet normal 0.000000e+00 0.000000e+00 1.000000e+00
    outer loop
      vertex   1.551790e+01 6.359621e+01 7.000000e+00
      vertex   1.392637e+01 6.479886e+01 7.000000e+00
      vertex   1.377535e+01 6.447500e+01 7.000000e+00
    endloop
  endfacet
  facet normal 0.000000e+00 0.000000e+00 1.000000e+00
    outer loop
      vertex   1.551790e+01 6.359621e+01 7.000000e+00
      vertex   1.377535e+01 6.447500e+01 7.000000e+00
      vertex   1.515656e+01 6.304315e+01 7.000000e+00
    endloop
  endfacet
  facet normal 0.000000e+00 0.000000e+00 1.000000e+00
    outer loop
      vertex   1.515656e+01 6.304315e+01 7.000000e+00
      vertex   1.377535e+01 6.447500e+01 7.000000e+00
      vertex   1.357039e+01 6.418229e+01 7.000000e+00
    endloop
  endfacet
  facet normal 0.000000e+00 0.000000e+00 1.000000e+00
    outer loop
      vertex   1.515656e+01 6.304315e+01 7.000000e+00
      vertex   1.357039e+01 6.418229e+01 7.000000e+00
      vertex   1.470913e+01 6.255710e+01 7.000000e+00
    endloop
  endfacet
  facet normal 0.000000e+00 0.000000e+00 1.000000e+00
    outer loop
      vertex   1.470913e+01 6.255710e+01 7.000000e+00
      vertex   1.357039e+01 6.418229e+01 7.000000e+00
      vertex   1.331771e+01 6.392961e+01 7.000000e+00
    endloop
  endfacet
  facet normal 0.000000e+00 0.000000e+00 1.000000e+00
    outer loop
      vertex   1.470913e+01 6.255710e+01 7.000000e+00
      vertex   1.331771e+01 6.392961e+01 7.000000e+00
      vertex   1.418779e+01 6.215133e+01 7.000000e+00
    endloop
  endfacet
  facet normal 0.000000e+00 0.000000e+00 1.000000e+00
    outer loop
      vertex   1.418779e+01 6.215133e+01 7.000000e+00
      vertex   1.331771e+01 6.392961e+01 7.000000e+00
      vertex   1.302500e+01 6.372465e+01 7.000000e+00
    endloop
  endfacet
  facet normal 0.000000e+00 0.000000e+00 1.000000e+00
    outer loop
      vertex   1.418779e+01 6.215133e+01 7.000000e+00
      vertex   1.302500e+01 6.372465e+01 7.000000e+00
      vertex   1.360678e+01 6.183691e+01 7.000000e+00
    endloop
  endfacet
  facet normal 0.000000e+00 0.000000e+00 1.000000e+00
    outer loop
      vertex   1.360678e+01 6.183691e+01 7.000000e+00
      vertex   1.302500e+01 6.372465e+01 7.000000e+00
      vertex   1.270114e+01 6.357363e+01 7.000000e+00
    endloop
  endfacet
  facet normal 0.000000e+00 0.000000e+00 1.000000e+00
    outer loop
      vertex   1.360678e+01 6.183691e+01 7.000000e+00
      vertex   1.270114e+01 6.357363e+01 7.000000e+00
      vertex   1.298194e+01 6.162240e+01 7.000000e+00
    endloop
  endfacet
  facet normal 0.000000e+00 0.000000e+00 1.000000e+00
    outer loop
      vertex   1.298194e+01 6.162240e+01 7.000000e+00
      vertex   1.270114e+01 6.357363e+01 7.000000e+00
      vertex   1.235598e+01 6.348114e+01 7.000000e+00
    endloop
  endfacet
  facet normal 0.000000e+00 0.000000e+00 1.000000e+00
    outer loop
      vertex   1.298194e+01 6.162240e+01 7.000000e+00
      vertex   1.235598e+01 6.348114e+01 7.000000e+00
      vertex   1.233032e+01 6.151366e+01 7.000000e+00
    endloop
  endfacet
  facet normal 0.000000e+00 -0.000000e+00 1.000000e+00
    outer loop
      vertex   1.233032e+01 6.151366e+01 7.000000e+00
      vertex   1.235598e+01 6.348114e+01 7.000000e+00
      vertex   1.200000e+01 6.345000e+01 7.000000e+00
    endloop
  endfacet
  facet normal 0.000000e+00 0.000000e+00 1.000000e+00
    outer loop
      vertex   1.233032e+01 6.151366e+01 7.000000e+00
      vertex   1.200000e+01 6.345000e+01 7.000000e+00
      vertex   1.166968e+01 6.151366e+01 7.000000e+00
    endloop
  endfacet
  facet normal 0.000000e+00 -0.000000e+00 1.000000e+00
    outer loop
      vertex   1.166968e+01 6.151366e+01 7.000000e+00
      vertex   1.200000e+01 6.345000e+01 7.000000e+00
      vertex   1.164402e+01 6.348114e+01 7.000000e+00
    endloop
  endfacet
  facet normal 0.000000e+00 0.000000e+00 1.000000e+00
    outer loop
      vertex   1.166968e+01 6.151366e+01 7.000000e+00
      vertex   1.164402e+01 6.348114e+01 7.000000e+00
      vertex   1.101806e+01 6.162240e+01 7.000000e+00
    endloop
  endfacet
  facet normal 0.000000e+00 0.000000e+00 1.000000e+00
    outer loop
      vertex   1.101806e+01 6.162240e+01 7.000000e+00
      vertex   1.164402e+01 6.348114e+01 7.000000e+00
      vertex   1.129886e+01 6.357363e+01 7.000000e+00
    endloop
  endfacet
  facet normal 0.000000e+00 -0.000000e+00 1.000000e+00
    outer loop
      vertex   1.101806e+01 6.162240e+01 7.000000e+00
      vertex   1.129886e+01 6.357363e+01 7.000000e+00
      vertex   1.039322e+01 6.183691e+01 7.000000e+00
    endloop
  endfacet
  facet normal 0.000000e+00 0.000000e+00 1.000000e+00
    outer loop
      vertex   1.039322e+01 6.183691e+01 7.000000e+00
      vertex   1.129886e+01 6.357363e+01 7.000000e+00
      vertex   1.097500e+01 6.372465e+01 7.000000e+00
    endloop
  endfacet
  facet normal 0.000000e+00 -0.000000e+00 1.000000e+00
    outer loop
      vertex   1.039322e+01 6.183691e+01 7.000000e+00
      vertex   1.097500e+01 6.372465e+01 7.000000e+00
      vertex   9.812207e+00 6.215133e+01 7.000000e+00
    endloop
  endfacet
  facet normal 0.000000e+00 0.000000e+00 1.000000e+00
    outer loop
      vertex   9.812207e+00 6.215133e+01 7.000000e+00
      vertex   1.097500e+01 6.372465e+01 7.000000e+00
      vertex   1.068229e+01 6.392961e+01 7.000000e+00
    endloop
  endfacet
  facet normal 0.000000e+00 -0.000000e+00 1.000000e+00
    outer loop
      vertex   9.812207e+00 6.215133e+01 7.000000e+00
      vertex   1.068229e+01 6.392961e+01 7.000000e+00
      vertex   9.290874e+00 6.255710e+01 7.000000e+00
    endloop
  endfacet
  facet normal 0.000000e+00 0.000000e+00 1.000000e+00
    outer loop
      vertex   9.290874e+00 6.255710e+01 7.000000e+00
      vertex   1.068229e+01 6.392961e+01 7.000000e+00
      vertex   1.042961e+01 6.418229e+01 7.000000e+00
    endloop
  endfacet
  facet normal 0.000000e+00 -0.000000e+00 1.000000e+00
    outer loop
      vertex   9.290874e+00 6.255710e+01 7.000000e+00
      vertex   1.042961e+01 6.418229e+01 7.000000e+00
      vertex   8.843438e+00 6.304315e+01 7.000000e+00
    endloop
  endfacet
  facet normal 0.000000e+00 0.000000e+00 1.000000e+00
    outer loop
      vertex   8.843438e+00 6.304315e+01 7.000000e+00
      vertex   1.042961e+01 6.418229e+01 7.000000e+00
      vertex   1.022465e+01 6.447500e+01 7.000000e+00
    endloop
  endfacet
  facet normal 0.000000e+00 -0.000000e+00 1.000000e+00
    outer loop
      vertex   8.843438e+00 6.304315e+01 7.000000e+00
      vertex   1.022465e+01 6.447500e+01 7.000000e+00
      vertex   8.482105e+00 6.359621e+01 7.000000e+00
    endloop
  endfacet
  facet normal 0.000000e+00 0.000000e+00 1.000000e+00
    outer loop
      vertex   8.482105e+00 6.359621e+01 7.000000e+00
      vertex   1.022465e+01 6.447500e+01 7.000000e+00
      vertex   1.007363e+01 6.479886e+01 7.000000e+00
    endloop
  endfacet
  facet normal 0.000000e+00 -0.000000e+00 1.000000e+00
    outer loop
      vertex   8.482105e+00 6.359621e+01 7.000000e+00
      vertex   1.007363e+01 6.479886e+01 7.000000e+00
      vertex   8.216731e+00 6.420120e+01 7.000000e+00
    endloop
  endfacet
  facet normal 0.000000e+00 0.000000e+00 1.000000e+00
    outer loop
      vertex   8.216731e+00 6.420120e+01 7.000000e+00
      vertex   1.007363e+01 6.479886e+01 7.000000e+00
      vertex   9.981144e+00 6.514402e+01 7.000000e+00
    endloop
  endfacet
  facet normal 0.000000e+00 -0.000000e+00 1.000000e+00
    outer loop
      vertex   8.216731e+00 6.420120e+01 7.000000e+00
      vertex   9.981144e+00 6.514402e+01 7.000000e+00
      vertex   8.054555e+00 6.484162e+01 7.000000e+00
    endloop
  endfacet
  facet normal 0.000000e+00 0.000000e+00 1.000000e+00
    outer loop
      vertex   8.054555e+00 6.484162e+01 7.000000e+00
      vertex   9.981144e+00 6.514402e+01 7.000000e+00
      vertex   9.950000e+00 6.550000e+01 7.000000e+00
    endloop
  endfacet
  facet normal 0.000000e+00 -0.000000e+00 1.000000e+00
    outer loop
      vertex   8.054555e+00 6.484162e+01 7.000000e+00
      vertex   9.950000e+00 6.550000e+01 7.000000e+00
      vertex   8.000000e+00 6.550000e+01 7.000000e+00
    endloop
  endfacet
  facet normal 0.000000e+00 0.000000e+00 1.000000e+00
    outer loop
      vertex   8.000000e+00 6.550000e+01 7.000000e+00
      vertex   9.950000e+00 6.550000e+01 7.000000e+00
      vertex   8.054555e+00 6.615838e+01 7.000000e+00
    endloop
  endfacet
  facet normal 0.000000e+00 0.000000e+00 1.000000e+00
    outer loop
      vertex   8.054555e+00 6.615838e+01 7.000000e+00
      vertex   9.950000e+00 6.550000e+01 7.000000e+00
      vertex   9.981144e+00 6.585598e+01 7.000000e+00
    endloop
  endfacet
  facet normal -0.000000e+00 0.000000e+00 1.000000e+00
    outer loop
      vertex   8.054555e+00 6.615838e+01 7.000000e+00
      vertex   9.981144e+00 6.585598e+01 7.000000e+00
      vertex   8.216731e+00 6.679880e+01 7.000000e+00
    endloop
  endfacet
  facet normal 0.000000e+00 0.000000e+00 1.000000e+00
    outer loop
      vertex   8.216731e+00 6.679880e+01 7.000000e+00
      vertex   9.981144e+00 6.585598e+01 7.000000e+00
      vertex   1.007363e+01 6.620114e+01 7.000000e+00
    endloop
  endfacet
  facet normal -0.000000e+00 0.000000e+00 1.000000e+00
    outer loop
      vertex   8.216731e+00 6.679880e+01 7.000000e+00
      vertex   1.007363e+01 6.620114e+01 7.000000e+00
      vertex   8.482105e+00 6.740379e+01 7.000000e+00
    endloop
  endfacet
  facet normal 0.000000e+00 0.000000e+00 1.000000e+00
    outer loop
      vertex   8.482105e+00 6.740379e+01 7.000000e+00
      vertex   1.007363e+01 6.620114e+01 7.000000e+00
      vertex   1.022465e+01 6.652500e+01 7.000000e+00
    endloop
  endfacet
  facet normal -0.000000e+00 0.000000e+00 1.000000e+00
    outer loop
      vertex   8.482105e+00 6.740379e+01 7.000000e+00
      vertex   1.022465e+01 6.652500e+01 7.000000e+00
      vertex   8.843438e+00 6.795685e+01 7.000000e+00
    endloop
  endfacet
  facet normal 0.000000e+00 0.000000e+00 1.000000e+00
    outer loop
      vertex   8.843438e+00 6.795685e+01 7.000000e+00
      vertex   1.022465e+01 6.652500e+01 7.000000e+00
      vertex   1.042961e+01 6.681771e+01 7.000000e+00
    endloop
  endfacet
  facet normal -0.000000e+00 0.000000e+00 1.000000e+00
    outer loop
      vertex   8.843438e+00 6.795685e+01 7.000000e+00
      vertex   1.042961e+01 6.681771e+01 7.000000e+00
      vertex   9.290874e+00 6.844290e+01 7.000000e+00
    endloop
  endfacet
  facet normal 0.000000e+00 0.000000e+00 1.000000e+00
    outer loop
      vertex   9.290874e+00 6.844290e+01 7.000000e+00
      vertex   1.042961e+01 6.681771e+01 7.000000e+00
      vertex   1.068229e+01 6.707039e+01 7.000000e+00
    endloop
  endfacet
  facet normal -0.000000e+00 0.000000e+00 1.000000e+00
    outer loop
      vertex   9.290874e+00 6.844290e+01 7.000000e+00
      vertex   1.068229e+01 6.707039e+01 7.000000e+00
      vertex   9.812207e+00 6.884867e+01 7.000000e+00
    endloop
  endfacet
  facet normal 0.000000e+00 0.000000e+00 1.000000e+00
    outer loop
      vertex   9.812207e+00 6.884867e+01 7.000000e+00
      vertex   1.068229e+01 6.707039e+01 7.000000e+00
      vertex   1.097500e+01 6.727535e+01 7.000000e+00
    endloop
  endfacet
  facet normal -0.000000e+00 0.000000e+00 1.000000e+00
    outer loop
      vertex   9.812207e+00 6.884867e+01 7.000000e+00
      vertex   1.097500e+01 6.727535e+01 7.000000e+00
      vertex   1.039322e+01 6.916309e+01 7.000000e+00
    endloop
  endfacet
  facet normal 0.000000e+00 0.000000e+00 1.000000e+00
    outer loop
      vertex   1.039322e+01 6.916309e+01 7.000000e+00
      vertex   1.097500e+01 6.727535e+01 7.000000e+00
      vertex   1.129886e+01 6.742637e+01 7.000000e+00
    endloop
  endfacet
  facet normal -0.000000e+00 0.000000e+00 1.000000e+00
    outer loop
      vertex   1.039322e+01 6.916309e+01 7.000000e+00
      vertex   1.129886e+01 6.742637e+01 7.000000e+00
      vertex   1.101806e+01 6.937760e+01 7.000000e+00
    endloop
  endfacet
  facet normal 0.000000e+00 0.000000e+00 1.000000e+00
    outer loop
      vertex   1.101806e+01 6.937760e+01 7.000000e+00
      vertex   1.129886e+01 6.742637e+01 7.000000e+00
      vertex   1.164402e+01 6.751886e+01 7.000000e+00
    endloop
  endfacet
  facet normal -0.000000e+00 0.000000e+00 1.000000e+00
    outer loop
      vertex   1.101806e+01 6.937760e+01 7.000000e+00
      vertex   1.164402e+01 6.751886e+01 7.000000e+00
      vertex   1.166968e+01 6.948634e+01 7.000000e+00
    endloop
  endfacet
  facet normal 0.000000e+00 0.000000e+00 1.000000e+00
    outer loop
      vertex   1.166968e+01 6.948634e+01 7.000000e+00
      vertex   1.164402e+01 6.751886e+01 7.000000e+00
      vertex   1.200000e+01 6.755000e+01 7.000000e+00
    endloop
  endfacet
  facet normal -0.000000e+00 0.000000e+00 1.000000e+00
    outer loop
      vertex   1.166968e+01 6.948634e+01 7.000000e+00
      vertex   1.200000e+01 6.755000e+01 7.000000e+00
      vertex   1.233032e+01 6.948634e+01 7.000000e+00
    endloop
  endfacet
  facet normal 0.000000e+00 0.000000e+00 1.000000e+00
    outer loop
      vertex   1.233032e+01 6.948634e+01 7.000000e+00
      vertex   1.200000e+01 6.755000e+01 7.000000e+00
      vertex   1.235598e+01 6.751886e+01 7.000000e+00
    endloop
  endfacet
  facet normal 0.000000e+00 0.000000e+00 1.000000e+00
    outer loop
      vertex   1.233032e+01 6.948634e+01 7.000000e+00
      vertex   1.235598e+01 6.751886e+01 7.000000e+00
      vertex   1.298194e+01 6.937760e+01 7.000000e+00
    endloop
  endfacet
  facet normal 0.000000e+00 0.000000e+00 1.000000e+00
    outer loop
      vertex   1.298194e+01 6.937760e+01 7.000000e+00
      vertex   1.235598e+01 6.751886e+01 7.000000e+00
      vertex   1.270114e+01 6.742637e+01 7.000000e+00
    endloop
  endfacet
  facet normal 0.000000e+00 0.000000e+00 1.000000e+00
    outer loop
      vertex   1.298194e+01 6.937760e+01 7.000000e+00
      vertex   1.270114e+01 6.742637e+01 7.000000e+00
      vertex   1.360678e+01 6.916309e+01 7.000000e+00
    endloop
  endfacet
  facet normal 0.000000e+00 0.000000e+00 1.000000e+00
    outer loop
      vertex   1.360678e+01 6.916309e+01 7.000000e+00
      vertex   1.270114e+01 6.742637e+01 7.000000e+00
      vertex   1.302500e+01 6.727535e+01 7.000000e+00
    endloop
  endfacet
  facet normal 0.000000e+00 0.000000e+00 1.000000e+00
    outer loop
      vertex   1.360678e+01 6.916309e+01 7.000000e+00
      vertex   1.302500e+01 6.727535e+01 7.000000e+00
      vertex   1.418779e+01 6.884867e+01 7.000000e+00
    endloop
  endfacet
  facet normal 0.000000e+00 0.000000e+00 1.000000e+00
    outer loop
      vertex   1.418779e+01 6.884867e+01 7.000000e+00
      vertex   1.302500e+01 6.727535e+01 7.000000e+00
      vertex   1.331771e+01 6.707039e+01 7.000000e+00
    endloop
  endfacet
  facet normal 0.000000e+00 0.000000e+00 1.000000e+00
    outer loop
      vertex   1.418779e+01 6.884867e+01 7.000000e+00
      vertex   1.331771e+01 6.707039e+01 7.000000e+00
      vertex   1.470913e+01 6.844290e+01 7.000000e+00
    endloop
  endfacet
  facet normal 0.000000e+00 0.000000e+00 1.000000e+00
    outer loop
      vertex   1.470913e+01 6.844290e+01 7.000000e+00
      vertex   1.331771e+01 6.707039e+01 7.000000e+00
      vertex   1.357039e+01 6.681771e+01 7.000000e+00
    endloop
  endfacet
  facet normal 0.000000e+00 0.000000e+00 1.000000e+00
    outer loop
      vertex   1.470913e+01 6.844290e+01 7.000000e+00
      vertex   1.357039e+01 6.681771e+01 7.000000e+00
      vertex   1.515656e+01 6.795685e+01 7.000000e+00
    endloop
  endfacet
  facet normal 0.000000e+00 0.000000e+00 1.000000e+00
    outer loop
      vertex   1.515656e+01 6.795685e+01 7.000000e+00
      vertex   1.357039e+01 6.681771e+01 7.000000e+00
      vertex   1.377535e+01 6.652500e+01 7.000000e+00
    endloop
  endfacet
  facet normal 0.000000e+00 0.000000e+00 1.000000e+00
    outer loop
      vertex   1.515656e+01 6.795685e+01 7.000000e+00
      vertex   1.377535e+01 6.652500e+01 7.000000e+00
      vertex   1.551790e+01 6.740379e+01 7.000000e+00
    endloop
  endfacet
  facet normal 0.000000e+00 0.000000e+00 1.000000e+00
    outer loop
      vertex   1.551790e+01 6.740379e+01 7.000000e+00
      vertex   1.377535e+01 6.652500e+01 7.000000e+00
      vertex   1.392637e+01 6.620114e+01 7.000000e+00
    endloop
  endfacet
  facet normal 0.000000e+00 0.000000e+00 1.000000e+00
    outer loop
      vertex   1.551790e+01 6.740379e+01 7.000000e+00
      vertex   1.392637e+01 6.620114e+01 7.000000e+00
      vertex   1.578327e+01 6.679880e+01 7.000000e+00
    endloop
  endfacet
  facet normal 0.000000e+00 0.000000e+00 1.000000e+00
    outer loop
      vertex   1.578327e+01 6.679880e+01 7.000000e+00
      vertex   1.392637e+01 6.620114e+01 7.000000e+00
      vertex   1.401886e+01 6.585598e+01 7.000000e+00
    endloop
  endfacet
  facet normal 0.000000e+00 0.000000e+00 1.000000e+00
    outer loop
      vertex   1.578327e+01 6.679880e+01 7.000000e+00
      vertex   1.401886e+01 6.585598e+01 7.000000e+00
      vertex   1.594545e+01 6.615838e+01 7.000000e+00
    endloop
  endfacet
  facet normal 0.000000e+00 0.000000e+00 1.000000e+00
    outer loop
      vertex   1.594545e+01 6.615838e+01 7.000000e+00
      vertex   1.401886e+01 6.585598e+01 7.000000e+00
      vertex   1.405000e+01 6.550000e+01 7.000000e+00
    endloop
  endfacet
  facet normal 0.000000e+00 -3.742548e-15 1.000000e+00
    outer loop
      vertex   1.490189e+02 6.585598e+01 2.000000e+00
      vertex   1.449811e+02 6.585598e+01 2.000000e+00
      vertex   1.490500e+02 6.550000e+01 2.000000e+00
    endloop
  endfacet
  facet normal 3.249433e-16 -2.842886e-17 1.000000e+00
    outer loop
      vertex   1.490500e+02 6.550000e+01 2.000000e+00
      vertex   1.449811e+02 6.585598e+01 2.000000e+00
      vertex   1.449500e+02 6.550000e+01 2.000000e+00
    endloop
  endfacet
  facet normal 3.249433e-16 3.714119e-15 1.000000e+00
    outer loop
      vertex   1.490500e+02 6.550000e+01 2.000000e+00
      vertex   1.449500e+02 6.550000e+01 2.000000e+00
      vertex   1.490189e+02 6.514402e+01 2.000000e+00
    endloop
  endfacet
  facet normal 0.000000e+00 0.000000e+00 1.000000e+00
    outer loop
      vertex   1.490189e+02 6.514402e+01 2.000000e+00
      vertex   1.449500e+02 6.550000e+01 2.000000e+00
      vertex   1.449811e+02 6.514402e+01 2.000000e+00
    endloop
  endfacet
  facet normal 0.000000e+00 0.000000e+00 1.000000e+00
    outer loop
      vertex   1.490189e+02 6.514402e+01 2.000000e+00
      vertex   1.449811e+02 6.514402e+01 2.000000e+00
      vertex   1.489264e+02 6.479886e+01 2.000000e+00
    endloop
  endfacet
  facet normal 0.000000e+00 0.000000e+00 1.000000e+00
    outer loop
      vertex   1.489264e+02 6.479886e+01 2.000000e+00
      vertex   1.449811e+02 6.514402e+01 2.000000e+00
      vertex   1.450736e+02 6.479886e+01 2.000000e+00
    endloop
  endfacet
  facet normal 0.000000e+00 0.000000e+00 1.000000e+00
    outer loop
      vertex   1.489264e+02 6.479886e+01 2.000000e+00
      vertex   1.450736e+02 6.479886e+01 2.000000e+00
      vertex   1.487754e+02 6.447500e+01 2.000000e+00
    endloop
  endfacet
  facet normal 0.000000e+00 0.000000e+00 1.000000e+00
    outer loop
      vertex   1.487754e+02 6.447500e+01 2.000000e+00
      vertex   1.450736e+02 6.479886e+01 2.000000e+00
      vertex   1.452246e+02 6.447500e+01 2.000000e+00
    endloop
  endfacet
  facet normal 0.000000e+00 0.000000e+00 1.000000e+00
    outer loop
      vertex   1.487754e+02 6.447500e+01 2.000000e+00
      vertex   1.452246e+02 6.447500e+01 2.000000e+00
      vertex   1.485704e+02 6.418229e+01 2.000000e+00
    endloop
  endfacet
  facet normal 0.000000e+00 0.000000e+00 1.000000e+00
    outer loop
      vertex   1.485704e+02 6.418229e+01 2.000000e+00
      vertex   1.452246e+02 6.447500e+01 2.000000e+00
      vertex   1.454296e+02 6.418229e+01 2.000000e+00
    endloop
  endfacet
  facet normal 0.000000e+00 0.000000e+00 1.000000e+00
    outer loop
      vertex   1.485704e+02 6.418229e+01 2.000000e+00
      vertex   1.454296e+02 6.418229e+01 2.000000e+00
      vertex   1.483177e+02 6.392961e+01 2.000000e+00
    endloop
  endfacet
  facet normal 0.000000e+00 0.000000e+00 1.000000e+00
    outer loop
      vertex   1.483177e+02 6.392961e+01 2.000000e+00
      vertex   1.454296e+02 6.418229e+01 2.000000e+00
      vertex   1.456823e+02 6.392961e+01 2.000000e+00
    endloop
  endfacet
  facet normal 0.000000e+00 0.000000e+00 1.000000e+00
    outer loop
      vertex   1.483177e+02 6.392961e+01 2.000000e+00
      vertex   1.456823e+02 6.392961e+01 2.000000e+00
      vertex   1.480250e+02 6.372465e+01 2.000000e+00
    endloop
  endfacet
  facet normal 0.000000e+00 0.000000e+00 1.000000e+00
    outer loop
      vertex   1.480250e+02 6.372465e+01 2.000000e+00
      vertex   1.456823e+02 6.392961e+01 2.000000e+00
      vertex   1.459750e+02 6.372465e+01 2.000000e+00
    endloop
  endfacet
  facet normal 0.000000e+00 0.000000e+00 1.000000e+00
    outer loop
      vertex   1.480250e+02 6.372465e+01 2.000000e+00
      vertex   1.459750e+02 6.372465e+01 2.000000e+00
      vertex   1.477011e+02 6.357363e+01 2.000000e+00
    endloop
  endfacet
  facet normal 0.000000e+00 0.000000e+00 1.000000e+00
    outer loop
      vertex   1.477011e+02 6.357363e+01 2.000000e+00
      vertex   1.459750e+02 6.372465e+01 2.000000e+00
      vertex   1.462989e+02 6.357363e+01 2.000000e+00
    endloop
  endfacet
  facet normal 0.000000e+00 0.000000e+00 1.000000e+00
    outer loop
      vertex   1.477011e+02 6.357363e+01 2.000000e+00
      vertex   1.462989e+02 6.357363e+01 2.000000e+00
      vertex   1.473560e+02 6.348114e+01 2.000000e+00
    endloop
  endfacet
  facet normal 0.000000e+00 0.000000e+00 1.000000e+00
    outer loop
      vertex   1.473560e+02 6.348114e+01 2.000000e+00
      vertex   1.462989e+02 6.357363e+01 2.000000e+00
      vertex   1.466440e+02 6.348114e+01 2.000000e+00
    endloop
  endfacet
  facet normal 0.000000e+00 0.000000e+00 1.000000e+00
    outer loop
      vertex   1.473560e+02 6.348114e+01 2.000000e+00
      vertex   1.466440e+02 6.348114e+01 2.000000e+00
      vertex   1.470000e+02 6.345000e+01 2.000000e+00
    endloop
  endfacet
  facet normal 0.000000e+00 0.000000e+00 1.000000e+00
    outer loop
      vertex   1.449811e+02 6.585598e+01 2.000000e+00
      vertex   1.490189e+02 6.585598e+01 2.000000e+00
      vertex   1.450736e+02 6.620114e+01 2.000000e+00
    endloop
  endfacet
  facet normal -0.000000e+00 0.000000e+00 1.000000e+00
    outer loop
      vertex   1.450736e+02 6.620114e+01 2.000000e+00
      vertex   1.490189e+02 6.585598e+01 2.000000e+00
      vertex   1.489264e+02 6.620114e+01 2.000000e+00
    endloop
  endfacet
  facet normal 0.000000e+00 0.000000e+00 1.000000e+00
    outer loop
      vertex   1.450736e+02 6.620114e+01 2.000000e+00
      vertex   1.489264e+02 6.620114e+01 2.000000e+00
      vertex   1.452246e+02 6.652500e+01 2.000000e+00
    endloop
  endfacet
  facet normal -0.000000e+00 0.000000e+00 1.000000e+00
    outer loop
      vertex   1.452246e+02 6.652500e+01 2.000000e+00
      vertex   1.489264e+02 6.620114e+01 2.000000e+00
      vertex   1.487754e+02 6.652500e+01 2.000000e+00
    endloop
  endfacet
  facet normal 0.000000e+00 0.000000e+00 1.000000e+00
    outer loop
      vertex   1.452246e+02 6.652500e+01 2.000000e+00
      vertex   1.487754e+02 6.652500e+01 2.000000e+00
      vertex   1.454296e+02 6.681771e+01 2.000000e+00
    endloop
  endfacet
  facet normal -0.000000e+00 0.000000e+00 1.000000e+00
    outer loop
      vertex   1.454296e+02 6.681771e+01 2.000000e+00
      vertex   1.487754e+02 6.652500e+01 2.000000e+00
      vertex   1.485704e+02 6.681771e+01 2.000000e+00
    endloop
  endfacet
  facet normal 0.000000e+00 0.000000e+00 1.000000e+00
    outer loop
      vertex   1.454296e+02 6.681771e+01 2.000000e+00
      vertex   1.485704e+02 6.681771e+01 2.000000e+00
      vertex   1.456823e+02 6.707039e+01 2.000000e+00
    endloop
  endfacet
  facet normal -0.000000e+00 0.000000e+00 1.000000e+00
    outer loop
      vertex   1.456823e+02 6.707039e+01 2.000000e+00
      vertex   1.485704e+02 6.681771e+01 2.000000e+00
      vertex   1.483177e+02 6.707039e+01 2.000000e+00
    endloop
  endfacet
  facet normal 0.000000e+00 0.000000e+00 1.000000e+00
    outer loop
      vertex   1.456823e+02 6.707039e+01 2.000000e+00
      vertex   1.483177e+02 6.707039e+01 2.000000e+00
      vertex   1.459750e+02 6.727535e+01 2.000000e+00
    endloop
  endfacet
  facet normal -0.000000e+00 0.000000e+00 1.000000e+00
    outer loop
      vertex   1.459750e+02 6.727535e+01 2.000000e+00
      vertex   1.483177e+02 6.707039e+01 2.000000e+00
      vertex   1.480250e+02 6.727535e+01 2.000000e+00
    endloop
  endfacet
  facet normal 0.000000e+00 0.000000e+00 1.000000e+00
    outer loop
      vertex   1.459750e+02 6.727535e+01 2.000000e+00
      vertex   1.480250e+02 6.727535e+01 2.000000e+00
      vertex   1.462989e+02 6.742637e+01 2.000000e+00
    endloop
  endfacet
  facet normal -0.000000e+00 0.000000e+00 1.000000e+00
    outer loop
      vertex   1.462989e+02 6.742637e+01 2.000000e+00
      vertex   1.480250e+02 6.727535e+01 2.000000e+00
      vertex   1.477011e+02 6.742637e+01 2.000000e+00
    endloop
  endfacet
  facet normal 0.000000e+00 0.000000e+00 1.000000e+00
    outer loop
      vertex   1.462989e+02 6.742637e+01 2.000000e+00
      vertex   1.477011e+02 6.742637e+01 2.000000e+00
      vertex   1.466440e+02 6.751886e+01 2.000000e+00
    endloop
  endfacet
  facet normal -0.000000e+00 0.000000e+00 1.000000e+00
    outer loop
      vertex   1.466440e+02 6.751886e+01 2.000000e+00
      vertex   1.477011e+02 6.742637e+01 2.000000e+00
      vertex   1.473560e+02 6.751886e+01 2.000000e+00
    endloop
  endfacet
  facet normal 0.000000e+00 0.000000e+00 1.000000e+00
    outer loop
      vertex   1.466440e+02 6.751886e+01 2.000000e+00
      vertex   1.473560e+02 6.751886e+01 2.000000e+00
      vertex   1.470000e+02 6.755000e+01 2.000000e+00
    endloop
  endfacet
  facet normal -9.961947e-01 -8.715574e-02 -0.000000e+00
    outer loop
      vertex   1.490189e+02 1.608560e+02 7.000000e+00
      vertex   1.490189e+02 1.608560e+02 2.000000e+00
      vertex   1.490500e+02 1.605000e+02 7.000000e+00
    endloop
  endfacet
  facet normal -9.961947e-01 -8.715574e-02 -0.000000e+00
    outer loop
      vertex   1.490500e+02 1.605000e+02 7.000000e+00
      vertex   1.490189e+02 1.608560e+02 2.000000e+00
      vertex   1.490500e+02 1.605000e+02 2.000000e+00
    endloop
  endfacet
  facet normal -9.961947e-01 8.715574e-02 0.000000e+00
    outer loop
      vertex   1.490500e+02 1.605000e+02 7.000000e+00
      vertex   1.490500e+02 1.605000e+02 2.000000e+00
      vertex   1.490189e+02 1.601440e+02 7.000000e+00
    endloop
  endfacet
  facet normal -9.961947e-01 8.715574e-02 0.000000e+00
    outer loop
      vertex   1.490189e+02 1.601440e+02 7.000000e+00
      vertex   1.490500e+02 1.605000e+02 2.000000e+00
      vertex   1.490189e+02 1.601440e+02 2.000000e+00
    endloop
  endfacet
  facet normal -9.659258e-01 2.588190e-01 0.000000e+00
    outer loop
      vertex   1.490189e+02 1.601440e+02 7.000000e+00
      vertex   1.490189e+02 1.601440e+02 2.000000e+00
      vertex   1.489264e+02 1.597989e+02 7.000000e+00
    endloop
  endfacet
  facet normal -9.659258e-01 2.588190e-01 0.000000e+00
    outer loop
      vertex   1.489264e+02 1.597989e+02 7.000000e+00
      vertex   1.490189e+02 1.601440e+02 2.000000e+00
      vertex   1.489264e+02 1.597989e+02 2.000000e+00
    endloop
  endfacet
  facet normal -9.063078e-01 4.226183e-01 0.000000e+00
    outer loop
      vertex   1.489264e+02 1.597989e+02 7.000000e+00
      vertex   1.489264e+02 1.597989e+02 2.000000e+00
      vertex   1.487754e+02 1.594750e+02 7.000000e+00
    endloop
  endfacet
  facet normal -9.063078e-01 4.226183e-01 0.000000e+00
    outer loop
      vertex   1.487754e+02 1.594750e+02 7.000000e+00
      vertex   1.489264e+02 1.597989e+02 2.000000e+00
      vertex   1.487754e+02 1.594750e+02 2.000000e+00
    endloop
  endfacet
  facet normal -8.191520e-01 5.735764e-01 0.000000e+00
    outer loop
      vertex   1.487754e+02 1.594750e+02 7.000000e+00
      vertex   1.487754e+02 1.594750e+02 2.000000e+00
      vertex   1.485704e+02 1.591823e+02 7.000000e+00
    endloop
  endfacet
  facet normal -8.191520e-01 5.735764e-01 0.000000e+00
    outer loop
      vertex   1.485704e+02 1.591823e+02 7.000000e+00
      vertex   1.487754e+02 1.594750e+02 2.000000e+00
      vertex   1.485704e+02 1.591823e+02 2.000000e+00
    endloop
  endfacet
  facet normal -7.071068e-01 7.071068e-01 0.000000e+00
    outer loop
      vertex   1.485704e+02 1.591823e+02 7.000000e+00
      vertex   1.485704e+02 1.591823e+02 2.000000e+00
      vertex   1.483177e+02 1.589296e+02 7.000000e+00
    endloop
  endfacet
  facet normal -7.071068e-01 7.071068e-01 0.000000e+00
    outer loop
      vertex   1.483177e+02 1.589296e+02 7.000000e+00
      vertex   1.485704e+02 1.591823e+02 2.000000e+00
      vertex   1.483177e+02 1.589296e+02 2.000000e+00
    endloop
  endfacet
  facet normal -5.735764e-01 8.191520e-01 0.000000e+00
    outer loop
      vertex   1.483177e+02 1.589296e+02 7.000000e+00
      vertex   1.483177e+02 1.589296e+02 2.000000e+00
      vertex   1.480250e+02 1.587246e+02 7.000000e+00
    endloop
  endfacet
  facet normal -5.735764e-01 8.191520e-01 0.000000e+00
    outer loop
      vertex   1.480250e+02 1.587246e+02 7.000000e+00
      vertex   1.483177e+02 1.589296e+02 2.000000e+00
      vertex   1.480250e+02 1.587246e+02 2.000000e+00
    endloop
  endfacet
  facet normal -4.226183e-01 9.063078e-01 0.000000e+00
    outer loop
      vertex   1.480250e+02 1.587246e+02 7.000000e+00
      vertex   1.480250e+02 1.587246e+02 2.000000e+00
      vertex   1.477011e+02 1.585736e+02 7.000000e+00
    endloop
  endfacet
  facet normal -4.226183e-01 9.063078e-01 0.000000e+00
    outer loop
      vertex   1.477011e+02 1.585736e+02 7.000000e+00
      vertex   1.480250e+02 1.587246e+02 2.000000e+00
      vertex   1.477011e+02 1.585736e+02 2.000000e+00
    endloop
  endfacet
  facet normal -2.588190e-01 9.659258e-01 0.000000e+00
    outer loop
      vertex   1.477011e+02 1.585736e+02 7.000000e+00
      vertex   1.477011e+02 1.585736e+02 2.000000e+00
      vertex   1.473560e+02 1.584811e+02 7.000000e+00
    endloop
  endfacet
  facet normal -2.588190e-01 9.659258e-01 0.000000e+00
    outer loop
      vertex   1.473560e+02 1.584811e+02 7.000000e+00
      vertex   1.477011e+02 1.585736e+02 2.000000e+00
      vertex   1.473560e+02 1.584811e+02 2.000000e+00
    endloop
  endfacet
  facet normal -8.715574e-02 9.961947e-01 0.000000e+00
    outer loop
      vertex   1.473560e+02 1.584811e+02 7.000000e+00
      vertex   1.473560e+02 1.584811e+02 2.000000e+00
      vertex   1.470000e+02 1.584500e+02 7.000000e+00
    endloop
  endfacet
  facet normal -8.715574e-02 9.961947e-01 0.000000e+00
    outer loop
      vertex   1.470000e+02 1.584500e+02 7.000000e+00
      vertex   1.473560e+02 1.584811e+02 2.000000e+00
      vertex   1.470000e+02 1.584500e+02 2.000000e+00
    endloop
  endfacet
  facet normal 8.715574e-02 9.961947e-01 0.000000e+00
    outer loop
      vertex   1.470000e+02 1.584500e+02 7.000000e+00
      vertex   1.470000e+02 1.584500e+02 2.000000e+00
      vertex   1.466440e+02 1.584811e+02 7.000000e+00
    endloop
  endfacet
  facet normal 8.715574e-02 9.961947e-01 0.000000e+00
    outer loop
      vertex   1.466440e+02 1.584811e+02 7.000000e+00
      vertex   1.470000e+02 1.584500e+02 2.000000e+00
      vertex   1.466440e+02 1.584811e+02 2.000000e+00
    endloop
  endfacet
  facet normal 2.588190e-01 9.659258e-01 0.000000e+00
    outer loop
      vertex   1.466440e+02 1.584811e+02 7.000000e+00
      vertex   1.466440e+02 1.584811e+02 2.000000e+00
      vertex   1.462989e+02 1.585736e+02 7.000000e+00
    endloop
  endfacet
  facet normal 2.588190e-01 9.659258e-01 -1.471216e-15
    outer loop
      vertex   1.462989e+02 1.585736e+02 7.000000e+00
      vertex   1.466440e+02 1.584811e+02 2.000000e+00
      vertex   1.462989e+02 1.585736e+02 2.000000e+00
    endloop
  endfacet
  facet normal 4.226183e-01 9.063078e-01 -2.402307e-15
    outer loop
      vertex   1.462989e+02 1.585736e+02 7.000000e+00
      vertex   1.462989e+02 1.585736e+02 2.000000e+00
      vertex   1.459750e+02 1.587246e+02 7.000000e+00
    endloop
  endfacet
  facet normal 4.226183e-01 9.063078e-01 0.000000e+00
    outer loop
      vertex   1.459750e+02 1.587246e+02 7.000000e+00
      vertex   1.462989e+02 1.585736e+02 2.000000e+00
      vertex   1.459750e+02 1.587246e+02 2.000000e+00
    endloop
  endfacet
  facet normal 5.735764e-01 8.191520e-01 0.000000e+00
    outer loop
      vertex   1.459750e+02 1.587246e+02 7.000000e+00
      vertex   1.459750e+02 1.587246e+02 2.000000e+00
      vertex   1.456823e+02 1.589296e+02 7.000000e+00
    endloop
  endfacet
  facet normal 5.735764e-01 8.191520e-01 0.000000e+00
    outer loop
      vertex   1.456823e+02 1.589296e+02 7.000000e+00
      vertex   1.459750e+02 1.587246e+02 2.000000e+00
      vertex   1.456823e+02 1.589296e+02 2.000000e+00
    endloop
  endfacet
  facet normal 7.071068e-01 7.071068e-01 0.000000e+00
    outer loop
      vertex   1.456823e+02 1.589296e+02 7.000000e+00
      vertex   1.456823e+02 1.589296e+02 2.000000e+00
      vertex   1.454296e+02 1.591823e+02 7.000000e+00
    endloop
  endfacet
  facet normal 7.071068e-01 7.071068e-01 0.000000e+00
    outer loop
      vertex   1.454296e+02 1.591823e+02 7.000000e+00
      vertex   1.456823e+02 1.589296e+02 2.000000e+00
      vertex   1.454296e+02 1.591823e+02 2.000000e+00
    endloop
  endfacet
  facet normal 8.191520e-01 5.735764e-01 0.000000e+00
    outer loop
      vertex   1.454296e+02 1.591823e+02 7.000000e+00
      vertex   1.454296e+02 1.591823e+02 2.000000e+00
      vertex   1.452246e+02 1.594750e+02 7.000000e+00
    endloop
  endfacet
  facet normal 8.191520e-01 5.735764e-01 0.000000e+00
    outer loop
      vertex   1.452246e+02 1.594750e+02 7.000000e+00
      vertex   1.454296e+02 1.591823e+02 2.000000e+00
      vertex   1.452246e+02 1.594750e+02 2.000000e+00
    endloop
  endfacet
  facet normal 9.063078e-01 4.226183e-01 0.000000e+00
    outer loop
      vertex   1.452246e+02 1.594750e+02 7.000000e+00
      vertex   1.452246e+02 1.594750e+02 2.000000e+00
      vertex   1.450736e+02 1.597989e+02 7.000000e+00
    endloop
  endfacet
  facet normal 9.063078e-01 4.226183e-01 0.000000e+00
    outer loop
      vertex   1.450736e+02 1.597989e+02 7.000000e+00
      vertex   1.452246e+02 1.594750e+02 2.000000e+00
      vertex   1.450736e+02 1.597989e+02 2.000000e+00
    endloop
  endfacet
  facet normal 9.659258e-01 2.588190e-01 0.000000e+00
    outer loop
      vertex   1.450736e+02 1.597989e+02 7.000000e+00
      vertex   1.450736e+02 1.597989e+02 2.000000e+00
      vertex   1.449811e+02 1.601440e+02 7.000000e+00
    endloop
  endfacet
  facet normal 9.659258e-01 2.588190e-01 0.000000e+00
    outer loop
      vertex   1.449811e+02 1.601440e+02 7.000000e+00
      vertex   1.450736e+02 1.597989e+02 2.000000e+00
      vertex   1.449811e+02 1.601440e+02 2.000000e+00
    endloop
  endfacet
  facet normal 9.961947e-01 8.715574e-02 0.000000e+00
    outer loop
      vertex   1.449811e+02 1.601440e+02 7.000000e+00
      vertex   1.449811e+02 1.601440e+02 2.000000e+00
      vertex   1.449500e+02 1.605000e+02 7.000000e+00
    endloop
  endfacet
  facet normal 9.961947e-01 8.715574e-02 0.000000e+00
    outer loop
      vertex   1.449500e+02 1.605000e+02 7.000000e+00
      vertex   1.449811e+02 1.601440e+02 2.000000e+00
      vertex   1.449500e+02 1.605000e+02 2.000000e+00
    endloop
  endfacet
  facet normal 9.961947e-01 -8.715574e-02 0.000000e+00
    outer loop
      vertex   1.449500e+02 1.605000e+02 7.000000e+00
      vertex   1.449500e+02 1.605000e+02 2.000000e+00
      vertex   1.449811e+02 1.608560e+02 7.000000e+00
    endloop
  endfacet
  facet normal 9.961947e-01 -8.715574e-02 0.000000e+00
    outer loop
      vertex   1.449811e+02 1.608560e+02 7.000000e+00
      vertex   1.449500e+02 1.605000e+02 2.000000e+00
      vertex   1.449811e+02 1.608560e+02 2.000000e+00
    endloop
  endfacet
  facet normal 9.659258e-01 -2.588190e-01 0.000000e+00
    outer loop
      vertex   1.449811e+02 1.608560e+02 7.000000e+00
      vertex   1.449811e+02 1.608560e+02 2.000000e+00
      vertex   1.450736e+02 1.612011e+02 7.000000e+00
    endloop
  endfacet
  facet normal 9.659258e-01 -2.588190e-01 0.000000e+00
    outer loop
      vertex   1.450736e+02 1.612011e+02 7.000000e+00
      vertex   1.449811e+02 1.608560e+02 2.000000e+00
      vertex   1.450736e+02 1.612011e+02 2.000000e+00
    endloop
  endfacet
  facet normal 9.063078e-01 -4.226183e-01 0.000000e+00
    outer loop
      vertex   1.450736e+02 1.612011e+02 7.000000e+00
      vertex   1.450736e+02 1.612011e+02 2.000000e+00
      vertex   1.452246e+02 1.615250e+02 7.000000e+00
    endloop
  endfacet
  facet normal 9.063078e-01 -4.226183e-01 0.000000e+00
    outer loop
      vertex   1.452246e+02 1.615250e+02 7.000000e+00
      vertex   1.450736e+02 1.612011e+02 2.000000e+00
      vertex   1.452246e+02 1.615250e+02 2.000000e+00
    endloop
  endfacet
  facet normal 8.191520e-01 -5.735764e-01 0.000000e+00
    outer loop
      vertex   1.452246e+02 1.615250e+02 7.000000e+00
      vertex   1.452246e+02 1.615250e+02 2.000000e+00
      vertex   1.454296e+02 1.618177e+02 7.000000e+00
    endloop
  endfacet
  facet normal 8.191520e-01 -5.735764e-01 0.000000e+00
    outer loop
      vertex   1.454296e+02 1.618177e+02 7.000000e+00
      vertex   1.452246e+02 1.615250e+02 2.000000e+00
      vertex   1.454296e+02 1.618177e+02 2.000000e+00
    endloop
  endfacet
  facet normal 7.071068e-01 -7.071068e-01 0.000000e+00
    outer loop
      vertex   1.454296e+02 1.618177e+02 7.000000e+00
      vertex   1.454296e+02 1.618177e+02 2.000000e+00
      vertex   1.456823e+02 1.620704e+02 7.000000e+00
    endloop
  endfacet
  facet normal 7.071068e-01 -7.071068e-01 0.000000e+00
    outer loop
      vertex   1.456823e+02 1.620704e+02 7.000000e+00
      vertex   1.454296e+02 1.618177e+02 2.000000e+00
      vertex   1.456823e+02 1.620704e+02 2.000000e+00
    endloop
  endfacet
  facet normal 5.735764e-01 -8.191520e-01 0.000000e+00
    outer loop
      vertex   1.456823e+02 1.620704e+02 7.000000e+00
      vertex   1.456823e+02 1.620704e+02 2.000000e+00
      vertex   1.459750e+02 1.622754e+02 7.000000e+00
    endloop
  endfacet
  facet normal 5.735764e-01 -8.191520e-01 0.000000e+00
    outer loop
      vertex   1.459750e+02 1.622754e+02 7.000000e+00
      vertex   1.456823e+02 1.620704e+02 2.000000e+00
      vertex   1.459750e+02 1.622754e+02 2.000000e+00
    endloop
  endfacet
  facet normal 4.226183e-01 -9.063078e-01 0.000000e+00
    outer loop
      vertex   1.459750e+02 1.622754e+02 7.000000e+00
      vertex   1.459750e+02 1.622754e+02 2.000000e+00
      vertex   1.462989e+02 1.624264e+02 7.000000e+00
    endloop
  endfacet
  facet normal 4.226183e-01 -9.063078e-01 2.402307e-15
    outer loop
      vertex   1.462989e+02 1.624264e+02 7.000000e+00
      vertex   1.459750e+02 1.622754e+02 2.000000e+00
      vertex   1.462989e+02 1.624264e+02 2.000000e+00
    endloop
  endfacet
  facet normal 2.588190e-01 -9.659258e-01 1.471216e-15
    outer loop
      vertex   1.462989e+02 1.624264e+02 7.000000e+00
      vertex   1.462989e+02 1.624264e+02 2.000000e+00
      vertex   1.466440e+02 1.625189e+02 7.000000e+00
    endloop
  endfacet
  facet normal 2.588190e-01 -9.659258e-01 0.000000e+00
    outer loop
      vertex   1.466440e+02 1.625189e+02 7.000000e+00
      vertex   1.462989e+02 1.624264e+02 2.000000e+00
      vertex   1.466440e+02 1.625189e+02 2.000000e+00
    endloop
  endfacet
  facet normal 8.715574e-02 -9.961947e-01 0.000000e+00
    outer loop
      vertex   1.466440e+02 1.625189e+02 7.000000e+00
      vertex   1.466440e+02 1.625189e+02 2.000000e+00
      vertex   1.470000e+02 1.625500e+02 7.000000e+00
    endloop
  endfacet
  facet normal 8.715574e-02 -9.961947e-01 0.000000e+00
    outer loop
      vertex   1.470000e+02 1.625500e+02 7.000000e+00
      vertex   1.466440e+02 1.625189e+02 2.000000e+00
      vertex   1.470000e+02 1.625500e+02 2.000000e+00
    endloop
  endfacet
  facet normal -8.715574e-02 -9.961947e-01 -0.000000e+00
    outer loop
      vertex   1.470000e+02 1.625500e+02 7.000000e+00
      vertex   1.470000e+02 1.625500e+02 2.000000e+00
      vertex   1.473560e+02 1.625189e+02 7.000000e+00
    endloop
  endfacet
  facet normal -8.715574e-02 -9.961947e-01 -0.000000e+00
    outer loop
      vertex   1.473560e+02 1.625189e+02 7.000000e+00
      vertex   1.470000e+02 1.625500e+02 2.000000e+00
      vertex   1.473560e+02 1.625189e+02 2.000000e+00
    endloop
  endfacet
  facet normal -2.588190e-01 -9.659258e-01 -0.000000e+00
    outer loop
      vertex   1.473560e+02 1.625189e+02 7.000000e+00
      vertex   1.473560e+02 1.625189e+02 2.000000e+00
      vertex   1.477011e+02 1.624264e+02 7.000000e+00
    endloop
  endfacet
  facet normal -2.588190e-01 -9.659258e-01 -0.000000e+00
    outer loop
      vertex   1.477011e+02 1.624264e+02 7.000000e+00
      vertex   1.473560e+02 1.625189e+02 2.000000e+00
      vertex   1.477011e+02 1.624264e+02 2.000000e+00
    endloop
  endfacet
  facet normal -4.226183e-01 -9.063078e-01 -0.000000e+00
    outer loop
      vertex   1.477011e+02 1.624264e+02 7.000000e+00
      vertex   1.477011e+02 1.624264e+02 2.000000e+00
      vertex   1.480250e+02 1.622754e+02 7.000000e+00
    endloop
  endfacet
  facet normal -4.226183e-01 -9.063078e-01 -0.000000e+00
    outer loop
      vertex   1.480250e+02 1.622754e+02 7.000000e+00
      vertex   1.477011e+02 1.624264e+02 2.000000e+00
      vertex   1.480250e+02 1.622754e+02 2.000000e+00
    endloop
  endfacet
  facet normal -5.735764e-01 -8.191520e-01 -0.000000e+00
    outer loop
      vertex   1.480250e+02 1.622754e+02 7.000000e+00
      vertex   1.480250e+02 1.622754e+02 2.000000e+00
      vertex   1.483177e+02 1.620704e+02 7.000000e+00
    endloop
  endfacet
  facet normal -5.735764e-01 -8.191520e-01 -0.000000e+00
    outer loop
      vertex   1.483177e+02 1.620704e+02 7.000000e+00
      vertex   1.480250e+02 1.622754e+02 2.000000e+00
      vertex   1.483177e+02 1.620704e+02 2.000000e+00
    endloop
  endfacet
  facet normal -7.071068e-01 -7.071068e-01 -0.000000e+00
    outer loop
      vertex   1.483177e+02 1.620704e+02 7.000000e+00
      vertex   1.483177e+02 1.620704e+02 2.000000e+00
      vertex   1.485704e+02 1.618177e+02 7.000000e+00
    endloop
  endfacet
  facet normal -7.071068e-01 -7.071068e-01 -0.000000e+00
    outer loop
      vertex   1.485704e+02 1.618177e+02 7.000000e+00
      vertex   1.483177e+02 1.620704e+02 2.000000e+00
      vertex   1.485704e+02 1.618177e+02 2.000000e+00
    endloop
  endfacet
  facet normal -8.191520e-01 -5.735764e-01 -0.000000e+00
    outer loop
      vertex   1.485704e+02 1.618177e+02 7.000000e+00
      vertex   1.485704e+02 1.618177e+02 2.000000e+00
      vertex   1.487754e+02 1.615250e+02 7.000000e+00
    endloop
  endfacet
  facet normal -8.191520e-01 -5.735764e-01 -0.000000e+00
    outer loop
      vertex   1.487754e+02 1.615250e+02 7.000000e+00
      vertex   1.485704e+02 1.618177e+02 2.000000e+00
      vertex   1.487754e+02 1.615250e+02 2.000000e+00
    endloop
  endfacet
  facet normal -9.063078e-01 -4.226183e-01 -0.000000e+00
    outer loop
      vertex   1.487754e+02 1.615250e+02 7.000000e+00
      vertex   1.487754e+02 1.615250e+02 2.000000e+00
      vertex   1.489264e+02 1.612011e+02 7.000000e+00
    endloop
  endfacet
  facet normal -9.063078e-01 -4.226183e-01 -0.000000e+00
    outer loop
      vertex   1.489264e+02 1.612011e+02 7.000000e+00
      vertex   1.487754e+02 1.615250e+02 2.000000e+00
      vertex   1.489264e+02 1.612011e+02 2.000000e+00
    endloop
  endfacet
  facet normal -9.659258e-01 -2.588190e-01 -0.000000e+00
    outer loop
      vertex   1.489264e+02 1.612011e+02 7.000000e+00
      vertex   1.489264e+02 1.612011e+02 2.000000e+00
      vertex   1.490189e+02 1.608560e+02 7.000000e+00
    endloop
  endfacet
  facet normal -9.659258e-01 -2.588190e-01 -0.000000e+00
    outer loop
      vertex   1.490189e+02 1.608560e+02 7.000000e+00
      vertex   1.489264e+02 1.612011e+02 2.000000e+00
      vertex   1.490189e+02 1.608560e+02 2.000000e+00
    endloop
  endfacet
  facet normal 9.965845e-01 -8.257935e-02 0.000000e+00
    outer loop
      vertex   1.509454e+02 1.598416e+02 7.000000e+00
      vertex   1.509454e+02 1.598416e+02 2.000000e+00
      vertex   1.510000e+02 1.605000e+02 7.000000e+00
    endloop
  endfacet
  facet normal 9.965845e-01 -8.257935e-02 0.000000e+00
    outer loop
      vertex   1.510000e+02 1.605000e+02 7.000000e+00
      vertex   1.509454e+02 1.598416e+02 2.000000e+00
      vertex   1.510000e+02 1.605000e+02 2.000000e+00
    endloop
  endfacet
  facet normal 9.965845e-01 8.257935e-02 0.000000e+00
    outer loop
      vertex   1.510000e+02 1.605000e+02 7.000000e+00
      vertex   1.510000e+02 1.605000e+02 2.000000e+00
      vertex   1.509454e+02 1.611584e+02 7.000000e+00
    endloop
  endfacet
  facet normal 9.965845e-01 8.257935e-02 0.000000e+00
    outer loop
      vertex   1.509454e+02 1.611584e+02 7.000000e+00
      vertex   1.510000e+02 1.605000e+02 2.000000e+00
      vertex   1.509454e+02 1.611584e+02 2.000000e+00
    endloop
  endfacet
  facet normal 9.694003e-01 2.454855e-01 0.000000e+00
    outer loop
      vertex   1.509454e+02 1.611584e+02 7.000000e+00
      vertex   1.509454e+02 1.611584e+02 2.000000e+00
      vertex   1.507833e+02 1.617988e+02 7.000000e+00
    endloop
  endfacet
  facet normal 9.694003e-01 2.454855e-01 0.000000e+00
    outer loop
      vertex   1.507833e+02 1.617988e+02 7.000000e+00
      vertex   1.509454e+02 1.611584e+02 2.000000e+00
      vertex   1.507833e+02 1.617988e+02 2.000000e+00
    endloop
  endfacet
  facet normal 9.157733e-01 4.016954e-01 0.000000e+00
    outer loop
      vertex   1.507833e+02 1.617988e+02 7.000000e+00
      vertex   1.507833e+02 1.617988e+02 2.000000e+00
      vertex   1.505179e+02 1.624038e+02 7.000000e+00
    endloop
  endfacet
  facet normal 9.157733e-01 4.016954e-01 0.000000e+00
    outer loop
      vertex   1.505179e+02 1.624038e+02 7.000000e+00
      vertex   1.507833e+02 1.617988e+02 2.000000e+00
      vertex   1.505179e+02 1.624038e+02 2.000000e+00
    endloop
  endfacet
  facet normal 8.371665e-01 5.469482e-01 0.000000e+00
    outer loop
      vertex   1.505179e+02 1.624038e+02 7.000000e+00
      vertex   1.505179e+02 1.624038e+02 2.000000e+00
      vertex   1.501566e+02 1.629569e+02 7.000000e+00
    endloop
  endfacet
  facet normal 8.371665e-01 5.469482e-01 0.000000e+00
    outer loop
      vertex   1.501566e+02 1.629569e+02 7.000000e+00
      vertex   1.505179e+02 1.624038e+02 2.000000e+00
      vertex   1.501566e+02 1.629569e+02 2.000000e+00
    endloop
  endfacet
  facet normal 7.357239e-01 6.772816e-01 0.000000e+00
    outer loop
      vertex   1.501566e+02 1.629569e+02 7.000000e+00
      vertex   1.501566e+02 1.629569e+02 2.000000e+00
      vertex   1.497091e+02 1.634429e+02 7.000000e+00
    endloop
  endfacet
  facet normal 7.357239e-01 6.772816e-01 0.000000e+00
    outer loop
      vertex   1.497091e+02 1.634429e+02 7.000000e+00
      vertex   1.501566e+02 1.629569e+02 2.000000e+00
      vertex   1.497091e+02 1.634429e+02 2.000000e+00
    endloop
  endfacet
  facet normal 6.142127e-01 7.891405e-01 0.000000e+00
    outer loop
      vertex   1.497091e+02 1.634429e+02 7.000000e+00
      vertex   1.497091e+02 1.634429e+02 2.000000e+00
      vertex   1.491878e+02 1.638487e+02 7.000000e+00
    endloop
  endfacet
  facet normal 6.142127e-01 7.891405e-01 0.000000e+00
    outer loop
      vertex   1.491878e+02 1.638487e+02 7.000000e+00
      vertex   1.497091e+02 1.634429e+02 2.000000e+00
      vertex   1.491878e+02 1.638487e+02 2.000000e+00
    endloop
  endfacet
  facet normal 4.759474e-01 8.794738e-01 0.000000e+00
    outer loop
      vertex   1.491878e+02 1.638487e+02 7.000000e+00
      vertex   1.491878e+02 1.638487e+02 2.000000e+00
      vertex   1.486068e+02 1.641631e+02 7.000000e+00
    endloop
  endfacet
  facet normal 4.759474e-01 8.794738e-01 0.000000e+00
    outer loop
      vertex   1.486068e+02 1.641631e+02 7.000000e+00
      vertex   1.491878e+02 1.638487e+02 2.000000e+00
      vertex   1.486068e+02 1.641631e+02 2.000000e+00
    endloop
  endfacet
  facet normal 3.246995e-01 9.458172e-01 0.000000e+00
    outer loop
      vertex   1.486068e+02 1.641631e+02 7.000000e+00
      vertex   1.486068e+02 1.641631e+02 2.000000e+00
      vertex   1.479819e+02 1.643776e+02 7.000000e+00
    endloop
  endfacet
  facet normal 3.246995e-01 9.458172e-01 0.000000e+00
    outer loop
      vertex   1.479819e+02 1.643776e+02 7.000000e+00
      vertex   1.486068e+02 1.641631e+02 2.000000e+00
      vertex   1.479819e+02 1.643776e+02 2.000000e+00
    endloop
  endfacet
  facet normal 1.645946e-01 9.863613e-01 0.000000e+00
    outer loop
      vertex   1.479819e+02 1.643776e+02 7.000000e+00
      vertex   1.479819e+02 1.643776e+02 2.000000e+00
      vertex   1.473303e+02 1.644863e+02 7.000000e+00
    endloop
  endfacet
  facet normal 1.645946e-01 9.863613e-01 0.000000e+00
    outer loop
      vertex   1.473303e+02 1.644863e+02 7.000000e+00
      vertex   1.479819e+02 1.643776e+02 2.000000e+00
      vertex   1.473303e+02 1.644863e+02 2.000000e+00
    endloop
  endfacet
  facet normal 0.000000e+00 1.000000e+00 0.000000e+00
    outer loop
      vertex   1.473303e+02 1.644863e+02 7.000000e+00
      vertex   1.473303e+02 1.644863e+02 2.000000e+00
      vertex   1.466697e+02 1.644863e+02 7.000000e+00
    endloop
  endfacet
  facet normal 0.000000e+00 1.000000e+00 0.000000e+00
    outer loop
      vertex   1.466697e+02 1.644863e+02 7.000000e+00
      vertex   1.473303e+02 1.644863e+02 2.000000e+00
      vertex   1.466697e+02 1.644863e+02 2.000000e+00
    endloop
  endfacet
  facet normal -1.645946e-01 9.863613e-01 0.000000e+00
    outer loop
      vertex   1.466697e+02 1.644863e+02 7.000000e+00
      vertex   1.466697e+02 1.644863e+02 2.000000e+00
      vertex   1.460181e+02 1.643776e+02 7.000000e+00
    endloop
  endfacet
  facet normal -1.645946e-01 9.863613e-01 0.000000e+00
    outer loop
      vertex   1.460181e+02 1.643776e+02 7.000000e+00
      vertex   1.466697e+02 1.644863e+02 2.000000e+00
      vertex   1.460181e+02 1.643776e+02 2.000000e+00
    endloop
  endfacet
  facet normal -3.246995e-01 9.458172e-01 0.000000e+00
    outer loop
      vertex   1.460181e+02 1.643776e+02 7.000000e+00
      vertex   1.460181e+02 1.643776e+02 2.000000e+00
      vertex   1.453932e+02 1.641631e+02 7.000000e+00
    endloop
  endfacet
  facet normal -3.246995e-01 9.458172e-01 0.000000e+00
    outer loop
      vertex   1.453932e+02 1.641631e+02 7.000000e+00
      vertex   1.460181e+02 1.643776e+02 2.000000e+00
      vertex   1.453932e+02 1.641631e+02 2.000000e+00
    endloop
  endfacet
  facet normal -4.759474e-01 8.794738e-01 0.000000e+00
    outer loop
      vertex   1.453932e+02 1.641631e+02 7.000000e+00
      vertex   1.453932e+02 1.641631e+02 2.000000e+00
      vertex   1.448122e+02 1.638487e+02 7.000000e+00
    endloop
  endfacet
  facet normal -4.759474e-01 8.794738e-01 0.000000e+00
    outer loop
      vertex   1.448122e+02 1.638487e+02 7.000000e+00
      vertex   1.453932e+02 1.641631e+02 2.000000e+00
      vertex   1.448122e+02 1.638487e+02 2.000000e+00
    endloop
  endfacet
  facet normal -6.142127e-01 7.891405e-01 0.000000e+00
    outer loop
      vertex   1.448122e+02 1.638487e+02 7.000000e+00
      vertex   1.448122e+02 1.638487e+02 2.000000e+00
      vertex   1.442909e+02 1.634429e+02 7.000000e+00
    endloop
  endfacet
  facet normal -6.142127e-01 7.891405e-01 0.000000e+00
    outer loop
      vertex   1.442909e+02 1.634429e+02 7.000000e+00
      vertex   1.448122e+02 1.638487e+02 2.000000e+00
      vertex   1.442909e+02 1.634429e+02 2.000000e+00
    endloop
  endfacet
  facet normal -7.357239e-01 6.772816e-01 0.000000e+00
    outer loop
      vertex   1.442909e+02 1.634429e+02 7.000000e+00
      vertex   1.442909e+02 1.634429e+02 2.000000e+00
      vertex   1.438434e+02 1.629569e+02 7.000000e+00
    endloop
  endfacet
  facet normal -7.357239e-01 6.772816e-01 0.000000e+00
    outer loop
      vertex   1.438434e+02 1.629569e+02 7.000000e+00
      vertex   1.442909e+02 1.634429e+02 2.000000e+00
      vertex   1.438434e+02 1.629569e+02 2.000000e+00
    endloop
  endfacet
  facet normal -8.371665e-01 5.469482e-01 0.000000e+00
    outer loop
      vertex   1.438434e+02 1.629569e+02 7.000000e+00
      vertex   1.438434e+02 1.629569e+02 2.000000e+00
      vertex   1.434821e+02 1.624038e+02 7.000000e+00
    endloop
  endfacet
  facet normal -8.371665e-01 5.469482e-01 0.000000e+00
    outer loop
      vertex   1.434821e+02 1.624038e+02 7.000000e+00
      vertex   1.438434e+02 1.629569e+02 2.000000e+00
      vertex   1.434821e+02 1.624038e+02 2.000000e+00
    endloop
  endfacet
  facet normal -9.157733e-01 4.016954e-01 0.000000e+00
    outer loop
      vertex   1.434821e+02 1.624038e+02 7.000000e+00
      vertex   1.434821e+02 1.624038e+02 2.000000e+00
      vertex   1.432167e+02 1.617988e+02 7.000000e+00
    endloop
  endfacet
  facet normal -9.157733e-01 4.016954e-01 0.000000e+00
    outer loop
      vertex   1.432167e+02 1.617988e+02 7.000000e+00
      vertex   1.434821e+02 1.624038e+02 2.000000e+00
      vertex   1.432167e+02 1.617988e+02 2.000000e+00
    endloop
  endfacet
  facet normal -9.694003e-01 2.454855e-01 0.000000e+00
    outer loop
      vertex   1.432167e+02 1.617988e+02 7.000000e+00
      vertex   1.432167e+02 1.617988e+02 2.000000e+00
      vertex   1.430546e+02 1.611584e+02 7.000000e+00
    endloop
  endfacet
  facet normal -9.694003e-01 2.454855e-01 0.000000e+00
    outer loop
      vertex   1.430546e+02 1.611584e+02 7.000000e+00
      vertex   1.432167e+02 1.617988e+02 2.000000e+00
      vertex   1.430546e+02 1.611584e+02 2.000000e+00
    endloop
  endfacet
  facet normal -9.965845e-01 8.257935e-02 0.000000e+00
    outer loop
      vertex   1.430546e+02 1.611584e+02 7.000000e+00
      vertex   1.430546e+02 1.611584e+02 2.000000e+00
      vertex   1.430000e+02 1.605000e+02 7.000000e+00
    endloop
  endfacet
  facet normal -9.965845e-01 8.257935e-02 0.000000e+00
    outer loop
      vertex   1.430000e+02 1.605000e+02 7.000000e+00
      vertex   1.430546e+02 1.611584e+02 2.000000e+00
      vertex   1.430000e+02 1.605000e+02 2.000000e+00
    endloop
  endfacet
  facet normal -9.965845e-01 -8.257935e-02 -0.000000e+00
    outer loop
      vertex   1.430000e+02 1.605000e+02 7.000000e+00
      vertex   1.430000e+02 1.605000e+02 2.000000e+00
      vertex   1.430546e+02 1.598416e+02 7.000000e+00
    endloop
  endfacet
  facet normal -9.965845e-01 -8.257935e-02 -0.000000e+00
    outer loop
      vertex   1.430546e+02 1.598416e+02 7.000000e+00
      vertex   1.430000e+02 1.605000e+02 2.000000e+00
      vertex   1.430546e+02 1.598416e+02 2.000000e+00
    endloop
  endfacet
  facet normal -9.694003e-01 -2.454855e-01 -0.000000e+00
    outer loop
      vertex   1.430546e+02 1.598416e+02 7.000000e+00
      vertex   1.430546e+02 1.598416e+02 2.000000e+00
      vertex   1.432167e+02 1.592012e+02 7.000000e+00
    endloop
  endfacet
  facet normal -9.694003e-01 -2.454855e-01 -0.000000e+00
    outer loop
      vertex   1.432167e+02 1.592012e+02 7.000000e+00
      vertex   1.430546e+02 1.598416e+02 2.000000e+00
      vertex   1.432167e+02 1.592012e+02 2.000000e+00
    endloop
  endfacet
  facet normal -9.157733e-01 -4.016954e-01 -0.000000e+00
    outer loop
      vertex   1.432167e+02 1.592012e+02 7.000000e+00
      vertex   1.432167e+02 1.592012e+02 2.000000e+00
      vertex   1.434821e+02 1.585962e+02 7.000000e+00
    endloop
  endfacet
  facet normal -9.157733e-01 -4.016954e-01 -0.000000e+00
    outer loop
      vertex   1.434821e+02 1.585962e+02 7.000000e+00
      vertex   1.432167e+02 1.592012e+02 2.000000e+00
      vertex   1.434821e+02 1.585962e+02 2.000000e+00
    endloop
  endfacet
  facet normal -8.371665e-01 -5.469482e-01 -0.000000e+00
    outer loop
      vertex   1.434821e+02 1.585962e+02 7.000000e+00
      vertex   1.434821e+02 1.585962e+02 2.000000e+00
      vertex   1.438434e+02 1.580431e+02 7.000000e+00
    endloop
  endfacet
  facet normal -8.371665e-01 -5.469482e-01 -0.000000e+00
    outer loop
      vertex   1.438434e+02 1.580431e+02 7.000000e+00
      vertex   1.434821e+02 1.585962e+02 2.000000e+00
      vertex   1.438434e+02 1.580431e+02 2.000000e+00
    endloop
  endfacet
  facet normal -7.357239e-01 -6.772816e-01 -0.000000e+00
    outer loop
      vertex   1.438434e+02 1.580431e+02 7.000000e+00
      vertex   1.438434e+02 1.580431e+02 2.000000e+00
      vertex   1.442909e+02 1.575571e+02 7.000000e+00
    endloop
  endfacet
  facet normal -7.357239e-01 -6.772816e-01 -0.000000e+00
    outer loop
      vertex   1.442909e+02 1.575571e+02 7.000000e+00
      vertex   1.438434e+02 1.580431e+02 2.000000e+00
      vertex   1.442909e+02 1.575571e+02 2.000000e+00
    endloop
  endfacet
  facet normal -6.142127e-01 -7.891405e-01 -0.000000e+00
    outer loop
      vertex   1.442909e+02 1.575571e+02 7.000000e+00
      vertex   1.442909e+02 1.575571e+02 2.000000e+00
      vertex   1.448122e+02 1.571513e+02 7.000000e+00
    endloop
  endfacet
  facet normal -6.142127e-01 -7.891405e-01 -0.000000e+00
    outer loop
      vertex   1.448122e+02 1.571513e+02 7.000000e+00
      vertex   1.442909e+02 1.575571e+02 2.000000e+00
      vertex   1.448122e+02 1.571513e+02 2.000000e+00
    endloop
  endfacet
  facet normal -4.759474e-01 -8.794738e-01 -0.000000e+00
    outer loop
      vertex   1.448122e+02 1.571513e+02 7.000000e+00
      vertex   1.448122e+02 1.571513e+02 2.000000e+00
      vertex   1.453932e+02 1.568369e+02 7.000000e+00
    endloop
  endfacet
  facet normal -4.759474e-01 -8.794738e-01 -0.000000e+00
    outer loop
      vertex   1.453932e+02 1.568369e+02 7.000000e+00
      vertex   1.448122e+02 1.571513e+02 2.000000e+00
      vertex   1.453932e+02 1.568369e+02 2.000000e+00
    endloop
  endfacet
  facet normal -3.246995e-01 -9.458172e-01 -0.000000e+00
    outer loop
      vertex   1.453932e+02 1.568369e+02 7.000000e+00
      vertex   1.453932e+02 1.568369e+02 2.000000e+00
      vertex   1.460181e+02 1.566224e+02 7.000000e+00
    endloop
  endfacet
  facet normal -3.246995e-01 -9.458172e-01 -0.000000e+00
    outer loop
      vertex   1.460181e+02 1.566224e+02 7.000000e+00
      vertex   1.453932e+02 1.568369e+02 2.000000e+00
      vertex   1.460181e+02 1.566224e+02 2.000000e+00
    endloop
  endfacet
  facet normal -1.645946e-01 -9.863613e-01 -0.000000e+00
    outer loop
      vertex   1.460181e+02 1.566224e+02 7.000000e+00
      vertex   1.460181e+02 1.566224e+02 2.000000e+00
      vertex   1.466697e+02 1.565137e+02 7.000000e+00
    endloop
  endfacet
  facet normal -1.645946e-01 -9.863613e-01 -0.000000e+00
    outer loop
      vertex   1.466697e+02 1.565137e+02 7.000000e+00
      vertex   1.460181e+02 1.566224e+02 2.000000e+00
      vertex   1.466697e+02 1.565137e+02 2.000000e+00
    endloop
  endfacet
  facet normal 0.000000e+00 -1.000000e+00 0.000000e+00
    outer loop
      vertex   1.466697e+02 1.565137e+02 7.000000e+00
      vertex   1.466697e+02 1.565137e+02 2.000000e+00
      vertex   1.473303e+02 1.565137e+02 7.000000e+00
    endloop
  endfacet
  facet normal 0.000000e+00 -1.000000e+00 -0.000000e+00
    outer loop
      vertex   1.473303e+02 1.565137e+02 7.000000e+00
      vertex   1.466697e+02 1.565137e+02 2.000000e+00
      vertex   1.473303e+02 1.565137e+02 2.000000e+00
    endloop
  endfacet
  facet normal 1.645946e-01 -9.863613e-01 0.000000e+00
    outer loop
      vertex   1.473303e+02 1.565137e+02 7.000000e+00
      vertex   1.473303e+02 1.565137e+02 2.000000e+00
      vertex   1.479819e+02 1.566224e+02 7.000000e+00
    endloop
  endfacet
  facet normal 1.645946e-01 -9.863613e-01 0.000000e+00
    outer loop
      vertex   1.479819e+02 1.566224e+02 7.000000e+00
      vertex   1.473303e+02 1.565137e+02 2.000000e+00
      vertex   1.479819e+02 1.566224e+02 2.000000e+00
    endloop
  endfacet
  facet normal 3.246995e-01 -9.458172e-01 0.000000e+00
    outer loop
      vertex   1.479819e+02 1.566224e+02 7.000000e+00
      vertex   1.479819e+02 1.566224e+02 2.000000e+00
      vertex   1.486068e+02 1.568369e+02 7.000000e+00
    endloop
  endfacet
  facet normal 3.246995e-01 -9.458172e-01 0.000000e+00
    outer loop
      vertex   1.486068e+02 1.568369e+02 7.000000e+00
      vertex   1.479819e+02 1.566224e+02 2.000000e+00
      vertex   1.486068e+02 1.568369e+02 2.000000e+00
    endloop
  endfacet
  facet normal 4.759474e-01 -8.794738e-01 0.000000e+00
    outer loop
      vertex   1.486068e+02 1.568369e+02 7.000000e+00
      vertex   1.486068e+02 1.568369e+02 2.000000e+00
      vertex   1.491878e+02 1.571513e+02 7.000000e+00
    endloop
  endfacet
  facet normal 4.759474e-01 -8.794738e-01 0.000000e+00
    outer loop
      vertex   1.491878e+02 1.571513e+02 7.000000e+00
      vertex   1.486068e+02 1.568369e+02 2.000000e+00
      vertex   1.491878e+02 1.571513e+02 2.000000e+00
    endloop
  endfacet
  facet normal 6.142127e-01 -7.891405e-01 0.000000e+00
    outer loop
      vertex   1.491878e+02 1.571513e+02 7.000000e+00
      vertex   1.491878e+02 1.571513e+02 2.000000e+00
      vertex   1.497091e+02 1.575571e+02 7.000000e+00
    endloop
  endfacet
  facet normal 6.142127e-01 -7.891405e-01 0.000000e+00
    outer loop
      vertex   1.497091e+02 1.575571e+02 7.000000e+00
      vertex   1.491878e+02 1.571513e+02 2.000000e+00
      vertex   1.497091e+02 1.575571e+02 2.000000e+00
    endloop
  endfacet
  facet normal 7.357239e-01 -6.772816e-01 0.000000e+00
    outer loop
      vertex   1.497091e+02 1.575571e+02 7.000000e+00
      vertex   1.497091e+02 1.575571e+02 2.000000e+00
      vertex   1.501566e+02 1.580431e+02 7.000000e+00
    endloop
  endfacet
  facet normal 7.357239e-01 -6.772816e-01 0.000000e+00
    outer loop
      vertex   1.501566e+02 1.580431e+02 7.000000e+00
      vertex   1.497091e+02 1.575571e+02 2.000000e+00
      vertex   1.501566e+02 1.580431e+02 2.000000e+00
    endloop
  endfacet
  facet normal 8.371665e-01 -5.469482e-01 0.000000e+00
    outer loop
      vertex   1.501566e+02 1.580431e+02 7.000000e+00
      vertex   1.501566e+02 1.580431e+02 2.000000e+00
      vertex   1.505179e+02 1.585962e+02 7.000000e+00
    endloop
  endfacet
  facet normal 8.371665e-01 -5.469482e-01 0.000000e+00
    outer loop
      vertex   1.505179e+02 1.585962e+02 7.000000e+00
      vertex   1.501566e+02 1.580431e+02 2.000000e+00
      vertex   1.505179e+02 1.585962e+02 2.000000e+00
    endloop
  endfacet
  facet normal 9.157733e-01 -4.016954e-01 0.000000e+00
    outer loop
      vertex   1.505179e+02 1.585962e+02 7.000000e+00
      vertex   1.505179e+02 1.585962e+02 2.000000e+00
      vertex   1.507833e+02 1.592012e+02 7.000000e+00
    endloop
  endfacet
  facet normal 9.157733e-01 -4.016954e-01 0.000000e+00
    outer loop
      vertex   1.507833e+02 1.592012e+02 7.000000e+00
      vertex   1.505179e+02 1.585962e+02 2.000000e+00
      vertex   1.507833e+02 1.592012e+02 2.000000e+00
    endloop
  endfacet
  facet normal 9.694003e-01 -2.454855e-01 0.000000e+00
    outer loop
      vertex   1.507833e+02 1.592012e+02 7.000000e+00
      vertex   1.507833e+02 1.592012e+02 2.000000e+00
      vertex   1.509454e+02 1.598416e+02 7.000000e+00
    endloop
  endfacet
  facet normal 9.694003e-01 -2.454855e-01 0.000000e+00
    outer loop
      vertex   1.509454e+02 1.598416e+02 7.000000e+00
      vertex   1.507833e+02 1.592012e+02 2.000000e+00
      vertex   1.509454e+02 1.598416e+02 2.000000e+00
    endloop
  endfacet
  facet normal -0.000000e+00 0.000000e+00 1.000000e+00
    outer loop
      vertex   1.490189e+02 1.601440e+02 7.000000e+00
      vertex   1.509454e+02 1.598416e+02 7.000000e+00
      vertex   1.490500e+02 1.605000e+02 7.000000e+00
    endloop
  endfacet
  facet normal -0.000000e+00 0.000000e+00 1.000000e+00
    outer loop
      vertex   1.490500e+02 1.605000e+02 7.000000e+00
      vertex   1.509454e+02 1.598416e+02 7.000000e+00
      vertex   1.510000e+02 1.605000e+02 7.000000e+00
    endloop
  endfacet
  facet normal 0.000000e+00 0.000000e+00 1.000000e+00
    outer loop
      vertex   1.490500e+02 1.605000e+02 7.000000e+00
      vertex   1.510000e+02 1.605000e+02 7.000000e+00
      vertex   1.509454e+02 1.611584e+02 7.000000e+00
    endloop
  endfacet
  facet normal 0.000000e+00 0.000000e+00 1.000000e+00
    outer loop
      vertex   1.509454e+02 1.598416e+02 7.000000e+00
      vertex   1.490189e+02 1.601440e+02 7.000000e+00
      vertex   1.507833e+02 1.592012e+02 7.000000e+00
    endloop
  endfacet
  facet normal 0.000000e+00 0.000000e+00 1.000000e+00
    outer loop
      vertex   1.507833e+02 1.592012e+02 7.000000e+00
      vertex   1.490189e+02 1.601440e+02 7.000000e+00
      vertex   1.489264e+02 1.597989e+02 7.000000e+00
    endloop
  endfacet
  facet normal 0.000000e+00 0.000000e+00 1.000000e+00
    outer loop
      vertex   1.507833e+02 1.592012e+02 7.000000e+00
      vertex   1.489264e+02 1.597989e+02 7.000000e+00
      vertex   1.505179e+02 1.585962e+02 7.000000e+00
    endloop
  endfacet
  facet normal 0.000000e+00 0.000000e+00 1.000000e+00
    outer loop
      vertex   1.505179e+02 1.585962e+02 7.000000e+00
      vertex   1.489264e+02 1.597989e+02 7.000000e+00
      vertex   1.487754e+02 1.594750e+02 7.000000e+00
    endloop
  endfacet
  facet normal 0.000000e+00 0.000000e+00 1.000000e+00
    outer loop
      vertex   1.505179e+02 1.585962e+02 7.000000e+00
      vertex   1.487754e+02 1.594750e+02 7.000000e+00
      vertex   1.501566e+02 1.580431e+02 7.000000e+00
    endloop
  endfacet
  facet normal 0.000000e+00 0.000000e+00 1.000000e+00
    outer loop
      vertex   1.501566e+02 1.580431e+02 7.000000e+00
      vertex   1.487754e+02 1.594750e+02 7.000000e+00
      vertex   1.485704e+02 1.591823e+02 7.000000e+00
    endloop
  endfacet
  facet normal 0.000000e+00 0.000000e+00 1.000000e+00
    outer loop
      vertex   1.501566e+02 1.580431e+02 7.000000e+00
      vertex   1.485704e+02 1.591823e+02 7.000000e+00
      vertex   1.497091e+02 1.575571e+02 7.000000e+00
    endloop
  endfacet
  facet normal 0.000000e+00 0.000000e+00 1.000000e+00
    outer loop
      vertex   1.497091e+02 1.575571e+02 7.000000e+00
      vertex   1.485704e+02 1.591823e+02 7.000000e+00
      vertex   1.483177e+02 1.589296e+02 7.000000e+00
    endloop
  endfacet
  facet normal 0.000000e+00 0.000000e+00 1.000000e+00
    outer loop
      vertex   1.497091e+02 1.575571e+02 7.000000e+00
      vertex   1.483177e+02 1.589296e+02 7.000000e+00
      vertex   1.491878e+02 1.571513e+02 7.000000e+00
    endloop
  endfacet
  facet normal 0.000000e+00 0.000000e+00 1.000000e+00
    outer loop
      vertex   1.491878e+02 1.571513e+02 7.000000e+00
      vertex   1.483177e+02 1.589296e+02 7.000000e+00
      vertex   1.480250e+02 1.587246e+02 7.000000e+00
    endloop
  endfacet
  facet normal 0.000000e+00 0.000000e+00 1.000000e+00
    outer loop
      vertex   1.491878e+02 1.571513e+02 7.000000e+00
      vertex   1.480250e+02 1.587246e+02 7.000000e+00
      vertex   1.486068e+02 1.568369e+02 7.000000e+00
    endloop
  endfacet
  facet normal 0.000000e+00 0.000000e+00 1.000000e+00
    outer loop
      vertex   1.486068e+02 1.568369e+02 7.000000e+00
      vertex   1.480250e+02 1.587246e+02 7.000000e+00
      vertex   1.477011e+02 1.585736e+02 7.000000e+00
    endloop
  endfacet
  facet normal 0.000000e+00 0.000000e+00 1.000000e+00
    outer loop
      vertex   1.486068e+02 1.568369e+02 7.000000e+00
      vertex   1.477011e+02 1.585736e+02 7.000000e+00
      vertex   1.479819e+02 1.566224e+02 7.000000e+00
    endloop
  endfacet
  facet normal 0.000000e+00 0.000000e+00 1.000000e+00
    outer loop
      vertex   1.479819e+02 1.566224e+02 7.000000e+00
      vertex   1.477011e+02 1.585736e+02 7.000000e+00
      vertex   1.473560e+02 1.584811e+02 7.000000e+00
    endloop
  endfacet
  facet normal 0.000000e+00 0.000000e+00 1.000000e+00
    outer loop
      vertex   1.479819e+02 1.566224e+02 7.000000e+00
      vertex   1.473560e+02 1.584811e+02 7.000000e+00
      vertex   1.473303e+02 1.565137e+02 7.000000e+00
    endloop
  endfacet
  facet normal 0.000000e+00 -0.000000e+00 1.000000e+00
    outer loop
      vertex   1.473303e+02 1.565137e+02 7.000000e+00
      vertex   1.473560e+02 1.584811e+02 7.000000e+00
      vertex   1.470000e+02 1.584500e+02 7.000000e+00
    endloop
  endfacet
  facet normal 0.000000e+00 0.000000e+00 1.000000e+00
    outer loop
      vertex   1.473303e+02 1.565137e+02 7.000000e+00
      vertex   1.470000e+02 1.584500e+02 7.000000e+00
      vertex   1.466697e+02 1.565137e+02 7.000000e+00
    endloop
  endfacet
  facet normal 0.000000e+00 -0.000000e+00 1.000000e+00
    outer loop
      vertex   1.466697e+02 1.565137e+02 7.000000e+00
      vertex   1.470000e+02 1.584500e+02 7.000000e+00
      vertex   1.466440e+02 1.584811e+02 7.000000e+00
    endloop
  endfacet
  facet normal 0.000000e+00 0.000000e+00 1.000000e+00
    outer loop
      vertex   1.466697e+02 1.565137e+02 7.000000e+00
      vertex   1.466440e+02 1.584811e+02 7.000000e+00
      vertex   1.460181e+02 1.566224e+02 7.000000e+00
    endloop
  endfacet
  facet normal 0.000000e+00 0.000000e+00 1.000000e+00
    outer loop
      vertex   1.460181e+02 1.566224e+02 7.000000e+00
      vertex   1.466440e+02 1.584811e+02 7.000000e+00
      vertex   1.462989e+02 1.585736e+02 7.000000e+00
    endloop
  endfacet
  facet normal 0.000000e+00 -0.000000e+00 1.000000e+00
    outer loop
      vertex   1.460181e+02 1.566224e+02 7.000000e+00
      vertex   1.462989e+02 1.585736e+02 7.000000e+00
      vertex   1.453932e+02 1.568369e+02 7.000000e+00
    endloop
  endfacet
  facet normal 0.000000e+00 0.000000e+00 1.000000e+00
    outer loop
      vertex   1.453932e+02 1.568369e+02 7.000000e+00
      vertex   1.462989e+02 1.585736e+02 7.000000e+00
      vertex   1.459750e+02 1.587246e+02 7.000000e+00
    endloop
  endfacet
  facet normal 0.000000e+00 -0.000000e+00 1.000000e+00
    outer loop
      vertex   1.453932e+02 1.568369e+02 7.000000e+00
      vertex   1.459750e+02 1.587246e+02 7.000000e+00
      vertex   1.448122e+02 1.571513e+02 7.000000e+00
    endloop
  endfacet
  facet normal 0.000000e+00 0.000000e+00 1.000000e+00
    outer loop
      vertex   1.448122e+02 1.571513e+02 7.000000e+00
      vertex   1.459750e+02 1.587246e+02 7.000000e+00
      vertex   1.456823e+02 1.589296e+02 7.000000e+00
    endloop
  endfacet
  facet normal 0.000000e+00 -0.000000e+00 1.000000e+00
    outer loop
      vertex   1.448122e+02 1.571513e+02 7.000000e+00
      vertex   1.456823e+02 1.589296e+02 7.000000e+00
      vertex   1.442909e+02 1.575571e+02 7.000000e+00
    endloop
  endfacet
  facet normal 0.000000e+00 0.000000e+00 1.000000e+00
    outer loop
      vertex   1.442909e+02 1.575571e+02 7.000000e+00
      vertex   1.456823e+02 1.589296e+02 7.000000e+00
      vertex   1.454296e+02 1.591823e+02 7.000000e+00
    endloop
  endfacet
  facet normal 0.000000e+00 -0.000000e+00 1.000000e+00
    outer loop
      vertex   1.442909e+02 1.575571e+02 7.000000e+00
      vertex   1.454296e+02 1.591823e+02 7.000000e+00
      vertex   1.438434e+02 1.580431e+02 7.000000e+00
    endloop
  endfacet
  facet normal 0.000000e+00 0.000000e+00 1.000000e+00
    outer loop
      vertex   1.438434e+02 1.580431e+02 7.000000e+00
      vertex   1.454296e+02 1.591823e+02 7.000000e+00
      vertex   1.452246e+02 1.594750e+02 7.000000e+00
    endloop
  endfacet
  facet normal 0.000000e+00 -0.000000e+00 1.000000e+00
    outer loop
      vertex   1.438434e+02 1.580431e+02 7.000000e+00
      vertex   1.452246e+02 1.594750e+02 7.000000e+00
      vertex   1.434821e+02 1.585962e+02 7.000000e+00
    endloop
  endfacet
  facet normal 0.000000e+00 0.000000e+00 1.000000e+00
    outer loop
      vertex   1.434821e+02 1.585962e+02 7.000000e+00
      vertex   1.452246e+02 1.594750e+02 7.000000e+00
      vertex   1.450736e+02 1.597989e+02 7.000000e+00
    endloop
  endfacet
  facet normal 0.000000e+00 -0.000000e+00 1.000000e+00
    outer loop
      vertex   1.434821e+02 1.585962e+02 7.000000e+00
      vertex   1.450736e+02 1.597989e+02 7.000000e+00
      vertex   1.432167e+02 1.592012e+02 7.000000e+00
    endloop
  endfacet
  facet normal 0.000000e+00 0.000000e+00 1.000000e+00
    outer loop
      vertex   1.432167e+02 1.592012e+02 7.000000e+00
      vertex   1.450736e+02 1.597989e+02 7.000000e+00
      vertex   1.449811e+02 1.601440e+02 7.000000e+00
    endloop
  endfacet
  facet normal 0.000000e+00 -0.000000e+00 1.000000e+00
    outer loop
      vertex   1.432167e+02 1.592012e+02 7.000000e+00
      vertex   1.449811e+02 1.601440e+02 7.000000e+00
      vertex   1.430546e+02 1.598416e+02 7.000000e+00
    endloop
  endfacet
  facet normal 0.000000e+00 0.000000e+00 1.000000e+00
    outer loop
      vertex   1.430546e+02 1.598416e+02 7.000000e+00
      vertex   1.449811e+02 1.601440e+02 7.000000e+00
      vertex   1.449500e+02 1.605000e+02 7.000000e+00
    endloop
  endfacet
  facet normal 0.000000e+00 -0.000000e+00 1.000000e+00
    outer loop
      vertex   1.430546e+02 1.598416e+02 7.000000e+00
      vertex   1.449500e+02 1.605000e+02 7.000000e+00
      vertex   1.430000e+02 1.605000e+02 7.000000e+00
    endloop
  endfacet
  facet normal 0.000000e+00 0.000000e+00 1.000000e+00
    outer loop
      vertex   1.430000e+02 1.605000e+02 7.000000e+00
      vertex   1.449500e+02 1.605000e+02 7.000000e+00
      vertex   1.430546e+02 1.611584e+02 7.000000e+00
    endloop
  endfacet
  facet normal 0.000000e+00 0.000000e+00 1.000000e+00
    outer loop
      vertex   1.430546e+02 1.611584e+02 7.000000e+00
      vertex   1.449500e+02 1.605000e+02 7.000000e+00
      vertex   1.449811e+02 1.608560e+02 7.000000e+00
    endloop
  endfacet
  facet normal -0.000000e+00 0.000000e+00 1.000000e+00
    outer loop
      vertex   1.430546e+02 1.611584e+02 7.000000e+00
      vertex   1.449811e+02 1.608560e+02 7.000000e+00
      vertex   1.432167e+02 1.617988e+02 7.000000e+00
    endloop
  endfacet
  facet normal 0.000000e+00 0.000000e+00 1.000000e+00
    outer loop
      vertex   1.432167e+02 1.617988e+02 7.000000e+00
      vertex   1.449811e+02 1.608560e+02 7.000000e+00
      vertex   1.450736e+02 1.612011e+02 7.000000e+00
    endloop
  endfacet
  facet normal -0.000000e+00 0.000000e+00 1.000000e+00
    outer loop
      vertex   1.432167e+02 1.617988e+02 7.000000e+00
      vertex   1.450736e+02 1.612011e+02 7.000000e+00
      vertex   1.434821e+02 1.624038e+02 7.000000e+00
    endloop
  endfacet
  facet normal 0.000000e+00 0.000000e+00 1.000000e+00
    outer loop
      vertex   1.434821e+02 1.624038e+02 7.000000e+00
      vertex   1.450736e+02 1.612011e+02 7.000000e+00
      vertex   1.452246e+02 1.615250e+02 7.000000e+00
    endloop
  endfacet
  facet normal -0.000000e+00 0.000000e+00 1.000000e+00
    outer loop
      vertex   1.434821e+02 1.624038e+02 7.000000e+00
      vertex   1.452246e+02 1.615250e+02 7.000000e+00
      vertex   1.438434e+02 1.629569e+02 7.000000e+00
    endloop
  endfacet
  facet normal 0.000000e+00 0.000000e+00 1.000000e+00
    outer loop
      vertex   1.438434e+02 1.629569e+02 7.000000e+00
      vertex   1.452246e+02 1.615250e+02 7.000000e+00
      vertex   1.454296e+02 1.618177e+02 7.000000e+00
    endloop
  endfacet
  facet normal -0.000000e+00 0.000000e+00 1.000000e+00
    outer loop
      vertex   1.438434e+02 1.629569e+02 7.000000e+00
      vertex   1.454296e+02 1.618177e+02 7.000000e+00
      vertex   1.442909e+02 1.634429e+02 7.000000e+00
    endloop
  endfacet
  facet normal 0.000000e+00 0.000000e+00 1.000000e+00
    outer loop
      vertex   1.442909e+02 1.634429e+02 7.000000e+00
      vertex   1.454296e+02 1.618177e+02 7.000000e+00
      vertex   1.456823e+02 1.620704e+02 7.000000e+00
    endloop
  endfacet
  facet normal -0.000000e+00 0.000000e+00 1.000000e+00
    outer loop
      vertex   1.442909e+02 1.634429e+02 7.000000e+00
      vertex   1.456823e+02 1.620704e+02 7.000000e+00
      vertex   1.448122e+02 1.638487e+02 7.000000e+00
    endloop
  endfacet
  facet normal 0.000000e+00 0.000000e+00 1.000000e+00
    outer loop
      vertex   1.448122e+02 1.638487e+02 7.000000e+00
      vertex   1.456823e+02 1.620704e+02 7.000000e+00
      vertex   1.459750e+02 1.622754e+02 7.000000e+00
    endloop
  endfacet
  facet normal -0.000000e+00 0.000000e+00 1.000000e+00
    outer loop
      vertex   1.448122e+02 1.638487e+02 7.000000e+00
      vertex   1.459750e+02 1.622754e+02 7.000000e+00
      vertex   1.453932e+02 1.641631e+02 7.000000e+00
    endloop
  endfacet
  facet normal 0.000000e+00 0.000000e+00 1.000000e+00
    outer loop
      vertex   1.453932e+02 1.641631e+02 7.000000e+00
      vertex   1.459750e+02 1.622754e+02 7.000000e+00
      vertex   1.462989e+02 1.624264e+02 7.000000e+00
    endloop
  endfacet
  facet normal -0.000000e+00 0.000000e+00 1.000000e+00
    outer loop
      vertex   1.453932e+02 1.641631e+02 7.000000e+00
      vertex   1.462989e+02 1.624264e+02 7.000000e+00
      vertex   1.460181e+02 1.643776e+02 7.000000e+00
    endloop
  endfacet
  facet normal 0.000000e+00 0.000000e+00 1.000000e+00
    outer loop
      vertex   1.460181e+02 1.643776e+02 7.000000e+00
      vertex   1.462989e+02 1.624264e+02 7.000000e+00
      vertex   1.466440e+02 1.625189e+02 7.000000e+00
    endloop
  endfacet
  facet normal -0.000000e+00 0.000000e+00 1.000000e+00
    outer loop
      vertex   1.460181e+02 1.643776e+02 7.000000e+00
      vertex   1.466440e+02 1.625189e+02 7.000000e+00
      vertex   1.466697e+02 1.644863e+02 7.000000e+00
    endloop
  endfacet
  facet normal 0.000000e+00 0.000000e+00 1.000000e+00
    outer loop
      vertex   1.466697e+02 1.644863e+02 7.000000e+00
      vertex   1.466440e+02 1.625189e+02 7.000000e+00
      vertex   1.470000e+02 1.625500e+02 7.000000e+00
    endloop
  endfacet
  facet normal -0.000000e+00 0.000000e+00 1.000000e+00
    outer loop
      vertex   1.466697e+02 1.644863e+02 7.000000e+00
      vertex   1.470000e+02 1.625500e+02 7.000000e+00
      vertex   1.473303e+02 1.644863e+02 7.000000e+00
    endloop
  endfacet
  facet normal 0.000000e+00 0.000000e+00 1.000000e+00
    outer loop
      vertex   1.473303e+02 1.644863e+02 7.000000e+00
      vertex   1.470000e+02 1.625500e+02 7.000000e+00
      vertex   1.473560e+02 1.625189e+02 7.000000e+00
    endloop
  endfacet
  facet normal 0.000000e+00 0.000000e+00 1.000000e+00
    outer loop
      vertex   1.473303e+02 1.644863e+02 7.000000e+00
      vertex   1.473560e+02 1.625189e+02 7.000000e+00
      vertex   1.479819e+02 1.643776e+02 7.000000e+00
    endloop
  endfacet
  facet normal 0.000000e+00 0.000000e+00 1.000000e+00
    outer loop
      vertex   1.479819e+02 1.643776e+02 7.000000e+00
      vertex   1.473560e+02 1.625189e+02 7.000000e+00
      vertex   1.477011e+02 1.624264e+02 7.000000e+00
    endloop
  endfacet
  facet normal 0.000000e+00 0.000000e+00 1.000000e+00
    outer loop
      vertex   1.479819e+02 1.643776e+02 7.000000e+00
      vertex   1.477011e+02 1.624264e+02 7.000000e+00
      vertex   1.486068e+02 1.641631e+02 7.000000e+00
    endloop
  endfacet
  facet normal 0.000000e+00 0.000000e+00 1.000000e+00
    outer loop
      vertex   1.486068e+02 1.641631e+02 7.000000e+00
      vertex   1.477011e+02 1.624264e+02 7.000000e+00
      vertex   1.480250e+02 1.622754e+02 7.000000e+00
    endloop
  endfacet
  facet normal 0.000000e+00 0.000000e+00 1.000000e+00
    outer loop
      vertex   1.486068e+02 1.641631e+02 7.000000e+00
      vertex   1.480250e+02 1.622754e+02 7.000000e+00
      vertex   1.491878e+02 1.638487e+02 7.000000e+00
    endloop
  endfacet
  facet normal 0.000000e+00 0.000000e+00 1.000000e+00
    outer loop
      vertex   1.491878e+02 1.638487e+02 7.000000e+00
      vertex   1.480250e+02 1.622754e+02 7.000000e+00
      vertex   1.483177e+02 1.620704e+02 7.000000e+00
    endloop
  endfacet
  facet normal 0.000000e+00 0.000000e+00 1.000000e+00
    outer loop
      vertex   1.491878e+02 1.638487e+02 7.000000e+00
      vertex   1.483177e+02 1.620704e+02 7.000000e+00
      vertex   1.497091e+02 1.634429e+02 7.000000e+00
    endloop
  endfacet
  facet normal 0.000000e+00 0.000000e+00 1.000000e+00
    outer loop
      vertex   1.497091e+02 1.634429e+02 7.000000e+00
      vertex   1.483177e+02 1.620704e+02 7.000000e+00
      vertex   1.485704e+02 1.618177e+02 7.000000e+00
    endloop
  endfacet
  facet normal 0.000000e+00 0.000000e+00 1.000000e+00
    outer loop
      vertex   1.497091e+02 1.634429e+02 7.000000e+00
      vertex   1.485704e+02 1.618177e+02 7.000000e+00
      vertex   1.501566e+02 1.629569e+02 7.000000e+00
    endloop
  endfacet
  facet normal 0.000000e+00 0.000000e+00 1.000000e+00
    outer loop
      vertex   1.501566e+02 1.629569e+02 7.000000e+00
      vertex   1.485704e+02 1.618177e+02 7.000000e+00
      vertex   1.487754e+02 1.615250e+02 7.000000e+00
    endloop
  endfacet
  facet normal 0.000000e+00 0.000000e+00 1.000000e+00
    outer loop
      vertex   1.501566e+02 1.629569e+02 7.000000e+00
      vertex   1.487754e+02 1.615250e+02 7.000000e+00
      vertex   1.505179e+02 1.624038e+02 7.000000e+00
    endloop
  endfacet
  facet normal 0.000000e+00 0.000000e+00 1.000000e+00
    outer loop
      vertex   1.505179e+02 1.624038e+02 7.000000e+00
      vertex   1.487754e+02 1.615250e+02 7.000000e+00
      vertex   1.489264e+02 1.612011e+02 7.000000e+00
    endloop
  endfacet
  facet normal 0.000000e+00 0.000000e+00 1.000000e+00
    outer loop
      vertex   1.505179e+02 1.624038e+02 7.000000e+00
      vertex   1.489264e+02 1.612011e+02 7.000000e+00
      vertex   1.507833e+02 1.617988e+02 7.000000e+00
    endloop
  endfacet
  facet normal 0.000000e+00 0.000000e+00 1.000000e+00
    outer loop
      vertex   1.507833e+02 1.617988e+02 7.000000e+00
      vertex   1.489264e+02 1.612011e+02 7.000000e+00
      vertex   1.490189e+02 1.608560e+02 7.000000e+00
    endloop
  endfacet
  facet normal 0.000000e+00 0.000000e+00 1.000000e+00
    outer loop
      vertex   1.507833e+02 1.617988e+02 7.000000e+00
      vertex   1.490189e+02 1.608560e+02 7.000000e+00
      vertex   1.509454e+02 1.611584e+02 7.000000e+00
    endloop
  endfacet
  facet normal 0.000000e+00 0.000000e+00 1.000000e+00
    outer loop
      vertex   1.509454e+02 1.611584e+02 7.000000e+00
      vertex   1.490189e+02 1.608560e+02 7.000000e+00
      vertex   1.490500e+02 1.605000e+02 7.000000e+00
    endloop
  endfacet
  facet normal 0.000000e+00 -3.742548e-15 1.000000e+00
    outer loop
      vertex   1.401886e+01 6.585598e+01 2.000000e+00
      vertex   9.981144e+00 6.585598e+01 2.000000e+00
      vertex   1.405000e+01 6.550000e+01 2.000000e+00
    endloop
  endfacet
  facet normal 3.249433e-16 -2.842886e-17 1.000000e+00
    outer loop
      vertex   1.405000e+01 6.550000e+01 2.000000e+00
      vertex   9.981144e+00 6.585598e+01 2.000000e+00
      vertex   9.950000e+00 6.550000e+01 2.000000e+00
    endloop
  endfacet
  facet normal 3.249433e-16 3.714119e-15 1.000000e+00
    outer loop
      vertex   1.405000e+01 6.550000e+01 2.000000e+00
      vertex   9.950000e+00 6.550000e+01 2.000000e+00
      vertex   1.401886e+01 6.514402e+01 2.000000e+00
    endloop
  endfacet
  facet normal 0.000000e+00 0.000000e+00 1.000000e+00
    outer loop
      vertex   1.401886e+01 6.514402e+01 2.000000e+00
      vertex   9.950000e+00 6.550000e+01 2.000000e+00
      vertex   9.981144e+00 6.514402e+01 2.000000e+00
    endloop
  endfacet
  facet normal 0.000000e+00 0.000000e+00 1.000000e+00
    outer loop
      vertex   1.401886e+01 6.514402e+01 2.000000e+00
      vertex   9.981144e+00 6.514402e+01 2.000000e+00
      vertex   1.392637e+01 6.479886e+01 2.000000e+00
    endloop
  endfacet
  facet normal 0.000000e+00 0.000000e+00 1.000000e+00
    outer loop
      vertex   1.392637e+01 6.479886e+01 2.000000e+00
      vertex   9.981144e+00 6.514402e+01 2.000000e+00
      vertex   1.007363e+01 6.479886e+01 2.000000e+00
    endloop
  endfacet
  facet normal 0.000000e+00 0.000000e+00 1.000000e+00
    outer loop
      vertex   1.392637e+01 6.479886e+01 2.000000e+00
      vertex   1.007363e+01 6.479886e+01 2.000000e+00
      vertex   1.377535e+01 6.447500e+01 2.000000e+00
    endloop
  endfacet
  facet normal 0.000000e+00 0.000000e+00 1.000000e+00
    outer loop
      vertex   1.377535e+01 6.447500e+01 2.000000e+00
      vertex   1.007363e+01 6.479886e+01 2.000000e+00
      vertex   1.022465e+01 6.447500e+01 2.000000e+00
    endloop
  endfacet
  facet normal 0.000000e+00 0.000000e+00 1.000000e+00
    outer loop
      vertex   1.377535e+01 6.447500e+01 2.000000e+00
      vertex   1.022465e+01 6.447500e+01 2.000000e+00
      vertex   1.357039e+01 6.418229e+01 2.000000e+00
    endloop
  endfacet
  facet normal 0.000000e+00 0.000000e+00 1.000000e+00
    outer loop
      vertex   1.357039e+01 6.418229e+01 2.000000e+00
      vertex   1.022465e+01 6.447500e+01 2.000000e+00
      vertex   1.042961e+01 6.418229e+01 2.000000e+00
    endloop
  endfacet
  facet normal 0.000000e+00 0.000000e+00 1.000000e+00
    outer loop
      vertex   1.357039e+01 6.418229e+01 2.000000e+00
      vertex   1.042961e+01 6.418229e+01 2.000000e+00
      vertex   1.331771e+01 6.392961e+01 2.000000e+00
    endloop
  endfacet
  facet normal 0.000000e+00 0.000000e+00 1.000000e+00
    outer loop
      vertex   1.331771e+01 6.392961e+01 2.000000e+00
      vertex   1.042961e+01 6.418229e+01 2.000000e+00
      vertex   1.068229e+01 6.392961e+01 2.000000e+00
    endloop
  endfacet
  facet normal 0.000000e+00 0.000000e+00 1.000000e+00
    outer loop
      vertex   1.331771e+01 6.392961e+01 2.000000e+00
      vertex   1.068229e+01 6.392961e+01 2.000000e+00
      vertex   1.302500e+01 6.372465e+01 2.000000e+00
    endloop
  endfacet
  facet normal 0.000000e+00 0.000000e+00 1.000000e+00
    outer loop
      vertex   1.302500e+01 6.372465e+01 2.000000e+00
      vertex   1.068229e+01 6.392961e+01 2.000000e+00
      vertex   1.097500e+01 6.372465e+01 2.000000e+00
    endloop
  endfacet
  facet normal 0.000000e+00 0.000000e+00 1.000000e+00
    outer loop
      vertex   1.302500e+01 6.372465e+01 2.000000e+00
      vertex   1.097500e+01 6.372465e+01 2.000000e+00
      vertex   1.270114e+01 6.357363e+01 2.000000e+00
    endloop
  endfacet
  facet normal 0.000000e+00 0.000000e+00 1.000000e+00
    outer loop
      vertex   1.270114e+01 6.357363e+01 2.000000e+00
      vertex   1.097500e+01 6.372465e+01 2.000000e+00
      vertex   1.129886e+01 6.357363e+01 2.000000e+00
    endloop
  endfacet
  facet normal 0.000000e+00 0.000000e+00 1.000000e+00
    outer loop
      vertex   1.270114e+01 6.357363e+01 2.000000e+00
      vertex   1.129886e+01 6.357363e+01 2.000000e+00
      vertex   1.235598e+01 6.348114e+01 2.000000e+00
    endloop
  endfacet
  facet normal 0.000000e+00 0.000000e+00 1.000000e+00
    outer loop
      vertex   1.235598e+01 6.348114e+01 2.000000e+00
      vertex   1.129886e+01 6.357363e+01 2.000000e+00
      vertex   1.164402e+01 6.348114e+01 2.000000e+00
    endloop
  endfacet
  facet normal 0.000000e+00 0.000000e+00 1.000000e+00
    outer loop
      vertex   1.235598e+01 6.348114e+01 2.000000e+00
      vertex   1.164402e+01 6.348114e+01 2.000000e+00
      vertex   1.200000e+01 6.345000e+01 2.000000e+00
    endloop
  endfacet
  facet normal 0.000000e+00 0.000000e+00 1.000000e+00
    outer loop
      vertex   9.981144e+00 6.585598e+01 2.000000e+00
      vertex   1.401886e+01 6.585598e+01 2.000000e+00
      vertex   1.007363e+01 6.620114e+01 2.000000e+00
    endloop
  endfacet
  facet normal -0.000000e+00 0.000000e+00 1.000000e+00
    outer loop
      vertex   1.007363e+01 6.620114e+01 2.000000e+00
      vertex   1.401886e+01 6.585598e+01 2.000000e+00
      vertex   1.392637e+01 6.620114e+01 2.000000e+00
    endloop
  endfacet
  facet normal 0.000000e+00 0.000000e+00 1.000000e+00
    outer loop
      vertex   1.007363e+01 6.620114e+01 2.000000e+00
      vertex   1.392637e+01 6.620114e+01 2.000000e+00
      vertex   1.022465e+01 6.652500e+01 2.000000e+00
    endloop
  endfacet
  facet normal -0.000000e+00 0.000000e+00 1.000000e+00
    outer loop
      vertex   1.022465e+01 6.652500e+01 2.000000e+00
      vertex   1.392637e+01 6.620114e+01 2.000000e+00
      vertex   1.377535e+01 6.652500e+01 2.000000e+00
    endloop
  endfacet
  facet normal 0.000000e+00 0.000000e+00 1.000000e+00
    outer loop
      vertex   1.022465e+01 6.652500e+01 2.000000e+00
      vertex   1.377535e+01 6.652500e+01 2.000000e+00
      vertex   1.042961e+01 6.681771e+01 2.000000e+00
    endloop
  endfacet
  facet normal -0.000000e+00 0.000000e+00 1.000000e+00
    outer loop
      vertex   1.042961e+01 6.681771e+01 2.000000e+00
      vertex   1.377535e+01 6.652500e+01 2.000000e+00
      vertex   1.357039e+01 6.681771e+01 2.000000e+00
    endloop
  endfacet
  facet normal 0.000000e+00 0.000000e+00 1.000000e+00
    outer loop
      vertex   1.042961e+01 6.681771e+01 2.000000e+00
      vertex   1.357039e+01 6.681771e+01 2.000000e+00
      vertex   1.068229e+01 6.707039e+01 2.000000e+00
    endloop
  endfacet
  facet normal -0.000000e+00 0.000000e+00 1.000000e+00
    outer loop
      vertex   1.068229e+01 6.707039e+01 2.000000e+00
      vertex   1.357039e+01 6.681771e+01 2.000000e+00
      vertex   1.331771e+01 6.707039e+01 2.000000e+00
    endloop
  endfacet
  facet normal 0.000000e+00 0.000000e+00 1.000000e+00
    outer loop
      vertex   1.068229e+01 6.707039e+01 2.000000e+00
      vertex   1.331771e+01 6.707039e+01 2.000000e+00
      vertex   1.097500e+01 6.727535e+01 2.000000e+00
    endloop
  endfacet
  facet normal -0.000000e+00 0.000000e+00 1.000000e+00
    outer loop
      vertex   1.097500e+01 6.727535e+01 2.000000e+00
      vertex   1.331771e+01 6.707039e+01 2.000000e+00
      vertex   1.302500e+01 6.727535e+01 2.000000e+00
    endloop
  endfacet
  facet normal 0.000000e+00 0.000000e+00 1.000000e+00
    outer loop
      vertex   1.097500e+01 6.727535e+01 2.000000e+00
      vertex   1.302500e+01 6.727535e+01 2.000000e+00
      vertex   1.129886e+01 6.742637e+01 2.000000e+00
    endloop
  endfacet
  facet normal -0.000000e+00 0.000000e+00 1.000000e+00
    outer loop
      vertex   1.129886e+01 6.742637e+01 2.000000e+00
      vertex   1.302500e+01 6.727535e+01 2.000000e+00
      vertex   1.270114e+01 6.742637e+01 2.000000e+00
    endloop
  endfacet
  facet normal 0.000000e+00 0.000000e+00 1.000000e+00
    outer loop
      vertex   1.129886e+01 6.742637e+01 2.000000e+00
      vertex   1.270114e+01 6.742637e+01 2.000000e+00
      vertex   1.164402e+01 6.751886e+01 2.000000e+00
    endloop
  endfacet
  facet normal -0.000000e+00 0.000000e+00 1.000000e+00
    outer loop
      vertex   1.164402e+01 6.751886e+01 2.000000e+00
      vertex   1.270114e+01 6.742637e+01 2.000000e+00
      vertex   1.235598e+01 6.751886e+01 2.000000e+00
    endloop
  endfacet
  facet normal 0.000000e+00 0.000000e+00 1.000000e+00
    outer loop
      vertex   1.164402e+01 6.751886e+01 2.000000e+00
      vertex   1.235598e+01 6.751886e+01 2.000000e+00
      vertex   1.200000e+01 6.755000e+01 2.000000e+00
    endloop
  endfacet
  facet normal 0.000000e+00 9.728346e-01 2.315014e-01
    outer loop
      vertex   2.100000e+02 7.142582e+01 3.800000e+01
      vertex   2.080000e+02 7.161501e+01 3.720498e+01
      vertex   2.090000e+02 7.142582e+01 3.800000e+01
    endloop
  endfacet
  facet normal 1.314172e-02 9.763475e-01 2.158072e-01
    outer loop
      vertex   2.090000e+02 7.142582e+01 3.800000e+01
      vertex   2.080000e+02 7.161501e+01 3.720498e+01
      vertex   2.080000e+02 7.130679e+01 3.859943e+01
    endloop
  endfacet
  facet normal -1.177442e-02 9.843502e-01 1.758299e-01
    outer loop
      vertex   2.090000e+02 7.142582e+01 3.800000e+01
      vertex   2.080000e+02 7.130679e+01 3.859943e+01
      vertex   2.090000e+02 7.118965e+01 3.932218e+01
    endloop
  endfacet
  facet normal 1.341263e-02 9.897954e-01 1.418634e-01
    outer loop
      vertex   2.090000e+02 7.118965e+01 3.932218e+01
      vertex   2.080000e+02 7.130679e+01 3.859943e+01
      vertex   2.080000e+02 7.110418e+01 4.001309e+01
    endloop
  endfacet
  facet normal -1.185501e-02 9.943114e-01 1.058505e-01
    outer loop
      vertex   2.090000e+02 7.118965e+01 3.932218e+01
      vertex   2.080000e+02 7.110418e+01 4.001309e+01
      vertex   2.090000e+02 7.104747e+01 4.065773e+01
    endloop
  endfacet
  facet normal 1.330288e-02 9.976563e-01 6.711903e-02
    outer loop
      vertex   2.090000e+02 7.104747e+01 4.065773e+01
      vertex   2.080000e+02 7.110418e+01 4.001309e+01
      vertex   2.080000e+02 7.100831e+01 4.143797e+01
    endloop
  endfacet
  facet normal -1.155491e-02 9.993085e-01 3.534250e-02
    outer loop
      vertex   2.090000e+02 7.104747e+01 4.065773e+01
      vertex   2.080000e+02 7.100831e+01 4.143797e+01
      vertex   2.090000e+02 7.100000e+01 4.200000e+01
    endloop
  endfacet
  facet normal 0.000000e+00 9.998906e-01 1.479194e-02
    outer loop
      vertex   2.090000e+02 7.100000e+01 4.200000e+01
      vertex   2.080000e+02 7.100831e+01 4.143797e+01
      vertex   2.085000e+02 7.100000e+01 4.200000e+01
    endloop
  endfacet
  facet normal 2.561864e-02 9.996398e-01 -8.002848e-03
    outer loop
      vertex   2.085000e+02 7.100000e+01 4.200000e+01
      vertex   2.080000e+02 7.100831e+01 4.143797e+01
      vertex   2.080000e+02 7.101975e+01 4.286603e+01
    endloop
  endfacet
  facet normal -6.632840e-03 9.689271e-01 2.472575e-01
    outer loop
      vertex   2.100000e+02 7.142582e+01 3.800000e+01
      vertex   2.100000e+02 7.178036e+01 3.661070e+01
      vertex   2.080000e+02 7.161501e+01 3.720498e+01
    endloop
  endfacet
  facet normal 6.586382e-03 9.574422e-01 2.885500e-01
    outer loop
      vertex   2.080000e+02 7.161501e+01 3.720498e+01
      vertex   2.100000e+02 7.178036e+01 3.661070e+01
      vertex   2.080000e+02 7.202710e+01 3.583763e+01
    endloop
  endfacet
  facet normal -6.647505e-03 9.475222e-01 3.196210e-01
    outer loop
      vertex   2.080000e+02 7.202710e+01 3.583763e+01
      vertex   2.100000e+02 7.178036e+01 3.661070e+01
      vertex   2.100000e+02 7.223865e+01 3.525209e+01
    endloop
  endfacet
  facet normal 6.600615e-03 9.330645e-01 3.596486e-01
    outer loop
      vertex   2.080000e+02 7.202710e+01 3.583763e+01
      vertex   2.100000e+02 7.223865e+01 3.525209e+01
      vertex   2.080000e+02 7.254073e+01 3.450508e+01
    endloop
  endfacet
  facet normal -6.661307e-03 9.207212e-01 3.901642e-01
    outer loop
      vertex   2.080000e+02 7.254073e+01 3.450508e+01
      vertex   2.100000e+02 7.223865e+01 3.525209e+01
      vertex   2.100000e+02 7.279809e+01 3.393190e+01
    endloop
  endfacet
  facet normal 6.613986e-03 9.034154e-01 4.287153e-01
    outer loop
      vertex   2.080000e+02 7.254073e+01 3.450508e+01
      vertex   2.100000e+02 7.279809e+01 3.393190e+01
      vertex   2.080000e+02 7.315299e+01 3.321489e+01
    endloop
  endfacet
  facet normal -6.674247e-03 8.886769e-01 4.584854e-01
    outer loop
      vertex   2.080000e+02 7.315299e+01 3.321489e+01
      vertex   2.100000e+02 7.279809e+01 3.393190e+01
      vertex   2.100000e+02 7.345549e+01 3.265767e+01
    endloop
  endfacet
  facet normal 6.626494e-03 8.686625e-01 4.953600e-01
    outer loop
      vertex   2.080000e+02 7.315299e+01 3.321489e+01
      vertex   2.100000e+02 7.345549e+01 3.265767e+01
      vertex   2.080000e+02 7.386043e+01 3.197432e+01
    endloop
  endfacet
  facet normal -6.686324e-03 8.515716e-01 5.241956e-01
    outer loop
      vertex   2.080000e+02 7.386043e+01 3.197432e+01
      vertex   2.100000e+02 7.345549e+01 3.265767e+01
      vertex   2.100000e+02 7.420711e+01 3.143664e+01
    endloop
  endfacet
  facet normal 6.638140e-03 8.290021e-01 5.592061e-01
    outer loop
      vertex   2.080000e+02 7.386043e+01 3.197432e+01
      vertex   2.100000e+02 7.420711e+01 3.143664e+01
      vertex   2.080000e+02 7.465905e+01 3.079039e+01
    endloop
  endfacet
  facet normal -6.697538e-03 8.096168e-01 5.869206e-01
    outer loop
      vertex   2.080000e+02 7.465905e+01 3.079039e+01
      vertex   2.100000e+02 7.420711e+01 3.143664e+01
      vertex   2.100000e+02 7.504867e+01 3.027576e+01
    endloop
  endfacet
  facet normal 6.648923e-03 7.846582e-01 6.198930e-01
    outer loop
      vertex   2.080000e+02 7.465905e+01 3.079039e+01
      vertex   2.100000e+02 7.504867e+01 3.027576e+01
      vertex   2.080000e+02 7.554434e+01 2.966979e+01
    endloop
  endfacet
  facet normal -6.707890e-03 7.630513e-01 6.463031e-01
    outer loop
      vertex   2.080000e+02 7.554434e+01 2.966979e+01
      vertex   2.100000e+02 7.504867e+01 3.027576e+01
      vertex   2.100000e+02 7.597538e+01 2.918166e+01
    endloop
  endfacet
  facet normal 6.658843e-03 7.358813e-01 6.770778e-01
    outer loop
      vertex   2.080000e+02 7.554434e+01 2.966979e+01
      vertex   2.100000e+02 7.597538e+01 2.918166e+01
      vertex   2.080000e+02 7.651130e+01 2.861886e+01
    endloop
  endfacet
  facet normal -6.717379e-03 7.121403e-01 7.020050e-01
    outer loop
      vertex   2.080000e+02 7.651130e+01 2.861886e+01
      vertex   2.100000e+02 7.597538e+01 2.918166e+01
      vertex   2.100000e+02 7.698195e+01 2.816055e+01
    endloop
  endfacet
  facet normal 6.667901e-03 6.829471e-01 7.304374e-01
    outer loop
      vertex   2.080000e+02 7.651130e+01 2.861886e+01
      vertex   2.100000e+02 7.698195e+01 2.816055e+01
      vertex   2.080000e+02 7.755446e+01 2.764352e+01
    endloop
  endfacet
  facet normal -6.726005e-03 6.571738e-01 7.537091e-01
    outer loop
      vertex   2.080000e+02 7.755446e+01 2.764352e+01
      vertex   2.100000e+02 7.698195e+01 2.816055e+01
      vertex   2.100000e+02 7.806266e+01 2.721825e+01
    endloop
  endfacet
  facet normal 6.676096e-03 6.261546e-01 7.796703e-01
    outer loop
      vertex   2.080000e+02 7.755446e+01 2.764352e+01
      vertex   2.100000e+02 7.806266e+01 2.721825e+01
      vertex   2.080000e+02 7.866794e+01 2.674928e+01
    endloop
  endfacet
  facet normal -6.733769e-03 5.984647e-01 8.011209e-01
    outer loop
      vertex   2.080000e+02 7.866794e+01 2.674928e+01
      vertex   2.100000e+02 7.806266e+01 2.721825e+01
      vertex   2.100000e+02 7.921136e+01 2.636014e+01
    endloop
  endfacet
  facet normal 6.683429e-03 5.658246e-01 8.244985e-01
    outer loop
      vertex   2.080000e+02 7.866794e+01 2.674928e+01
      vertex   2.100000e+02 7.921136e+01 2.636014e+01
      vertex   2.080000e+02 7.984543e+01 2.594121e+01
    endloop
  endfacet
  facet normal -6.740670e-03 5.363475e-01 8.439703e-01
    outer loop
      vertex   2.080000e+02 7.984543e+01 2.594121e+01
      vertex   2.100000e+02 7.921136e+01 2.636014e+01
      vertex   2.100000e+02 8.042149e+01 2.559110e+01
    endloop
  endfacet
  facet normal 6.689898e-03 5.022980e-01 8.646687e-01
    outer loop
      vertex   2.080000e+02 7.984543e+01 2.594121e+01
      vertex   2.100000e+02 8.042149e+01 2.559110e+01
      vertex   2.080000e+02 8.108030e+01 2.522386e+01
    endloop
  endfacet
  facet normal -6.746708e-03 4.711758e-01 8.820135e-01
    outer loop
      vertex   2.080000e+02 8.108030e+01 2.522386e+01
      vertex   2.100000e+02 8.042149e+01 2.559110e+01
      vertex   2.100000e+02 8.168617e+01 2.491550e+01
    endloop
  endfacet
  facet normal 6.695506e-03 4.359336e-01 8.999539e-01
    outer loop
      vertex   2.080000e+02 8.108030e+01 2.522386e+01
      vertex   2.100000e+02 8.168617e+01 2.491550e+01
      vertex   2.080000e+02 8.236555e+01 2.460129e+01
    endloop
  endfacet
  facet normal -6.751884e-03 4.033209e-01 9.150337e-01
    outer loop
      vertex   2.080000e+02 8.236555e+01 2.460129e+01
      vertex   2.100000e+02 8.168617e+01 2.491550e+01
      vertex   2.100000e+02 8.299820e+01 2.433719e+01
    endloop
  endfacet
  facet normal 6.700250e-03 3.671064e-01 9.301548e-01
    outer loop
      vertex   2.080000e+02 8.236555e+01 2.460129e+01
      vertex   2.100000e+02 8.299820e+01 2.433719e+01
      vertex   2.080000e+02 8.369394e+01 2.407701e+01
    endloop
  endfacet
  facet normal -6.756197e-03 3.331691e-01 9.428429e-01
    outer loop
      vertex   2.080000e+02 8.369394e+01 2.407701e+01
      vertex   2.100000e+02 8.299820e+01 2.433719e+01
      vertex   2.100000e+02 8.435010e+01 2.385947e+01
    endloop
  endfacet
  facet normal 6.704132e-03 2.962053e-01 9.551008e-01
    outer loop
      vertex   2.080000e+02 8.369394e+01 2.407701e+01
      vertex   2.100000e+02 8.435010e+01 2.385947e+01
      vertex   2.080000e+02 8.505796e+01 2.365399e+01
    endloop
  endfacet
  facet normal -6.759648e-03 2.611199e-01 9.652827e-01
    outer loop
      vertex   2.080000e+02 8.505796e+01 2.365399e+01
      vertex   2.100000e+02 8.435010e+01 2.385947e+01
      vertex   2.100000e+02 8.573418e+01 2.348507e+01
    endloop
  endfacet
  facet normal 6.707151e-03 2.236307e-01 9.746509e-01
    outer loop
      vertex   2.080000e+02 8.505796e+01 2.365399e+01
      vertex   2.100000e+02 8.573418e+01 2.348507e+01
      vertex   2.080000e+02 8.644989e+01 2.333461e+01
    endloop
  endfacet
  facet normal -6.762236e-03 1.875837e-01 9.822253e-01
    outer loop
      vertex   2.080000e+02 8.644989e+01 2.333461e+01
      vertex   2.100000e+02 8.573418e+01 2.348507e+01
      vertex   2.100000e+02 8.714255e+01 2.321610e+01
    endloop
  endfacet
  facet normal 6.709308e-03 1.497928e-01 9.886947e-01
    outer loop
      vertex   2.080000e+02 8.644989e+01 2.333461e+01
      vertex   2.100000e+02 8.714255e+01 2.321610e+01
      vertex   2.080000e+02 8.786188e+01 2.312069e+01
    endloop
  endfacet
  facet normal -6.763961e-03 1.129792e-01 9.935743e-01
    outer loop
      vertex   2.080000e+02 8.786188e+01 2.312069e+01
      vertex   2.100000e+02 8.714255e+01 2.321610e+01
      vertex   2.100000e+02 8.856720e+01 2.305410e+01
    endloop
  endfacet
  facet normal 6.710602e-03 7.510855e-02 9.971528e-01
    outer loop
      vertex   2.080000e+02 8.786188e+01 2.312069e+01
      vertex   2.100000e+02 8.856720e+01 2.305410e+01
      vertex   2.080000e+02 8.928595e+01 2.301342e+01
    endloop
  endfacet
  facet normal -6.764824e-03 3.773137e-02 9.992650e-01
    outer loop
      vertex   2.080000e+02 8.928595e+01 2.301342e+01
      vertex   2.100000e+02 8.856720e+01 2.305410e+01
      vertex   2.100000e+02 9.000000e+01 2.300000e+01
    endloop
  endfacet
  facet normal 6.711033e-03 2.487659e-15 9.999775e-01
    outer loop
      vertex   2.080000e+02 8.928595e+01 2.301342e+01
      vertex   2.100000e+02 9.000000e+01 2.300000e+01
      vertex   2.080000e+02 9.071405e+01 2.301342e+01
    endloop
  endfacet
  facet normal -6.764824e-03 -3.773137e-02 9.992650e-01
    outer loop
      vertex   2.080000e+02 9.071405e+01 2.301342e+01
      vertex   2.100000e+02 9.000000e+01 2.300000e+01
      vertex   2.100000e+02 9.143280e+01 2.305410e+01
    endloop
  endfacet
  facet normal 6.710602e-03 -7.510855e-02 9.971528e-01
    outer loop
      vertex   2.080000e+02 9.071405e+01 2.301342e+01
      vertex   2.100000e+02 9.143280e+01 2.305410e+01
      vertex   2.080000e+02 9.213812e+01 2.312069e+01
    endloop
  endfacet
  facet normal -6.763961e-03 -1.129792e-01 9.935743e-01
    outer loop
      vertex   2.080000e+02 9.213812e+01 2.312069e+01
      vertex   2.100000e+02 9.143280e+01 2.305410e+01
      vertex   2.100000e+02 9.285745e+01 2.321610e+01
    endloop
  endfacet
  facet normal 6.709308e-03 -1.497928e-01 9.886947e-01
    outer loop
      vertex   2.080000e+02 9.213812e+01 2.312069e+01
      vertex   2.100000e+02 9.285745e+01 2.321610e+01
      vertex   2.080000e+02 9.355011e+01 2.333461e+01
    endloop
  endfacet
  facet normal -6.762236e-03 -1.875837e-01 9.822253e-01
    outer loop
      vertex   2.080000e+02 9.355011e+01 2.333461e+01
      vertex   2.100000e+02 9.285745e+01 2.321610e+01
      vertex   2.100000e+02 9.426582e+01 2.348507e+01
    endloop
  endfacet
  facet normal 6.707151e-03 -2.236307e-01 9.746509e-01
    outer loop
      vertex   2.080000e+02 9.355011e+01 2.333461e+01
      vertex   2.100000e+02 9.426582e+01 2.348507e+01
      vertex   2.080000e+02 9.494204e+01 2.365399e+01
    endloop
  endfacet
  facet normal -6.759648e-03 -2.611199e-01 9.652827e-01
    outer loop
      vertex   2.080000e+02 9.494204e+01 2.365399e+01
      vertex   2.100000e+02 9.426582e+01 2.348507e+01
      vertex   2.100000e+02 9.564990e+01 2.385947e+01
    endloop
  endfacet
  facet normal 6.704132e-03 -2.962053e-01 9.551008e-01
    outer loop
      vertex   2.080000e+02 9.494204e+01 2.365399e+01
      vertex   2.100000e+02 9.564990e+01 2.385947e+01
      vertex   2.080000e+02 9.630606e+01 2.407701e+01
    endloop
  endfacet
  facet normal -6.756197e-03 -3.331691e-01 9.428429e-01
    outer loop
      vertex   2.080000e+02 9.630606e+01 2.407701e+01
      vertex   2.100000e+02 9.564990e+01 2.385947e+01
      vertex   2.100000e+02 9.700180e+01 2.433719e+01
    endloop
  endfacet
  facet normal 6.700250e-03 -3.671064e-01 9.301548e-01
    outer loop
      vertex   2.080000e+02 9.630606e+01 2.407701e+01
      vertex   2.100000e+02 9.700180e+01 2.433719e+01
      vertex   2.080000e+02 9.763445e+01 2.460129e+01
    endloop
  endfacet
  facet normal -6.751884e-03 -4.033209e-01 9.150337e-01
    outer loop
      vertex   2.080000e+02 9.763445e+01 2.460129e+01
      vertex   2.100000e+02 9.700180e+01 2.433719e+01
      vertex   2.100000e+02 9.831383e+01 2.491550e+01
    endloop
  endfacet
  facet normal 6.695506e-03 -4.359336e-01 8.999539e-01
    outer loop
      vertex   2.080000e+02 9.763445e+01 2.460129e+01
      vertex   2.100000e+02 9.831383e+01 2.491550e+01
      vertex   2.080000e+02 9.891970e+01 2.522386e+01
    endloop
  endfacet
  facet normal -6.746708e-03 -4.711758e-01 8.820135e-01
    outer loop
      vertex   2.080000e+02 9.891970e+01 2.522386e+01
      vertex   2.100000e+02 9.831383e+01 2.491550e+01
      vertex   2.100000e+02 9.957851e+01 2.559110e+01
    endloop
  endfacet
  facet normal 6.689898e-03 -5.022980e-01 8.646687e-01
    outer loop
      vertex   2.080000e+02 9.891970e+01 2.522386e+01
      vertex   2.100000e+02 9.957851e+01 2.559110e+01
      vertex   2.080000e+02 1.001546e+02 2.594121e+01
    endloop
  endfacet
  facet normal -6.740670e-03 -5.363475e-01 8.439703e-01
    outer loop
      vertex   2.080000e+02 1.001546e+02 2.594121e+01
      vertex   2.100000e+02 9.957851e+01 2.559110e+01
      vertex   2.100000e+02 1.007886e+02 2.636014e+01
    endloop
  endfacet
  facet normal 6.683429e-03 -5.658246e-01 8.244985e-01
    outer loop
      vertex   2.080000e+02 1.001546e+02 2.594121e+01
      vertex   2.100000e+02 1.007886e+02 2.636014e+01
      vertex   2.080000e+02 1.013321e+02 2.674928e+01
    endloop
  endfacet
  facet normal -6.733769e-03 -5.984647e-01 8.011209e-01
    outer loop
      vertex   2.080000e+02 1.013321e+02 2.674928e+01
      vertex   2.100000e+02 1.007886e+02 2.636014e+01
      vertex   2.100000e+02 1.019373e+02 2.721825e+01
    endloop
  endfacet
  facet normal 6.676096e-03 -6.261546e-01 7.796703e-01
    outer loop
      vertex   2.080000e+02 1.013321e+02 2.674928e+01
      vertex   2.100000e+02 1.019373e+02 2.721825e+01
      vertex   2.080000e+02 1.024455e+02 2.764352e+01
    endloop
  endfacet
  facet normal -6.726005e-03 -6.571738e-01 7.537091e-01
    outer loop
      vertex   2.080000e+02 1.024455e+02 2.764352e+01
      vertex   2.100000e+02 1.019373e+02 2.721825e+01
      vertex   2.100000e+02 1.030180e+02 2.816055e+01
    endloop
  endfacet
  facet normal 6.667901e-03 -6.829471e-01 7.304374e-01
    outer loop
      vertex   2.080000e+02 1.024455e+02 2.764352e+01
      vertex   2.100000e+02 1.030180e+02 2.816055e+01
      vertex   2.080000e+02 1.034887e+02 2.861886e+01
    endloop
  endfacet
  facet normal -6.717379e-03 -7.121403e-01 7.020050e-01
    outer loop
      vertex   2.080000e+02 1.034887e+02 2.861886e+01
      vertex   2.100000e+02 1.030180e+02 2.816055e+01
      vertex   2.100000e+02 1.040246e+02 2.918166e+01
    endloop
  endfacet
  facet normal 6.658843e-03 -7.358813e-01 6.770778e-01
    outer loop
      vertex   2.080000e+02 1.034887e+02 2.861886e+01
      vertex   2.100000e+02 1.040246e+02 2.918166e+01
      vertex   2.080000e+02 1.044557e+02 2.966979e+01
    endloop
  endfacet
  facet normal -6.707890e-03 -7.630513e-01 6.463031e-01
    outer loop
      vertex   2.080000e+02 1.044557e+02 2.966979e+01
      vertex   2.100000e+02 1.040246e+02 2.918166e+01
      vertex   2.100000e+02 1.049513e+02 3.027576e+01
    endloop
  endfacet
  facet normal 6.648923e-03 -7.846582e-01 6.198930e-01
    outer loop
      vertex   2.080000e+02 1.044557e+02 2.966979e+01
      vertex   2.100000e+02 1.049513e+02 3.027576e+01
      vertex   2.080000e+02 1.053409e+02 3.079039e+01
    endloop
  endfacet
  facet normal -6.697538e-03 -8.096168e-01 5.869206e-01
    outer loop
      vertex   2.080000e+02 1.053409e+02 3.079039e+01
      vertex   2.100000e+02 1.049513e+02 3.027576e+01
      vertex   2.100000e+02 1.057929e+02 3.143664e+01
    endloop
  endfacet
  facet normal 6.638140e-03 -8.290021e-01 5.592061e-01
    outer loop
      vertex   2.080000e+02 1.053409e+02 3.079039e+01
      vertex   2.100000e+02 1.057929e+02 3.143664e+01
      vertex   2.080000e+02 1.061396e+02 3.197432e+01
    endloop
  endfacet
  facet normal -6.686324e-03 -8.515716e-01 5.241956e-01
    outer loop
      vertex   2.080000e+02 1.061396e+02 3.197432e+01
      vertex   2.100000e+02 1.057929e+02 3.143664e+01
      vertex   2.100000e+02 1.065445e+02 3.265767e+01
    endloop
  endfacet
  facet normal 6.626494e-03 -8.686625e-01 4.953600e-01
    outer loop
      vertex   2.080000e+02 1.061396e+02 3.197432e+01
      vertex   2.100000e+02 1.065445e+02 3.265767e+01
      vertex   2.080000e+02 1.068470e+02 3.321489e+01
    endloop
  endfacet
  facet normal -6.674247e-03 -8.886769e-01 4.584854e-01
    outer loop
      vertex   2.080000e+02 1.068470e+02 3.321489e+01
      vertex   2.100000e+02 1.065445e+02 3.265767e+01
      vertex   2.100000e+02 1.072019e+02 3.393190e+01
    endloop
  endfacet
  facet normal 6.613986e-03 -9.034154e-01 4.287153e-01
    outer loop
      vertex   2.080000e+02 1.068470e+02 3.321489e+01
      vertex   2.100000e+02 1.072019e+02 3.393190e+01
      vertex   2.080000e+02 1.074593e+02 3.450508e+01
    endloop
  endfacet
  facet normal -6.661307e-03 -9.207212e-01 3.901642e-01
    outer loop
      vertex   2.080000e+02 1.074593e+02 3.450508e+01
      vertex   2.100000e+02 1.072019e+02 3.393190e+01
      vertex   2.100000e+02 1.077614e+02 3.525209e+01
    endloop
  endfacet
  facet normal 6.600615e-03 -9.330645e-01 3.596486e-01
    outer loop
      vertex   2.080000e+02 1.074593e+02 3.450508e+01
      vertex   2.100000e+02 1.077614e+02 3.525209e+01
      vertex   2.080000e+02 1.079729e+02 3.583763e+01
    endloop
  endfacet
  facet normal -6.647505e-03 -9.475222e-01 3.196210e-01
    outer loop
      vertex   2.080000e+02 1.079729e+02 3.583763e+01
      vertex   2.100000e+02 1.077614e+02 3.525209e+01
      vertex   2.100000e+02 1.082196e+02 3.661070e+01
    endloop
  endfacet
  facet normal 6.586382e-03 -9.574422e-01 2.885500e-01
    outer loop
      vertex   2.080000e+02 1.079729e+02 3.583763e+01
      vertex   2.100000e+02 1.082196e+02 3.661070e+01
      vertex   2.080000e+02 1.083850e+02 3.720498e+01
    endloop
  endfacet
  facet normal -6.632840e-03 -9.689271e-01 2.472575e-01
    outer loop
      vertex   2.080000e+02 1.083850e+02 3.720498e+01
      vertex   2.100000e+02 1.082196e+02 3.661070e+01
      vertex   2.100000e+02 1.085742e+02 3.800000e+01
    endloop
  endfacet
  facet normal 0.000000e+00 -9.728346e-01 2.315014e-01
    outer loop
      vertex   2.080000e+02 1.083850e+02 3.720498e+01
      vertex   2.100000e+02 1.085742e+02 3.800000e+01
      vertex   2.090000e+02 1.085742e+02 3.800000e+01
    endloop
  endfacet
  facet normal 1.314172e-02 -9.763475e-01 2.158072e-01
    outer loop
      vertex   2.080000e+02 1.083850e+02 3.720498e+01
      vertex   2.090000e+02 1.085742e+02 3.800000e+01
      vertex   2.080000e+02 1.086932e+02 3.859943e+01
    endloop
  endfacet
  facet normal -1.177442e-02 -9.843502e-01 1.758299e-01
    outer loop
      vertex   2.080000e+02 1.086932e+02 3.859943e+01
      vertex   2.090000e+02 1.085742e+02 3.800000e+01
      vertex   2.090000e+02 1.088103e+02 3.932218e+01
    endloop
  endfacet
  facet normal 1.341263e-02 -9.897954e-01 1.418634e-01
    outer loop
      vertex   2.080000e+02 1.086932e+02 3.859943e+01
      vertex   2.090000e+02 1.088103e+02 3.932218e+01
      vertex   2.080000e+02 1.088958e+02 4.001309e+01
    endloop
  endfacet
  facet normal -1.185501e-02 -9.943114e-01 1.058505e-01
    outer loop
      vertex   2.080000e+02 1.088958e+02 4.001309e+01
      vertex   2.090000e+02 1.088103e+02 3.932218e+01
      vertex   2.090000e+02 1.089525e+02 4.065773e+01
    endloop
  endfacet
  facet normal 1.330288e-02 -9.976563e-01 6.711903e-02
    outer loop
      vertex   2.080000e+02 1.088958e+02 4.001309e+01
      vertex   2.090000e+02 1.089525e+02 4.065773e+01
      vertex   2.080000e+02 1.089917e+02 4.143797e+01
    endloop
  endfacet
  facet normal -1.155491e-02 -9.993085e-01 3.534250e-02
    outer loop
      vertex   2.080000e+02 1.089917e+02 4.143797e+01
      vertex   2.090000e+02 1.089525e+02 4.065773e+01
      vertex   2.090000e+02 1.090000e+02 4.200000e+01
    endloop
  endfacet
  facet normal 0.000000e+00 -9.998906e-01 1.479194e-02
    outer loop
      vertex   2.080000e+02 1.089917e+02 4.143797e+01
      vertex   2.090000e+02 1.090000e+02 4.200000e+01
      vertex   2.085000e+02 1.090000e+02 4.200000e+01
    endloop
  endfacet
  facet normal 2.561864e-02 -9.996398e-01 -8.002848e-03
    outer loop
      vertex   2.085000e+02 1.090000e+02 4.200000e+01
      vertex   2.080000e+02 1.089803e+02 4.286603e+01
      vertex   2.080000e+02 1.089917e+02 4.143797e+01
    endloop
  endfacet
  facet normal 0.000000e+00 9.961947e-01 -8.715574e-02
    outer loop
      vertex   2.080000e+02 1.044243e+02 2.627784e+01
      vertex   2.100000e+02 1.044243e+02 2.627784e+01
      vertex   2.080000e+02 1.044000e+02 2.600000e+01
    endloop
  endfacet
  facet normal 0.000000e+00 9.961947e-01 -8.715574e-02
    outer loop
      vertex   2.080000e+02 1.044000e+02 2.600000e+01
      vertex   2.100000e+02 1.044243e+02 2.627784e+01
      vertex   2.100000e+02 1.044000e+02 2.600000e+01
    endloop
  endfacet
  facet normal -0.000000e+00 9.961947e-01 8.715574e-02
    outer loop
      vertex   2.080000e+02 1.044000e+02 2.600000e+01
      vertex   2.100000e+02 1.044000e+02 2.600000e+01
      vertex   2.080000e+02 1.044243e+02 2.572216e+01
    endloop
  endfacet
  facet normal -0.000000e+00 9.961947e-01 8.715574e-02
    outer loop
      vertex   2.080000e+02 1.044243e+02 2.572216e+01
      vertex   2.100000e+02 1.044000e+02 2.600000e+01
      vertex   2.100000e+02 1.044243e+02 2.572216e+01
    endloop
  endfacet
  facet normal -0.000000e+00 9.659258e-01 2.588190e-01
    outer loop
      vertex   2.080000e+02 1.044243e+02 2.572216e+01
      vertex   2.100000e+02 1.044243e+02 2.572216e+01
      vertex   2.080000e+02 1.044965e+02 2.545277e+01
    endloop
  endfacet
  facet normal -0.000000e+00 9.659258e-01 2.588190e-01
    outer loop
      vertex   2.080000e+02 1.044965e+02 2.545277e+01
      vertex   2.100000e+02 1.044243e+02 2.572216e+01
      vertex   2.100000e+02 1.044965e+02 2.545277e+01
    endloop
  endfacet
  facet normal -0.000000e+00 9.063078e-01 4.226183e-01
    outer loop
      vertex   2.080000e+02 1.044965e+02 2.545277e+01
      vertex   2.100000e+02 1.044965e+02 2.545277e+01
      vertex   2.080000e+02 1.046144e+02 2.520000e+01
    endloop
  endfacet
  facet normal -0.000000e+00 9.063078e-01 4.226183e-01
    outer loop
      vertex   2.080000e+02 1.046144e+02 2.520000e+01
      vertex   2.100000e+02 1.044965e+02 2.545277e+01
      vertex   2.100000e+02 1.046144e+02 2.520000e+01
    endloop
  endfacet
  facet normal -0.000000e+00 8.191520e-01 5.735764e-01
    outer loop
      vertex   2.080000e+02 1.046144e+02 2.520000e+01
      vertex   2.100000e+02 1.046144e+02 2.520000e+01
      vertex   2.080000e+02 1.047743e+02 2.497154e+01
    endloop
  endfacet
  facet normal -0.000000e+00 8.191520e-01 5.735764e-01
    outer loop
      vertex   2.080000e+02 1.047743e+02 2.497154e+01
      vertex   2.100000e+02 1.046144e+02 2.520000e+01
      vertex   2.100000e+02 1.047743e+02 2.497154e+01
    endloop
  endfacet
  facet normal -0.000000e+00 7.071068e-01 7.071068e-01
    outer loop
      vertex   2.080000e+02 1.047743e+02 2.497154e+01
      vertex   2.100000e+02 1.047743e+02 2.497154e+01
      vertex   2.080000e+02 1.049715e+02 2.477433e+01
    endloop
  endfacet
  facet normal -0.000000e+00 7.071068e-01 7.071068e-01
    outer loop
      vertex   2.080000e+02 1.049715e+02 2.477433e+01
      vertex   2.100000e+02 1.047743e+02 2.497154e+01
      vertex   2.100000e+02 1.049715e+02 2.477433e+01
    endloop
  endfacet
  facet normal -0.000000e+00 5.735764e-01 8.191520e-01
    outer loop
      vertex   2.080000e+02 1.049715e+02 2.477433e+01
      vertex   2.100000e+02 1.049715e+02 2.477433e+01
      vertex   2.080000e+02 1.052000e+02 2.461436e+01
    endloop
  endfacet
  facet normal -0.000000e+00 5.735764e-01 8.191520e-01
    outer loop
      vertex   2.080000e+02 1.052000e+02 2.461436e+01
      vertex   2.100000e+02 1.049715e+02 2.477433e+01
      vertex   2.100000e+02 1.052000e+02 2.461436e+01
    endloop
  endfacet
  facet normal -0.000000e+00 4.226183e-01 9.063078e-01
    outer loop
      vertex   2.080000e+02 1.052000e+02 2.461436e+01
      vertex   2.100000e+02 1.052000e+02 2.461436e+01
      vertex   2.080000e+02 1.054528e+02 2.449649e+01
    endloop
  endfacet
  facet normal -0.000000e+00 4.226183e-01 9.063078e-01
    outer loop
      vertex   2.080000e+02 1.054528e+02 2.449649e+01
      vertex   2.100000e+02 1.052000e+02 2.461436e+01
      vertex   2.100000e+02 1.054528e+02 2.449649e+01
    endloop
  endfacet
  facet normal -0.000000e+00 2.588190e-01 9.659258e-01
    outer loop
      vertex   2.080000e+02 1.054528e+02 2.449649e+01
      vertex   2.100000e+02 1.054528e+02 2.449649e+01
      vertex   2.080000e+02 1.057222e+02 2.442431e+01
    endloop
  endfacet
  facet normal -0.000000e+00 2.588190e-01 9.659258e-01
    outer loop
      vertex   2.080000e+02 1.057222e+02 2.442431e+01
      vertex   2.100000e+02 1.054528e+02 2.449649e+01
      vertex   2.100000e+02 1.057222e+02 2.442431e+01
    endloop
  endfacet
  facet normal -0.000000e+00 8.715574e-02 9.961947e-01
    outer loop
      vertex   2.080000e+02 1.057222e+02 2.442431e+01
      vertex   2.100000e+02 1.057222e+02 2.442431e+01
      vertex   2.080000e+02 1.060000e+02 2.440000e+01
    endloop
  endfacet
  facet normal -0.000000e+00 8.715574e-02 9.961947e-01
    outer loop
      vertex   2.080000e+02 1.060000e+02 2.440000e+01
      vertex   2.100000e+02 1.057222e+02 2.442431e+01
      vertex   2.100000e+02 1.060000e+02 2.440000e+01
    endloop
  endfacet
  facet normal 0.000000e+00 -8.715574e-02 9.961947e-01
    outer loop
      vertex   2.080000e+02 1.060000e+02 2.440000e+01
      vertex   2.100000e+02 1.060000e+02 2.440000e+01
      vertex   2.080000e+02 1.062778e+02 2.442431e+01
    endloop
  endfacet
  facet normal 0.000000e+00 -8.715574e-02 9.961947e-01
    outer loop
      vertex   2.080000e+02 1.062778e+02 2.442431e+01
      vertex   2.100000e+02 1.060000e+02 2.440000e+01
      vertex   2.100000e+02 1.062778e+02 2.442431e+01
    endloop
  endfacet
  facet normal 0.000000e+00 -2.588190e-01 9.659258e-01
    outer loop
      vertex   2.080000e+02 1.062778e+02 2.442431e+01
      vertex   2.100000e+02 1.062778e+02 2.442431e+01
      vertex   2.080000e+02 1.065472e+02 2.449649e+01
    endloop
  endfacet
  facet normal 0.000000e+00 -2.588190e-01 9.659258e-01
    outer loop
      vertex   2.080000e+02 1.065472e+02 2.449649e+01
      vertex   2.100000e+02 1.062778e+02 2.442431e+01
      vertex   2.100000e+02 1.065472e+02 2.449649e+01
    endloop
  endfacet
  facet normal 0.000000e+00 -4.226183e-01 9.063078e-01
    outer loop
      vertex   2.080000e+02 1.065472e+02 2.449649e+01
      vertex   2.100000e+02 1.065472e+02 2.449649e+01
      vertex   2.080000e+02 1.068000e+02 2.461436e+01
    endloop
  endfacet
  facet normal 0.000000e+00 -4.226183e-01 9.063078e-01
    outer loop
      vertex   2.080000e+02 1.068000e+02 2.461436e+01
      vertex   2.100000e+02 1.065472e+02 2.449649e+01
      vertex   2.100000e+02 1.068000e+02 2.461436e+01
    endloop
  endfacet
  facet normal 0.000000e+00 -5.735764e-01 8.191520e-01
    outer loop
      vertex   2.080000e+02 1.068000e+02 2.461436e+01
      vertex   2.100000e+02 1.068000e+02 2.461436e+01
      vertex   2.080000e+02 1.070285e+02 2.477433e+01
    endloop
  endfacet
  facet normal 0.000000e+00 -5.735764e-01 8.191520e-01
    outer loop
      vertex   2.080000e+02 1.070285e+02 2.477433e+01
      vertex   2.100000e+02 1.068000e+02 2.461436e+01
      vertex   2.100000e+02 1.070285e+02 2.477433e+01
    endloop
  endfacet
  facet normal 0.000000e+00 -7.071068e-01 7.071068e-01
    outer loop
      vertex   2.080000e+02 1.070285e+02 2.477433e+01
      vertex   2.100000e+02 1.070285e+02 2.477433e+01
      vertex   2.080000e+02 1.072257e+02 2.497154e+01
    endloop
  endfacet
  facet normal 0.000000e+00 -7.071068e-01 7.071068e-01
    outer loop
      vertex   2.080000e+02 1.072257e+02 2.497154e+01
      vertex   2.100000e+02 1.070285e+02 2.477433e+01
      vertex   2.100000e+02 1.072257e+02 2.497154e+01
    endloop
  endfacet
  facet normal 0.000000e+00 -8.191520e-01 5.735764e-01
    outer loop
      vertex   2.080000e+02 1.072257e+02 2.497154e+01
      vertex   2.100000e+02 1.072257e+02 2.497154e+01
      vertex   2.080000e+02 1.073856e+02 2.520000e+01
    endloop
  endfacet
  facet normal 0.000000e+00 -8.191520e-01 5.735764e-01
    outer loop
      vertex   2.080000e+02 1.073856e+02 2.520000e+01
      vertex   2.100000e+02 1.072257e+02 2.497154e+01
      vertex   2.100000e+02 1.073856e+02 2.520000e+01
    endloop
  endfacet
  facet normal 0.000000e+00 -9.063078e-01 4.226183e-01
    outer loop
      vertex   2.080000e+02 1.073856e+02 2.520000e+01
      vertex   2.100000e+02 1.073856e+02 2.520000e+01
      vertex   2.080000e+02 1.075035e+02 2.545277e+01
    endloop
  endfacet
  facet normal 0.000000e+00 -9.063078e-01 4.226183e-01
    outer loop
      vertex   2.080000e+02 1.075035e+02 2.545277e+01
      vertex   2.100000e+02 1.073856e+02 2.520000e+01
      vertex   2.100000e+02 1.075035e+02 2.545277e+01
    endloop
  endfacet
  facet normal 0.000000e+00 -9.659258e-01 2.588190e-01
    outer loop
      vertex   2.080000e+02 1.075035e+02 2.545277e+01
      vertex   2.100000e+02 1.075035e+02 2.545277e+01
      vertex   2.080000e+02 1.075757e+02 2.572216e+01
    endloop
  endfacet
  facet normal 0.000000e+00 -9.659258e-01 2.588190e-01
    outer loop
      vertex   2.080000e+02 1.075757e+02 2.572216e+01
      vertex   2.100000e+02 1.075035e+02 2.545277e+01
      vertex   2.100000e+02 1.075757e+02 2.572216e+01
    endloop
  endfacet
  facet normal 0.000000e+00 -9.961947e-01 8.715574e-02
    outer loop
      vertex   2.080000e+02 1.075757e+02 2.572216e+01
      vertex   2.100000e+02 1.075757e+02 2.572216e+01
      vertex   2.080000e+02 1.076000e+02 2.600000e+01
    endloop
  endfacet
  facet normal 0.000000e+00 -9.961947e-01 8.715574e-02
    outer loop
      vertex   2.080000e+02 1.076000e+02 2.600000e+01
      vertex   2.100000e+02 1.075757e+02 2.572216e+01
      vertex   2.100000e+02 1.076000e+02 2.600000e+01
    endloop
  endfacet
  facet normal 0.000000e+00 -9.961947e-01 -8.715574e-02
    outer loop
      vertex   2.080000e+02 1.076000e+02 2.600000e+01
      vertex   2.100000e+02 1.076000e+02 2.600000e+01
      vertex   2.080000e+02 1.075757e+02 2.627784e+01
    endloop
  endfacet
  facet normal 0.000000e+00 -9.961947e-01 -8.715574e-02
    outer loop
      vertex   2.080000e+02 1.075757e+02 2.627784e+01
      vertex   2.100000e+02 1.076000e+02 2.600000e+01
      vertex   2.100000e+02 1.075757e+02 2.627784e+01
    endloop
  endfacet
  facet normal 0.000000e+00 -9.659258e-01 -2.588190e-01
    outer loop
      vertex   2.080000e+02 1.075757e+02 2.627784e+01
      vertex   2.100000e+02 1.075757e+02 2.627784e+01
      vertex   2.080000e+02 1.075035e+02 2.654723e+01
    endloop
  endfacet
  facet normal 0.000000e+00 -9.659258e-01 -2.588190e-01
    outer loop
      vertex   2.080000e+02 1.075035e+02 2.654723e+01
      vertex   2.100000e+02 1.075757e+02 2.627784e+01
      vertex   2.100000e+02 1.075035e+02 2.654723e+01
    endloop
  endfacet
  facet normal 0.000000e+00 -9.063078e-01 -4.226183e-01
    outer loop
      vertex   2.080000e+02 1.075035e+02 2.654723e+01
      vertex   2.100000e+02 1.075035e+02 2.654723e+01
      vertex   2.080000e+02 1.073856e+02 2.680000e+01
    endloop
  endfacet
  facet normal 0.000000e+00 -9.063078e-01 -4.226183e-01
    outer loop
      vertex   2.080000e+02 1.073856e+02 2.680000e+01
      vertex   2.100000e+02 1.075035e+02 2.654723e+01
      vertex   2.100000e+02 1.073856e+02 2.680000e+01
    endloop
  endfacet
  facet normal 0.000000e+00 -8.191520e-01 -5.735764e-01
    outer loop
      vertex   2.080000e+02 1.073856e+02 2.680000e+01
      vertex   2.100000e+02 1.073856e+02 2.680000e+01
      vertex   2.080000e+02 1.072257e+02 2.702846e+01
    endloop
  endfacet
  facet normal 0.000000e+00 -8.191520e-01 -5.735764e-01
    outer loop
      vertex   2.080000e+02 1.072257e+02 2.702846e+01
      vertex   2.100000e+02 1.073856e+02 2.680000e+01
      vertex   2.100000e+02 1.072257e+02 2.702846e+01
    endloop
  endfacet
  facet normal 0.000000e+00 -7.071068e-01 -7.071068e-01
    outer loop
      vertex   2.080000e+02 1.072257e+02 2.702846e+01
      vertex   2.100000e+02 1.072257e+02 2.702846e+01
      vertex   2.080000e+02 1.070285e+02 2.722567e+01
    endloop
  endfacet
  facet normal 0.000000e+00 -7.071068e-01 -7.071068e-01
    outer loop
      vertex   2.080000e+02 1.070285e+02 2.722567e+01
      vertex   2.100000e+02 1.072257e+02 2.702846e+01
      vertex   2.100000e+02 1.070285e+02 2.722567e+01
    endloop
  endfacet
  facet normal 0.000000e+00 -5.735764e-01 -8.191520e-01
    outer loop
      vertex   2.080000e+02 1.070285e+02 2.722567e+01
      vertex   2.100000e+02 1.070285e+02 2.722567e+01
      vertex   2.080000e+02 1.068000e+02 2.738564e+01
    endloop
  endfacet
  facet normal 0.000000e+00 -5.735764e-01 -8.191520e-01
    outer loop
      vertex   2.080000e+02 1.068000e+02 2.738564e+01
      vertex   2.100000e+02 1.070285e+02 2.722567e+01
      vertex   2.100000e+02 1.068000e+02 2.738564e+01
    endloop
  endfacet
  facet normal 0.000000e+00 -4.226183e-01 -9.063078e-01
    outer loop
      vertex   2.080000e+02 1.068000e+02 2.738564e+01
      vertex   2.100000e+02 1.068000e+02 2.738564e+01
      vertex   2.080000e+02 1.065472e+02 2.750351e+01
    endloop
  endfacet
  facet normal 0.000000e+00 -4.226183e-01 -9.063078e-01
    outer loop
      vertex   2.080000e+02 1.065472e+02 2.750351e+01
      vertex   2.100000e+02 1.068000e+02 2.738564e+01
      vertex   2.100000e+02 1.065472e+02 2.750351e+01
    endloop
  endfacet
  facet normal 0.000000e+00 -2.588190e-01 -9.659258e-01
    outer loop
      vertex   2.080000e+02 1.065472e+02 2.750351e+01
      vertex   2.100000e+02 1.065472e+02 2.750351e+01
      vertex   2.080000e+02 1.062778e+02 2.757569e+01
    endloop
  endfacet
  facet normal 0.000000e+00 -2.588190e-01 -9.659258e-01
    outer loop
      vertex   2.080000e+02 1.062778e+02 2.757569e+01
      vertex   2.100000e+02 1.065472e+02 2.750351e+01
      vertex   2.100000e+02 1.062778e+02 2.757569e+01
    endloop
  endfacet
  facet normal 0.000000e+00 -8.715574e-02 -9.961947e-01
    outer loop
      vertex   2.080000e+02 1.062778e+02 2.757569e+01
      vertex   2.100000e+02 1.062778e+02 2.757569e+01
      vertex   2.080000e+02 1.060000e+02 2.760000e+01
    endloop
  endfacet
  facet normal 0.000000e+00 -8.715574e-02 -9.961947e-01
    outer loop
      vertex   2.080000e+02 1.060000e+02 2.760000e+01
      vertex   2.100000e+02 1.062778e+02 2.757569e+01
      vertex   2.100000e+02 1.060000e+02 2.760000e+01
    endloop
  endfacet
  facet normal 0.000000e+00 8.715574e-02 -9.961947e-01
    outer loop
      vertex   2.080000e+02 1.060000e+02 2.760000e+01
      vertex   2.100000e+02 1.060000e+02 2.760000e+01
      vertex   2.080000e+02 1.057222e+02 2.757569e+01
    endloop
  endfacet
  facet normal 0.000000e+00 8.715574e-02 -9.961947e-01
    outer loop
      vertex   2.080000e+02 1.057222e+02 2.757569e+01
      vertex   2.100000e+02 1.060000e+02 2.760000e+01
      vertex   2.100000e+02 1.057222e+02 2.757569e+01
    endloop
  endfacet
  facet normal 0.000000e+00 2.588190e-01 -9.659258e-01
    outer loop
      vertex   2.080000e+02 1.057222e+02 2.757569e+01
      vertex   2.100000e+02 1.057222e+02 2.757569e+01
      vertex   2.080000e+02 1.054528e+02 2.750351e+01
    endloop
  endfacet
  facet normal 0.000000e+00 2.588190e-01 -9.659258e-01
    outer loop
      vertex   2.080000e+02 1.054528e+02 2.750351e+01
      vertex   2.100000e+02 1.057222e+02 2.757569e+01
      vertex   2.100000e+02 1.054528e+02 2.750351e+01
    endloop
  endfacet
  facet normal 0.000000e+00 4.226183e-01 -9.063078e-01
    outer loop
      vertex   2.080000e+02 1.054528e+02 2.750351e+01
      vertex   2.100000e+02 1.054528e+02 2.750351e+01
      vertex   2.080000e+02 1.052000e+02 2.738564e+01
    endloop
  endfacet
  facet normal 0.000000e+00 4.226183e-01 -9.063078e-01
    outer loop
      vertex   2.080000e+02 1.052000e+02 2.738564e+01
      vertex   2.100000e+02 1.054528e+02 2.750351e+01
      vertex   2.100000e+02 1.052000e+02 2.738564e+01
    endloop
  endfacet
  facet normal 0.000000e+00 5.735764e-01 -8.191520e-01
    outer loop
      vertex   2.080000e+02 1.052000e+02 2.738564e+01
      vertex   2.100000e+02 1.052000e+02 2.738564e+01
      vertex   2.080000e+02 1.049715e+02 2.722567e+01
    endloop
  endfacet
  facet normal 0.000000e+00 5.735764e-01 -8.191520e-01
    outer loop
      vertex   2.080000e+02 1.049715e+02 2.722567e+01
      vertex   2.100000e+02 1.052000e+02 2.738564e+01
      vertex   2.100000e+02 1.049715e+02 2.722567e+01
    endloop
  endfacet
  facet normal 0.000000e+00 7.071068e-01 -7.071068e-01
    outer loop
      vertex   2.080000e+02 1.049715e+02 2.722567e+01
      vertex   2.100000e+02 1.049715e+02 2.722567e+01
      vertex   2.080000e+02 1.047743e+02 2.702846e+01
    endloop
  endfacet
  facet normal 0.000000e+00 7.071068e-01 -7.071068e-01
    outer loop
      vertex   2.080000e+02 1.047743e+02 2.702846e+01
      vertex   2.100000e+02 1.049715e+02 2.722567e+01
      vertex   2.100000e+02 1.047743e+02 2.702846e+01
    endloop
  endfacet
  facet normal 0.000000e+00 8.191520e-01 -5.735764e-01
    outer loop
      vertex   2.080000e+02 1.047743e+02 2.702846e+01
      vertex   2.100000e+02 1.047743e+02 2.702846e+01
      vertex   2.080000e+02 1.046144e+02 2.680000e+01
    endloop
  endfacet
  facet normal 0.000000e+00 8.191520e-01 -5.735764e-01
    outer loop
      vertex   2.080000e+02 1.046144e+02 2.680000e+01
      vertex   2.100000e+02 1.047743e+02 2.702846e+01
      vertex   2.100000e+02 1.046144e+02 2.680000e+01
    endloop
  endfacet
  facet normal 0.000000e+00 9.063078e-01 -4.226183e-01
    outer loop
      vertex   2.080000e+02 1.046144e+02 2.680000e+01
      vertex   2.100000e+02 1.046144e+02 2.680000e+01
      vertex   2.080000e+02 1.044965e+02 2.654723e+01
    endloop
  endfacet
  facet normal 0.000000e+00 9.063078e-01 -4.226183e-01
    outer loop
      vertex   2.080000e+02 1.044965e+02 2.654723e+01
      vertex   2.100000e+02 1.046144e+02 2.680000e+01
      vertex   2.100000e+02 1.044965e+02 2.654723e+01
    endloop
  endfacet
  facet normal 0.000000e+00 9.659258e-01 -2.588190e-01
    outer loop
      vertex   2.080000e+02 1.044965e+02 2.654723e+01
      vertex   2.100000e+02 1.044965e+02 2.654723e+01
      vertex   2.080000e+02 1.044243e+02 2.627784e+01
    endloop
  endfacet
  facet normal 0.000000e+00 9.659258e-01 -2.588190e-01
    outer loop
      vertex   2.080000e+02 1.044243e+02 2.627784e+01
      vertex   2.100000e+02 1.044965e+02 2.654723e+01
      vertex   2.100000e+02 1.044243e+02 2.627784e+01
    endloop
  endfacet
  facet normal 0.000000e+00 9.961947e-01 -8.715574e-02
    outer loop
      vertex   2.080000e+02 7.242431e+01 2.627784e+01
      vertex   2.100000e+02 7.242431e+01 2.627784e+01
      vertex   2.080000e+02 7.240000e+01 2.600000e+01
    endloop
  endfacet
  facet normal 0.000000e+00 9.961947e-01 -8.715574e-02
    outer loop
      vertex   2.080000e+02 7.240000e+01 2.600000e+01
      vertex   2.100000e+02 7.242431e+01 2.627784e+01
      vertex   2.100000e+02 7.240000e+01 2.600000e+01
    endloop
  endfacet
  facet normal -0.000000e+00 9.961947e-01 8.715574e-02
    outer loop
      vertex   2.080000e+02 7.240000e+01 2.600000e+01
      vertex   2.100000e+02 7.240000e+01 2.600000e+01
      vertex   2.080000e+02 7.242431e+01 2.572216e+01
    endloop
  endfacet
  facet normal -0.000000e+00 9.961947e-01 8.715574e-02
    outer loop
      vertex   2.080000e+02 7.242431e+01 2.572216e+01
      vertex   2.100000e+02 7.240000e+01 2.600000e+01
      vertex   2.100000e+02 7.242431e+01 2.572216e+01
    endloop
  endfacet
  facet normal -0.000000e+00 9.659258e-01 2.588190e-01
    outer loop
      vertex   2.080000e+02 7.242431e+01 2.572216e+01
      vertex   2.100000e+02 7.242431e+01 2.572216e+01
      vertex   2.080000e+02 7.249649e+01 2.545277e+01
    endloop
  endfacet
  facet normal -0.000000e+00 9.659258e-01 2.588190e-01
    outer loop
      vertex   2.080000e+02 7.249649e+01 2.545277e+01
      vertex   2.100000e+02 7.242431e+01 2.572216e+01
      vertex   2.100000e+02 7.249649e+01 2.545277e+01
    endloop
  endfacet
  facet normal -0.000000e+00 9.063078e-01 4.226183e-01
    outer loop
      vertex   2.080000e+02 7.249649e+01 2.545277e+01
      vertex   2.100000e+02 7.249649e+01 2.545277e+01
      vertex   2.080000e+02 7.261436e+01 2.520000e+01
    endloop
  endfacet
  facet normal -0.000000e+00 9.063078e-01 4.226183e-01
    outer loop
      vertex   2.080000e+02 7.261436e+01 2.520000e+01
      vertex   2.100000e+02 7.249649e+01 2.545277e+01
      vertex   2.100000e+02 7.261436e+01 2.520000e+01
    endloop
  endfacet
  facet normal -0.000000e+00 8.191520e-01 5.735764e-01
    outer loop
      vertex   2.080000e+02 7.261436e+01 2.520000e+01
      vertex   2.100000e+02 7.261436e+01 2.520000e+01
      vertex   2.080000e+02 7.277433e+01 2.497154e+01
    endloop
  endfacet
  facet normal -0.000000e+00 8.191520e-01 5.735764e-01
    outer loop
      vertex   2.080000e+02 7.277433e+01 2.497154e+01
      vertex   2.100000e+02 7.261436e+01 2.520000e+01
      vertex   2.100000e+02 7.277433e+01 2.497154e+01
    endloop
  endfacet
  facet normal -0.000000e+00 7.071068e-01 7.071068e-01
    outer loop
      vertex   2.080000e+02 7.277433e+01 2.497154e+01
      vertex   2.100000e+02 7.277433e+01 2.497154e+01
      vertex   2.080000e+02 7.297154e+01 2.477433e+01
    endloop
  endfacet
  facet normal -0.000000e+00 7.071068e-01 7.071068e-01
    outer loop
      vertex   2.080000e+02 7.297154e+01 2.477433e+01
      vertex   2.100000e+02 7.277433e+01 2.497154e+01
      vertex   2.100000e+02 7.297154e+01 2.477433e+01
    endloop
  endfacet
  facet normal -0.000000e+00 5.735764e-01 8.191520e-01
    outer loop
      vertex   2.080000e+02 7.297154e+01 2.477433e+01
      vertex   2.100000e+02 7.297154e+01 2.477433e+01
      vertex   2.080000e+02 7.320000e+01 2.461436e+01
    endloop
  endfacet
  facet normal -0.000000e+00 5.735764e-01 8.191520e-01
    outer loop
      vertex   2.080000e+02 7.320000e+01 2.461436e+01
      vertex   2.100000e+02 7.297154e+01 2.477433e+01
      vertex   2.100000e+02 7.320000e+01 2.461436e+01
    endloop
  endfacet
  facet normal -0.000000e+00 4.226183e-01 9.063078e-01
    outer loop
      vertex   2.080000e+02 7.320000e+01 2.461436e+01
      vertex   2.100000e+02 7.320000e+01 2.461436e+01
      vertex   2.080000e+02 7.345277e+01 2.449649e+01
    endloop
  endfacet
  facet normal -0.000000e+00 4.226183e-01 9.063078e-01
    outer loop
      vertex   2.080000e+02 7.345277e+01 2.449649e+01
      vertex   2.100000e+02 7.320000e+01 2.461436e+01
      vertex   2.100000e+02 7.345277e+01 2.449649e+01
    endloop
  endfacet
  facet normal -0.000000e+00 2.588190e-01 9.659258e-01
    outer loop
      vertex   2.080000e+02 7.345277e+01 2.449649e+01
      vertex   2.100000e+02 7.345277e+01 2.449649e+01
      vertex   2.080000e+02 7.372216e+01 2.442431e+01
    endloop
  endfacet
  facet normal -0.000000e+00 2.588190e-01 9.659258e-01
    outer loop
      vertex   2.080000e+02 7.372216e+01 2.442431e+01
      vertex   2.100000e+02 7.345277e+01 2.449649e+01
      vertex   2.100000e+02 7.372216e+01 2.442431e+01
    endloop
  endfacet
  facet normal -0.000000e+00 8.715574e-02 9.961947e-01
    outer loop
      vertex   2.080000e+02 7.372216e+01 2.442431e+01
      vertex   2.100000e+02 7.372216e+01 2.442431e+01
      vertex   2.080000e+02 7.400000e+01 2.440000e+01
    endloop
  endfacet
  facet normal -0.000000e+00 8.715574e-02 9.961947e-01
    outer loop
      vertex   2.080000e+02 7.400000e+01 2.440000e+01
      vertex   2.100000e+02 7.372216e+01 2.442431e+01
      vertex   2.100000e+02 7.400000e+01 2.440000e+01
    endloop
  endfacet
  facet normal 0.000000e+00 -8.715574e-02 9.961947e-01
    outer loop
      vertex   2.080000e+02 7.400000e+01 2.440000e+01
      vertex   2.100000e+02 7.400000e+01 2.440000e+01
      vertex   2.080000e+02 7.427784e+01 2.442431e+01
    endloop
  endfacet
  facet normal 0.000000e+00 -8.715574e-02 9.961947e-01
    outer loop
      vertex   2.080000e+02 7.427784e+01 2.442431e+01
      vertex   2.100000e+02 7.400000e+01 2.440000e+01
      vertex   2.100000e+02 7.427784e+01 2.442431e+01
    endloop
  endfacet
  facet normal 0.000000e+00 -2.588190e-01 9.659258e-01
    outer loop
      vertex   2.080000e+02 7.427784e+01 2.442431e+01
      vertex   2.100000e+02 7.427784e+01 2.442431e+01
      vertex   2.080000e+02 7.454723e+01 2.449649e+01
    endloop
  endfacet
  facet normal 0.000000e+00 -2.588190e-01 9.659258e-01
    outer loop
      vertex   2.080000e+02 7.454723e+01 2.449649e+01
      vertex   2.100000e+02 7.427784e+01 2.442431e+01
      vertex   2.100000e+02 7.454723e+01 2.449649e+01
    endloop
  endfacet
  facet normal 0.000000e+00 -4.226183e-01 9.063078e-01
    outer loop
      vertex   2.080000e+02 7.454723e+01 2.449649e+01
      vertex   2.100000e+02 7.454723e+01 2.449649e+01
      vertex   2.080000e+02 7.480000e+01 2.461436e+01
    endloop
  endfacet
  facet normal 0.000000e+00 -4.226183e-01 9.063078e-01
    outer loop
      vertex   2.080000e+02 7.480000e+01 2.461436e+01
      vertex   2.100000e+02 7.454723e+01 2.449649e+01
      vertex   2.100000e+02 7.480000e+01 2.461436e+01
    endloop
  endfacet
  facet normal 0.000000e+00 -5.735764e-01 8.191520e-01
    outer loop
      vertex   2.080000e+02 7.480000e+01 2.461436e+01
      vertex   2.100000e+02 7.480000e+01 2.461436e+01
      vertex   2.080000e+02 7.502846e+01 2.477433e+01
    endloop
  endfacet
  facet normal 0.000000e+00 -5.735764e-01 8.191520e-01
    outer loop
      vertex   2.080000e+02 7.502846e+01 2.477433e+01
      vertex   2.100000e+02 7.480000e+01 2.461436e+01
      vertex   2.100000e+02 7.502846e+01 2.477433e+01
    endloop
  endfacet
  facet normal 0.000000e+00 -7.071068e-01 7.071068e-01
    outer loop
      vertex   2.080000e+02 7.502846e+01 2.477433e+01
      vertex   2.100000e+02 7.502846e+01 2.477433e+01
      vertex   2.080000e+02 7.522567e+01 2.497154e+01
    endloop
  endfacet
  facet normal 0.000000e+00 -7.071068e-01 7.071068e-01
    outer loop
      vertex   2.080000e+02 7.522567e+01 2.497154e+01
      vertex   2.100000e+02 7.502846e+01 2.477433e+01
      vertex   2.100000e+02 7.522567e+01 2.497154e+01
    endloop
  endfacet
  facet normal 0.000000e+00 -8.191520e-01 5.735764e-01
    outer loop
      vertex   2.080000e+02 7.522567e+01 2.497154e+01
      vertex   2.100000e+02 7.522567e+01 2.497154e+01
      vertex   2.080000e+02 7.538564e+01 2.520000e+01
    endloop
  endfacet
  facet normal 0.000000e+00 -8.191520e-01 5.735764e-01
    outer loop
      vertex   2.080000e+02 7.538564e+01 2.520000e+01
      vertex   2.100000e+02 7.522567e+01 2.497154e+01
      vertex   2.100000e+02 7.538564e+01 2.520000e+01
    endloop
  endfacet
  facet normal 0.000000e+00 -9.063078e-01 4.226183e-01
    outer loop
      vertex   2.080000e+02 7.538564e+01 2.520000e+01
      vertex   2.100000e+02 7.538564e+01 2.520000e+01
      vertex   2.080000e+02 7.550351e+01 2.545277e+01
    endloop
  endfacet
  facet normal 0.000000e+00 -9.063078e-01 4.226183e-01
    outer loop
      vertex   2.080000e+02 7.550351e+01 2.545277e+01
      vertex   2.100000e+02 7.538564e+01 2.520000e+01
      vertex   2.100000e+02 7.550351e+01 2.545277e+01
    endloop
  endfacet
  facet normal 0.000000e+00 -9.659258e-01 2.588190e-01
    outer loop
      vertex   2.080000e+02 7.550351e+01 2.545277e+01
      vertex   2.100000e+02 7.550351e+01 2.545277e+01
      vertex   2.080000e+02 7.557569e+01 2.572216e+01
    endloop
  endfacet
  facet normal 0.000000e+00 -9.659258e-01 2.588190e-01
    outer loop
      vertex   2.080000e+02 7.557569e+01 2.572216e+01
      vertex   2.100000e+02 7.550351e+01 2.545277e+01
      vertex   2.100000e+02 7.557569e+01 2.572216e+01
    endloop
  endfacet
  facet normal 0.000000e+00 -9.961947e-01 8.715574e-02
    outer loop
      vertex   2.080000e+02 7.557569e+01 2.572216e+01
      vertex   2.100000e+02 7.557569e+01 2.572216e+01
      vertex   2.080000e+02 7.560000e+01 2.600000e+01
    endloop
  endfacet
  facet normal 0.000000e+00 -9.961947e-01 8.715574e-02
    outer loop
      vertex   2.080000e+02 7.560000e+01 2.600000e+01
      vertex   2.100000e+02 7.557569e+01 2.572216e+01
      vertex   2.100000e+02 7.560000e+01 2.600000e+01
    endloop
  endfacet
  facet normal 0.000000e+00 -9.961947e-01 -8.715574e-02
    outer loop
      vertex   2.080000e+02 7.560000e+01 2.600000e+01
      vertex   2.100000e+02 7.560000e+01 2.600000e+01
      vertex   2.080000e+02 7.557569e+01 2.627784e+01
    endloop
  endfacet
  facet normal 0.000000e+00 -9.961947e-01 -8.715574e-02
    outer loop
      vertex   2.080000e+02 7.557569e+01 2.627784e+01
      vertex   2.100000e+02 7.560000e+01 2.600000e+01
      vertex   2.100000e+02 7.557569e+01 2.627784e+01
    endloop
  endfacet
  facet normal 0.000000e+00 -9.659258e-01 -2.588190e-01
    outer loop
      vertex   2.080000e+02 7.557569e+01 2.627784e+01
      vertex   2.100000e+02 7.557569e+01 2.627784e+01
      vertex   2.080000e+02 7.550351e+01 2.654723e+01
    endloop
  endfacet
  facet normal 0.000000e+00 -9.659258e-01 -2.588190e-01
    outer loop
      vertex   2.080000e+02 7.550351e+01 2.654723e+01
      vertex   2.100000e+02 7.557569e+01 2.627784e+01
      vertex   2.100000e+02 7.550351e+01 2.654723e+01
    endloop
  endfacet
  facet normal 0.000000e+00 -9.063078e-01 -4.226183e-01
    outer loop
      vertex   2.080000e+02 7.550351e+01 2.654723e+01
      vertex   2.100000e+02 7.550351e+01 2.654723e+01
      vertex   2.080000e+02 7.538564e+01 2.680000e+01
    endloop
  endfacet
  facet normal 0.000000e+00 -9.063078e-01 -4.226183e-01
    outer loop
      vertex   2.080000e+02 7.538564e+01 2.680000e+01
      vertex   2.100000e+02 7.550351e+01 2.654723e+01
      vertex   2.100000e+02 7.538564e+01 2.680000e+01
    endloop
  endfacet
  facet normal 0.000000e+00 -8.191520e-01 -5.735764e-01
    outer loop
      vertex   2.080000e+02 7.538564e+01 2.680000e+01
      vertex   2.100000e+02 7.538564e+01 2.680000e+01
      vertex   2.080000e+02 7.522567e+01 2.702846e+01
    endloop
  endfacet
  facet normal 0.000000e+00 -8.191520e-01 -5.735764e-01
    outer loop
      vertex   2.080000e+02 7.522567e+01 2.702846e+01
      vertex   2.100000e+02 7.538564e+01 2.680000e+01
      vertex   2.100000e+02 7.522567e+01 2.702846e+01
    endloop
  endfacet
  facet normal 0.000000e+00 -7.071068e-01 -7.071068e-01
    outer loop
      vertex   2.080000e+02 7.522567e+01 2.702846e+01
      vertex   2.100000e+02 7.522567e+01 2.702846e+01
      vertex   2.080000e+02 7.502846e+01 2.722567e+01
    endloop
  endfacet
  facet normal 0.000000e+00 -7.071068e-01 -7.071068e-01
    outer loop
      vertex   2.080000e+02 7.502846e+01 2.722567e+01
      vertex   2.100000e+02 7.522567e+01 2.702846e+01
      vertex   2.100000e+02 7.502846e+01 2.722567e+01
    endloop
  endfacet
  facet normal 0.000000e+00 -5.735764e-01 -8.191520e-01
    outer loop
      vertex   2.080000e+02 7.502846e+01 2.722567e+01
      vertex   2.100000e+02 7.502846e+01 2.722567e+01
      vertex   2.080000e+02 7.480000e+01 2.738564e+01
    endloop
  endfacet
  facet normal 0.000000e+00 -5.735764e-01 -8.191520e-01
    outer loop
      vertex   2.080000e+02 7.480000e+01 2.738564e+01
      vertex   2.100000e+02 7.502846e+01 2.722567e+01
      vertex   2.100000e+02 7.480000e+01 2.738564e+01
    endloop
  endfacet
  facet normal 0.000000e+00 -4.226183e-01 -9.063078e-01
    outer loop
      vertex   2.080000e+02 7.480000e+01 2.738564e+01
      vertex   2.100000e+02 7.480000e+01 2.738564e+01
      vertex   2.080000e+02 7.454723e+01 2.750351e+01
    endloop
  endfacet
  facet normal 0.000000e+00 -4.226183e-01 -9.063078e-01
    outer loop
      vertex   2.080000e+02 7.454723e+01 2.750351e+01
      vertex   2.100000e+02 7.480000e+01 2.738564e+01
      vertex   2.100000e+02 7.454723e+01 2.750351e+01
    endloop
  endfacet
  facet normal 0.000000e+00 -2.588190e-01 -9.659258e-01
    outer loop
      vertex   2.080000e+02 7.454723e+01 2.750351e+01
      vertex   2.100000e+02 7.454723e+01 2.750351e+01
      vertex   2.080000e+02 7.427784e+01 2.757569e+01
    endloop
  endfacet
  facet normal 0.000000e+00 -2.588190e-01 -9.659258e-01
    outer loop
      vertex   2.080000e+02 7.427784e+01 2.757569e+01
      vertex   2.100000e+02 7.454723e+01 2.750351e+01
      vertex   2.100000e+02 7.427784e+01 2.757569e+01
    endloop
  endfacet
  facet normal 0.000000e+00 -8.715574e-02 -9.961947e-01
    outer loop
      vertex   2.080000e+02 7.427784e+01 2.757569e+01
      vertex   2.100000e+02 7.427784e+01 2.757569e+01
      vertex   2.080000e+02 7.400000e+01 2.760000e+01
    endloop
  endfacet
  facet normal 0.000000e+00 -8.715574e-02 -9.961947e-01
    outer loop
      vertex   2.080000e+02 7.400000e+01 2.760000e+01
      vertex   2.100000e+02 7.427784e+01 2.757569e+01
      vertex   2.100000e+02 7.400000e+01 2.760000e+01
    endloop
  endfacet
  facet normal 0.000000e+00 8.715574e-02 -9.961947e-01
    outer loop
      vertex   2.080000e+02 7.400000e+01 2.760000e+01
      vertex   2.100000e+02 7.400000e+01 2.760000e+01
      vertex   2.080000e+02 7.372216e+01 2.757569e+01
    endloop
  endfacet
  facet normal 0.000000e+00 8.715574e-02 -9.961947e-01
    outer loop
      vertex   2.080000e+02 7.372216e+01 2.757569e+01
      vertex   2.100000e+02 7.400000e+01 2.760000e+01
      vertex   2.100000e+02 7.372216e+01 2.757569e+01
    endloop
  endfacet
  facet normal 0.000000e+00 2.588190e-01 -9.659258e-01
    outer loop
      vertex   2.080000e+02 7.372216e+01 2.757569e+01
      vertex   2.100000e+02 7.372216e+01 2.757569e+01
      vertex   2.080000e+02 7.345277e+01 2.750351e+01
    endloop
  endfacet
  facet normal 0.000000e+00 2.588190e-01 -9.659258e-01
    outer loop
      vertex   2.080000e+02 7.345277e+01 2.750351e+01
      vertex   2.100000e+02 7.372216e+01 2.757569e+01
      vertex   2.100000e+02 7.345277e+01 2.750351e+01
    endloop
  endfacet
  facet normal 0.000000e+00 4.226183e-01 -9.063078e-01
    outer loop
      vertex   2.080000e+02 7.345277e+01 2.750351e+01
      vertex   2.100000e+02 7.345277e+01 2.750351e+01
      vertex   2.080000e+02 7.320000e+01 2.738564e+01
    endloop
  endfacet
  facet normal 0.000000e+00 4.226183e-01 -9.063078e-01
    outer loop
      vertex   2.080000e+02 7.320000e+01 2.738564e+01
      vertex   2.100000e+02 7.345277e+01 2.750351e+01
      vertex   2.100000e+02 7.320000e+01 2.738564e+01
    endloop
  endfacet
  facet normal 0.000000e+00 5.735764e-01 -8.191520e-01
    outer loop
      vertex   2.080000e+02 7.320000e+01 2.738564e+01
      vertex   2.100000e+02 7.320000e+01 2.738564e+01
      vertex   2.080000e+02 7.297154e+01 2.722567e+01
    endloop
  endfacet
  facet normal 0.000000e+00 5.735764e-01 -8.191520e-01
    outer loop
      vertex   2.080000e+02 7.297154e+01 2.722567e+01
      vertex   2.100000e+02 7.320000e+01 2.738564e+01
      vertex   2.100000e+02 7.297154e+01 2.722567e+01
    endloop
  endfacet
  facet normal 0.000000e+00 7.071068e-01 -7.071068e-01
    outer loop
      vertex   2.080000e+02 7.297154e+01 2.722567e+01
      vertex   2.100000e+02 7.297154e+01 2.722567e+01
      vertex   2.080000e+02 7.277433e+01 2.702846e+01
    endloop
  endfacet
  facet normal 0.000000e+00 7.071068e-01 -7.071068e-01
    outer loop
      vertex   2.080000e+02 7.277433e+01 2.702846e+01
      vertex   2.100000e+02 7.297154e+01 2.722567e+01
      vertex   2.100000e+02 7.277433e+01 2.702846e+01
    endloop
  endfacet
  facet normal 0.000000e+00 8.191520e-01 -5.735764e-01
    outer loop
      vertex   2.080000e+02 7.277433e+01 2.702846e+01
      vertex   2.100000e+02 7.277433e+01 2.702846e+01
      vertex   2.080000e+02 7.261436e+01 2.680000e+01
    endloop
  endfacet
  facet normal 0.000000e+00 8.191520e-01 -5.735764e-01
    outer loop
      vertex   2.080000e+02 7.261436e+01 2.680000e+01
      vertex   2.100000e+02 7.277433e+01 2.702846e+01
      vertex   2.100000e+02 7.261436e+01 2.680000e+01
    endloop
  endfacet
  facet normal 0.000000e+00 9.063078e-01 -4.226183e-01
    outer loop
      vertex   2.080000e+02 7.261436e+01 2.680000e+01
      vertex   2.100000e+02 7.261436e+01 2.680000e+01
      vertex   2.080000e+02 7.249649e+01 2.654723e+01
    endloop
  endfacet
  facet normal 0.000000e+00 9.063078e-01 -4.226183e-01
    outer loop
      vertex   2.080000e+02 7.249649e+01 2.654723e+01
      vertex   2.100000e+02 7.261436e+01 2.680000e+01
      vertex   2.100000e+02 7.249649e+01 2.654723e+01
    endloop
  endfacet
  facet normal 0.000000e+00 9.659258e-01 -2.588190e-01
    outer loop
      vertex   2.080000e+02 7.249649e+01 2.654723e+01
      vertex   2.100000e+02 7.249649e+01 2.654723e+01
      vertex   2.080000e+02 7.242431e+01 2.627784e+01
    endloop
  endfacet
  facet normal 0.000000e+00 9.659258e-01 -2.588190e-01
    outer loop
      vertex   2.080000e+02 7.242431e+01 2.627784e+01
      vertex   2.100000e+02 7.249649e+01 2.654723e+01
      vertex   2.100000e+02 7.242431e+01 2.627784e+01
    endloop
  endfacet
  facet normal 8.660254e-01 -0.000000e+00 5.000000e-01
    outer loop
      vertex   2.080000e+02 1.089803e+02 4.286603e+01
      vertex   2.085000e+02 1.090000e+02 4.200000e+01
      vertex   2.080000e+02 1.800000e+02 4.286603e+01
    endloop
  endfacet
  facet normal 8.660254e-01 0.000000e+00 5.000000e-01
    outer loop
      vertex   2.080000e+02 1.800000e+02 4.286603e+01
      vertex   2.085000e+02 1.090000e+02 4.200000e+01
      vertex   2.085000e+02 1.800000e+02 4.200000e+01
    endloop
  endfacet
  facet normal 0.000000e+00 0.000000e+00 1.000000e+00
    outer loop
      vertex   2.085000e+02 1.090000e+02 4.200000e+01
      vertex   2.090000e+02 1.090000e+02 4.200000e+01
      vertex   2.085000e+02 1.800000e+02 4.200000e+01
    endloop
  endfacet
  facet normal -0.000000e+00 0.000000e+00 1.000000e+00
    outer loop
      vertex   2.085000e+02 1.800000e+02 4.200000e+01
      vertex   2.090000e+02 1.090000e+02 4.200000e+01
      vertex   2.090000e+02 1.800000e+02 4.200000e+01
    endloop
  endfacet
  facet normal 1.000000e+00 0.000000e+00 -5.568876e-12
    outer loop
      vertex   2.090000e+02 1.090000e+02 4.200000e+01
      vertex   2.090000e+02 1.089525e+02 4.065773e+01
      vertex   2.090000e+02 1.800000e+02 4.200000e+01
    endloop
  endfacet
  facet normal 1.000000e+00 3.020807e-16 -5.584866e-12
    outer loop
      vertex   2.090000e+02 1.800000e+02 4.200000e+01
      vertex   2.090000e+02 1.089525e+02 4.065773e+01
      vertex   2.090000e+02 1.800000e+02 3.800000e+01
    endloop
  endfacet
  facet normal 1.000000e+00 -1.454186e-16 -5.596829e-12
    outer loop
      vertex   2.090000e+02 1.800000e+02 3.800000e+01
      vertex   2.090000e+02 1.089525e+02 4.065773e+01
      vertex   2.090000e+02 1.088103e+02 3.932218e+01
    endloop
  endfacet
  facet normal 1.000000e+00 0.000000e+00 -5.588999e-12
    outer loop
      vertex   2.090000e+02 1.800000e+02 3.800000e+01
      vertex   2.090000e+02 1.088103e+02 3.932218e+01
      vertex   2.090000e+02 1.085742e+02 3.800000e+01
    endloop
  endfacet
  facet normal 0.000000e+00 0.000000e+00 1.000000e+00
    outer loop
      vertex   2.090000e+02 1.085742e+02 3.800000e+01
      vertex   2.100000e+02 1.085742e+02 3.800000e+01
      vertex   2.090000e+02 1.800000e+02 3.800000e+01
    endloop
  endfacet
  facet normal -0.000000e+00 0.000000e+00 1.000000e+00
    outer loop
      vertex   2.090000e+02 1.800000e+02 3.800000e+01
      vertex   2.100000e+02 1.085742e+02 3.800000e+01
      vertex   2.100000e+02 1.800000e+02 3.800000e+01
    endloop
  endfacet
  facet normal -1.000000e+00 0.000000e+00 1.291663e-11
    outer loop
      vertex   2.080000e+02 7.101975e+01 4.286603e+01
      vertex   2.080000e+02 7.100831e+01 4.143797e+01
      vertex   2.080000e+02 0.000000e+00 4.286603e+01
    endloop
  endfacet
  facet normal -1.000000e+00 -2.681539e-13 -4.169746e-13
    outer loop
      vertex   2.080000e+02 0.000000e+00 4.286603e+01
      vertex   2.080000e+02 7.100831e+01 4.143797e+01
      vertex   2.080000e+02 7.110418e+01 4.001309e+01
    endloop
  endfacet
  facet normal -1.000000e+00 -2.682933e-13 -4.204501e-13
    outer loop
      vertex   2.080000e+02 0.000000e+00 4.286603e+01
      vertex   2.080000e+02 7.110418e+01 4.001309e+01
      vertex   2.080000e+02 7.130679e+01 3.859943e+01
    endloop
  endfacet
  facet normal -1.000000e+00 -2.698766e-13 -4.469119e-13
    outer loop
      vertex   2.080000e+02 7.130679e+01 3.859943e+01
      vertex   2.080000e+02 7.161501e+01 3.720498e+01
      vertex   2.080000e+02 0.000000e+00 4.286603e+01
    endloop
  endfacet
  facet normal -1.000000e+00 -2.705705e-13 -4.556894e-13
    outer loop
      vertex   2.080000e+02 0.000000e+00 4.286603e+01
      vertex   2.080000e+02 7.161501e+01 3.720498e+01
      vertex   2.080000e+02 7.202710e+01 3.583763e+01
    endloop
  endfacet
  facet normal -1.000000e+00 -2.760307e-13 -5.116457e-13
    outer loop
      vertex   2.080000e+02 0.000000e+00 4.286603e+01
      vertex   2.080000e+02 7.202710e+01 3.583763e+01
      vertex   2.080000e+02 7.254073e+01 3.450508e+01
    endloop
  endfacet
  facet normal -1.000000e+00 -2.752792e-13 -5.051255e-13
    outer loop
      vertex   2.080000e+02 7.254073e+01 3.450508e+01
      vertex   2.080000e+02 7.315299e+01 3.321489e+01
      vertex   2.080000e+02 0.000000e+00 4.286603e+01
    endloop
  endfacet
  facet normal -1.000000e+00 -2.811753e-13 -5.498162e-13
    outer loop
      vertex   2.080000e+02 0.000000e+00 4.286603e+01
      vertex   2.080000e+02 7.315299e+01 3.321489e+01
      vertex   2.080000e+02 7.386043e+01 3.197432e+01
    endloop
  endfacet
  facet normal -1.000000e+00 -6.331196e-14 9.275902e-13
    outer loop
      vertex   2.080000e+02 0.000000e+00 4.286603e+01
      vertex   2.080000e+02 7.386043e+01 3.197432e+01
      vertex   2.080000e+02 7.297154e+01 2.722567e+01
    endloop
  endfacet
  facet normal -1.000000e+00 1.508387e-12 6.333868e-13
    outer loop
      vertex   2.080000e+02 7.297154e+01 2.722567e+01
      vertex   2.080000e+02 7.386043e+01 3.197432e+01
      vertex   2.080000e+02 7.465905e+01 3.079039e+01
    endloop
  endfacet
  facet normal -1.000000e+00 -1.783478e-12 2.191731e-12
    outer loop
      vertex   2.080000e+02 7.297154e+01 2.722567e+01
      vertex   2.080000e+02 7.465905e+01 3.079039e+01
      vertex   2.080000e+02 7.320000e+01 2.738564e+01
    endloop
  endfacet
  facet normal -1.000000e+00 -1.112905e-12 1.904368e-12
    outer loop
      vertex   2.080000e+02 7.320000e+01 2.738564e+01
      vertex   2.080000e+02 7.465905e+01 3.079039e+01
      vertex   2.080000e+02 7.345277e+01 2.750351e+01
    endloop
  endfacet
  facet normal -1.000000e+00 1.621738e-12 9.007554e-13
    outer loop
      vertex   2.080000e+02 7.345277e+01 2.750351e+01
      vertex   2.080000e+02 7.465905e+01 3.079039e+01
      vertex   2.080000e+02 7.554434e+01 2.966979e+01
    endloop
  endfacet
  facet normal -1.000000e+00 -1.033892e-12 3.464798e-12
    outer loop
      vertex   2.080000e+02 7.345277e+01 2.750351e+01
      vertex   2.080000e+02 7.554434e+01 2.966979e+01
      vertex   2.080000e+02 7.372216e+01 2.757569e+01
    endloop
  endfacet
  facet normal -1.000000e+00 1.659454e-12 1.121187e-12
    outer loop
      vertex   2.080000e+02 7.372216e+01 2.757569e+01
      vertex   2.080000e+02 7.554434e+01 2.966979e+01
      vertex   2.080000e+02 7.651130e+01 2.861886e+01
    endloop
  endfacet
  facet normal -1.000000e+00 -6.347551e-13 7.255284e-12
    outer loop
      vertex   2.080000e+02 7.372216e+01 2.757569e+01
      vertex   2.080000e+02 7.651130e+01 2.861886e+01
      vertex   2.080000e+02 7.400000e+01 2.760000e+01
    endloop
  endfacet
  facet normal -1.000000e+00 4.095555e-13 4.681241e-12
    outer loop
      vertex   2.080000e+02 7.400000e+01 2.760000e+01
      vertex   2.080000e+02 7.651130e+01 2.861886e+01
      vertex   2.080000e+02 7.427784e+01 2.757569e+01
    endloop
  endfacet
  facet normal -1.000000e+00 1.849177e-12 1.598940e-12
    outer loop
      vertex   2.080000e+02 7.427784e+01 2.757569e+01
      vertex   2.080000e+02 7.651130e+01 2.861886e+01
      vertex   2.080000e+02 7.755446e+01 2.764352e+01
    endloop
  endfacet
  facet normal -1.000000e+00 1.754861e-12 6.155493e-12
    outer loop
      vertex   2.080000e+02 7.427784e+01 2.757569e+01
      vertex   2.080000e+02 7.755446e+01 2.764352e+01
      vertex   2.080000e+02 7.454723e+01 2.750351e+01
    endloop
  endfacet
  facet normal -1.000000e+00 1.876538e-12 3.541984e-12
    outer loop
      vertex   2.080000e+02 7.454723e+01 2.750351e+01
      vertex   2.080000e+02 7.755446e+01 2.764352e+01
      vertex   2.080000e+02 7.480000e+01 2.738564e+01
    endloop
  endfacet
  facet normal -1.000000e+00 1.977066e-12 2.468204e-12
    outer loop
      vertex   2.080000e+02 7.480000e+01 2.738564e+01
      vertex   2.080000e+02 7.755446e+01 2.764352e+01
      vertex   2.080000e+02 7.502846e+01 2.722567e+01
    endloop
  endfacet
  facet normal -1.000000e+00 2.108145e-12 1.675790e-12
    outer loop
      vertex   2.080000e+02 7.502846e+01 2.722567e+01
      vertex   2.080000e+02 7.755446e+01 2.764352e+01
      vertex   2.080000e+02 7.522567e+01 2.702846e+01
    endloop
  endfacet
  facet normal -1.000000e+00 1.995293e-12 2.103083e-12
    outer loop
      vertex   2.080000e+02 7.522567e+01 2.702846e+01
      vertex   2.080000e+02 7.755446e+01 2.764352e+01
      vertex   2.080000e+02 7.866794e+01 2.674928e+01
    endloop
  endfacet
  facet normal -1.000000e+00 1.913195e-12 1.090823e-12
    outer loop
      vertex   2.080000e+02 7.522567e+01 2.702846e+01
      vertex   2.080000e+02 7.866794e+01 2.674928e+01
      vertex   2.080000e+02 7.538564e+01 2.680000e+01
    endloop
  endfacet
  facet normal -1.000000e+00 1.903103e-12 4.376634e-13
    outer loop
      vertex   2.080000e+02 7.538564e+01 2.680000e+01
      vertex   2.080000e+02 7.866794e+01 2.674928e+01
      vertex   2.080000e+02 7.550351e+01 2.654723e+01
    endloop
  endfacet
  facet normal -1.000000e+00 1.925058e-12 9.380995e-14
    outer loop
      vertex   2.080000e+02 7.550351e+01 2.654723e+01
      vertex   2.080000e+02 7.866794e+01 2.674928e+01
      vertex   2.080000e+02 7.557569e+01 2.627784e+01
    endloop
  endfacet
  facet normal -1.000000e+00 1.635094e-12 1.995705e-12
    outer loop
      vertex   2.080000e+02 7.557569e+01 2.627784e+01
      vertex   2.080000e+02 7.866794e+01 2.674928e+01
      vertex   2.080000e+02 7.984543e+01 2.594121e+01
    endloop
  endfacet
  facet normal -1.000000e+00 1.463652e-12 -1.788360e-13
    outer loop
      vertex   2.080000e+02 7.557569e+01 2.627784e+01
      vertex   2.080000e+02 7.984543e+01 2.594121e+01
      vertex   2.080000e+02 7.560000e+01 2.600000e+01
    endloop
  endfacet
  facet normal -1.000000e+00 1.458695e-12 -5.368045e-13
    outer loop
      vertex   2.080000e+02 7.560000e+01 2.600000e+01
      vertex   2.080000e+02 7.984543e+01 2.594121e+01
      vertex   2.080000e+02 7.557569e+01 2.572216e+01
    endloop
  endfacet
  facet normal -1.000000e+00 1.473055e-12 -8.167115e-13
    outer loop
      vertex   2.080000e+02 7.557569e+01 2.572216e+01
      vertex   2.080000e+02 7.984543e+01 2.594121e+01
      vertex   2.080000e+02 7.550351e+01 2.545277e+01
    endloop
  endfacet
  facet normal -1.000000e+00 1.190712e-12 1.693138e-12
    outer loop
      vertex   2.080000e+02 7.550351e+01 2.545277e+01
      vertex   2.080000e+02 7.984543e+01 2.594121e+01
      vertex   2.080000e+02 8.108030e+01 2.522386e+01
    endloop
  endfacet
  facet normal -1.000000e+00 1.082042e-12 -9.543323e-13
    outer loop
      vertex   2.080000e+02 7.550351e+01 2.545277e+01
      vertex   2.080000e+02 8.108030e+01 2.522386e+01
      vertex   2.080000e+02 7.538564e+01 2.520000e+01
    endloop
  endfacet
  facet normal -1.000000e+00 1.082261e-12 -1.006618e-12
    outer loop
      vertex   2.080000e+02 7.538564e+01 2.520000e+01
      vertex   2.080000e+02 8.108030e+01 2.522386e+01
      vertex   2.080000e+02 7.522567e+01 2.497154e+01
    endloop
  endfacet
  facet normal -1.000000e+00 1.105140e-12 -1.537495e-12
    outer loop
      vertex   2.080000e+02 7.522567e+01 2.497154e+01
      vertex   2.080000e+02 8.108030e+01 2.522386e+01
      vertex   2.080000e+02 7.502846e+01 2.477433e+01
    endloop
  endfacet
  facet normal -1.000000e+00 8.856450e-13 1.417482e-12
    outer loop
      vertex   2.080000e+02 7.502846e+01 2.477433e+01
      vertex   2.080000e+02 8.108030e+01 2.522386e+01
      vertex   2.080000e+02 8.236555e+01 2.460129e+01
    endloop
  endfacet
  facet normal -1.000000e+00 8.163374e-13 -1.521190e-12
    outer loop
      vertex   2.080000e+02 7.502846e+01 2.477433e+01
      vertex   2.080000e+02 8.236555e+01 2.460129e+01
      vertex   2.080000e+02 7.480000e+01 2.461436e+01
    endloop
  endfacet
  facet normal -1.000000e+00 8.155272e-13 -1.990036e-12
    outer loop
      vertex   2.080000e+02 7.480000e+01 2.461436e+01
      vertex   2.080000e+02 8.236555e+01 2.460129e+01
      vertex   2.080000e+02 7.454723e+01 2.449649e+01
    endloop
  endfacet
  facet normal -1.000000e+00 7.678621e-13 1.566090e-12
    outer loop
      vertex   2.080000e+02 7.454723e+01 2.449649e+01
      vertex   2.080000e+02 8.236555e+01 2.460129e+01
      vertex   2.080000e+02 8.369394e+01 2.407701e+01
    endloop
  endfacet
  facet normal -1.000000e+00 5.634794e-13 -2.890411e-12
    outer loop
      vertex   2.080000e+02 7.454723e+01 2.449649e+01
      vertex   2.080000e+02 8.369394e+01 2.407701e+01
      vertex   2.080000e+02 7.427784e+01 2.442431e+01
    endloop
  endfacet
  facet normal -1.000000e+00 7.436627e-13 1.994783e-12
    outer loop
      vertex   2.080000e+02 7.427784e+01 2.442431e+01
      vertex   2.080000e+02 8.369394e+01 2.407701e+01
      vertex   2.080000e+02 8.505796e+01 2.365399e+01
    endloop
  endfacet
  facet normal -1.000000e+00 3.308744e-13 -3.781912e-12
    outer loop
      vertex   2.080000e+02 7.427784e+01 2.442431e+01
      vertex   2.080000e+02 8.505796e+01 2.365399e+01
      vertex   2.080000e+02 7.400000e+01 2.440000e+01
    endloop
  endfacet
  facet normal -1.000000e+00 7.960689e-13 3.113544e-12
    outer loop
      vertex   2.080000e+02 7.400000e+01 2.440000e+01
      vertex   2.080000e+02 8.505796e+01 2.365399e+01
      vertex   2.080000e+02 8.644989e+01 2.333461e+01
    endloop
  endfacet
  facet normal -1.000000e+00 1.138673e-12 7.117140e-12
    outer loop
      vertex   2.080000e+02 7.400000e+01 2.440000e+01
      vertex   2.080000e+02 8.644989e+01 2.333461e+01
      vertex   2.080000e+02 8.786188e+01 2.312069e+01
    endloop
  endfacet
  facet normal -1.000000e+00 3.595390e-13 -1.325099e-12
    outer loop
      vertex   2.080000e+02 7.400000e+01 2.440000e+01
      vertex   2.080000e+02 8.786188e+01 2.312069e+01
      vertex   2.080000e+02 7.500000e+00 6.828427e+00
    endloop
  endfacet
  facet normal -1.000000e+00 5.372537e-14 1.833329e-13
    outer loop
      vertex   2.080000e+02 7.500000e+00 6.828427e+00
      vertex   2.080000e+02 8.786188e+01 2.312069e+01
      vertex   2.080000e+02 8.928595e+01 2.301342e+01
    endloop
  endfacet
  facet normal -1.000000e+00 1.118351e-27 4.548177e-13
    outer loop
      vertex   2.080000e+02 7.500000e+00 6.828427e+00
      vertex   2.080000e+02 8.928595e+01 2.301342e+01
      vertex   2.080000e+02 9.071405e+01 2.301342e+01
    endloop
  endfacet
  facet normal -1.000000e+00 0.000000e+00 4.548177e-13
    outer loop
      vertex   2.080000e+02 7.500000e+00 6.828427e+00
      vertex   2.080000e+02 9.071405e+01 2.301342e+01
      vertex   2.080000e+02 1.725000e+02 6.828427e+00
    endloop
  endfacet
  facet normal -1.000000e+00 -5.372537e-14 1.833329e-13
    outer loop
      vertex   2.080000e+02 1.725000e+02 6.828427e+00
      vertex   2.080000e+02 9.071405e+01 2.301342e+01
      vertex   2.080000e+02 9.213812e+01 2.312069e+01
    endloop
  endfacet
  facet normal -1.000000e+00 -3.595390e-13 -1.325099e-12
    outer loop
      vertex   2.080000e+02 1.725000e+02 6.828427e+00
      vertex   2.080000e+02 9.213812e+01 2.312069e+01
      vertex   2.080000e+02 1.060000e+02 2.440000e+01
    endloop
  endfacet
  facet normal -1.000000e+00 -1.138673e-12 7.117140e-12
    outer loop
      vertex   2.080000e+02 1.060000e+02 2.440000e+01
      vertex   2.080000e+02 9.213812e+01 2.312069e+01
      vertex   2.080000e+02 9.355011e+01 2.333461e+01
    endloop
  endfacet
  facet normal -1.000000e+00 -7.960689e-13 3.113544e-12
    outer loop
      vertex   2.080000e+02 1.060000e+02 2.440000e+01
      vertex   2.080000e+02 9.355011e+01 2.333461e+01
      vertex   2.080000e+02 9.494204e+01 2.365399e+01
    endloop
  endfacet
  facet normal -1.000000e+00 -3.308744e-13 -3.781912e-12
    outer loop
      vertex   2.080000e+02 1.060000e+02 2.440000e+01
      vertex   2.080000e+02 9.494204e+01 2.365399e+01
      vertex   2.080000e+02 1.057222e+02 2.442431e+01
    endloop
  endfacet
  facet normal -1.000000e+00 -7.436627e-13 1.994783e-12
    outer loop
      vertex   2.080000e+02 1.057222e+02 2.442431e+01
      vertex   2.080000e+02 9.494204e+01 2.365399e+01
      vertex   2.080000e+02 9.630606e+01 2.407701e+01
    endloop
  endfacet
  facet normal -1.000000e+00 -5.634794e-13 -2.890411e-12
    outer loop
      vertex   2.080000e+02 1.057222e+02 2.442431e+01
      vertex   2.080000e+02 9.630606e+01 2.407701e+01
      vertex   2.080000e+02 1.054528e+02 2.449649e+01
    endloop
  endfacet
  facet normal -1.000000e+00 -7.678621e-13 1.566090e-12
    outer loop
      vertex   2.080000e+02 1.054528e+02 2.449649e+01
      vertex   2.080000e+02 9.630606e+01 2.407701e+01
      vertex   2.080000e+02 9.763445e+01 2.460129e+01
    endloop
  endfacet
  facet normal -1.000000e+00 -8.155272e-13 -1.990036e-12
    outer loop
      vertex   2.080000e+02 1.054528e+02 2.449649e+01
      vertex   2.080000e+02 9.763445e+01 2.460129e+01
      vertex   2.080000e+02 1.052000e+02 2.461436e+01
    endloop
  endfacet
  facet normal -1.000000e+00 -8.163374e-13 -1.521190e-12
    outer loop
      vertex   2.080000e+02 1.052000e+02 2.461436e+01
      vertex   2.080000e+02 9.763445e+01 2.460129e+01
      vertex   2.080000e+02 1.049715e+02 2.477433e+01
    endloop
  endfacet
  facet normal -1.000000e+00 -8.856450e-13 1.417482e-12
    outer loop
      vertex   2.080000e+02 1.049715e+02 2.477433e+01
      vertex   2.080000e+02 9.763445e+01 2.460129e+01
      vertex   2.080000e+02 9.891970e+01 2.522386e+01
    endloop
  endfacet
  facet normal -1.000000e+00 -1.105140e-12 -1.537495e-12
    outer loop
      vertex   2.080000e+02 1.049715e+02 2.477433e+01
      vertex   2.080000e+02 9.891970e+01 2.522386e+01
      vertex   2.080000e+02 1.047743e+02 2.497154e+01
    endloop
  endfacet
  facet normal -1.000000e+00 -1.082261e-12 -1.006618e-12
    outer loop
      vertex   2.080000e+02 1.047743e+02 2.497154e+01
      vertex   2.080000e+02 9.891970e+01 2.522386e+01
      vertex   2.080000e+02 1.046144e+02 2.520000e+01
    endloop
  endfacet
  facet normal -1.000000e+00 -1.082042e-12 -9.543323e-13
    outer loop
      vertex   2.080000e+02 1.046144e+02 2.520000e+01
      vertex   2.080000e+02 9.891970e+01 2.522386e+01
      vertex   2.080000e+02 1.044965e+02 2.545277e+01
    endloop
  endfacet
  facet normal -1.000000e+00 -1.190712e-12 1.693138e-12
    outer loop
      vertex   2.080000e+02 1.044965e+02 2.545277e+01
      vertex   2.080000e+02 9.891970e+01 2.522386e+01
      vertex   2.080000e+02 1.001546e+02 2.594121e+01
    endloop
  endfacet
  facet normal -1.000000e+00 -1.473055e-12 -8.167115e-13
    outer loop
      vertex   2.080000e+02 1.044965e+02 2.545277e+01
      vertex   2.080000e+02 1.001546e+02 2.594121e+01
      vertex   2.080000e+02 1.044243e+02 2.572216e+01
    endloop
  endfacet
  facet normal -1.000000e+00 -1.458695e-12 -5.368045e-13
    outer loop
      vertex   2.080000e+02 1.044243e+02 2.572216e+01
      vertex   2.080000e+02 1.001546e+02 2.594121e+01
      vertex   2.080000e+02 1.044000e+02 2.600000e+01
    endloop
  endfacet
  facet normal -1.000000e+00 -1.463652e-12 -1.788360e-13
    outer loop
      vertex   2.080000e+02 1.044000e+02 2.600000e+01
      vertex   2.080000e+02 1.001546e+02 2.594121e+01
      vertex   2.080000e+02 1.044243e+02 2.627784e+01
    endloop
  endfacet
  facet normal -1.000000e+00 -1.635094e-12 1.995705e-12
    outer loop
      vertex   2.080000e+02 1.044243e+02 2.627784e+01
      vertex   2.080000e+02 1.001546e+02 2.594121e+01
      vertex   2.080000e+02 1.013321e+02 2.674928e+01
    endloop
  endfacet
  facet normal -1.000000e+00 -1.925058e-12 9.380995e-14
    outer loop
      vertex   2.080000e+02 1.044243e+02 2.627784e+01
      vertex   2.080000e+02 1.013321e+02 2.674928e+01
      vertex   2.080000e+02 1.044965e+02 2.654723e+01
    endloop
  endfacet
  facet normal -1.000000e+00 -1.903103e-12 4.376634e-13
    outer loop
      vertex   2.080000e+02 1.044965e+02 2.654723e+01
      vertex   2.080000e+02 1.013321e+02 2.674928e+01
      vertex   2.080000e+02 1.046144e+02 2.680000e+01
    endloop
  endfacet
  facet normal -1.000000e+00 -1.913195e-12 1.090823e-12
    outer loop
      vertex   2.080000e+02 1.046144e+02 2.680000e+01
      vertex   2.080000e+02 1.013321e+02 2.674928e+01
      vertex   2.080000e+02 1.047743e+02 2.702846e+01
    endloop
  endfacet
  facet normal -1.000000e+00 -1.995293e-12 2.103083e-12
    outer loop
      vertex   2.080000e+02 1.047743e+02 2.702846e+01
      vertex   2.080000e+02 1.013321e+02 2.674928e+01
      vertex   2.080000e+02 1.024455e+02 2.764352e+01
    endloop
  endfacet
  facet normal -1.000000e+00 -2.108145e-12 1.675790e-12
    outer loop
      vertex   2.080000e+02 1.047743e+02 2.702846e+01
      vertex   2.080000e+02 1.024455e+02 2.764352e+01
      vertex   2.080000e+02 1.049715e+02 2.722567e+01
    endloop
  endfacet
  facet normal -1.000000e+00 -1.977066e-12 2.468204e-12
    outer loop
      vertex   2.080000e+02 1.049715e+02 2.722567e+01
      vertex   2.080000e+02 1.024455e+02 2.764352e+01
      vertex   2.080000e+02 1.052000e+02 2.738564e+01
    endloop
  endfacet
  facet normal -1.000000e+00 -1.876538e-12 3.541984e-12
    outer loop
      vertex   2.080000e+02 1.052000e+02 2.738564e+01
      vertex   2.080000e+02 1.024455e+02 2.764352e+01
      vertex   2.080000e+02 1.054528e+02 2.750351e+01
    endloop
  endfacet
  facet normal -1.000000e+00 -1.754861e-12 6.155493e-12
    outer loop
      vertex   2.080000e+02 1.054528e+02 2.750351e+01
      vertex   2.080000e+02 1.024455e+02 2.764352e+01
      vertex   2.080000e+02 1.057222e+02 2.757569e+01
    endloop
  endfacet
  facet normal -1.000000e+00 -1.849177e-12 1.598940e-12
    outer loop
      vertex   2.080000e+02 1.057222e+02 2.757569e+01
      vertex   2.080000e+02 1.024455e+02 2.764352e+01
      vertex   2.080000e+02 1.034887e+02 2.861886e+01
    endloop
  endfacet
  facet normal -1.000000e+00 -4.095555e-13 4.681241e-12
    outer loop
      vertex   2.080000e+02 1.057222e+02 2.757569e+01
      vertex   2.080000e+02 1.034887e+02 2.861886e+01
      vertex   2.080000e+02 1.060000e+02 2.760000e+01
    endloop
  endfacet
  facet normal -1.000000e+00 6.347551e-13 7.255284e-12
    outer loop
      vertex   2.080000e+02 1.060000e+02 2.760000e+01
      vertex   2.080000e+02 1.034887e+02 2.861886e+01
      vertex   2.080000e+02 1.062778e+02 2.757569e+01
    endloop
  endfacet
  facet normal -1.000000e+00 -1.659454e-12 1.121187e-12
    outer loop
      vertex   2.080000e+02 1.062778e+02 2.757569e+01
      vertex   2.080000e+02 1.034887e+02 2.861886e+01
      vertex   2.080000e+02 1.044557e+02 2.966979e+01
    endloop
  endfacet
  facet normal -1.000000e+00 1.033892e-12 3.464798e-12
    outer loop
      vertex   2.080000e+02 1.062778e+02 2.757569e+01
      vertex   2.080000e+02 1.044557e+02 2.966979e+01
      vertex   2.080000e+02 1.065472e+02 2.750351e+01
    endloop
  endfacet
  facet normal -1.000000e+00 -1.621738e-12 9.007554e-13
    outer loop
      vertex   2.080000e+02 1.065472e+02 2.750351e+01
      vertex   2.080000e+02 1.044557e+02 2.966979e+01
      vertex   2.080000e+02 1.053409e+02 3.079039e+01
    endloop
  endfacet
  facet normal -1.000000e+00 1.112905e-12 1.904368e-12
    outer loop
      vertex   2.080000e+02 1.065472e+02 2.750351e+01
      vertex   2.080000e+02 1.053409e+02 3.079039e+01
      vertex   2.080000e+02 1.068000e+02 2.738564e+01
    endloop
  endfacet
  facet normal -1.000000e+00 1.783478e-12 2.191731e-12
    outer loop
      vertex   2.080000e+02 1.068000e+02 2.738564e+01
      vertex   2.080000e+02 1.053409e+02 3.079039e+01
      vertex   2.080000e+02 1.070285e+02 2.722567e+01
    endloop
  endfacet
  facet normal -1.000000e+00 -1.508387e-12 6.333868e-13
    outer loop
      vertex   2.080000e+02 1.070285e+02 2.722567e+01
      vertex   2.080000e+02 1.053409e+02 3.079039e+01
      vertex   2.080000e+02 1.061396e+02 3.197432e+01
    endloop
  endfacet
  facet normal -1.000000e+00 6.331196e-14 9.275902e-13
    outer loop
      vertex   2.080000e+02 1.070285e+02 2.722567e+01
      vertex   2.080000e+02 1.061396e+02 3.197432e+01
      vertex   2.080000e+02 1.800000e+02 4.286603e+01
    endloop
  endfacet
  facet normal -1.000000e+00 2.811753e-13 -5.498162e-13
    outer loop
      vertex   2.080000e+02 1.800000e+02 4.286603e+01
      vertex   2.080000e+02 1.061396e+02 3.197432e+01
      vertex   2.080000e+02 1.068470e+02 3.321489e+01
    endloop
  endfacet
  facet normal -1.000000e+00 2.752792e-13 -5.051255e-13
    outer loop
      vertex   2.080000e+02 1.800000e+02 4.286603e+01
      vertex   2.080000e+02 1.068470e+02 3.321489e+01
      vertex   2.080000e+02 1.074593e+02 3.450508e+01
    endloop
  endfacet
  facet normal -1.000000e+00 2.760307e-13 -5.116457e-13
    outer loop
      vertex   2.080000e+02 1.074593e+02 3.450508e+01
      vertex   2.080000e+02 1.079729e+02 3.583763e+01
      vertex   2.080000e+02 1.800000e+02 4.286603e+01
    endloop
  endfacet
  facet normal -1.000000e+00 2.705705e-13 -4.556894e-13
    outer loop
      vertex   2.080000e+02 1.800000e+02 4.286603e+01
      vertex   2.080000e+02 1.079729e+02 3.583763e+01
      vertex   2.080000e+02 1.083850e+02 3.720498e+01
    endloop
  endfacet
  facet normal -1.000000e+00 2.698766e-13 -4.469119e-13
    outer loop
      vertex   2.080000e+02 1.800000e+02 4.286603e+01
      vertex   2.080000e+02 1.083850e+02 3.720498e+01
      vertex   2.080000e+02 1.086932e+02 3.859943e+01
    endloop
  endfacet
  facet normal -1.000000e+00 2.682933e-13 -4.204501e-13
    outer loop
      vertex   2.080000e+02 1.086932e+02 3.859943e+01
      vertex   2.080000e+02 1.088958e+02 4.001309e+01
      vertex   2.080000e+02 1.800000e+02 4.286603e+01
    endloop
  endfacet
  facet normal -1.000000e+00 2.681539e-13 -4.169746e-13
    outer loop
      vertex   2.080000e+02 1.800000e+02 4.286603e+01
      vertex   2.080000e+02 1.088958e+02 4.001309e+01
      vertex   2.080000e+02 1.089917e+02 4.143797e+01
    endloop
  endfacet
  facet normal -1.000000e+00 0.000000e+00 1.291663e-11
    outer loop
      vertex   2.080000e+02 1.800000e+02 4.286603e+01
      vertex   2.080000e+02 1.089917e+02 4.143797e+01
      vertex   2.080000e+02 1.089803e+02 4.286603e+01
    endloop
  endfacet
  facet normal -1.000000e+00 1.336043e-13 5.181550e-13
    outer loop
      vertex   2.080000e+02 1.800000e+02 6.828427e+00
      vertex   2.080000e+02 1.075757e+02 2.572216e+01
      vertex   2.080000e+02 1.800000e+02 4.286603e+01
    endloop
  endfacet
  facet normal -1.000000e+00 3.605866e-13 -4.407325e-13
    outer loop
      vertex   2.080000e+02 1.800000e+02 4.286603e+01
      vertex   2.080000e+02 1.075757e+02 2.572216e+01
      vertex   2.080000e+02 1.076000e+02 2.600000e+01
    endloop
  endfacet
  facet normal -1.000000e+00 3.228274e-13 -2.786452e-13
    outer loop
      vertex   2.080000e+02 1.800000e+02 4.286603e+01
      vertex   2.080000e+02 1.076000e+02 2.600000e+01
      vertex   2.080000e+02 1.075757e+02 2.627784e+01
    endloop
  endfacet
  facet normal -1.000000e+00 1.136868e-14 7.315093e-14
    outer loop
      vertex   2.080000e+02 1.775000e+02 6.828427e+00
      vertex   2.080000e+02 1.070285e+02 2.477433e+01
      vertex   2.080000e+02 1.800000e+02 6.828427e+00
    endloop
  endfacet
  facet normal -1.000000e+00 -9.065553e-14 -3.416994e-13
    outer loop
      vertex   2.080000e+02 1.800000e+02 6.828427e+00
      vertex   2.080000e+02 1.070285e+02 2.477433e+01
      vertex   2.080000e+02 1.072257e+02 2.497154e+01
    endloop
  endfacet
  facet normal -1.000000e+00 -5.746619e-14 -2.085728e-13
    outer loop
      vertex   2.080000e+02 1.800000e+02 6.828427e+00
      vertex   2.080000e+02 1.072257e+02 2.497154e+01
      vertex   2.080000e+02 1.073856e+02 2.520000e+01
    endloop
  endfacet
  facet normal -1.000000e+00 -5.684342e-15 6.185615e-15
    outer loop
      vertex   2.080000e+02 1.775000e+02 6.828427e+00
      vertex   2.080000e+02 1.725000e+02 6.828427e+00
      vertex   2.080000e+02 1.070285e+02 2.477433e+01
    endloop
  endfacet
  facet normal -1.000000e+00 -7.530162e-14 -2.477972e-13
    outer loop
      vertex   2.080000e+02 1.070285e+02 2.477433e+01
      vertex   2.080000e+02 1.725000e+02 6.828427e+00
      vertex   2.080000e+02 1.068000e+02 2.461436e+01
    endloop
  endfacet
  facet normal -1.000000e+00 -4.650121e-14 -1.414105e-13
    outer loop
      vertex   2.080000e+02 1.068000e+02 2.461436e+01
      vertex   2.080000e+02 1.725000e+02 6.828427e+00
      vertex   2.080000e+02 1.065472e+02 2.449649e+01
    endloop
  endfacet
  facet normal -1.000000e+00 -1.098001e-13 -3.776976e-13
    outer loop
      vertex   2.080000e+02 1.065472e+02 2.449649e+01
      vertex   2.080000e+02 1.725000e+02 6.828427e+00
      vertex   2.080000e+02 1.062778e+02 2.442431e+01
    endloop
  endfacet
  facet normal -1.000000e+00 -2.338850e-15 2.673318e-14
    outer loop
      vertex   2.080000e+02 1.062778e+02 2.442431e+01
      vertex   2.080000e+02 1.725000e+02 6.828427e+00
      vertex   2.080000e+02 1.060000e+02 2.440000e+01
    endloop
  endfacet
  facet normal -1.000000e+00 5.684342e-15 6.185615e-15
    outer loop
      vertex   2.080000e+02 2.500000e+00 6.828427e+00
      vertex   2.080000e+02 7.297154e+01 2.477433e+01
      vertex   2.080000e+02 7.500000e+00 6.828427e+00
    endloop
  endfacet
  facet normal -1.000000e+00 7.530162e-14 -2.477972e-13
    outer loop
      vertex   2.080000e+02 7.500000e+00 6.828427e+00
      vertex   2.080000e+02 7.297154e+01 2.477433e+01
      vertex   2.080000e+02 7.320000e+01 2.461436e+01
    endloop
  endfacet
  facet normal -1.000000e+00 4.650121e-14 -1.414105e-13
    outer loop
      vertex   2.080000e+02 7.500000e+00 6.828427e+00
      vertex   2.080000e+02 7.320000e+01 2.461436e+01
      vertex   2.080000e+02 7.345277e+01 2.449649e+01
    endloop
  endfacet
  facet normal -1.000000e+00 -1.136868e-14 7.315093e-14
    outer loop
      vertex   2.080000e+02 2.500000e+00 6.828427e+00
      vertex   2.080000e+02 0.000000e+00 6.828427e+00
      vertex   2.080000e+02 7.297154e+01 2.477433e+01
    endloop
  endfacet
  facet normal -1.000000e+00 9.065553e-14 -3.416994e-13
    outer loop
      vertex   2.080000e+02 7.297154e+01 2.477433e+01
      vertex   2.080000e+02 0.000000e+00 6.828427e+00
      vertex   2.080000e+02 7.277433e+01 2.497154e+01
    endloop
  endfacet
  facet normal -1.000000e+00 5.746619e-14 -2.085728e-13
    outer loop
      vertex   2.080000e+02 7.277433e+01 2.497154e+01
      vertex   2.080000e+02 0.000000e+00 6.828427e+00
      vertex   2.080000e+02 7.261436e+01 2.520000e+01
    endloop
  endfacet
  facet normal -1.000000e+00 1.059852e-13 -4.003462e-13
    outer loop
      vertex   2.080000e+02 7.261436e+01 2.520000e+01
      vertex   2.080000e+02 0.000000e+00 6.828427e+00
      vertex   2.080000e+02 7.249649e+01 2.545277e+01
    endloop
  endfacet
  facet normal -1.000000e+00 1.043659e-13 -3.940430e-13
    outer loop
      vertex   2.080000e+02 7.249649e+01 2.545277e+01
      vertex   2.080000e+02 0.000000e+00 6.828427e+00
      vertex   2.080000e+02 7.242431e+01 2.572216e+01
    endloop
  endfacet
  facet normal -1.000000e+00 -1.336043e-13 5.181550e-13
    outer loop
      vertex   2.080000e+02 7.242431e+01 2.572216e+01
      vertex   2.080000e+02 0.000000e+00 6.828427e+00
      vertex   2.080000e+02 0.000000e+00 4.286603e+01
    endloop
  endfacet
  facet normal -1.000000e+00 -3.605866e-13 -4.407325e-13
    outer loop
      vertex   2.080000e+02 7.242431e+01 2.572216e+01
      vertex   2.080000e+02 0.000000e+00 4.286603e+01
      vertex   2.080000e+02 7.240000e+01 2.600000e+01
    endloop
  endfacet
  facet normal -1.000000e+00 -3.228274e-13 -2.786452e-13
    outer loop
      vertex   2.080000e+02 7.240000e+01 2.600000e+01
      vertex   2.080000e+02 0.000000e+00 4.286603e+01
      vertex   2.080000e+02 7.242431e+01 2.627784e+01
    endloop
  endfacet
  facet normal -1.000000e+00 -3.350979e-13 -3.322185e-13
    outer loop
      vertex   2.080000e+02 7.242431e+01 2.627784e+01
      vertex   2.080000e+02 0.000000e+00 4.286603e+01
      vertex   2.080000e+02 7.249649e+01 2.654723e+01
    endloop
  endfacet
  facet normal -1.000000e+00 -3.272122e-13 -2.971864e-13
    outer loop
      vertex   2.080000e+02 7.249649e+01 2.654723e+01
      vertex   2.080000e+02 0.000000e+00 4.286603e+01
      vertex   2.080000e+02 7.261436e+01 2.680000e+01
    endloop
  endfacet
  facet normal -1.000000e+00 -2.740524e-13 -5.691750e-14
    outer loop
      vertex   2.080000e+02 7.261436e+01 2.680000e+01
      vertex   2.080000e+02 0.000000e+00 4.286603e+01
      vertex   2.080000e+02 7.277433e+01 2.702846e+01
    endloop
  endfacet
  facet normal -1.000000e+00 -2.921729e-13 -1.401821e-13
    outer loop
      vertex   2.080000e+02 7.277433e+01 2.702846e+01
      vertex   2.080000e+02 0.000000e+00 4.286603e+01
      vertex   2.080000e+02 7.297154e+01 2.722567e+01
    endloop
  endfacet
  facet normal -1.000000e+00 1.098001e-13 -3.776976e-13
    outer loop
      vertex   2.080000e+02 7.345277e+01 2.449649e+01
      vertex   2.080000e+02 7.372216e+01 2.442431e+01
      vertex   2.080000e+02 7.500000e+00 6.828427e+00
    endloop
  endfacet
  facet normal -1.000000e+00 2.338850e-15 2.673318e-14
    outer loop
      vertex   2.080000e+02 7.500000e+00 6.828427e+00
      vertex   2.080000e+02 7.372216e+01 2.442431e+01
      vertex   2.080000e+02 7.400000e+01 2.440000e+01
    endloop
  endfacet
  facet normal -1.000000e+00 -1.059852e-13 -4.003462e-13
    outer loop
      vertex   2.080000e+02 1.073856e+02 2.520000e+01
      vertex   2.080000e+02 1.075035e+02 2.545277e+01
      vertex   2.080000e+02 1.800000e+02 6.828427e+00
    endloop
  endfacet
  facet normal -1.000000e+00 -1.043659e-13 -3.940430e-13
    outer loop
      vertex   2.080000e+02 1.800000e+02 6.828427e+00
      vertex   2.080000e+02 1.075035e+02 2.545277e+01
      vertex   2.080000e+02 1.075757e+02 2.572216e+01
    endloop
  endfacet
  facet normal -1.000000e+00 3.350979e-13 -3.322185e-13
    outer loop
      vertex   2.080000e+02 1.075757e+02 2.627784e+01
      vertex   2.080000e+02 1.075035e+02 2.654723e+01
      vertex   2.080000e+02 1.800000e+02 4.286603e+01
    endloop
  endfacet
  facet normal -1.000000e+00 3.272122e-13 -2.971864e-13
    outer loop
      vertex   2.080000e+02 1.800000e+02 4.286603e+01
      vertex   2.080000e+02 1.075035e+02 2.654723e+01
      vertex   2.080000e+02 1.073856e+02 2.680000e+01
    endloop
  endfacet
  facet normal -1.000000e+00 2.740524e-13 -5.691750e-14
    outer loop
      vertex   2.080000e+02 1.800000e+02 4.286603e+01
      vertex   2.080000e+02 1.073856e+02 2.680000e+01
      vertex   2.080000e+02 1.072257e+02 2.702846e+01
    endloop
  endfacet
  facet normal -1.000000e+00 2.921729e-13 -1.401821e-13
    outer loop
      vertex   2.080000e+02 1.072257e+02 2.702846e+01
      vertex   2.080000e+02 1.070285e+02 2.722567e+01
      vertex   2.080000e+02 1.800000e+02 4.286603e+01
    endloop
  endfacet
  facet normal 7.071068e-01 -1.239745e-13 7.071068e-01
    outer loop
      vertex   6.828427e+00 1.800000e+02 2.000000e+00
      vertex   2.000000e+00 1.800000e+02 6.828427e+00
      vertex   6.828427e+00 1.775000e+02 2.000000e+00
    endloop
  endfacet
  facet normal 7.071068e-01 -1.236192e-13 7.071068e-01
    outer loop
      vertex   6.828427e+00 1.775000e+02 2.000000e+00
      vertex   2.000000e+00 1.800000e+02 6.828427e+00
      vertex   2.000000e+00 1.775000e+02 6.828427e+00
    endloop
  endfacet
  facet normal 0.000000e+00 1.000000e+00 0.000000e+00
    outer loop
      vertex   4.981144e+00 1.775000e+02 7.355979e+00
      vertex   4.950000e+00 1.775000e+02 7.000000e+00
      vertex   2.000000e+00 1.775000e+02 6.828427e+00
    endloop
  endfacet
  facet normal -0.000000e+00 1.000000e+00 0.000000e+00
    outer loop
      vertex   2.000000e+00 1.775000e+02 6.828427e+00
      vertex   4.950000e+00 1.775000e+02 7.000000e+00
      vertex   4.981144e+00 1.775000e+02 6.644021e+00
    endloop
  endfacet
  facet normal 0.000000e+00 1.000000e+00 0.000000e+00
    outer loop
      vertex   2.000000e+00 1.775000e+02 6.828427e+00
      vertex   4.981144e+00 1.775000e+02 6.644021e+00
      vertex   5.073630e+00 1.775000e+02 6.298859e+00
    endloop
  endfacet
  facet normal 0.000000e+00 1.000000e+00 0.000000e+00
    outer loop
      vertex   5.073630e+00 1.775000e+02 6.298859e+00
      vertex   5.224648e+00 1.775000e+02 5.975000e+00
      vertex   2.000000e+00 1.775000e+02 6.828427e+00
    endloop
  endfacet
  facet normal 0.000000e+00 1.000000e+00 0.000000e+00
    outer loop
      vertex   2.000000e+00 1.775000e+02 6.828427e+00
      vertex   5.224648e+00 1.775000e+02 5.975000e+00
      vertex   5.429609e+00 1.775000e+02 5.682285e+00
    endloop
  endfacet
  facet normal 0.000000e+00 1.000000e+00 0.000000e+00
    outer loop
      vertex   2.000000e+00 1.775000e+02 6.828427e+00
      vertex   5.429609e+00 1.775000e+02 5.682285e+00
      vertex   5.682285e+00 1.775000e+02 5.429609e+00
    endloop
  endfacet
  facet normal 0.000000e+00 1.000000e+00 0.000000e+00
    outer loop
      vertex   2.000000e+00 1.775000e+02 6.828427e+00
      vertex   5.682285e+00 1.775000e+02 5.429609e+00
      vertex   6.828427e+00 1.775000e+02 2.000000e+00
    endloop
  endfacet
  facet normal 0.000000e+00 1.000000e+00 0.000000e+00
    outer loop
      vertex   6.828427e+00 1.775000e+02 2.000000e+00
      vertex   5.682285e+00 1.775000e+02 5.429609e+00
      vertex   5.975000e+00 1.775000e+02 5.224648e+00
    endloop
  endfacet
  facet normal 0.000000e+00 1.000000e+00 0.000000e+00
    outer loop
      vertex   6.828427e+00 1.775000e+02 2.000000e+00
      vertex   5.975000e+00 1.775000e+02 5.224648e+00
      vertex   6.298859e+00 1.775000e+02 5.073630e+00
    endloop
  endfacet
  facet normal 0.000000e+00 1.000000e+00 0.000000e+00
    outer loop
      vertex   6.298859e+00 1.775000e+02 5.073630e+00
      vertex   6.644021e+00 1.775000e+02 4.981144e+00
      vertex   6.828427e+00 1.775000e+02 2.000000e+00
    endloop
  endfacet
  facet normal 0.000000e+00 1.000000e+00 -0.000000e+00
    outer loop
      vertex   6.828427e+00 1.775000e+02 2.000000e+00
      vertex   6.644021e+00 1.775000e+02 4.981144e+00
      vertex   7.000000e+00 1.775000e+02 4.950000e+00
    endloop
  endfacet
  facet normal 0.000000e+00 1.000000e+00 0.000000e+00
    outer loop
      vertex   6.828427e+00 1.775000e+02 2.000000e+00
      vertex   7.000000e+00 1.775000e+02 4.950000e+00
      vertex   7.355979e+00 1.775000e+02 4.981144e+00
    endloop
  endfacet
  facet normal 0.000000e+00 1.000000e+00 0.000000e+00
    outer loop
      vertex   6.828427e+00 1.775000e+02 2.000000e+00
      vertex   7.355979e+00 1.775000e+02 4.981144e+00
      vertex   9.291417e+00 1.775000e+02 3.721371e+00
    endloop
  endfacet
  facet normal 0.000000e+00 1.000000e+00 0.000000e+00
    outer loop
      vertex   9.291417e+00 1.775000e+02 3.721371e+00
      vertex   7.355979e+00 1.775000e+02 4.981144e+00
      vertex   7.701141e+00 1.775000e+02 5.073630e+00
    endloop
  endfacet
  facet normal 0.000000e+00 1.000000e+00 0.000000e+00
    outer loop
      vertex   9.291417e+00 1.775000e+02 3.721371e+00
      vertex   7.701141e+00 1.775000e+02 5.073630e+00
      vertex   8.025000e+00 1.775000e+02 5.224648e+00
    endloop
  endfacet
  facet normal -0.000000e+00 1.000000e+00 0.000000e+00
    outer loop
      vertex   8.025000e+00 1.775000e+02 5.224648e+00
      vertex   8.317715e+00 1.775000e+02 5.429609e+00
      vertex   9.291417e+00 1.775000e+02 3.721371e+00
    endloop
  endfacet
  facet normal 0.000000e+00 1.000000e+00 -0.000000e+00
    outer loop
      vertex   9.291417e+00 1.775000e+02 3.721371e+00
      vertex   8.317715e+00 1.775000e+02 5.429609e+00
      vertex   9.802547e+00 1.775000e+02 4.145928e+00
    endloop
  endfacet
  facet normal 0.000000e+00 1.000000e+00 0.000000e+00
    outer loop
      vertex   9.802547e+00 1.775000e+02 4.145928e+00
      vertex   8.317715e+00 1.775000e+02 5.429609e+00
      vertex   8.570391e+00 1.775000e+02 5.682285e+00
    endloop
  endfacet
  facet normal 0.000000e+00 1.000000e+00 -0.000000e+00
    outer loop
      vertex   9.802547e+00 1.775000e+02 4.145928e+00
      vertex   8.570391e+00 1.775000e+02 5.682285e+00
      vertex   1.023634e+01 1.775000e+02 4.649240e+00
    endloop
  endfacet
  facet normal 0.000000e+00 1.000000e+00 0.000000e+00
    outer loop
      vertex   1.023634e+01 1.775000e+02 4.649240e+00
      vertex   8.570391e+00 1.775000e+02 5.682285e+00
      vertex   8.775352e+00 1.775000e+02 5.975000e+00
    endloop
  endfacet
  facet normal 0.000000e+00 1.000000e+00 -0.000000e+00
    outer loop
      vertex   1.023634e+01 1.775000e+02 4.649240e+00
      vertex   8.775352e+00 1.775000e+02 5.975000e+00
      vertex   1.058084e+01 1.775000e+02 5.217418e+00
    endloop
  endfacet
  facet normal 0.000000e+00 1.000000e+00 0.000000e+00
    outer loop
      vertex   1.058084e+01 1.775000e+02 5.217418e+00
      vertex   8.775352e+00 1.775000e+02 5.975000e+00
      vertex   8.926370e+00 1.775000e+02 6.298859e+00
    endloop
  endfacet
  facet normal 0.000000e+00 1.000000e+00 -0.000000e+00
    outer loop
      vertex   1.058084e+01 1.775000e+02 5.217418e+00
      vertex   8.926370e+00 1.775000e+02 6.298859e+00
      vertex   1.082652e+01 1.775000e+02 5.834785e+00
    endloop
  endfacet
  facet normal 0.000000e+00 1.000000e+00 0.000000e+00
    outer loop
      vertex   1.082652e+01 1.775000e+02 5.834785e+00
      vertex   8.926370e+00 1.775000e+02 6.298859e+00
      vertex   9.018856e+00 1.775000e+02 6.644021e+00
    endloop
  endfacet
  facet normal 0.000000e+00 1.000000e+00 -0.000000e+00
    outer loop
      vertex   1.082652e+01 1.775000e+02 5.834785e+00
      vertex   9.018856e+00 1.775000e+02 6.644021e+00
      vertex   1.096662e+01 1.775000e+02 6.484305e+00
    endloop
  endfacet
  facet normal 0.000000e+00 1.000000e+00 0.000000e+00
    outer loop
      vertex   1.096662e+01 1.775000e+02 6.484305e+00
      vertex   9.018856e+00 1.775000e+02 6.644021e+00
      vertex   9.050000e+00 1.775000e+02 7.000000e+00
    endloop
  endfacet
  facet normal 0.000000e+00 1.000000e+00 -0.000000e+00
    outer loop
      vertex   1.096662e+01 1.775000e+02 6.484305e+00
      vertex   9.050000e+00 1.775000e+02 7.000000e+00
      vertex   1.099726e+01 1.775000e+02 7.148055e+00
    endloop
  endfacet
  facet normal 0.000000e+00 1.000000e+00 0.000000e+00
    outer loop
      vertex   1.099726e+01 1.775000e+02 7.148055e+00
      vertex   9.050000e+00 1.775000e+02 7.000000e+00
      vertex   9.018856e+00 1.775000e+02 7.355979e+00
    endloop
  endfacet
  facet normal 0.000000e+00 1.000000e+00 0.000000e+00
    outer loop
      vertex   1.099726e+01 1.775000e+02 7.148055e+00
      vertex   9.018856e+00 1.775000e+02 7.355979e+00
      vertex   1.091760e+01 1.775000e+02 7.807719e+00
    endloop
  endfacet
  facet normal 0.000000e+00 1.000000e+00 0.000000e+00
    outer loop
      vertex   1.091760e+01 1.775000e+02 7.807719e+00
      vertex   9.018856e+00 1.775000e+02 7.355979e+00
      vertex   8.926370e+00 1.775000e+02 7.701141e+00
    endloop
  endfacet
  facet normal 0.000000e+00 1.000000e+00 0.000000e+00
    outer loop
      vertex   1.091760e+01 1.775000e+02 7.807719e+00
      vertex   8.926370e+00 1.775000e+02 7.701141e+00
      vertex   1.072984e+01 1.775000e+02 8.445096e+00
    endloop
  endfacet
  facet normal 0.000000e+00 1.000000e+00 0.000000e+00
    outer loop
      vertex   1.072984e+01 1.775000e+02 8.445096e+00
      vertex   8.926370e+00 1.775000e+02 7.701141e+00
      vertex   8.775352e+00 1.775000e+02 8.025000e+00
    endloop
  endfacet
  facet normal 0.000000e+00 1.000000e+00 0.000000e+00
    outer loop
      vertex   1.072984e+01 1.775000e+02 8.445096e+00
      vertex   8.775352e+00 1.775000e+02 8.025000e+00
      vertex   1.043916e+01 1.775000e+02 9.042596e+00
    endloop
  endfacet
  facet normal 0.000000e+00 1.000000e+00 0.000000e+00
    outer loop
      vertex   1.043916e+01 1.775000e+02 9.042596e+00
      vertex   8.775352e+00 1.775000e+02 8.025000e+00
      vertex   8.570391e+00 1.775000e+02 8.317715e+00
    endloop
  endfacet
  facet normal 0.000000e+00 1.000000e+00 0.000000e+00
    outer loop
      vertex   1.043916e+01 1.775000e+02 9.042596e+00
      vertex   8.570391e+00 1.775000e+02 8.317715e+00
      vertex   1.005358e+01 1.775000e+02 9.583733e+00
    endloop
  endfacet
  facet normal 0.000000e+00 1.000000e+00 0.000000e+00
    outer loop
      vertex   1.005358e+01 1.775000e+02 9.583733e+00
      vertex   8.570391e+00 1.775000e+02 8.317715e+00
      vertex   8.317715e+00 1.775000e+02 8.570391e+00
    endloop
  endfacet
  facet normal 0.000000e+00 1.000000e+00 0.000000e+00
    outer loop
      vertex   1.005358e+01 1.775000e+02 9.583733e+00
      vertex   8.317715e+00 1.775000e+02 8.570391e+00
      vertex   9.583733e+00 1.775000e+02 1.005358e+01
    endloop
  endfacet
  facet normal 0.000000e+00 1.000000e+00 0.000000e+00
    outer loop
      vertex   9.583733e+00 1.775000e+02 1.005358e+01
      vertex   8.317715e+00 1.775000e+02 8.570391e+00
      vertex   9.042596e+00 1.775000e+02 1.043916e+01
    endloop
  endfacet
  facet normal 0.000000e+00 1.000000e+00 0.000000e+00
    outer loop
      vertex   9.042596e+00 1.775000e+02 1.043916e+01
      vertex   8.317715e+00 1.775000e+02 8.570391e+00
      vertex   8.025000e+00 1.775000e+02 8.775352e+00
    endloop
  endfacet
  facet normal 0.000000e+00 1.000000e+00 0.000000e+00
    outer loop
      vertex   9.042596e+00 1.775000e+02 1.043916e+01
      vertex   8.025000e+00 1.775000e+02 8.775352e+00
      vertex   8.445096e+00 1.775000e+02 1.072984e+01
    endloop
  endfacet
  facet normal 0.000000e+00 1.000000e+00 0.000000e+00
    outer loop
      vertex   8.445096e+00 1.775000e+02 1.072984e+01
      vertex   8.025000e+00 1.775000e+02 8.775352e+00
      vertex   7.701141e+00 1.775000e+02 8.926370e+00
    endloop
  endfacet
  facet normal 0.000000e+00 1.000000e+00 0.000000e+00
    outer loop
      vertex   8.445096e+00 1.775000e+02 1.072984e+01
      vertex   7.701141e+00 1.775000e+02 8.926370e+00
      vertex   7.807719e+00 1.775000e+02 1.091760e+01
    endloop
  endfacet
  facet normal 0.000000e+00 1.000000e+00 0.000000e+00
    outer loop
      vertex   7.807719e+00 1.775000e+02 1.091760e+01
      vertex   7.701141e+00 1.775000e+02 8.926370e+00
      vertex   7.355979e+00 1.775000e+02 9.018856e+00
    endloop
  endfacet
  facet normal 0.000000e+00 1.000000e+00 0.000000e+00
    outer loop
      vertex   7.807719e+00 1.775000e+02 1.091760e+01
      vertex   7.355979e+00 1.775000e+02 9.018856e+00
      vertex   7.148055e+00 1.775000e+02 1.099726e+01
    endloop
  endfacet
  facet normal 0.000000e+00 1.000000e+00 0.000000e+00
    outer loop
      vertex   7.148055e+00 1.775000e+02 1.099726e+01
      vertex   7.355979e+00 1.775000e+02 9.018856e+00
      vertex   7.000000e+00 1.775000e+02 9.050000e+00
    endloop
  endfacet
  facet normal 0.000000e+00 1.000000e+00 0.000000e+00
    outer loop
      vertex   7.148055e+00 1.775000e+02 1.099726e+01
      vertex   7.000000e+00 1.775000e+02 9.050000e+00
      vertex   6.484305e+00 1.775000e+02 1.096662e+01
    endloop
  endfacet
  facet normal 0.000000e+00 1.000000e+00 0.000000e+00
    outer loop
      vertex   6.484305e+00 1.775000e+02 1.096662e+01
      vertex   7.000000e+00 1.775000e+02 9.050000e+00
      vertex   6.644021e+00 1.775000e+02 9.018856e+00
    endloop
  endfacet
  facet normal 0.000000e+00 1.000000e+00 0.000000e+00
    outer loop
      vertex   6.484305e+00 1.775000e+02 1.096662e+01
      vertex   6.644021e+00 1.775000e+02 9.018856e+00
      vertex   5.834785e+00 1.775000e+02 1.082652e+01
    endloop
  endfacet
  facet normal 0.000000e+00 1.000000e+00 0.000000e+00
    outer loop
      vertex   5.834785e+00 1.775000e+02 1.082652e+01
      vertex   6.644021e+00 1.775000e+02 9.018856e+00
      vertex   6.298859e+00 1.775000e+02 8.926370e+00
    endloop
  endfacet
  facet normal 0.000000e+00 1.000000e+00 0.000000e+00
    outer loop
      vertex   5.834785e+00 1.775000e+02 1.082652e+01
      vertex   6.298859e+00 1.775000e+02 8.926370e+00
      vertex   5.217418e+00 1.775000e+02 1.058084e+01
    endloop
  endfacet
  facet normal 0.000000e+00 1.000000e+00 0.000000e+00
    outer loop
      vertex   5.217418e+00 1.775000e+02 1.058084e+01
      vertex   6.298859e+00 1.775000e+02 8.926370e+00
      vertex   5.975000e+00 1.775000e+02 8.775352e+00
    endloop
  endfacet
  facet normal 0.000000e+00 1.000000e+00 0.000000e+00
    outer loop
      vertex   5.217418e+00 1.775000e+02 1.058084e+01
      vertex   5.975000e+00 1.775000e+02 8.775352e+00
      vertex   4.649240e+00 1.775000e+02 1.023634e+01
    endloop
  endfacet
  facet normal 0.000000e+00 1.000000e+00 0.000000e+00
    outer loop
      vertex   4.649240e+00 1.775000e+02 1.023634e+01
      vertex   5.975000e+00 1.775000e+02 8.775352e+00
      vertex   5.682285e+00 1.775000e+02 8.570391e+00
    endloop
  endfacet
  facet normal 0.000000e+00 1.000000e+00 0.000000e+00
    outer loop
      vertex   4.649240e+00 1.775000e+02 1.023634e+01
      vertex   5.682285e+00 1.775000e+02 8.570391e+00
      vertex   4.145928e+00 1.775000e+02 9.802547e+00
    endloop
  endfacet
  facet normal 0.000000e+00 1.000000e+00 0.000000e+00
    outer loop
      vertex   4.145928e+00 1.775000e+02 9.802547e+00
      vertex   5.682285e+00 1.775000e+02 8.570391e+00
      vertex   5.429609e+00 1.775000e+02 8.317715e+00
    endloop
  endfacet
  facet normal 0.000000e+00 1.000000e+00 0.000000e+00
    outer loop
      vertex   4.145928e+00 1.775000e+02 9.802547e+00
      vertex   5.429609e+00 1.775000e+02 8.317715e+00
      vertex   3.721371e+00 1.775000e+02 9.291417e+00
    endloop
  endfacet
  facet normal 0.000000e+00 1.000000e+00 0.000000e+00
    outer loop
      vertex   3.721371e+00 1.775000e+02 9.291417e+00
      vertex   5.429609e+00 1.775000e+02 8.317715e+00
      vertex   5.224648e+00 1.775000e+02 8.025000e+00
    endloop
  endfacet
  facet normal 0.000000e+00 1.000000e+00 0.000000e+00
    outer loop
      vertex   3.721371e+00 1.775000e+02 9.291417e+00
      vertex   5.224648e+00 1.775000e+02 8.025000e+00
      vertex   5.073630e+00 1.775000e+02 7.701141e+00
    endloop
  endfacet
  facet normal 0.000000e+00 1.000000e+00 0.000000e+00
    outer loop
      vertex   5.073630e+00 1.775000e+02 7.701141e+00
      vertex   4.981144e+00 1.775000e+02 7.355979e+00
      vertex   3.721371e+00 1.775000e+02 9.291417e+00
    endloop
  endfacet
  facet normal 0.000000e+00 1.000000e+00 0.000000e+00
    outer loop
      vertex   3.721371e+00 1.775000e+02 9.291417e+00
      vertex   4.981144e+00 1.775000e+02 7.355979e+00
      vertex   2.000000e+00 1.775000e+02 6.828427e+00
    endloop
  endfacet
  facet normal 0.000000e+00 1.000000e+00 0.000000e+00
    outer loop
      vertex   1.029811e+02 1.775000e+02 5.894021e+00
      vertex   1.010000e+02 1.775000e+02 6.250000e+00
      vertex   1.029500e+02 1.775000e+02 6.250000e+00
    endloop
  endfacet
  facet normal 0.000000e+00 1.000000e+00 0.000000e+00
    outer loop
      vertex   1.029500e+02 1.775000e+02 6.250000e+00
      vertex   1.010000e+02 1.775000e+02 6.250000e+00
      vertex   1.010546e+02 1.775000e+02 6.908378e+00
    endloop
  endfacet
  facet normal 0.000000e+00 1.000000e+00 -0.000000e+00
    outer loop
      vertex   1.029500e+02 1.775000e+02 6.250000e+00
      vertex   1.010546e+02 1.775000e+02 6.908378e+00
      vertex   1.029811e+02 1.775000e+02 6.605979e+00
    endloop
  endfacet
  facet normal 0.000000e+00 1.000000e+00 0.000000e+00
    outer loop
      vertex   1.029811e+02 1.775000e+02 6.605979e+00
      vertex   1.010546e+02 1.775000e+02 6.908378e+00
      vertex   1.012167e+02 1.775000e+02 7.548798e+00
    endloop
  endfacet
  facet normal 0.000000e+00 1.000000e+00 -0.000000e+00
    outer loop
      vertex   1.029811e+02 1.775000e+02 6.605979e+00
      vertex   1.012167e+02 1.775000e+02 7.548798e+00
      vertex   1.030736e+02 1.775000e+02 6.951141e+00
    endloop
  endfacet
  facet normal 0.000000e+00 1.000000e+00 0.000000e+00
    outer loop
      vertex   1.030736e+02 1.775000e+02 6.951141e+00
      vertex   1.012167e+02 1.775000e+02 7.548798e+00
      vertex   1.014821e+02 1.775000e+02 8.153790e+00
    endloop
  endfacet
  facet normal 0.000000e+00 1.000000e+00 -0.000000e+00
    outer loop
      vertex   1.030736e+02 1.775000e+02 6.951141e+00
      vertex   1.014821e+02 1.775000e+02 8.153790e+00
      vertex   1.032246e+02 1.775000e+02 7.275000e+00
    endloop
  endfacet
  facet normal 0.000000e+00 1.000000e+00 0.000000e+00
    outer loop
      vertex   1.032246e+02 1.775000e+02 7.275000e+00
      vertex   1.014821e+02 1.775000e+02 8.153790e+00
      vertex   1.018434e+02 1.775000e+02 8.706851e+00
    endloop
  endfacet
  facet normal 0.000000e+00 1.000000e+00 -0.000000e+00
    outer loop
      vertex   1.032246e+02 1.775000e+02 7.275000e+00
      vertex   1.018434e+02 1.775000e+02 8.706851e+00
      vertex   1.034296e+02 1.775000e+02 7.567715e+00
    endloop
  endfacet
  facet normal 0.000000e+00 1.000000e+00 0.000000e+00
    outer loop
      vertex   1.034296e+02 1.775000e+02 7.567715e+00
      vertex   1.018434e+02 1.775000e+02 8.706851e+00
      vertex   1.022909e+02 1.775000e+02 9.192896e+00
    endloop
  endfacet
  facet normal 0.000000e+00 1.000000e+00 -0.000000e+00
    outer loop
      vertex   1.034296e+02 1.775000e+02 7.567715e+00
      vertex   1.022909e+02 1.775000e+02 9.192896e+00
      vertex   1.036823e+02 1.775000e+02 7.820391e+00
    endloop
  endfacet
  facet normal 0.000000e+00 1.000000e+00 0.000000e+00
    outer loop
      vertex   1.036823e+02 1.775000e+02 7.820391e+00
      vertex   1.022909e+02 1.775000e+02 9.192896e+00
      vertex   1.028122e+02 1.775000e+02 9.598666e+00
    endloop
  endfacet
  facet normal 0.000000e+00 1.000000e+00 -0.000000e+00
    outer loop
      vertex   1.036823e+02 1.775000e+02 7.820391e+00
      vertex   1.028122e+02 1.775000e+02 9.598666e+00
      vertex   1.039750e+02 1.775000e+02 8.025352e+00
    endloop
  endfacet
  facet normal 0.000000e+00 1.000000e+00 0.000000e+00
    outer loop
      vertex   1.039750e+02 1.775000e+02 8.025352e+00
      vertex   1.028122e+02 1.775000e+02 9.598666e+00
      vertex   1.033932e+02 1.775000e+02 9.913093e+00
    endloop
  endfacet
  facet normal 0.000000e+00 1.000000e+00 -0.000000e+00
    outer loop
      vertex   1.039750e+02 1.775000e+02 8.025352e+00
      vertex   1.033932e+02 1.775000e+02 9.913093e+00
      vertex   1.042989e+02 1.775000e+02 8.176370e+00
    endloop
  endfacet
  facet normal 0.000000e+00 1.000000e+00 0.000000e+00
    outer loop
      vertex   1.042989e+02 1.775000e+02 8.176370e+00
      vertex   1.033932e+02 1.775000e+02 9.913093e+00
      vertex   1.040181e+02 1.775000e+02 1.012760e+01
    endloop
  endfacet
  facet normal 0.000000e+00 1.000000e+00 -0.000000e+00
    outer loop
      vertex   1.042989e+02 1.775000e+02 8.176370e+00
      vertex   1.040181e+02 1.775000e+02 1.012760e+01
      vertex   1.046440e+02 1.775000e+02 8.268856e+00
    endloop
  endfacet
  facet normal 0.000000e+00 1.000000e+00 -0.000000e+00
    outer loop
      vertex   1.046440e+02 1.775000e+02 8.268856e+00
      vertex   1.040181e+02 1.775000e+02 1.012760e+01
      vertex   1.046697e+02 1.775000e+02 1.023634e+01
    endloop
  endfacet
  facet normal 0.000000e+00 1.000000e+00 0.000000e+00
    outer loop
      vertex   1.046440e+02 1.775000e+02 8.268856e+00
      vertex   1.046697e+02 1.775000e+02 1.023634e+01
      vertex   1.050000e+02 1.775000e+02 8.300000e+00
    endloop
  endfacet
  facet normal 0.000000e+00 1.000000e+00 -0.000000e+00
    outer loop
      vertex   1.050000e+02 1.775000e+02 8.300000e+00
      vertex   1.046697e+02 1.775000e+02 1.023634e+01
      vertex   1.053303e+02 1.775000e+02 1.023634e+01
    endloop
  endfacet
  facet normal -0.000000e+00 1.000000e+00 0.000000e+00
    outer loop
      vertex   1.050000e+02 1.775000e+02 8.300000e+00
      vertex   1.053303e+02 1.775000e+02 1.023634e+01
      vertex   1.053560e+02 1.775000e+02 8.268856e+00
    endloop
  endfacet
  facet normal 0.000000e+00 1.000000e+00 -0.000000e+00
    outer loop
      vertex   1.053560e+02 1.775000e+02 8.268856e+00
      vertex   1.053303e+02 1.775000e+02 1.023634e+01
      vertex   1.059819e+02 1.775000e+02 1.012760e+01
    endloop
  endfacet
  facet normal -0.000000e+00 1.000000e+00 0.000000e+00
    outer loop
      vertex   1.053560e+02 1.775000e+02 8.268856e+00
      vertex   1.059819e+02 1.775000e+02 1.012760e+01
      vertex   1.057011e+02 1.775000e+02 8.176370e+00
    endloop
  endfacet
  facet normal 0.000000e+00 1.000000e+00 0.000000e+00
    outer loop
      vertex   1.057011e+02 1.775000e+02 8.176370e+00
      vertex   1.059819e+02 1.775000e+02 1.012760e+01
      vertex   1.066068e+02 1.775000e+02 9.913093e+00
    endloop
  endfacet
  facet normal -0.000000e+00 1.000000e+00 0.000000e+00
    outer loop
      vertex   1.057011e+02 1.775000e+02 8.176370e+00
      vertex   1.066068e+02 1.775000e+02 9.913093e+00
      vertex   1.060250e+02 1.775000e+02 8.025352e+00
    endloop
  endfacet
  facet normal 0.000000e+00 1.000000e+00 0.000000e+00
    outer loop
      vertex   1.060250e+02 1.775000e+02 8.025352e+00
      vertex   1.066068e+02 1.775000e+02 9.913093e+00
      vertex   1.071878e+02 1.775000e+02 9.598666e+00
    endloop
  endfacet
  facet normal -0.000000e+00 1.000000e+00 0.000000e+00
    outer loop
      vertex   1.060250e+02 1.775000e+02 8.025352e+00
      vertex   1.071878e+02 1.775000e+02 9.598666e+00
      vertex   1.063177e+02 1.775000e+02 7.820391e+00
    endloop
  endfacet
  facet normal 0.000000e+00 1.000000e+00 0.000000e+00
    outer loop
      vertex   1.063177e+02 1.775000e+02 7.820391e+00
      vertex   1.071878e+02 1.775000e+02 9.598666e+00
      vertex   1.077091e+02 1.775000e+02 9.192896e+00
    endloop
  endfacet
  facet normal -0.000000e+00 1.000000e+00 0.000000e+00
    outer loop
      vertex   1.063177e+02 1.775000e+02 7.820391e+00
      vertex   1.077091e+02 1.775000e+02 9.192896e+00
      vertex   1.065704e+02 1.775000e+02 7.567715e+00
    endloop
  endfacet
  facet normal 0.000000e+00 1.000000e+00 0.000000e+00
    outer loop
      vertex   1.065704e+02 1.775000e+02 7.567715e+00
      vertex   1.077091e+02 1.775000e+02 9.192896e+00
      vertex   1.081566e+02 1.775000e+02 8.706851e+00
    endloop
  endfacet
  facet normal -0.000000e+00 1.000000e+00 0.000000e+00
    outer loop
      vertex   1.065704e+02 1.775000e+02 7.567715e+00
      vertex   1.081566e+02 1.775000e+02 8.706851e+00
      vertex   1.067754e+02 1.775000e+02 7.275000e+00
    endloop
  endfacet
  facet normal 0.000000e+00 1.000000e+00 0.000000e+00
    outer loop
      vertex   1.067754e+02 1.775000e+02 7.275000e+00
      vertex   1.081566e+02 1.775000e+02 8.706851e+00
      vertex   1.085179e+02 1.775000e+02 8.153790e+00
    endloop
  endfacet
  facet normal -0.000000e+00 1.000000e+00 0.000000e+00
    outer loop
      vertex   1.067754e+02 1.775000e+02 7.275000e+00
      vertex   1.085179e+02 1.775000e+02 8.153790e+00
      vertex   1.069264e+02 1.775000e+02 6.951141e+00
    endloop
  endfacet
  facet normal 0.000000e+00 1.000000e+00 0.000000e+00
    outer loop
      vertex   1.069264e+02 1.775000e+02 6.951141e+00
      vertex   1.085179e+02 1.775000e+02 8.153790e+00
      vertex   1.087833e+02 1.775000e+02 7.548798e+00
    endloop
  endfacet
  facet normal -0.000000e+00 1.000000e+00 0.000000e+00
    outer loop
      vertex   1.069264e+02 1.775000e+02 6.951141e+00
      vertex   1.087833e+02 1.775000e+02 7.548798e+00
      vertex   1.070189e+02 1.775000e+02 6.605979e+00
    endloop
  endfacet
  facet normal 0.000000e+00 1.000000e+00 0.000000e+00
    outer loop
      vertex   1.070189e+02 1.775000e+02 6.605979e+00
      vertex   1.087833e+02 1.775000e+02 7.548798e+00
      vertex   1.089454e+02 1.775000e+02 6.908378e+00
    endloop
  endfacet
  facet normal -0.000000e+00 1.000000e+00 0.000000e+00
    outer loop
      vertex   1.070189e+02 1.775000e+02 6.605979e+00
      vertex   1.089454e+02 1.775000e+02 6.908378e+00
      vertex   1.070500e+02 1.775000e+02 6.250000e+00
    endloop
  endfacet
  facet normal -0.000000e+00 1.000000e+00 0.000000e+00
    outer loop
      vertex   1.070500e+02 1.775000e+02 6.250000e+00
      vertex   1.089454e+02 1.775000e+02 6.908378e+00
      vertex   1.090000e+02 1.775000e+02 6.250000e+00
    endloop
  endfacet
  facet normal 0.000000e+00 1.000000e+00 0.000000e+00
    outer loop
      vertex   1.070500e+02 1.775000e+02 6.250000e+00
      vertex   1.090000e+02 1.775000e+02 6.250000e+00
      vertex   1.070189e+02 1.775000e+02 5.894021e+00
    endloop
  endfacet
  facet normal -0.000000e+00 1.000000e+00 0.000000e+00
    outer loop
      vertex   1.070189e+02 1.775000e+02 5.894021e+00
      vertex   1.090000e+02 1.775000e+02 6.250000e+00
      vertex   1.069264e+02 1.775000e+02 5.548859e+00
    endloop
  endfacet
  facet normal -0.000000e+00 1.000000e+00 0.000000e+00
    outer loop
      vertex   1.069264e+02 1.775000e+02 5.548859e+00
      vertex   1.090000e+02 1.775000e+02 6.250000e+00
      vertex   1.067754e+02 1.775000e+02 5.225000e+00
    endloop
  endfacet
  facet normal -0.000000e+00 1.000000e+00 0.000000e+00
    outer loop
      vertex   1.067754e+02 1.775000e+02 5.225000e+00
      vertex   1.090000e+02 1.775000e+02 6.250000e+00
      vertex   1.090000e+02 1.775000e+02 2.000000e+00
    endloop
  endfacet
  facet normal 0.000000e+00 1.000000e+00 0.000000e+00
    outer loop
      vertex   1.067754e+02 1.775000e+02 5.225000e+00
      vertex   1.090000e+02 1.775000e+02 2.000000e+00
      vertex   1.065704e+02 1.775000e+02 4.932285e+00
    endloop
  endfacet
  facet normal 0.000000e+00 1.000000e+00 0.000000e+00
    outer loop
      vertex   1.065704e+02 1.775000e+02 4.932285e+00
      vertex   1.090000e+02 1.775000e+02 2.000000e+00
      vertex   1.063177e+02 1.775000e+02 4.679609e+00
    endloop
  endfacet
  facet normal 0.000000e+00 1.000000e+00 0.000000e+00
    outer loop
      vertex   1.063177e+02 1.775000e+02 4.679609e+00
      vertex   1.090000e+02 1.775000e+02 2.000000e+00
      vertex   1.060250e+02 1.775000e+02 4.474648e+00
    endloop
  endfacet
  facet normal 0.000000e+00 1.000000e+00 0.000000e+00
    outer loop
      vertex   1.060250e+02 1.775000e+02 4.474648e+00
      vertex   1.090000e+02 1.775000e+02 2.000000e+00
      vertex   1.057011e+02 1.775000e+02 4.323630e+00
    endloop
  endfacet
  facet normal 0.000000e+00 1.000000e+00 0.000000e+00
    outer loop
      vertex   1.057011e+02 1.775000e+02 4.323630e+00
      vertex   1.090000e+02 1.775000e+02 2.000000e+00
      vertex   1.053560e+02 1.775000e+02 4.231144e+00
    endloop
  endfacet
  facet normal 0.000000e+00 1.000000e+00 0.000000e+00
    outer loop
      vertex   1.053560e+02 1.775000e+02 4.231144e+00
      vertex   1.090000e+02 1.775000e+02 2.000000e+00
      vertex   1.050000e+02 1.775000e+02 4.200000e+00
    endloop
  endfacet
  facet normal 0.000000e+00 1.000000e+00 0.000000e+00
    outer loop
      vertex   1.050000e+02 1.775000e+02 4.200000e+00
      vertex   1.090000e+02 1.775000e+02 2.000000e+00
      vertex   1.010000e+02 1.775000e+02 2.000000e+00
    endloop
  endfacet
  facet normal 0.000000e+00 1.000000e+00 0.000000e+00
    outer loop
      vertex   1.050000e+02 1.775000e+02 4.200000e+00
      vertex   1.010000e+02 1.775000e+02 2.000000e+00
      vertex   1.046440e+02 1.775000e+02 4.231144e+00
    endloop
  endfacet
  facet normal 0.000000e+00 1.000000e+00 0.000000e+00
    outer loop
      vertex   1.046440e+02 1.775000e+02 4.231144e+00
      vertex   1.010000e+02 1.775000e+02 2.000000e+00
      vertex   1.042989e+02 1.775000e+02 4.323630e+00
    endloop
  endfacet
  facet normal 0.000000e+00 1.000000e+00 0.000000e+00
    outer loop
      vertex   1.042989e+02 1.775000e+02 4.323630e+00
      vertex   1.010000e+02 1.775000e+02 2.000000e+00
      vertex   1.039750e+02 1.775000e+02 4.474648e+00
    endloop
  endfacet
  facet normal 0.000000e+00 1.000000e+00 0.000000e+00
    outer loop
      vertex   1.039750e+02 1.775000e+02 4.474648e+00
      vertex   1.010000e+02 1.775000e+02 2.000000e+00
      vertex   1.036823e+02 1.775000e+02 4.679609e+00
    endloop
  endfacet
  facet normal 0.000000e+00 1.000000e+00 0.000000e+00
    outer loop
      vertex   1.036823e+02 1.775000e+02 4.679609e+00
      vertex   1.010000e+02 1.775000e+02 2.000000e+00
      vertex   1.034296e+02 1.775000e+02 4.932285e+00
    endloop
  endfacet
  facet normal 0.000000e+00 1.000000e+00 0.000000e+00
    outer loop
      vertex   1.034296e+02 1.775000e+02 4.932285e+00
      vertex   1.010000e+02 1.775000e+02 2.000000e+00
      vertex   1.032246e+02 1.775000e+02 5.225000e+00
    endloop
  endfacet
  facet normal 0.000000e+00 1.000000e+00 0.000000e+00
    outer loop
      vertex   1.032246e+02 1.775000e+02 5.225000e+00
      vertex   1.010000e+02 1.775000e+02 2.000000e+00
      vertex   1.010000e+02 1.775000e+02 6.250000e+00
    endloop
  endfacet
  facet normal 0.000000e+00 1.000000e+00 0.000000e+00
    outer loop
      vertex   1.032246e+02 1.775000e+02 5.225000e+00
      vertex   1.010000e+02 1.775000e+02 6.250000e+00
      vertex   1.030736e+02 1.775000e+02 5.548859e+00
    endloop
  endfacet
  facet normal 0.000000e+00 1.000000e+00 0.000000e+00
    outer loop
      vertex   1.030736e+02 1.775000e+02 5.548859e+00
      vertex   1.010000e+02 1.775000e+02 6.250000e+00
      vertex   1.029811e+02 1.775000e+02 5.894021e+00
    endloop
  endfacet
  facet normal -7.071068e-01 -1.012396e-13 7.071068e-01
    outer loop
      vertex   2.080000e+02 1.800000e+02 6.828427e+00
      vertex   2.031716e+02 1.800000e+02 2.000000e+00
      vertex   2.080000e+02 1.775000e+02 6.828427e+00
    endloop
  endfacet
  facet normal -7.071068e-01 -9.323469e-14 7.071068e-01
    outer loop
      vertex   2.080000e+02 1.775000e+02 6.828427e+00
      vertex   2.031716e+02 1.800000e+02 2.000000e+00
      vertex   2.031716e+02 1.775000e+02 2.000000e+00
    endloop
  endfacet
  facet normal -4.996445e-14 1.000000e+00 7.546970e-14
    outer loop
      vertex   2.009811e+02 1.775000e+02 6.644021e+00
      vertex   1.990334e+02 1.775000e+02 6.484305e+00
      vertex   2.009500e+02 1.775000e+02 7.000000e+00
    endloop
  endfacet
  facet normal -2.929432e-14 1.000000e+00 -1.352327e-15
    outer loop
      vertex   2.009500e+02 1.775000e+02 7.000000e+00
      vertex   1.990334e+02 1.775000e+02 6.484305e+00
      vertex   1.990027e+02 1.775000e+02 7.148055e+00
    endloop
  endfacet
  facet normal -3.502900e-14 1.000000e+00 -7.677638e-14
    outer loop
      vertex   2.009500e+02 1.775000e+02 7.000000e+00
      vertex   1.990027e+02 1.775000e+02 7.148055e+00
      vertex   2.009811e+02 1.775000e+02 7.355979e+00
    endloop
  endfacet
  facet normal -4.365195e-14 1.000000e+00 5.271277e-15
    outer loop
      vertex   2.009811e+02 1.775000e+02 7.355979e+00
      vertex   1.990027e+02 1.775000e+02 7.148055e+00
      vertex   1.990824e+02 1.775000e+02 7.807719e+00
    endloop
  endfacet
  facet normal -4.221490e-14 1.000000e+00 1.131145e-14
    outer loop
      vertex   2.009811e+02 1.775000e+02 7.355979e+00
      vertex   1.990824e+02 1.775000e+02 7.807719e+00
      vertex   2.010736e+02 1.775000e+02 7.701141e+00
    endloop
  endfacet
  facet normal -3.745631e-14 1.000000e+00 1.002175e-13
    outer loop
      vertex   2.010736e+02 1.775000e+02 7.701141e+00
      vertex   1.990824e+02 1.775000e+02 7.807719e+00
      vertex   1.992702e+02 1.775000e+02 8.445096e+00
    endloop
  endfacet
  facet normal -3.572363e-14 1.000000e+00 1.044178e-13
    outer loop
      vertex   2.010736e+02 1.775000e+02 7.701141e+00
      vertex   1.992702e+02 1.775000e+02 8.445096e+00
      vertex   2.012246e+02 1.775000e+02 8.025000e+00
    endloop
  endfacet
  facet normal -5.266054e-14 1.000000e+00 2.561917e-14
    outer loop
      vertex   2.012246e+02 1.775000e+02 8.025000e+00
      vertex   1.992702e+02 1.775000e+02 8.445096e+00
      vertex   1.995608e+02 1.775000e+02 9.042596e+00
    endloop
  endfacet
  facet normal -4.784128e-14 1.000000e+00 3.349883e-14
    outer loop
      vertex   2.012246e+02 1.775000e+02 8.025000e+00
      vertex   1.995608e+02 1.775000e+02 9.042596e+00
      vertex   2.014296e+02 1.775000e+02 8.317715e+00
    endloop
  endfacet
  facet normal -4.766199e-14 1.000000e+00 3.396106e-14
    outer loop
      vertex   2.014296e+02 1.775000e+02 8.317715e+00
      vertex   1.995608e+02 1.775000e+02 9.042596e+00
      vertex   1.999464e+02 1.775000e+02 9.583733e+00
    endloop
  endfacet
  facet normal -4.135265e-14 1.000000e+00 4.135265e-14
    outer loop
      vertex   2.014296e+02 1.775000e+02 8.317715e+00
      vertex   1.999464e+02 1.775000e+02 9.583733e+00
      vertex   2.016823e+02 1.775000e+02 8.570391e+00
    endloop
  endfacet
  facet normal -8.594680e-14 1.000000e+00 -3.503735e-14
    outer loop
      vertex   2.016823e+02 1.775000e+02 8.570391e+00
      vertex   1.999464e+02 1.775000e+02 9.583733e+00
      vertex   2.004163e+02 1.775000e+02 1.005358e+01
    endloop
  endfacet
  facet normal -1.698053e-14 1.000000e+00 2.383099e-14
    outer loop
      vertex   2.016823e+02 1.775000e+02 8.570391e+00
      vertex   2.004163e+02 1.775000e+02 1.005358e+01
      vertex   2.009574e+02 1.775000e+02 1.043916e+01
    endloop
  endfacet
  facet normal -4.654094e-14 1.000000e+00 3.371957e-14
    outer loop
      vertex   1.990334e+02 1.775000e+02 6.484305e+00
      vertex   2.009811e+02 1.775000e+02 6.644021e+00
      vertex   1.991735e+02 1.775000e+02 5.834785e+00
    endloop
  endfacet
  facet normal -2.807775e-14 1.000000e+00 -7.523409e-15
    outer loop
      vertex   1.991735e+02 1.775000e+02 5.834785e+00
      vertex   2.009811e+02 1.775000e+02 6.644021e+00
      vertex   2.010736e+02 1.775000e+02 6.298859e+00
    endloop
  endfacet
  facet normal -2.726521e-14 1.000000e+00 -1.085033e-14
    outer loop
      vertex   1.991735e+02 1.775000e+02 5.834785e+00
      vertex   2.010736e+02 1.775000e+02 6.298859e+00
      vertex   1.994192e+02 1.775000e+02 5.217418e+00
    endloop
  endfacet
  facet normal -7.029533e-14 1.000000e+00 5.498035e-14
    outer loop
      vertex   1.994192e+02 1.775000e+02 5.217418e+00
      vertex   2.010736e+02 1.775000e+02 6.298859e+00
      vertex   2.012246e+02 1.775000e+02 5.975000e+00
    endloop
  endfacet
  facet normal -5.438022e-14 1.000000e+00 1.705110e-14
    outer loop
      vertex   1.994192e+02 1.775000e+02 5.217418e+00
      vertex   2.012246e+02 1.775000e+02 5.975000e+00
      vertex   1.997637e+02 1.775000e+02 4.649240e+00
    endloop
  endfacet
  facet normal -2.379083e-14 1.000000e+00 -1.665852e-14
    outer loop
      vertex   1.997637e+02 1.775000e+02 4.649240e+00
      vertex   2.012246e+02 1.775000e+02 5.975000e+00
      vertex   2.014296e+02 1.775000e+02 5.682285e+00
    endloop
  endfacet
  facet normal -2.223642e-14 1.000000e+00 -1.916525e-14
    outer loop
      vertex   1.997637e+02 1.775000e+02 4.649240e+00
      vertex   2.014296e+02 1.775000e+02 5.682285e+00
      vertex   2.001975e+02 1.775000e+02 4.145928e+00
    endloop
  endfacet
  facet normal -2.053211e-14 1.000000e+00 -2.053211e-14
    outer loop
      vertex   2.001975e+02 1.775000e+02 4.145928e+00
      vertex   2.014296e+02 1.775000e+02 5.682285e+00
      vertex   2.016823e+02 1.775000e+02 5.429609e+00
    endloop
  endfacet
  facet normal -1.875850e-14 1.000000e+00 -2.258364e-14
    outer loop
      vertex   2.001975e+02 1.775000e+02 4.145928e+00
      vertex   2.016823e+02 1.775000e+02 5.429609e+00
      vertex   2.007086e+02 1.775000e+02 3.721371e+00
    endloop
  endfacet
  facet normal -1.665342e-14 1.000000e+00 -2.378354e-14
    outer loop
      vertex   2.007086e+02 1.775000e+02 3.721371e+00
      vertex   2.016823e+02 1.775000e+02 5.429609e+00
      vertex   2.019750e+02 1.775000e+02 5.224648e+00
    endloop
  endfacet
  facet normal -1.265943e-14 1.000000e+00 -2.714823e-14
    outer loop
      vertex   2.007086e+02 1.775000e+02 3.721371e+00
      vertex   2.019750e+02 1.775000e+02 5.224648e+00
      vertex   2.022989e+02 1.775000e+02 5.073630e+00
    endloop
  endfacet
  facet normal -8.564657e-15 1.000000e+00 -3.196374e-14
    outer loop
      vertex   2.022989e+02 1.775000e+02 5.073630e+00
      vertex   2.026440e+02 1.775000e+02 4.981144e+00
      vertex   2.007086e+02 1.775000e+02 3.721371e+00
    endloop
  endfacet
  facet normal -1.520707e-14 1.000000e+00 -2.175874e-14
    outer loop
      vertex   2.007086e+02 1.775000e+02 3.721371e+00
      vertex   2.026440e+02 1.775000e+02 4.981144e+00
      vertex   2.031716e+02 1.775000e+02 2.000000e+00
    endloop
  endfacet
  facet normal -1.694437e-15 1.000000e+00 -1.936750e-14
    outer loop
      vertex   2.031716e+02 1.775000e+02 2.000000e+00
      vertex   2.026440e+02 1.775000e+02 4.981144e+00
      vertex   2.030000e+02 1.775000e+02 4.950000e+00
    endloop
  endfacet
  facet normal 1.677281e-15 1.000000e+00 -1.917140e-14
    outer loop
      vertex   2.031716e+02 1.775000e+02 2.000000e+00
      vertex   2.030000e+02 1.775000e+02 4.950000e+00
      vertex   2.033560e+02 1.775000e+02 4.981144e+00
    endloop
  endfacet
  facet normal 5.195272e-15 1.000000e+00 -1.938902e-14
    outer loop
      vertex   2.033560e+02 1.775000e+02 4.981144e+00
      vertex   2.037011e+02 1.775000e+02 5.073630e+00
      vertex   2.031716e+02 1.775000e+02 2.000000e+00
    endloop
  endfacet
  facet normal 9.377235e-15 1.000000e+00 -2.010955e-14
    outer loop
      vertex   2.031716e+02 1.775000e+02 2.000000e+00
      vertex   2.037011e+02 1.775000e+02 5.073630e+00
      vertex   2.040250e+02 1.775000e+02 5.224648e+00
    endloop
  endfacet
  facet normal 1.515078e-14 1.000000e+00 -2.163756e-14
    outer loop
      vertex   2.031716e+02 1.775000e+02 2.000000e+00
      vertex   2.040250e+02 1.775000e+02 5.224648e+00
      vertex   2.043177e+02 1.775000e+02 5.429609e+00
    endloop
  endfacet
  facet normal 2.489347e-14 1.000000e+00 -2.489347e-14
    outer loop
      vertex   2.031716e+02 1.775000e+02 2.000000e+00
      vertex   2.043177e+02 1.775000e+02 5.429609e+00
      vertex   2.080000e+02 1.775000e+02 6.828427e+00
    endloop
  endfacet
  facet normal 2.489347e-14 1.000000e+00 -2.489347e-14
    outer loop
      vertex   2.080000e+02 1.775000e+02 6.828427e+00
      vertex   2.043177e+02 1.775000e+02 5.429609e+00
      vertex   2.045704e+02 1.775000e+02 5.682285e+00
    endloop
  endfacet
  facet normal 2.163756e-14 1.000000e+00 -1.515078e-14
    outer loop
      vertex   2.080000e+02 1.775000e+02 6.828427e+00
      vertex   2.045704e+02 1.775000e+02 5.682285e+00
      vertex   2.047754e+02 1.775000e+02 5.975000e+00
    endloop
  endfacet
  facet normal -6.386626e-15 1.000000e+00 9.073773e-14
    outer loop
      vertex   2.047754e+02 1.775000e+02 5.975000e+00
      vertex   2.049264e+02 1.775000e+02 6.298859e+00
      vertex   2.080000e+02 1.775000e+02 6.828427e+00
    endloop
  endfacet
  facet normal 9.694509e-15 1.000000e+00 -2.597636e-15
    outer loop
      vertex   2.080000e+02 1.775000e+02 6.828427e+00
      vertex   2.049264e+02 1.775000e+02 6.298859e+00
      vertex   2.050189e+02 1.775000e+02 6.644021e+00
    endloop
  endfacet
  facet normal 9.585702e-15 1.000000e+00 -8.386403e-16
    outer loop
      vertex   2.080000e+02 1.775000e+02 6.828427e+00
      vertex   2.050189e+02 1.775000e+02 6.644021e+00
      vertex   2.050500e+02 1.775000e+02 7.000000e+00
    endloop
  endfacet
  facet normal 9.683752e-15 1.000000e+00 8.472185e-16
    outer loop
      vertex   2.050500e+02 1.775000e+02 7.000000e+00
      vertex   2.050189e+02 1.775000e+02 7.355979e+00
      vertex   2.080000e+02 1.775000e+02 6.828427e+00
    endloop
  endfacet
  facet normal 1.553991e-14 1.000000e+00 3.393979e-14
    outer loop
      vertex   2.080000e+02 1.775000e+02 6.828427e+00
      vertex   2.050189e+02 1.775000e+02 7.355979e+00
      vertex   2.062786e+02 1.775000e+02 9.291417e+00
    endloop
  endfacet
  facet normal 4.794560e-14 1.000000e+00 1.284699e-14
    outer loop
      vertex   2.062786e+02 1.775000e+02 9.291417e+00
      vertex   2.050189e+02 1.775000e+02 7.355979e+00
      vertex   2.049264e+02 1.775000e+02 7.701141e+00
    endloop
  endfacet
  facet normal -2.593198e-14 1.000000e+00 7.566731e-14
    outer loop
      vertex   2.062786e+02 1.775000e+02 9.291417e+00
      vertex   2.049264e+02 1.775000e+02 7.701141e+00
      vertex   2.047754e+02 1.775000e+02 8.025000e+00
    endloop
  endfacet
  facet normal 2.378354e-14 1.000000e+00 1.665342e-14
    outer loop
      vertex   2.047754e+02 1.775000e+02 8.025000e+00
      vertex   2.045704e+02 1.775000e+02 8.317715e+00
      vertex   2.062786e+02 1.775000e+02 9.291417e+00
    endloop
  endfacet
  facet normal 1.086272e-13 1.000000e+00 -1.321941e-13
    outer loop
      vertex   2.062786e+02 1.775000e+02 9.291417e+00
      vertex   2.045704e+02 1.775000e+02 8.317715e+00
      vertex   2.058541e+02 1.775000e+02 9.802547e+00
    endloop
  endfacet
  facet normal -2.053211e-14 1.000000e+00 -2.053211e-14
    outer loop
      vertex   2.058541e+02 1.775000e+02 9.802547e+00
      vertex   2.045704e+02 1.775000e+02 8.317715e+00
      vertex   2.043177e+02 1.775000e+02 8.570391e+00
    endloop
  endfacet
  facet normal -4.638371e-14 1.000000e+00 1.170188e-14
    outer loop
      vertex   2.058541e+02 1.775000e+02 9.802547e+00
      vertex   2.043177e+02 1.775000e+02 8.570391e+00
      vertex   2.053508e+02 1.775000e+02 1.023634e+01
    endloop
  endfacet
  facet normal -8.329258e-15 1.000000e+00 -1.189541e-14
    outer loop
      vertex   2.053508e+02 1.775000e+02 1.023634e+01
      vertex   2.043177e+02 1.775000e+02 8.570391e+00
      vertex   2.040250e+02 1.775000e+02 8.775352e+00
    endloop
  endfacet
  facet normal -3.987735e-14 1.000000e+00 1.673253e-14
    outer loop
      vertex   2.053508e+02 1.775000e+02 1.023634e+01
      vertex   2.040250e+02 1.775000e+02 8.775352e+00
      vertex   2.047826e+02 1.775000e+02 1.058084e+01
    endloop
  endfacet
  facet normal 0.000000e+00 1.000000e+00 0.000000e+00
    outer loop
      vertex   2.047826e+02 1.775000e+02 1.058084e+01
      vertex   2.040250e+02 1.775000e+02 8.775352e+00
      vertex   2.037011e+02 1.775000e+02 8.926370e+00
    endloop
  endfacet
  facet normal 0.000000e+00 1.000000e+00 0.000000e+00
    outer loop
      vertex   2.047826e+02 1.775000e+02 1.058084e+01
      vertex   2.037011e+02 1.775000e+02 8.926370e+00
      vertex   2.041652e+02 1.775000e+02 1.082652e+01
    endloop
  endfacet
  facet normal 0.000000e+00 1.000000e+00 0.000000e+00
    outer loop
      vertex   2.041652e+02 1.775000e+02 1.082652e+01
      vertex   2.037011e+02 1.775000e+02 8.926370e+00
      vertex   2.033560e+02 1.775000e+02 9.018856e+00
    endloop
  endfacet
  facet normal -3.990489e-14 1.000000e+00 1.786418e-14
    outer loop
      vertex   2.041652e+02 1.775000e+02 1.082652e+01
      vertex   2.033560e+02 1.775000e+02 9.018856e+00
      vertex   2.035157e+02 1.775000e+02 1.096662e+01
    endloop
  endfacet
  facet normal 1.267540e-15 1.000000e+00 1.448804e-14
    outer loop
      vertex   2.035157e+02 1.775000e+02 1.096662e+01
      vertex   2.033560e+02 1.775000e+02 9.018856e+00
      vertex   2.030000e+02 1.775000e+02 9.050000e+00
    endloop
  endfacet
  facet normal 6.761635e-16 1.000000e+00 1.464716e-14
    outer loop
      vertex   2.035157e+02 1.775000e+02 1.096662e+01
      vertex   2.030000e+02 1.775000e+02 9.050000e+00
      vertex   2.028519e+02 1.775000e+02 1.099726e+01
    endloop
  endfacet
  facet normal -1.268525e-15 1.000000e+00 1.449930e-14
    outer loop
      vertex   2.028519e+02 1.775000e+02 1.099726e+01
      vertex   2.030000e+02 1.775000e+02 9.050000e+00
      vertex   2.026440e+02 1.775000e+02 9.018856e+00
    endloop
  endfacet
  facet normal -4.539602e-14 1.000000e+00 1.913696e-14
    outer loop
      vertex   2.028519e+02 1.775000e+02 1.099726e+01
      vertex   2.026440e+02 1.775000e+02 9.018856e+00
      vertex   2.021923e+02 1.775000e+02 1.091760e+01
    endloop
  endfacet
  facet normal -7.540965e-15 1.000000e+00 2.814327e-14
    outer loop
      vertex   2.021923e+02 1.775000e+02 1.091760e+01
      vertex   2.026440e+02 1.775000e+02 9.018856e+00
      vertex   2.022989e+02 1.775000e+02 8.926370e+00
    endloop
  endfacet
  facet normal -8.278927e-15 1.000000e+00 2.810377e-14
    outer loop
      vertex   2.021923e+02 1.775000e+02 1.091760e+01
      vertex   2.022989e+02 1.775000e+02 8.926370e+00
      vertex   2.015549e+02 1.775000e+02 1.072984e+01
    endloop
  endfacet
  facet normal -1.232643e-14 1.000000e+00 2.643412e-14
    outer loop
      vertex   2.015549e+02 1.775000e+02 1.072984e+01
      vertex   2.022989e+02 1.775000e+02 8.926370e+00
      vertex   2.019750e+02 1.775000e+02 8.775352e+00
    endloop
  endfacet
  facet normal -1.280959e-14 1.000000e+00 2.633027e-14
    outer loop
      vertex   2.015549e+02 1.775000e+02 1.072984e+01
      vertex   2.019750e+02 1.775000e+02 8.775352e+00
      vertex   2.009574e+02 1.775000e+02 1.043916e+01
    endloop
  endfacet
  facet normal -1.674941e-14 1.000000e+00 2.392064e-14
    outer loop
      vertex   2.009574e+02 1.775000e+02 1.043916e+01
      vertex   2.019750e+02 1.775000e+02 8.775352e+00
      vertex   2.016823e+02 1.775000e+02 8.570391e+00
    endloop
  endfacet
  facet normal -8.196573e-01 3.577666e-14 5.728543e-01
    outer loop
      vertex   3.721371e+00 1.775000e+02 9.291417e+00
      vertex   2.000000e+00 1.775000e+02 6.828427e+00
      vertex   3.721371e+00 1.725000e+02 9.291417e+00
    endloop
  endfacet
  facet normal -8.196573e-01 3.570564e-14 5.728543e-01
    outer loop
      vertex   3.721371e+00 1.725000e+02 9.291417e+00
      vertex   2.000000e+00 1.775000e+02 6.828427e+00
      vertex   2.000000e+00 1.725000e+02 6.828427e+00
    endloop
  endfacet
  facet normal 6.389533e-01 -5.285772e-14 -7.692456e-01
    outer loop
      vertex   9.291417e+00 1.725000e+02 3.721371e+00
      vertex   9.291417e+00 1.775000e+02 3.721371e+00
      vertex   9.802547e+00 1.725000e+02 4.145928e+00
    endloop
  endfacet
  facet normal 6.389533e-01 -4.395244e-15 -7.692456e-01
    outer loop
      vertex   9.802547e+00 1.725000e+02 4.145928e+00
      vertex   9.291417e+00 1.775000e+02 3.721371e+00
      vertex   9.802547e+00 1.775000e+02 4.145928e+00
    endloop
  endfacet
  facet normal 7.574787e-01 3.303494e-15 -6.528598e-01
    outer loop
      vertex   9.802547e+00 1.725000e+02 4.145928e+00
      vertex   9.802547e+00 1.775000e+02 4.145928e+00
      vertex   1.023634e+01 1.725000e+02 4.649240e+00
    endloop
  endfacet
  facet normal 7.574787e-01 -3.387100e-15 -6.528598e-01
    outer loop
      vertex   1.023634e+01 1.725000e+02 4.649240e+00
      vertex   9.802547e+00 1.775000e+02 4.145928e+00
      vertex   1.023634e+01 1.775000e+02 4.649240e+00
    endloop
  endfacet
  facet normal 8.551024e-01 3.435841e-15 -5.184591e-01
    outer loop
      vertex   1.023634e+01 1.725000e+02 4.649240e+00
      vertex   1.023634e+01 1.775000e+02 4.649240e+00
      vertex   1.058084e+01 1.725000e+02 5.217418e+00
    endloop
  endfacet
  facet normal 8.551024e-01 -3.118426e-15 -5.184591e-01
    outer loop
      vertex   1.058084e+01 1.725000e+02 5.217418e+00
      vertex   1.023634e+01 1.775000e+02 4.649240e+00
      vertex   1.058084e+01 1.775000e+02 5.217418e+00
    endloop
  endfacet
  facet normal 9.291304e-01 2.767181e-15 -3.697521e-01
    outer loop
      vertex   1.058084e+01 1.725000e+02 5.217418e+00
      vertex   1.058084e+01 1.775000e+02 5.217418e+00
      vertex   1.082652e+01 1.725000e+02 5.834785e+00
    endloop
  endfacet
  facet normal 9.291304e-01 -2.916839e-15 -3.697521e-01
    outer loop
      vertex   1.082652e+01 1.725000e+02 5.834785e+00
      vertex   1.058084e+01 1.775000e+02 5.217418e+00
      vertex   1.082652e+01 1.775000e+02 5.834785e+00
    endloop
  endfacet
  facet normal 9.775201e-01 1.995056e-15 -2.108422e-01
    outer loop
      vertex   1.082652e+01 1.725000e+02 5.834785e+00
      vertex   1.082652e+01 1.775000e+02 5.834785e+00
      vertex   1.096662e+01 1.725000e+02 6.484305e+00
    endloop
  endfacet
  facet normal 9.775201e-01 -1.818245e-15 -2.108422e-01
    outer loop
      vertex   1.096662e+01 1.725000e+02 6.484305e+00
      vertex   1.082652e+01 1.775000e+02 5.834785e+00
      vertex   1.096662e+01 1.775000e+02 6.484305e+00
    endloop
  endfacet
  facet normal 9.989362e-01 2.112756e-15 -4.611434e-02
    outer loop
      vertex   1.096662e+01 1.725000e+02 6.484305e+00
      vertex   1.096662e+01 1.775000e+02 6.484305e+00
      vertex   1.099726e+01 1.725000e+02 7.148055e+00
    endloop
  endfacet
  facet normal 9.989362e-01 -1.174049e-15 -4.611434e-02
    outer loop
      vertex   1.099726e+01 1.725000e+02 7.148055e+00
      vertex   1.096662e+01 1.775000e+02 6.484305e+00
      vertex   1.099726e+01 1.775000e+02 7.148055e+00
    endloop
  endfacet
  facet normal 9.927877e-01 1.776895e-15 1.198860e-01
    outer loop
      vertex   1.099726e+01 1.725000e+02 7.148055e+00
      vertex   1.099726e+01 1.775000e+02 7.148055e+00
      vertex   1.091760e+01 1.725000e+02 7.807719e+00
    endloop
  endfacet
  facet normal 9.927877e-01 -7.107158e-16 1.198860e-01
    outer loop
      vertex   1.091760e+01 1.725000e+02 7.807719e+00
      vertex   1.099726e+01 1.775000e+02 7.148055e+00
      vertex   1.091760e+01 1.775000e+02 7.807719e+00
    endloop
  endfacet
  facet normal 9.592442e-01 1.268183e-15 2.825783e-01
    outer loop
      vertex   1.091760e+01 1.725000e+02 7.807719e+00
      vertex   1.091760e+01 1.775000e+02 7.807719e+00
      vertex   1.072984e+01 1.725000e+02 8.445096e+00
    endloop
  endfacet
  facet normal 9.592442e-01 -3.380887e-16 2.825783e-01
    outer loop
      vertex   1.072984e+01 1.725000e+02 8.445096e+00
      vertex   1.091760e+01 1.775000e+02 7.807719e+00
      vertex   1.072984e+01 1.775000e+02 8.445096e+00
    endloop
  endfacet
  facet normal 8.992315e-01 7.253407e-16 4.374730e-01
    outer loop
      vertex   1.072984e+01 1.725000e+02 8.445096e+00
      vertex   1.072984e+01 1.775000e+02 8.445096e+00
      vertex   1.043916e+01 1.725000e+02 9.042596e+00
    endloop
  endfacet
  facet normal 8.992315e-01 4.662649e-16 4.374730e-01
    outer loop
      vertex   1.043916e+01 1.725000e+02 9.042596e+00
      vertex   1.072984e+01 1.775000e+02 8.445096e+00
      vertex   1.043916e+01 1.775000e+02 9.042596e+00
    endloop
  endfacet
  facet normal 8.144055e-01 6.184879e-16 5.802962e-01
    outer loop
      vertex   1.043916e+01 1.725000e+02 9.042596e+00
      vertex   1.043916e+01 1.775000e+02 9.042596e+00
      vertex   1.005358e+01 1.725000e+02 9.583733e+00
    endloop
  endfacet
  facet normal 8.144055e-01 6.255604e-16 5.802962e-01
    outer loop
      vertex   1.005358e+01 1.725000e+02 9.583733e+00
      vertex   1.043916e+01 1.775000e+02 9.042596e+00
      vertex   1.005358e+01 1.775000e+02 9.583733e+00
    endloop
  endfacet
  facet normal 7.071068e-01 -2.512148e-16 7.071068e-01
    outer loop
      vertex   1.005358e+01 1.725000e+02 9.583733e+00
      vertex   1.005358e+01 1.775000e+02 9.583733e+00
      vertex   9.583733e+00 1.725000e+02 1.005358e+01
    endloop
  endfacet
  facet normal 7.071068e-01 7.536444e-16 7.071068e-01
    outer loop
      vertex   9.583733e+00 1.725000e+02 1.005358e+01
      vertex   1.005358e+01 1.775000e+02 9.583733e+00
      vertex   9.583733e+00 1.775000e+02 1.005358e+01
    endloop
  endfacet
  facet normal 5.802962e-01 -1.044958e-15 8.144055e-01
    outer loop
      vertex   9.583733e+00 1.725000e+02 1.005358e+01
      vertex   9.583733e+00 1.775000e+02 1.005358e+01
      vertex   9.042596e+00 1.725000e+02 1.043916e+01
    endloop
  endfacet
  facet normal 5.802962e-01 1.302467e-15 8.144055e-01
    outer loop
      vertex   9.042596e+00 1.725000e+02 1.043916e+01
      vertex   9.583733e+00 1.775000e+02 1.005358e+01
      vertex   9.042596e+00 1.775000e+02 1.043916e+01
    endloop
  endfacet
  facet normal 4.374730e-01 -1.450443e-15 8.992315e-01
    outer loop
      vertex   9.042596e+00 1.725000e+02 1.043916e+01
      vertex   9.042596e+00 1.775000e+02 1.043916e+01
      vertex   8.445096e+00 1.725000e+02 1.072984e+01
    endloop
  endfacet
  facet normal 4.374730e-01 1.502568e-15 8.992315e-01
    outer loop
      vertex   8.445096e+00 1.725000e+02 1.072984e+01
      vertex   9.042596e+00 1.775000e+02 1.043916e+01
      vertex   8.445096e+00 1.775000e+02 1.072984e+01
    endloop
  endfacet
  facet normal 2.825783e-01 -2.255883e-15 9.592442e-01
    outer loop
      vertex   8.445096e+00 1.725000e+02 1.072984e+01
      vertex   8.445096e+00 1.775000e+02 1.072984e+01
      vertex   7.807719e+00 1.725000e+02 1.091760e+01
    endloop
  endfacet
  facet normal 2.825783e-01 2.037109e-15 9.592442e-01
    outer loop
      vertex   7.807719e+00 1.725000e+02 1.091760e+01
      vertex   8.445096e+00 1.775000e+02 1.072984e+01
      vertex   7.807719e+00 1.775000e+02 1.091760e+01
    endloop
  endfacet
  facet normal 1.198860e-01 -2.673872e-15 9.927877e-01
    outer loop
      vertex   7.807719e+00 1.725000e+02 1.091760e+01
      vertex   7.807719e+00 1.775000e+02 1.091760e+01
      vertex   7.148055e+00 1.725000e+02 1.099726e+01
    endloop
  endfacet
  facet normal 1.198860e-01 3.052008e-15 9.927877e-01
    outer loop
      vertex   7.148055e+00 1.725000e+02 1.099726e+01
      vertex   7.807719e+00 1.775000e+02 1.091760e+01
      vertex   7.148055e+00 1.775000e+02 1.099726e+01
    endloop
  endfacet
  facet normal -4.611434e-02 -2.645650e-15 9.989362e-01
    outer loop
      vertex   7.148055e+00 1.725000e+02 1.099726e+01
      vertex   7.148055e+00 1.775000e+02 1.099726e+01
      vertex   6.484305e+00 1.725000e+02 1.096662e+01
    endloop
  endfacet
  facet normal -4.611434e-02 3.480302e-15 9.989362e-01
    outer loop
      vertex   6.484305e+00 1.725000e+02 1.096662e+01
      vertex   7.148055e+00 1.775000e+02 1.099726e+01
      vertex   6.484305e+00 1.775000e+02 1.096662e+01
    endloop
  endfacet
  facet normal -2.108422e-01 -3.217674e-15 9.775201e-01
    outer loop
      vertex   6.484305e+00 1.725000e+02 1.096662e+01
      vertex   6.484305e+00 1.775000e+02 1.096662e+01
      vertex   5.834785e+00 1.725000e+02 1.082652e+01
    endloop
  endfacet
  facet normal -2.108422e-01 4.293195e-15 9.775201e-01
    outer loop
      vertex   5.834785e+00 1.725000e+02 1.082652e+01
      vertex   6.484305e+00 1.775000e+02 1.096662e+01
      vertex   5.834785e+00 1.775000e+02 1.082652e+01
    endloop
  endfacet
  facet normal -3.697521e-01 -3.349606e-15 9.291304e-01
    outer loop
      vertex   5.834785e+00 1.725000e+02 1.082652e+01
      vertex   5.834785e+00 1.775000e+02 1.082652e+01
      vertex   5.217418e+00 1.725000e+02 1.058084e+01
    endloop
  endfacet
  facet normal -3.697521e-01 4.643380e-15 9.291304e-01
    outer loop
      vertex   5.217418e+00 1.725000e+02 1.058084e+01
      vertex   5.834785e+00 1.775000e+02 1.082652e+01
      vertex   5.217418e+00 1.775000e+02 1.058084e+01
    endloop
  endfacet
  facet normal -5.184591e-01 -3.986912e-15 8.551024e-01
    outer loop
      vertex   5.217418e+00 1.725000e+02 1.058084e+01
      vertex   5.217418e+00 1.775000e+02 1.058084e+01
      vertex   4.649240e+00 1.725000e+02 1.023634e+01
    endloop
  endfacet
  facet normal -5.184591e-01 5.034793e-15 8.551024e-01
    outer loop
      vertex   4.649240e+00 1.725000e+02 1.023634e+01
      vertex   5.217418e+00 1.775000e+02 1.058084e+01
      vertex   4.649240e+00 1.775000e+02 1.023634e+01
    endloop
  endfacet
  facet normal -6.528598e-01 -4.549846e-15 7.574787e-01
    outer loop
      vertex   4.649240e+00 1.725000e+02 1.023634e+01
      vertex   4.649240e+00 1.775000e+02 1.023634e+01
      vertex   4.145928e+00 1.725000e+02 9.802547e+00
    endloop
  endfacet
  facet normal -6.528598e-01 5.337373e-15 7.574787e-01
    outer loop
      vertex   4.145928e+00 1.725000e+02 9.802547e+00
      vertex   4.649240e+00 1.775000e+02 1.023634e+01
      vertex   4.145928e+00 1.775000e+02 9.802547e+00
    endloop
  endfacet
  facet normal -7.692456e-01 -5.241780e-15 6.389533e-01
    outer loop
      vertex   4.145928e+00 1.725000e+02 9.802547e+00
      vertex   4.145928e+00 1.775000e+02 9.802547e+00
      vertex   3.721371e+00 1.725000e+02 9.291417e+00
    endloop
  endfacet
  facet normal -7.692456e-01 4.142431e-14 6.389533e-01
    outer loop
      vertex   3.721371e+00 1.725000e+02 9.291417e+00
      vertex   4.145928e+00 1.775000e+02 9.802547e+00
      vertex   3.721371e+00 1.775000e+02 9.291417e+00
    endloop
  endfacet
  facet normal 5.728543e-01 -5.733236e-14 -8.196573e-01
    outer loop
      vertex   6.828427e+00 1.775000e+02 2.000000e+00
      vertex   9.291417e+00 1.775000e+02 3.721371e+00
      vertex   6.828427e+00 1.725000e+02 2.000000e+00
    endloop
  endfacet
  facet normal 5.728543e-01 -5.740095e-14 -8.196573e-01
    outer loop
      vertex   6.828427e+00 1.725000e+02 2.000000e+00
      vertex   9.291417e+00 1.775000e+02 3.721371e+00
      vertex   9.291417e+00 1.725000e+02 3.721371e+00
    endloop
  endfacet
  facet normal -1.000000e+00 -1.136868e-14 -0.000000e+00
    outer loop
      vertex   1.010000e+02 1.775000e+02 6.250000e+00
      vertex   1.010000e+02 1.775000e+02 2.000000e+00
      vertex   1.010000e+02 1.725000e+02 6.250000e+00
    endloop
  endfacet
  facet normal -1.000000e+00 -1.136868e-14 -0.000000e+00
    outer loop
      vertex   1.010000e+02 1.725000e+02 6.250000e+00
      vertex   1.010000e+02 1.775000e+02 2.000000e+00
      vertex   1.010000e+02 1.725000e+02 2.000000e+00
    endloop
  endfacet
  facet normal -5.728543e-01 -6.659246e-14 -8.196573e-01
    outer loop
      vertex   2.007086e+02 1.775000e+02 3.721371e+00
      vertex   2.031716e+02 1.775000e+02 2.000000e+00
      vertex   2.007086e+02 1.725000e+02 3.721371e+00
    endloop
  endfacet
  facet normal -5.728543e-01 -6.987428e-14 -8.196573e-01
    outer loop
      vertex   2.007086e+02 1.725000e+02 3.721371e+00
      vertex   2.031716e+02 1.775000e+02 2.000000e+00
      vertex   2.031716e+02 1.725000e+02 2.000000e+00
    endloop
  endfacet
  facet normal 7.692456e-01 5.363205e-14 6.389533e-01
    outer loop
      vertex   2.062786e+02 1.725000e+02 9.291417e+00
      vertex   2.062786e+02 1.775000e+02 9.291417e+00
      vertex   2.058541e+02 1.725000e+02 9.802547e+00
    endloop
  endfacet
  facet normal 7.692456e-01 -8.117265e-16 6.389533e-01
    outer loop
      vertex   2.058541e+02 1.725000e+02 9.802547e+00
      vertex   2.062786e+02 1.775000e+02 9.291417e+00
      vertex   2.058541e+02 1.775000e+02 9.802547e+00
    endloop
  endfacet
  facet normal 6.528598e-01 7.873906e-15 7.574787e-01
    outer loop
      vertex   2.058541e+02 1.725000e+02 9.802547e+00
      vertex   2.058541e+02 1.775000e+02 9.802547e+00
      vertex   2.053508e+02 1.725000e+02 1.023634e+01
    endloop
  endfacet
  facet normal 6.528598e-01 -3.103156e-15 7.574787e-01
    outer loop
      vertex   2.053508e+02 1.725000e+02 1.023634e+01
      vertex   2.058541e+02 1.775000e+02 9.802547e+00
      vertex   2.053508e+02 1.775000e+02 1.023634e+01
    endloop
  endfacet
  facet normal 5.184591e-01 5.192746e-15 8.551024e-01
    outer loop
      vertex   2.053508e+02 1.725000e+02 1.023634e+01
      vertex   2.053508e+02 1.775000e+02 1.023634e+01
      vertex   2.047826e+02 1.725000e+02 1.058084e+01
    endloop
  endfacet
  facet normal 5.184591e-01 -3.009676e-15 8.551024e-01
    outer loop
      vertex   2.047826e+02 1.725000e+02 1.058084e+01
      vertex   2.053508e+02 1.775000e+02 1.023634e+01
      vertex   2.047826e+02 1.775000e+02 1.058084e+01
    endloop
  endfacet
  facet normal 3.697521e-01 4.432836e-15 9.291304e-01
    outer loop
      vertex   2.047826e+02 1.725000e+02 1.058084e+01
      vertex   2.047826e+02 1.775000e+02 1.058084e+01
      vertex   2.041652e+02 1.725000e+02 1.082652e+01
    endloop
  endfacet
  facet normal 3.697521e-01 -3.159313e-15 9.291304e-01
    outer loop
      vertex   2.041652e+02 1.725000e+02 1.082652e+01
      vertex   2.047826e+02 1.775000e+02 1.058084e+01
      vertex   2.041652e+02 1.775000e+02 1.082652e+01
    endloop
  endfacet
  facet normal 2.108422e-01 3.765477e-15 9.775201e-01
    outer loop
      vertex   2.041652e+02 1.725000e+02 1.082652e+01
      vertex   2.041652e+02 1.775000e+02 1.082652e+01
      vertex   2.035157e+02 1.725000e+02 1.096662e+01
    endloop
  endfacet
  facet normal 2.108422e-01 -3.527506e-15 9.775201e-01
    outer loop
      vertex   2.035157e+02 1.725000e+02 1.096662e+01
      vertex   2.041652e+02 1.775000e+02 1.082652e+01
      vertex   2.035157e+02 1.775000e+02 1.096662e+01
    endloop
  endfacet
  facet normal 4.611434e-02 3.133600e-15 9.989362e-01
    outer loop
      vertex   2.035157e+02 1.725000e+02 1.096662e+01
      vertex   2.035157e+02 1.775000e+02 1.096662e+01
      vertex   2.028519e+02 1.725000e+02 1.099726e+01
    endloop
  endfacet
  facet normal 4.611434e-02 -2.637458e-15 9.989362e-01
    outer loop
      vertex   2.028519e+02 1.725000e+02 1.099726e+01
      vertex   2.035157e+02 1.775000e+02 1.096662e+01
      vertex   2.028519e+02 1.775000e+02 1.099726e+01
    endloop
  endfacet
  facet normal -1.198860e-01 3.030712e-15 9.927877e-01
    outer loop
      vertex   2.028519e+02 1.725000e+02 1.099726e+01
      vertex   2.028519e+02 1.775000e+02 1.099726e+01
      vertex   2.021923e+02 1.725000e+02 1.091760e+01
    endloop
  endfacet
  facet normal -1.198860e-01 -2.235979e-15 9.927877e-01
    outer loop
      vertex   2.021923e+02 1.725000e+02 1.091760e+01
      vertex   2.028519e+02 1.775000e+02 1.099726e+01
      vertex   2.021923e+02 1.775000e+02 1.091760e+01
    endloop
  endfacet
  facet normal -2.825783e-01 2.578685e-15 9.592442e-01
    outer loop
      vertex   2.021923e+02 1.725000e+02 1.091760e+01
      vertex   2.021923e+02 1.775000e+02 1.091760e+01
      vertex   2.015549e+02 1.725000e+02 1.072984e+01
    endloop
  endfacet
  facet normal -2.825783e-01 1.799412e-15 9.592442e-01
    outer loop
      vertex   2.015549e+02 1.725000e+02 1.072984e+01
      vertex   2.021923e+02 1.775000e+02 1.091760e+01
      vertex   2.015549e+02 1.775000e+02 1.072984e+01
    endloop
  endfacet
  facet normal -4.374730e-01 7.572640e-15 8.992315e-01
    outer loop
      vertex   2.015549e+02 1.725000e+02 1.072984e+01
      vertex   2.015549e+02 1.775000e+02 1.072984e+01
      vertex   2.009574e+02 1.725000e+02 1.043916e+01
    endloop
  endfacet
  facet normal -4.374730e-01 -3.332759e-15 8.992315e-01
    outer loop
      vertex   2.009574e+02 1.725000e+02 1.043916e+01
      vertex   2.015549e+02 1.775000e+02 1.072984e+01
      vertex   2.009574e+02 1.775000e+02 1.043916e+01
    endloop
  endfacet
  facet normal -5.802962e-01 -9.255042e-16 8.144055e-01
    outer loop
      vertex   2.009574e+02 1.725000e+02 1.043916e+01
      vertex   2.009574e+02 1.775000e+02 1.043916e+01
      vertex   2.004163e+02 1.725000e+02 1.005358e+01
    endloop
  endfacet
  facet normal -5.802962e-01 -9.255042e-16 8.144055e-01
    outer loop
      vertex   2.004163e+02 1.725000e+02 1.005358e+01
      vertex   2.009574e+02 1.775000e+02 1.043916e+01
      vertex   2.004163e+02 1.775000e+02 1.005358e+01
    endloop
  endfacet
  facet normal -7.071068e-01 1.507289e-15 7.071068e-01
    outer loop
      vertex   2.004163e+02 1.725000e+02 1.005358e+01
      vertex   2.004163e+02 1.775000e+02 1.005358e+01
      vertex   1.999464e+02 1.725000e+02 9.583733e+00
    endloop
  endfacet
  facet normal -7.071068e-01 -4.521866e-15 7.071068e-01
    outer loop
      vertex   1.999464e+02 1.725000e+02 9.583733e+00
      vertex   2.004163e+02 1.775000e+02 1.005358e+01
      vertex   1.999464e+02 1.775000e+02 9.583733e+00
    endloop
  endfacet
  facet normal -8.144055e-01 -3.710927e-15 5.802962e-01
    outer loop
      vertex   1.999464e+02 1.725000e+02 9.583733e+00
      vertex   1.999464e+02 1.775000e+02 9.583733e+00
      vertex   1.995608e+02 1.725000e+02 9.042596e+00
    endloop
  endfacet
  facet normal -8.144055e-01 -1.855464e-15 5.802962e-01
    outer loop
      vertex   1.995608e+02 1.725000e+02 9.042596e+00
      vertex   1.999464e+02 1.775000e+02 9.583733e+00
      vertex   1.995608e+02 1.775000e+02 9.042596e+00
    endloop
  endfacet
  facet normal -8.992315e-01 -1.398795e-15 4.374730e-01
    outer loop
      vertex   1.995608e+02 1.725000e+02 9.042596e+00
      vertex   1.995608e+02 1.775000e+02 9.042596e+00
      vertex   1.992702e+02 1.725000e+02 8.445096e+00
    endloop
  endfacet
  facet normal -8.992315e-01 5.266961e-15 4.374730e-01
    outer loop
      vertex   1.992702e+02 1.725000e+02 8.445096e+00
      vertex   1.995608e+02 1.775000e+02 9.042596e+00
      vertex   1.992702e+02 1.775000e+02 8.445096e+00
    endloop
  endfacet
  facet normal -9.592442e-01 5.553064e-15 2.825783e-01
    outer loop
      vertex   1.992702e+02 1.725000e+02 8.445096e+00
      vertex   1.992702e+02 1.775000e+02 8.445096e+00
      vertex   1.990824e+02 1.725000e+02 7.807719e+00
    endloop
  endfacet
  facet normal -9.592442e-01 1.455683e-15 2.825783e-01
    outer loop
      vertex   1.990824e+02 1.725000e+02 7.807719e+00
      vertex   1.992702e+02 1.775000e+02 8.445096e+00
      vertex   1.990824e+02 1.775000e+02 7.807719e+00
    endloop
  endfacet
  facet normal -9.927877e-01 6.175850e-16 1.198860e-01
    outer loop
      vertex   1.990824e+02 1.725000e+02 7.807719e+00
      vertex   1.990824e+02 1.775000e+02 7.807719e+00
      vertex   1.990027e+02 1.725000e+02 7.148055e+00
    endloop
  endfacet
  facet normal -9.927877e-01 1.213874e-15 1.198860e-01
    outer loop
      vertex   1.990027e+02 1.725000e+02 7.148055e+00
      vertex   1.990824e+02 1.775000e+02 7.807719e+00
      vertex   1.990027e+02 1.775000e+02 7.148055e+00
    endloop
  endfacet
  facet normal -9.989362e-01 -4.669185e-16 -4.611434e-02
    outer loop
      vertex   1.990027e+02 1.725000e+02 7.148055e+00
      vertex   1.990027e+02 1.775000e+02 7.148055e+00
      vertex   1.990334e+02 1.725000e+02 6.484305e+00
    endloop
  endfacet
  facet normal -9.989362e-01 -6.880904e-16 -4.611434e-02
    outer loop
      vertex   1.990334e+02 1.725000e+02 6.484305e+00
      vertex   1.990027e+02 1.775000e+02 7.148055e+00
      vertex   1.990334e+02 1.775000e+02 6.484305e+00
    endloop
  endfacet
  facet normal -9.775201e-01 -3.146061e-15 -2.108422e-01
    outer loop
      vertex   1.990334e+02 1.725000e+02 6.484305e+00
      vertex   1.990334e+02 1.775000e+02 6.484305e+00
      vertex   1.991735e+02 1.725000e+02 5.834785e+00
    endloop
  endfacet
  facet normal -9.775201e-01 1.623983e-15 -2.108422e-01
    outer loop
      vertex   1.991735e+02 1.725000e+02 5.834785e+00
      vertex   1.990334e+02 1.775000e+02 6.484305e+00
      vertex   1.991735e+02 1.775000e+02 5.834785e+00
    endloop
  endfacet
  facet normal -9.291304e-01 -1.615028e-15 -3.697521e-01
    outer loop
      vertex   1.991735e+02 1.725000e+02 5.834785e+00
      vertex   1.991735e+02 1.775000e+02 5.834785e+00
      vertex   1.994192e+02 1.725000e+02 5.217418e+00
    endloop
  endfacet
  facet normal -9.291304e-01 -2.731608e-15 -3.697521e-01
    outer loop
      vertex   1.994192e+02 1.725000e+02 5.217418e+00
      vertex   1.991735e+02 1.775000e+02 5.834785e+00
      vertex   1.994192e+02 1.775000e+02 5.217418e+00
    endloop
  endfacet
  facet normal -8.551024e-01 -6.375121e-15 -5.184591e-01
    outer loop
      vertex   1.994192e+02 1.725000e+02 5.217418e+00
      vertex   1.994192e+02 1.775000e+02 5.217418e+00
      vertex   1.997637e+02 1.725000e+02 4.649240e+00
    endloop
  endfacet
  facet normal -8.551024e-01 -2.343298e-15 -5.184591e-01
    outer loop
      vertex   1.997637e+02 1.725000e+02 4.649240e+00
      vertex   1.994192e+02 1.775000e+02 5.217418e+00
      vertex   1.997637e+02 1.775000e+02 4.649240e+00
    endloop
  endfacet
  facet normal -7.574787e-01 -6.580691e-15 -6.528598e-01
    outer loop
      vertex   1.997637e+02 1.725000e+02 4.649240e+00
      vertex   1.997637e+02 1.775000e+02 4.649240e+00
      vertex   2.001975e+02 1.725000e+02 4.145928e+00
    endloop
  endfacet
  facet normal -7.574787e-01 1.798903e-15 -6.528598e-01
    outer loop
      vertex   2.001975e+02 1.725000e+02 4.145928e+00
      vertex   1.997637e+02 1.775000e+02 4.649240e+00
      vertex   2.001975e+02 1.775000e+02 4.145928e+00
    endloop
  endfacet
  facet normal -6.389533e-01 -3.645731e-15 -7.692456e-01
    outer loop
      vertex   2.001975e+02 1.725000e+02 4.145928e+00
      vertex   2.001975e+02 1.775000e+02 4.145928e+00
      vertex   2.007086e+02 1.725000e+02 3.721371e+00
    endloop
  endfacet
  facet normal -6.389533e-01 -6.307280e-14 -7.692456e-01
    outer loop
      vertex   2.007086e+02 1.725000e+02 3.721371e+00
      vertex   2.001975e+02 1.775000e+02 4.145928e+00
      vertex   2.007086e+02 1.775000e+02 3.721371e+00
    endloop
  endfacet
  facet normal 8.196573e-01 4.892453e-14 5.728543e-01
    outer loop
      vertex   2.080000e+02 1.775000e+02 6.828427e+00
      vertex   2.062786e+02 1.775000e+02 9.291417e+00
      vertex   2.080000e+02 1.725000e+02 6.828427e+00
    endloop
  endfacet
  facet normal 8.196573e-01 4.882923e-14 5.728543e-01
    outer loop
      vertex   2.080000e+02 1.725000e+02 6.828427e+00
      vertex   2.062786e+02 1.775000e+02 9.291417e+00
      vertex   2.062786e+02 1.725000e+02 9.291417e+00
    endloop
  endfacet
  facet normal 9.961947e-01 1.036185e-14 -8.715574e-02
    outer loop
      vertex   2.009811e+02 1.775000e+02 7.355979e+00
      vertex   2.009811e+02 1.725000e+02 7.355979e+00
      vertex   2.009500e+02 1.775000e+02 7.000000e+00
    endloop
  endfacet
  facet normal 9.961947e-01 -1.071946e-15 -8.715574e-02
    outer loop
      vertex   2.009500e+02 1.775000e+02 7.000000e+00
      vertex   2.009811e+02 1.725000e+02 7.355979e+00
      vertex   2.009500e+02 1.725000e+02 7.000000e+00
    endloop
  endfacet
  facet normal 9.961947e-01 1.239737e-14 8.715574e-02
    outer loop
      vertex   2.009500e+02 1.775000e+02 7.000000e+00
      vertex   2.009500e+02 1.725000e+02 7.000000e+00
      vertex   2.009811e+02 1.775000e+02 6.644021e+00
    endloop
  endfacet
  facet normal 9.961947e-01 -4.714621e-15 8.715574e-02
    outer loop
      vertex   2.009811e+02 1.775000e+02 6.644021e+00
      vertex   2.009500e+02 1.725000e+02 7.000000e+00
      vertex   2.009811e+02 1.725000e+02 6.644021e+00
    endloop
  endfacet
  facet normal 9.659258e-01 8.650232e-15 2.588190e-01
    outer loop
      vertex   2.009811e+02 1.775000e+02 6.644021e+00
      vertex   2.009811e+02 1.725000e+02 6.644021e+00
      vertex   2.010736e+02 1.775000e+02 6.298859e+00
    endloop
  endfacet
  facet normal 9.659258e-01 -8.695260e-15 2.588190e-01
    outer loop
      vertex   2.010736e+02 1.775000e+02 6.298859e+00
      vertex   2.009811e+02 1.725000e+02 6.644021e+00
      vertex   2.010736e+02 1.725000e+02 6.298859e+00
    endloop
  endfacet
  facet normal 9.063078e-01 4.870594e-15 4.226183e-01
    outer loop
      vertex   2.010736e+02 1.775000e+02 6.298859e+00
      vertex   2.010736e+02 1.725000e+02 6.298859e+00
      vertex   2.012246e+02 1.775000e+02 5.975000e+00
    endloop
  endfacet
  facet normal 9.063078e-01 -2.683476e-15 4.226183e-01
    outer loop
      vertex   2.012246e+02 1.775000e+02 5.975000e+00
      vertex   2.010736e+02 1.725000e+02 6.298859e+00
      vertex   2.012246e+02 1.725000e+02 5.975000e+00
    endloop
  endfacet
  facet normal 8.191520e-01 1.037171e-14 5.735764e-01
    outer loop
      vertex   2.012246e+02 1.775000e+02 5.975000e+00
      vertex   2.012246e+02 1.725000e+02 5.975000e+00
      vertex   2.014296e+02 1.775000e+02 5.682285e+00
    endloop
  endfacet
  facet normal 8.191520e-01 -3.322137e-15 5.735764e-01
    outer loop
      vertex   2.014296e+02 1.775000e+02 5.682285e+00
      vertex   2.012246e+02 1.725000e+02 5.975000e+00
      vertex   2.014296e+02 1.725000e+02 5.682285e+00
    endloop
  endfacet
  facet normal 7.071068e-01 9.671770e-15 7.071068e-01
    outer loop
      vertex   2.014296e+02 1.775000e+02 5.682285e+00
      vertex   2.014296e+02 1.725000e+02 5.682285e+00
      vertex   2.016823e+02 1.775000e+02 5.429609e+00
    endloop
  endfacet
  facet normal 7.071068e-01 -1.318878e-14 7.071068e-01
    outer loop
      vertex   2.016823e+02 1.775000e+02 5.429609e+00
      vertex   2.014296e+02 1.725000e+02 5.682285e+00
      vertex   2.016823e+02 1.725000e+02 5.429609e+00
    endloop
  endfacet
  facet normal 5.735764e-01 1.472612e-15 8.191520e-01
    outer loop
      vertex   2.016823e+02 1.775000e+02 5.429609e+00
      vertex   2.016823e+02 1.725000e+02 5.429609e+00
      vertex   2.019750e+02 1.775000e+02 5.224648e+00
    endloop
  endfacet
  facet normal 5.735764e-01 -7.549047e-15 8.191520e-01
    outer loop
      vertex   2.019750e+02 1.775000e+02 5.224648e+00
      vertex   2.016823e+02 1.725000e+02 5.429609e+00
      vertex   2.019750e+02 1.725000e+02 5.224648e+00
    endloop
  endfacet
  facet normal 4.226183e-01 6.107715e-15 9.063078e-01
    outer loop
      vertex   2.019750e+02 1.775000e+02 5.224648e+00
      vertex   2.019750e+02 1.725000e+02 5.224648e+00
      vertex   2.022989e+02 1.775000e+02 5.073630e+00
    endloop
  endfacet
  facet normal 4.226183e-01 -7.403082e-15 9.063078e-01
    outer loop
      vertex   2.022989e+02 1.775000e+02 5.073630e+00
      vertex   2.019750e+02 1.725000e+02 5.224648e+00
      vertex   2.022989e+02 1.725000e+02 5.073630e+00
    endloop
  endfacet
  facet normal 2.588190e-01 6.268461e-15 9.659258e-01
    outer loop
      vertex   2.022989e+02 1.775000e+02 5.073630e+00
      vertex   2.022989e+02 1.725000e+02 5.073630e+00
      vertex   2.026440e+02 1.775000e+02 4.981144e+00
    endloop
  endfacet
  facet normal 2.588190e-01 -7.728306e-15 9.659258e-01
    outer loop
      vertex   2.026440e+02 1.775000e+02 4.981144e+00
      vertex   2.022989e+02 1.725000e+02 5.073630e+00
      vertex   2.026440e+02 1.725000e+02 4.981144e+00
    endloop
  endfacet
  facet normal 8.715574e-02 6.336057e-15 9.961947e-01
    outer loop
      vertex   2.026440e+02 1.775000e+02 4.981144e+00
      vertex   2.026440e+02 1.725000e+02 4.981144e+00
      vertex   2.030000e+02 1.775000e+02 4.950000e+00
    endloop
  endfacet
  facet normal 8.715574e-02 -6.935923e-15 9.961947e-01
    outer loop
      vertex   2.030000e+02 1.775000e+02 4.950000e+00
      vertex   2.026440e+02 1.725000e+02 4.981144e+00
      vertex   2.030000e+02 1.725000e+02 4.950000e+00
    endloop
  endfacet
  facet normal -8.715574e-02 6.935923e-15 9.961947e-01
    outer loop
      vertex   2.030000e+02 1.775000e+02 4.950000e+00
      vertex   2.030000e+02 1.725000e+02 4.950000e+00
      vertex   2.033560e+02 1.775000e+02 4.981144e+00
    endloop
  endfacet
  facet normal -8.715574e-02 -7.326903e-15 9.961947e-01
    outer loop
      vertex   2.033560e+02 1.775000e+02 4.981144e+00
      vertex   2.030000e+02 1.725000e+02 4.950000e+00
      vertex   2.033560e+02 1.725000e+02 4.981144e+00
    endloop
  endfacet
  facet normal -2.588190e-01 4.785874e-15 9.659258e-01
    outer loop
      vertex   2.033560e+02 1.775000e+02 4.981144e+00
      vertex   2.033560e+02 1.725000e+02 4.981144e+00
      vertex   2.037011e+02 1.775000e+02 5.073630e+00
    endloop
  endfacet
  facet normal -2.588190e-01 -8.082843e-15 9.659258e-01
    outer loop
      vertex   2.037011e+02 1.775000e+02 5.073630e+00
      vertex   2.033560e+02 1.725000e+02 4.981144e+00
      vertex   2.037011e+02 1.725000e+02 5.073630e+00
    endloop
  endfacet
  facet normal -4.226183e-01 4.678790e-15 9.063078e-01
    outer loop
      vertex   2.037011e+02 1.775000e+02 5.073630e+00
      vertex   2.037011e+02 1.725000e+02 5.073630e+00
      vertex   2.040250e+02 1.775000e+02 5.224648e+00
    endloop
  endfacet
  facet normal -4.226183e-01 -3.705408e-15 9.063078e-01
    outer loop
      vertex   2.040250e+02 1.775000e+02 5.224648e+00
      vertex   2.037011e+02 1.725000e+02 5.073630e+00
      vertex   2.040250e+02 1.725000e+02 5.224648e+00
    endloop
  endfacet
  facet normal -5.735764e-01 1.080945e-14 8.191520e-01
    outer loop
      vertex   2.040250e+02 1.775000e+02 5.224648e+00
      vertex   2.040250e+02 1.725000e+02 5.224648e+00
      vertex   2.043177e+02 1.775000e+02 5.429609e+00
    endloop
  endfacet
  facet normal -5.735764e-01 -8.138932e-15 8.191520e-01
    outer loop
      vertex   2.043177e+02 1.775000e+02 5.429609e+00
      vertex   2.040250e+02 1.725000e+02 5.224648e+00
      vertex   2.043177e+02 1.725000e+02 5.429609e+00
    endloop
  endfacet
  facet normal -7.071068e-01 5.024296e-15 7.071068e-01
    outer loop
      vertex   2.043177e+02 1.775000e+02 5.429609e+00
      vertex   2.043177e+02 1.725000e+02 5.429609e+00
      vertex   2.045704e+02 1.775000e+02 5.682285e+00
    endloop
  endfacet
  facet normal -7.071068e-01 -9.671770e-15 7.071068e-01
    outer loop
      vertex   2.045704e+02 1.775000e+02 5.682285e+00
      vertex   2.043177e+02 1.725000e+02 5.429609e+00
      vertex   2.045704e+02 1.725000e+02 5.682285e+00
    endloop
  endfacet
  facet normal -8.191520e-01 3.322137e-15 5.735764e-01
    outer loop
      vertex   2.045704e+02 1.775000e+02 5.682285e+00
      vertex   2.045704e+02 1.725000e+02 5.682285e+00
      vertex   2.047754e+02 1.775000e+02 5.975000e+00
    endloop
  endfacet
  facet normal -8.191520e-01 -1.037171e-14 5.735764e-01
    outer loop
      vertex   2.047754e+02 1.775000e+02 5.975000e+00
      vertex   2.045704e+02 1.725000e+02 5.682285e+00
      vertex   2.047754e+02 1.725000e+02 5.975000e+00
    endloop
  endfacet
  facet normal -9.063078e-01 2.683476e-15 4.226183e-01
    outer loop
      vertex   2.047754e+02 1.775000e+02 5.975000e+00
      vertex   2.047754e+02 1.725000e+02 5.975000e+00
      vertex   2.049264e+02 1.775000e+02 6.298859e+00
    endloop
  endfacet
  facet normal -9.063078e-01 -1.524919e-14 4.226183e-01
    outer loop
      vertex   2.049264e+02 1.775000e+02 6.298859e+00
      vertex   2.047754e+02 1.725000e+02 5.975000e+00
      vertex   2.049264e+02 1.725000e+02 6.298859e+00
    endloop
  endfacet
  facet normal -9.659258e-01 -2.332021e-15 2.588190e-01
    outer loop
      vertex   2.049264e+02 1.775000e+02 6.298859e+00
      vertex   2.049264e+02 1.725000e+02 6.298859e+00
      vertex   2.050189e+02 1.775000e+02 6.644021e+00
    endloop
  endfacet
  facet normal -9.659258e-01 -3.205555e-15 2.588190e-01
    outer loop
      vertex   2.050189e+02 1.775000e+02 6.644021e+00
      vertex   2.049264e+02 1.725000e+02 6.298859e+00
      vertex   2.050189e+02 1.725000e+02 6.644021e+00
    endloop
  endfacet
  facet normal -9.961947e-01 1.036185e-14 8.715574e-02
    outer loop
      vertex   2.050189e+02 1.775000e+02 6.644021e+00
      vertex   2.050189e+02 1.725000e+02 6.644021e+00
      vertex   2.050500e+02 1.775000e+02 7.000000e+00
    endloop
  endfacet
  facet normal -9.961947e-01 -6.734657e-15 8.715574e-02
    outer loop
      vertex   2.050500e+02 1.775000e+02 7.000000e+00
      vertex   2.050189e+02 1.725000e+02 6.644021e+00
      vertex   2.050500e+02 1.725000e+02 7.000000e+00
    endloop
  endfacet
  facet normal -9.961947e-01 6.734657e-15 -8.715574e-02
    outer loop
      vertex   2.050500e+02 1.775000e+02 7.000000e+00
      vertex   2.050500e+02 1.725000e+02 7.000000e+00
      vertex   2.050189e+02 1.775000e+02 7.355979e+00
    endloop
  endfacet
  facet normal -9.961947e-01 -4.683657e-15 -8.715574e-02
    outer loop
      vertex   2.050189e+02 1.775000e+02 7.355979e+00
      vertex   2.050500e+02 1.725000e+02 7.000000e+00
      vertex   2.050189e+02 1.725000e+02 7.355979e+00
    endloop
  endfacet
  facet normal -9.659258e-01 8.742183e-15 -2.588190e-01
    outer loop
      vertex   2.050189e+02 1.775000e+02 7.355979e+00
      vertex   2.050189e+02 1.725000e+02 7.355979e+00
      vertex   2.049264e+02 1.775000e+02 7.701141e+00
    endloop
  endfacet
  facet normal -9.659258e-01 -8.695260e-15 -2.588190e-01
    outer loop
      vertex   2.049264e+02 1.775000e+02 7.701141e+00
      vertex   2.050189e+02 1.725000e+02 7.355979e+00
      vertex   2.049264e+02 1.725000e+02 7.701141e+00
    endloop
  endfacet
  facet normal -9.063078e-01 4.870594e-15 -4.226183e-01
    outer loop
      vertex   2.049264e+02 1.775000e+02 7.701141e+00
      vertex   2.049264e+02 1.725000e+02 7.701141e+00
      vertex   2.047754e+02 1.775000e+02 8.025000e+00
    endloop
  endfacet
  facet normal -9.063078e-01 -2.683476e-15 -4.226183e-01
    outer loop
      vertex   2.047754e+02 1.775000e+02 8.025000e+00
      vertex   2.049264e+02 1.725000e+02 7.701141e+00
      vertex   2.047754e+02 1.725000e+02 8.025000e+00
    endloop
  endfacet
  facet normal -8.191520e-01 1.037171e-14 -5.735764e-01
    outer loop
      vertex   2.047754e+02 1.775000e+02 8.025000e+00
      vertex   2.047754e+02 1.725000e+02 8.025000e+00
      vertex   2.045704e+02 1.775000e+02 8.317715e+00
    endloop
  endfacet
  facet normal -8.191520e-01 -7.876590e-15 -5.735764e-01
    outer loop
      vertex   2.045704e+02 1.775000e+02 8.317715e+00
      vertex   2.047754e+02 1.725000e+02 8.025000e+00
      vertex   2.045704e+02 1.725000e+02 8.317715e+00
    endloop
  endfacet
  facet normal -7.071068e-01 5.777940e-15 -7.071068e-01
    outer loop
      vertex   2.045704e+02 1.775000e+02 8.317715e+00
      vertex   2.045704e+02 1.725000e+02 8.317715e+00
      vertex   2.043177e+02 1.775000e+02 8.570391e+00
    endloop
  endfacet
  facet normal -7.071068e-01 -9.043733e-15 -7.071068e-01
    outer loop
      vertex   2.043177e+02 1.775000e+02 8.570391e+00
      vertex   2.045704e+02 1.725000e+02 8.317715e+00
      vertex   2.043177e+02 1.725000e+02 8.570391e+00
    endloop
  endfacet
  facet normal -5.735764e-01 4.878527e-15 -8.191520e-01
    outer loop
      vertex   2.043177e+02 1.775000e+02 8.570391e+00
      vertex   2.043177e+02 1.725000e+02 8.570391e+00
      vertex   2.040250e+02 1.775000e+02 8.775352e+00
    endloop
  endfacet
  facet normal -5.735764e-01 -7.694558e-15 -8.191520e-01
    outer loop
      vertex   2.040250e+02 1.775000e+02 8.775352e+00
      vertex   2.043177e+02 1.725000e+02 8.570391e+00
      vertex   2.040250e+02 1.725000e+02 8.775352e+00
    endloop
  endfacet
  facet normal -4.226183e-01 5.946722e-15 -9.063078e-01
    outer loop
      vertex   2.040250e+02 1.775000e+02 8.775352e+00
      vertex   2.040250e+02 1.725000e+02 8.775352e+00
      vertex   2.037011e+02 1.775000e+02 8.926370e+00
    endloop
  endfacet
  facet normal -4.226183e-01 -9.805388e-15 -9.063078e-01
    outer loop
      vertex   2.037011e+02 1.775000e+02 8.926370e+00
      vertex   2.040250e+02 1.725000e+02 8.775352e+00
      vertex   2.037011e+02 1.725000e+02 8.926370e+00
    endloop
  endfacet
  facet normal -2.588190e-01 4.797245e-15 -9.659258e-01
    outer loop
      vertex   2.037011e+02 1.775000e+02 8.926370e+00
      vertex   2.037011e+02 1.725000e+02 8.926370e+00
      vertex   2.033560e+02 1.775000e+02 9.018856e+00
    endloop
  endfacet
  facet normal -2.588190e-01 -7.556723e-15 -9.659258e-01
    outer loop
      vertex   2.033560e+02 1.775000e+02 9.018856e+00
      vertex   2.037011e+02 1.725000e+02 8.926370e+00
      vertex   2.033560e+02 1.725000e+02 9.018856e+00
    endloop
  endfacet
  facet normal -8.715574e-02 6.513017e-15 -9.961947e-01
    outer loop
      vertex   2.033560e+02 1.775000e+02 9.018856e+00
      vertex   2.033560e+02 1.725000e+02 9.018856e+00
      vertex   2.030000e+02 1.775000e+02 9.050000e+00
    endloop
  endfacet
  facet normal -8.715574e-02 -6.440500e-15 -9.961947e-01
    outer loop
      vertex   2.030000e+02 1.775000e+02 9.050000e+00
      vertex   2.033560e+02 1.725000e+02 9.018856e+00
      vertex   2.030000e+02 1.725000e+02 9.050000e+00
    endloop
  endfacet
  facet normal 8.715574e-02 6.440500e-15 -9.961947e-01
    outer loop
      vertex   2.030000e+02 1.775000e+02 9.050000e+00
      vertex   2.030000e+02 1.725000e+02 9.050000e+00
      vertex   2.026440e+02 1.775000e+02 9.018856e+00
    endloop
  endfacet
  facet normal 8.715574e-02 -7.503863e-15 -9.961947e-01
    outer loop
      vertex   2.026440e+02 1.775000e+02 9.018856e+00
      vertex   2.030000e+02 1.725000e+02 9.050000e+00
      vertex   2.026440e+02 1.725000e+02 9.018856e+00
    endloop
  endfacet
  facet normal 2.588190e-01 4.614291e-15 -9.659258e-01
    outer loop
      vertex   2.026440e+02 1.775000e+02 9.018856e+00
      vertex   2.026440e+02 1.725000e+02 9.018856e+00
      vertex   2.022989e+02 1.775000e+02 8.926370e+00
    endloop
  endfacet
  facet normal 2.588190e-01 -6.611627e-15 -9.659258e-01
    outer loop
      vertex   2.022989e+02 1.775000e+02 8.926370e+00
      vertex   2.026440e+02 1.725000e+02 9.018856e+00
      vertex   2.022989e+02 1.725000e+02 8.926370e+00
    endloop
  endfacet
  facet normal 4.226183e-01 7.081096e-15 -9.063078e-01
    outer loop
      vertex   2.022989e+02 1.775000e+02 8.926370e+00
      vertex   2.022989e+02 1.725000e+02 8.926370e+00
      vertex   2.019750e+02 1.775000e+02 8.775352e+00
    endloop
  endfacet
  facet normal 4.226183e-01 -8.671014e-15 -9.063078e-01
    outer loop
      vertex   2.019750e+02 1.775000e+02 8.775352e+00
      vertex   2.022989e+02 1.725000e+02 8.926370e+00
      vertex   2.019750e+02 1.725000e+02 8.775352e+00
    endloop
  endfacet
  facet normal 5.735764e-01 4.143132e-15 -8.191520e-01
    outer loop
      vertex   2.019750e+02 1.775000e+02 8.775352e+00
      vertex   2.019750e+02 1.725000e+02 8.775352e+00
      vertex   2.016823e+02 1.775000e+02 8.570391e+00
    endloop
  endfacet
  facet normal 5.735764e-01 -8.138932e-15 -8.191520e-01
    outer loop
      vertex   2.016823e+02 1.775000e+02 8.570391e+00
      vertex   2.019750e+02 1.725000e+02 8.775352e+00
      vertex   2.016823e+02 1.725000e+02 8.570391e+00
    endloop
  endfacet
  facet normal 7.071068e-01 5.024296e-15 -7.071068e-01
    outer loop
      vertex   2.016823e+02 1.775000e+02 8.570391e+00
      vertex   2.016823e+02 1.725000e+02 8.570391e+00
      vertex   2.014296e+02 1.775000e+02 8.317715e+00
    endloop
  endfacet
  facet normal 7.071068e-01 -5.777940e-15 -7.071068e-01
    outer loop
      vertex   2.014296e+02 1.775000e+02 8.317715e+00
      vertex   2.016823e+02 1.725000e+02 8.570391e+00
      vertex   2.014296e+02 1.725000e+02 8.317715e+00
    endloop
  endfacet
  facet normal 8.191520e-01 7.876590e-15 -5.735764e-01
    outer loop
      vertex   2.014296e+02 1.775000e+02 8.317715e+00
      vertex   2.014296e+02 1.725000e+02 8.317715e+00
      vertex   2.012246e+02 1.775000e+02 8.025000e+00
    endloop
  endfacet
  facet normal 8.191520e-01 -1.037171e-14 -5.735764e-01
    outer loop
      vertex   2.012246e+02 1.775000e+02 8.025000e+00
      vertex   2.014296e+02 1.725000e+02 8.317715e+00
      vertex   2.012246e+02 1.725000e+02 8.025000e+00
    endloop
  endfacet
  facet normal 9.063078e-01 2.683476e-15 -4.226183e-01
    outer loop
      vertex   2.012246e+02 1.775000e+02 8.025000e+00
      vertex   2.012246e+02 1.725000e+02 8.025000e+00
      vertex   2.010736e+02 1.775000e+02 7.701141e+00
    endloop
  endfacet
  facet normal 9.063078e-01 -1.009743e-14 -4.226183e-01
    outer loop
      vertex   2.010736e+02 1.775000e+02 7.701141e+00
      vertex   2.012246e+02 1.725000e+02 8.025000e+00
      vertex   2.010736e+02 1.725000e+02 7.701141e+00
    endloop
  endfacet
  facet normal 9.659258e-01 3.158632e-15 -2.588190e-01
    outer loop
      vertex   2.010736e+02 1.775000e+02 7.701141e+00
      vertex   2.010736e+02 1.725000e+02 7.701141e+00
      vertex   2.009811e+02 1.775000e+02 7.355979e+00
    endloop
  endfacet
  facet normal 9.659258e-01 -3.205555e-15 -2.588190e-01
    outer loop
      vertex   2.009811e+02 1.775000e+02 7.355979e+00
      vertex   2.010736e+02 1.725000e+02 7.701141e+00
      vertex   2.009811e+02 1.725000e+02 7.355979e+00
    endloop
  endfacet
  facet normal 5.799721e-14 -1.000000e+00 -5.074098e-15
    outer loop
      vertex   2.009811e+02 1.725000e+02 7.355979e+00
      vertex   1.990027e+02 1.725000e+02 7.148055e+00
      vertex   2.009500e+02 1.725000e+02 7.000000e+00
    endloop
  endfacet
  facet normal 5.858865e-14 -1.000000e+00 2.704654e-15
    outer loop
      vertex   2.009500e+02 1.725000e+02 7.000000e+00
      vertex   1.990027e+02 1.725000e+02 7.148055e+00
      vertex   1.990334e+02 1.725000e+02 6.484305e+00
    endloop
  endfacet
  facet normal 5.795217e-14 -1.000000e+00 5.070158e-15
    outer loop
      vertex   2.009500e+02 1.725000e+02 7.000000e+00
      vertex   1.990334e+02 1.725000e+02 6.484305e+00
      vertex   2.009811e+02 1.725000e+02 6.644021e+00
    endloop
  endfacet
  facet normal 6.440512e-14 -1.000000e+00 -7.362446e-14
    outer loop
      vertex   2.009811e+02 1.725000e+02 6.644021e+00
      vertex   1.990334e+02 1.725000e+02 6.484305e+00
      vertex   1.991735e+02 1.725000e+02 5.834785e+00
    endloop
  endfacet
  facet normal 2.807775e-14 -1.000000e+00 7.523409e-15
    outer loop
      vertex   2.009811e+02 1.725000e+02 6.644021e+00
      vertex   1.991735e+02 1.725000e+02 5.834785e+00
      vertex   2.010736e+02 1.725000e+02 6.298859e+00
    endloop
  endfacet
  facet normal 2.726521e-14 -1.000000e+00 1.085033e-14
    outer loop
      vertex   2.010736e+02 1.725000e+02 6.298859e+00
      vertex   1.991735e+02 1.725000e+02 5.834785e+00
      vertex   1.994192e+02 1.725000e+02 5.217418e+00
    endloop
  endfacet
  facet normal 2.633161e-14 -1.000000e+00 1.227863e-14
    outer loop
      vertex   2.010736e+02 1.725000e+02 6.298859e+00
      vertex   1.994192e+02 1.725000e+02 5.217418e+00
      vertex   2.012246e+02 1.725000e+02 5.975000e+00
    endloop
  endfacet
  facet normal 4.183099e-14 -1.000000e+00 -2.465985e-14
    outer loop
      vertex   2.012246e+02 1.725000e+02 5.975000e+00
      vertex   1.994192e+02 1.725000e+02 5.217418e+00
      vertex   1.997637e+02 1.725000e+02 4.649240e+00
    endloop
  endfacet
  facet normal 1.189541e-14 -1.000000e+00 8.329258e-15
    outer loop
      vertex   2.012246e+02 1.725000e+02 5.975000e+00
      vertex   1.997637e+02 1.725000e+02 4.649240e+00
      vertex   2.014296e+02 1.725000e+02 5.682285e+00
    endloop
  endfacet
  facet normal 1.111821e-14 -1.000000e+00 9.582623e-15
    outer loop
      vertex   2.014296e+02 1.725000e+02 5.682285e+00
      vertex   1.997637e+02 1.725000e+02 4.649240e+00
      vertex   2.001975e+02 1.725000e+02 4.145928e+00
    endloop
  endfacet
  facet normal 1.026605e-14 -1.000000e+00 1.026605e-14
    outer loop
      vertex   2.014296e+02 1.725000e+02 5.682285e+00
      vertex   2.001975e+02 1.725000e+02 4.145928e+00
      vertex   2.016823e+02 1.725000e+02 5.429609e+00
    endloop
  endfacet
  facet normal 3.773815e-14 -1.000000e+00 -2.151089e-14
    outer loop
      vertex   2.016823e+02 1.725000e+02 5.429609e+00
      vertex   2.001975e+02 1.725000e+02 4.145928e+00
      vertex   2.007086e+02 1.725000e+02 3.721371e+00
    endloop
  endfacet
  facet normal 0.000000e+00 -1.000000e+00 -0.000000e+00
    outer loop
      vertex   2.016823e+02 1.725000e+02 5.429609e+00
      vertex   2.007086e+02 1.725000e+02 3.721371e+00
      vertex   2.019750e+02 1.725000e+02 5.224648e+00
    endloop
  endfacet
  facet normal 0.000000e+00 -1.000000e+00 -0.000000e+00
    outer loop
      vertex   2.019750e+02 1.725000e+02 5.224648e+00
      vertex   2.007086e+02 1.725000e+02 3.721371e+00
      vertex   2.022989e+02 1.725000e+02 5.073630e+00
    endloop
  endfacet
  facet normal 0.000000e+00 -1.000000e+00 -0.000000e+00
    outer loop
      vertex   2.022989e+02 1.725000e+02 5.073630e+00
      vertex   2.007086e+02 1.725000e+02 3.721371e+00
      vertex   2.026440e+02 1.725000e+02 4.981144e+00
    endloop
  endfacet
  facet normal 0.000000e+00 -1.000000e+00 -0.000000e+00
    outer loop
      vertex   2.026440e+02 1.725000e+02 4.981144e+00
      vertex   2.007086e+02 1.725000e+02 3.721371e+00
      vertex   2.031716e+02 1.725000e+02 2.000000e+00
    endloop
  endfacet
  facet normal 0.000000e+00 -1.000000e+00 0.000000e+00
    outer loop
      vertex   2.026440e+02 1.725000e+02 4.981144e+00
      vertex   2.031716e+02 1.725000e+02 2.000000e+00
      vertex   2.030000e+02 1.725000e+02 4.950000e+00
    endloop
  endfacet
  facet normal 0.000000e+00 -1.000000e+00 0.000000e+00
    outer loop
      vertex   2.030000e+02 1.725000e+02 4.950000e+00
      vertex   2.031716e+02 1.725000e+02 2.000000e+00
      vertex   2.033560e+02 1.725000e+02 4.981144e+00
    endloop
  endfacet
  facet normal 0.000000e+00 -1.000000e+00 -0.000000e+00
    outer loop
      vertex   2.033560e+02 1.725000e+02 4.981144e+00
      vertex   2.031716e+02 1.725000e+02 2.000000e+00
      vertex   2.037011e+02 1.725000e+02 5.073630e+00
    endloop
  endfacet
  facet normal 0.000000e+00 -1.000000e+00 -0.000000e+00
    outer loop
      vertex   2.037011e+02 1.725000e+02 5.073630e+00
      vertex   2.031716e+02 1.725000e+02 2.000000e+00
      vertex   2.040250e+02 1.725000e+02 5.224648e+00
    endloop
  endfacet
  facet normal 0.000000e+00 -1.000000e+00 -0.000000e+00
    outer loop
      vertex   2.040250e+02 1.725000e+02 5.224648e+00
      vertex   2.031716e+02 1.725000e+02 2.000000e+00
      vertex   2.043177e+02 1.725000e+02 5.429609e+00
    endloop
  endfacet
  facet normal 0.000000e+00 -1.000000e+00 -0.000000e+00
    outer loop
      vertex   2.043177e+02 1.725000e+02 5.429609e+00
      vertex   2.031716e+02 1.725000e+02 2.000000e+00
      vertex   2.080000e+02 1.725000e+02 6.828427e+00
    endloop
  endfacet
  facet normal 0.000000e+00 -1.000000e+00 0.000000e+00
    outer loop
      vertex   2.043177e+02 1.725000e+02 5.429609e+00
      vertex   2.080000e+02 1.725000e+02 6.828427e+00
      vertex   2.045704e+02 1.725000e+02 5.682285e+00
    endloop
  endfacet
  facet normal 0.000000e+00 -1.000000e+00 0.000000e+00
    outer loop
      vertex   2.045704e+02 1.725000e+02 5.682285e+00
      vertex   2.080000e+02 1.725000e+02 6.828427e+00
      vertex   2.047754e+02 1.725000e+02 5.975000e+00
    endloop
  endfacet
  facet normal 0.000000e+00 -1.000000e+00 0.000000e+00
    outer loop
      vertex   2.047754e+02 1.725000e+02 5.975000e+00
      vertex   2.080000e+02 1.725000e+02 6.828427e+00
      vertex   2.049264e+02 1.725000e+02 6.298859e+00
    endloop
  endfacet
  facet normal 0.000000e+00 -1.000000e+00 0.000000e+00
    outer loop
      vertex   2.049264e+02 1.725000e+02 6.298859e+00
      vertex   2.080000e+02 1.725000e+02 6.828427e+00
      vertex   2.050189e+02 1.725000e+02 6.644021e+00
    endloop
  endfacet
  facet normal 0.000000e+00 -1.000000e+00 0.000000e+00
    outer loop
      vertex   2.050189e+02 1.725000e+02 6.644021e+00
      vertex   2.080000e+02 1.725000e+02 6.828427e+00
      vertex   2.050500e+02 1.725000e+02 7.000000e+00
    endloop
  endfacet
  facet normal 0.000000e+00 -1.000000e+00 0.000000e+00
    outer loop
      vertex   2.050500e+02 1.725000e+02 7.000000e+00
      vertex   2.080000e+02 1.725000e+02 6.828427e+00
      vertex   2.050189e+02 1.725000e+02 7.355979e+00
    endloop
  endfacet
  facet normal -4.660538e-15 -1.000000e+00 -2.633626e-14
    outer loop
      vertex   2.050189e+02 1.725000e+02 7.355979e+00
      vertex   2.080000e+02 1.725000e+02 6.828427e+00
      vertex   2.062786e+02 1.725000e+02 9.291417e+00
    endloop
  endfacet
  facet normal -3.196374e-14 -1.000000e+00 -8.564657e-15
    outer loop
      vertex   2.050189e+02 1.725000e+02 7.355979e+00
      vertex   2.062786e+02 1.725000e+02 9.291417e+00
      vertex   2.049264e+02 1.725000e+02 7.701141e+00
    endloop
  endfacet
  facet normal -2.714823e-14 -1.000000e+00 -1.265943e-14
    outer loop
      vertex   2.049264e+02 1.725000e+02 7.701141e+00
      vertex   2.062786e+02 1.725000e+02 9.291417e+00
      vertex   2.047754e+02 1.725000e+02 8.025000e+00
    endloop
  endfacet
  facet normal -2.378354e-14 -1.000000e+00 -1.665342e-14
    outer loop
      vertex   2.047754e+02 1.725000e+02 8.025000e+00
      vertex   2.062786e+02 1.725000e+02 9.291417e+00
      vertex   2.045704e+02 1.725000e+02 8.317715e+00
    endloop
  endfacet
  facet normal -8.711632e-14 -1.000000e+00 9.445594e-14
    outer loop
      vertex   2.045704e+02 1.725000e+02 8.317715e+00
      vertex   2.062786e+02 1.725000e+02 9.291417e+00
      vertex   2.058541e+02 1.725000e+02 9.802547e+00
    endloop
  endfacet
  facet normal 1.026605e-14 -1.000000e+00 1.026605e-14
    outer loop
      vertex   2.045704e+02 1.725000e+02 8.317715e+00
      vertex   2.058541e+02 1.725000e+02 9.802547e+00
      vertex   2.043177e+02 1.725000e+02 8.570391e+00
    endloop
  endfacet
  facet normal 3.680108e-14 -1.000000e+00 -2.282009e-14
    outer loop
      vertex   2.043177e+02 1.725000e+02 8.570391e+00
      vertex   2.058541e+02 1.725000e+02 9.802547e+00
      vertex   2.053508e+02 1.725000e+02 1.023634e+01
    endloop
  endfacet
  facet normal 0.000000e+00 -1.000000e+00 0.000000e+00
    outer loop
      vertex   2.043177e+02 1.725000e+02 8.570391e+00
      vertex   2.053508e+02 1.725000e+02 1.023634e+01
      vertex   2.040250e+02 1.725000e+02 8.775352e+00
    endloop
  endfacet
  facet normal 3.226860e-14 -1.000000e+00 -2.928176e-14
    outer loop
      vertex   2.040250e+02 1.725000e+02 8.775352e+00
      vertex   2.053508e+02 1.725000e+02 1.023634e+01
      vertex   2.047826e+02 1.725000e+02 1.058084e+01
    endloop
  endfacet
  facet normal -6.139315e-15 -1.000000e+00 -1.316580e-14
    outer loop
      vertex   2.040250e+02 1.725000e+02 8.775352e+00
      vertex   2.047826e+02 1.725000e+02 1.058084e+01
      vertex   2.037011e+02 1.725000e+02 8.926370e+00
    endloop
  endfacet
  facet normal -5.425165e-15 -1.000000e+00 -1.363261e-14
    outer loop
      vertex   2.037011e+02 1.725000e+02 8.926370e+00
      vertex   2.047826e+02 1.725000e+02 1.058084e+01
      vertex   2.041652e+02 1.725000e+02 1.082652e+01
    endloop
  endfacet
  facet normal -3.761705e-15 -1.000000e+00 -1.403887e-14
    outer loop
      vertex   2.037011e+02 1.725000e+02 8.926370e+00
      vertex   2.041652e+02 1.725000e+02 1.082652e+01
      vertex   2.033560e+02 1.725000e+02 9.018856e+00
    endloop
  endfacet
  facet normal 3.681223e-14 -1.000000e+00 -3.220256e-14
    outer loop
      vertex   2.033560e+02 1.725000e+02 9.018856e+00
      vertex   2.041652e+02 1.725000e+02 1.082652e+01
      vertex   2.035157e+02 1.725000e+02 1.096662e+01
    endloop
  endfacet
  facet normal -2.535079e-15 -1.000000e+00 -2.897609e-14
    outer loop
      vertex   2.033560e+02 1.725000e+02 9.018856e+00
      vertex   2.035157e+02 1.725000e+02 1.096662e+01
      vertex   2.030000e+02 1.725000e+02 9.050000e+00
    endloop
  endfacet
  facet normal -1.352327e-15 -1.000000e+00 -2.929432e-14
    outer loop
      vertex   2.030000e+02 1.725000e+02 9.050000e+00
      vertex   2.035157e+02 1.725000e+02 1.096662e+01
      vertex   2.028519e+02 1.725000e+02 1.099726e+01
    endloop
  endfacet
  facet normal 2.537049e-15 -1.000000e+00 -2.899861e-14
    outer loop
      vertex   2.030000e+02 1.725000e+02 9.050000e+00
      vertex   2.028519e+02 1.725000e+02 1.099726e+01
      vertex   2.026440e+02 1.725000e+02 9.018856e+00
    endloop
  endfacet
  facet normal 9.079204e-14 -1.000000e+00 -3.827392e-14
    outer loop
      vertex   2.026440e+02 1.725000e+02 9.018856e+00
      vertex   2.028519e+02 1.725000e+02 1.099726e+01
      vertex   2.021923e+02 1.725000e+02 1.091760e+01
    endloop
  endfacet
  facet normal 1.508193e-14 -1.000000e+00 -5.628653e-14
    outer loop
      vertex   2.026440e+02 1.725000e+02 9.018856e+00
      vertex   2.021923e+02 1.725000e+02 1.091760e+01
      vertex   2.022989e+02 1.725000e+02 8.926370e+00
    endloop
  endfacet
  facet normal 1.655785e-14 -1.000000e+00 -5.620753e-14
    outer loop
      vertex   2.022989e+02 1.725000e+02 8.926370e+00
      vertex   2.021923e+02 1.725000e+02 1.091760e+01
      vertex   2.015549e+02 1.725000e+02 1.072984e+01
    endloop
  endfacet
  facet normal 2.465286e-14 -1.000000e+00 -5.286824e-14
    outer loop
      vertex   2.022989e+02 1.725000e+02 8.926370e+00
      vertex   2.015549e+02 1.725000e+02 1.072984e+01
      vertex   2.019750e+02 1.725000e+02 8.775352e+00
    endloop
  endfacet
  facet normal 2.561917e-14 -1.000000e+00 -5.266054e-14
    outer loop
      vertex   2.019750e+02 1.725000e+02 8.775352e+00
      vertex   2.015549e+02 1.725000e+02 1.072984e+01
      vertex   2.009574e+02 1.725000e+02 1.043916e+01
    endloop
  endfacet
  facet normal 3.349883e-14 -1.000000e+00 -4.784128e-14
    outer loop
      vertex   2.019750e+02 1.725000e+02 8.775352e+00
      vertex   2.009574e+02 1.725000e+02 1.043916e+01
      vertex   2.016823e+02 1.725000e+02 8.570391e+00
    endloop
  endfacet
  facet normal 3.396106e-14 -1.000000e+00 -4.766199e-14
    outer loop
      vertex   2.016823e+02 1.725000e+02 8.570391e+00
      vertex   2.009574e+02 1.725000e+02 1.043916e+01
      vertex   2.004163e+02 1.725000e+02 1.005358e+01
    endloop
  endfacet
  facet normal 7.398789e-14 -1.000000e+00 -1.349582e-14
    outer loop
      vertex   2.016823e+02 1.725000e+02 8.570391e+00
      vertex   2.004163e+02 1.725000e+02 1.005358e+01
      vertex   1.999464e+02 1.725000e+02 9.583733e+00
    endloop
  endfacet
  facet normal 5.820260e-14 -1.000000e+00 -7.028369e-15
    outer loop
      vertex   1.990027e+02 1.725000e+02 7.148055e+00
      vertex   2.009811e+02 1.725000e+02 7.355979e+00
      vertex   1.990824e+02 1.725000e+02 7.807719e+00
    endloop
  endfacet
  facet normal 5.628653e-14 -1.000000e+00 -1.508193e-14
    outer loop
      vertex   1.990824e+02 1.725000e+02 7.807719e+00
      vertex   2.009811e+02 1.725000e+02 7.355979e+00
      vertex   2.010736e+02 1.725000e+02 7.701141e+00
    endloop
  endfacet
  facet normal 5.385787e-14 -1.000000e+00 -6.045740e-14
    outer loop
      vertex   1.990824e+02 1.725000e+02 7.807719e+00
      vertex   2.010736e+02 1.725000e+02 7.701141e+00
      vertex   1.992702e+02 1.725000e+02 8.445096e+00
    endloop
  endfacet
  facet normal 6.608530e-14 -1.000000e+00 -3.081608e-14
    outer loop
      vertex   1.992702e+02 1.725000e+02 8.445096e+00
      vertex   2.010736e+02 1.725000e+02 7.701141e+00
      vertex   2.012246e+02 1.725000e+02 8.025000e+00
    endloop
  endfacet
  facet normal 6.582568e-14 -1.000000e+00 -3.202396e-14
    outer loop
      vertex   1.992702e+02 1.725000e+02 8.445096e+00
      vertex   2.012246e+02 1.725000e+02 8.025000e+00
      vertex   1.995608e+02 1.725000e+02 9.042596e+00
    endloop
  endfacet
  facet normal 5.980160e-14 -1.000000e+00 -4.187353e-14
    outer loop
      vertex   1.995608e+02 1.725000e+02 9.042596e+00
      vertex   2.012246e+02 1.725000e+02 8.025000e+00
      vertex   2.014296e+02 1.725000e+02 8.317715e+00
    endloop
  endfacet
  facet normal 5.957748e-14 -1.000000e+00 -4.245132e-14
    outer loop
      vertex   1.995608e+02 1.725000e+02 9.042596e+00
      vertex   2.014296e+02 1.725000e+02 8.317715e+00
      vertex   1.999464e+02 1.725000e+02 9.583733e+00
    endloop
  endfacet
  facet normal 5.169082e-14 -1.000000e+00 -5.169082e-14
    outer loop
      vertex   1.999464e+02 1.725000e+02 9.583733e+00
      vertex   2.014296e+02 1.725000e+02 8.317715e+00
      vertex   2.016823e+02 1.725000e+02 8.570391e+00
    endloop
  endfacet
  facet normal 9.961947e-01 4.683657e-15 -8.715574e-02
    outer loop
      vertex   1.029811e+02 1.775000e+02 6.605979e+00
      vertex   1.029811e+02 1.725000e+02 6.605979e+00
      vertex   1.029500e+02 1.775000e+02 6.250000e+00
    endloop
  endfacet
  facet normal 9.961947e-01 4.590766e-15 -8.715574e-02
    outer loop
      vertex   1.029500e+02 1.775000e+02 6.250000e+00
      vertex   1.029811e+02 1.725000e+02 6.605979e+00
      vertex   1.029500e+02 1.725000e+02 6.250000e+00
    endloop
  endfacet
  facet normal 9.961947e-01 1.806008e-14 8.715574e-02
    outer loop
      vertex   1.029500e+02 1.775000e+02 6.250000e+00
      vertex   1.029500e+02 1.725000e+02 6.250000e+00
      vertex   1.029811e+02 1.775000e+02 5.894021e+00
    endloop
  endfacet
  facet normal 9.961947e-01 -1.037733e-14 8.715574e-02
    outer loop
      vertex   1.029811e+02 1.775000e+02 5.894021e+00
      vertex   1.029500e+02 1.725000e+02 6.250000e+00
      vertex   1.029811e+02 1.725000e+02 5.894021e+00
    endloop
  endfacet
  facet normal 9.659258e-01 3.159580e-15 2.588190e-01
    outer loop
      vertex   1.029811e+02 1.775000e+02 5.894021e+00
      vertex   1.029811e+02 1.725000e+02 5.894021e+00
      vertex   1.030736e+02 1.775000e+02 5.548859e+00
    endloop
  endfacet
  facet normal 9.659258e-01 -5.949934e-15 2.588190e-01
    outer loop
      vertex   1.030736e+02 1.775000e+02 5.548859e+00
      vertex   1.029811e+02 1.725000e+02 5.894021e+00
      vertex   1.030736e+02 1.725000e+02 5.548859e+00
    endloop
  endfacet
  facet normal 9.063078e-01 7.446475e-15 4.226183e-01
    outer loop
      vertex   1.030736e+02 1.775000e+02 5.548859e+00
      vertex   1.030736e+02 1.725000e+02 5.548859e+00
      vertex   1.032246e+02 1.775000e+02 5.225000e+00
    endloop
  endfacet
  facet normal 9.063078e-01 -7.760168e-15 4.226183e-01
    outer loop
      vertex   1.032246e+02 1.775000e+02 5.225000e+00
      vertex   1.030736e+02 1.725000e+02 5.548859e+00
      vertex   1.032246e+02 1.725000e+02 5.225000e+00
    endloop
  endfacet
  facet normal 8.191520e-01 5.817259e-15 5.735764e-01
    outer loop
      vertex   1.032246e+02 1.775000e+02 5.225000e+00
      vertex   1.032246e+02 1.725000e+02 5.225000e+00
      vertex   1.034296e+02 1.775000e+02 4.932285e+00
    endloop
  endfacet
  facet normal 8.191520e-01 -7.978478e-15 5.735764e-01
    outer loop
      vertex   1.034296e+02 1.775000e+02 4.932285e+00
      vertex   1.032246e+02 1.725000e+02 5.225000e+00
      vertex   1.034296e+02 1.725000e+02 4.932285e+00
    endloop
  endfacet
  facet normal 7.071068e-01 5.652333e-15 7.071068e-01
    outer loop
      vertex   1.034296e+02 1.775000e+02 4.932285e+00
      vertex   1.034296e+02 1.725000e+02 4.932285e+00
      vertex   1.036823e+02 1.775000e+02 4.679609e+00
    endloop
  endfacet
  facet normal 7.071068e-01 -7.034014e-15 7.071068e-01
    outer loop
      vertex   1.036823e+02 1.775000e+02 4.679609e+00
      vertex   1.034296e+02 1.725000e+02 4.932285e+00
      vertex   1.036823e+02 1.725000e+02 4.679609e+00
    endloop
  endfacet
  facet normal 5.735764e-01 6.508730e-15 8.191520e-01
    outer loop
      vertex   1.036823e+02 1.775000e+02 4.679609e+00
      vertex   1.036823e+02 1.725000e+02 4.679609e+00
      vertex   1.039750e+02 1.775000e+02 4.474648e+00
    endloop
  endfacet
  facet normal 5.735764e-01 -7.549047e-15 8.191520e-01
    outer loop
      vertex   1.039750e+02 1.775000e+02 4.474648e+00
      vertex   1.036823e+02 1.725000e+02 4.679609e+00
      vertex   1.039750e+02 1.725000e+02 4.474648e+00
    endloop
  endfacet
  facet normal 4.226183e-01 6.107715e-15 9.063078e-01
    outer loop
      vertex   1.039750e+02 1.775000e+02 4.474648e+00
      vertex   1.039750e+02 1.725000e+02 4.474648e+00
      vertex   1.042989e+02 1.775000e+02 4.323630e+00
    endloop
  endfacet
  facet normal 4.226183e-01 -8.604235e-15 9.063078e-01
    outer loop
      vertex   1.042989e+02 1.775000e+02 4.323630e+00
      vertex   1.039750e+02 1.725000e+02 4.474648e+00
      vertex   1.042989e+02 1.725000e+02 4.323630e+00
    endloop
  endfacet
  facet normal 2.588190e-01 5.532853e-15 9.659258e-01
    outer loop
      vertex   1.042989e+02 1.775000e+02 4.323630e+00
      vertex   1.042989e+02 1.725000e+02 4.323630e+00
      vertex   1.046440e+02 1.775000e+02 4.231144e+00
    endloop
  endfacet
  facet normal 2.588190e-01 -6.257090e-15 9.659258e-01
    outer loop
      vertex   1.046440e+02 1.775000e+02 4.231144e+00
      vertex   1.042989e+02 1.725000e+02 4.323630e+00
      vertex   1.046440e+02 1.725000e+02 4.231144e+00
    endloop
  endfacet
  facet normal 8.715574e-02 6.831480e-15 9.961947e-01
    outer loop
      vertex   1.046440e+02 1.775000e+02 4.231144e+00
      vertex   1.046440e+02 1.725000e+02 4.231144e+00
      vertex   1.050000e+02 1.775000e+02 4.200000e+00
    endloop
  endfacet
  facet normal 8.715574e-02 -6.935923e-15 9.961947e-01
    outer loop
      vertex   1.050000e+02 1.775000e+02 4.200000e+00
      vertex   1.046440e+02 1.725000e+02 4.231144e+00
      vertex   1.050000e+02 1.725000e+02 4.200000e+00
    endloop
  endfacet
  facet normal -8.715574e-02 6.935923e-15 9.961947e-01
    outer loop
      vertex   1.050000e+02 1.775000e+02 4.200000e+00
      vertex   1.050000e+02 1.725000e+02 4.200000e+00
      vertex   1.053560e+02 1.775000e+02 4.231144e+00
    endloop
  endfacet
  facet normal -8.715574e-02 -6.513017e-15 9.961947e-01
    outer loop
      vertex   1.053560e+02 1.775000e+02 4.231144e+00
      vertex   1.050000e+02 1.725000e+02 4.200000e+00
      vertex   1.053560e+02 1.725000e+02 4.231144e+00
    endloop
  endfacet
  facet normal -2.588190e-01 7.556723e-15 9.659258e-01
    outer loop
      vertex   1.053560e+02 1.775000e+02 4.231144e+00
      vertex   1.053560e+02 1.725000e+02 4.231144e+00
      vertex   1.057011e+02 1.775000e+02 4.323630e+00
    endloop
  endfacet
  facet normal -2.588190e-01 -7.175652e-15 9.659258e-01
    outer loop
      vertex   1.057011e+02 1.775000e+02 4.323630e+00
      vertex   1.053560e+02 1.725000e+02 4.231144e+00
      vertex   1.057011e+02 1.725000e+02 4.323630e+00
    endloop
  endfacet
  facet normal -4.226183e-01 6.040936e-15 9.063078e-01
    outer loop
      vertex   1.057011e+02 1.775000e+02 4.323630e+00
      vertex   1.057011e+02 1.725000e+02 4.323630e+00
      vertex   1.060250e+02 1.775000e+02 4.474648e+00
    endloop
  endfacet
  facet normal -4.226183e-01 -6.107715e-15 9.063078e-01
    outer loop
      vertex   1.060250e+02 1.775000e+02 4.474648e+00
      vertex   1.057011e+02 1.725000e+02 4.323630e+00
      vertex   1.060250e+02 1.725000e+02 4.474648e+00
    endloop
  endfacet
  facet normal -5.735764e-01 7.549047e-15 8.191520e-01
    outer loop
      vertex   1.060250e+02 1.775000e+02 4.474648e+00
      vertex   1.060250e+02 1.725000e+02 4.474648e+00
      vertex   1.063177e+02 1.775000e+02 4.679609e+00
    endloop
  endfacet
  facet normal -5.735764e-01 -6.363219e-15 8.191520e-01
    outer loop
      vertex   1.063177e+02 1.775000e+02 4.679609e+00
      vertex   1.060250e+02 1.725000e+02 4.474648e+00
      vertex   1.063177e+02 1.725000e+02 4.679609e+00
    endloop
  endfacet
  facet normal -7.071068e-01 7.159622e-15 7.071068e-01
    outer loop
      vertex   1.063177e+02 1.775000e+02 4.679609e+00
      vertex   1.063177e+02 1.725000e+02 4.679609e+00
      vertex   1.065704e+02 1.775000e+02 4.932285e+00
    endloop
  endfacet
  facet normal -7.071068e-01 -7.536444e-15 7.071068e-01
    outer loop
      vertex   1.065704e+02 1.775000e+02 4.932285e+00
      vertex   1.063177e+02 1.725000e+02 4.679609e+00
      vertex   1.065704e+02 1.725000e+02 4.932285e+00
    endloop
  endfacet
  facet normal -8.191520e-01 5.752195e-15 5.735764e-01
    outer loop
      vertex   1.065704e+02 1.775000e+02 4.932285e+00
      vertex   1.065704e+02 1.725000e+02 4.932285e+00
      vertex   1.067754e+02 1.775000e+02 5.225000e+00
    endloop
  endfacet
  facet normal -8.191520e-01 -5.715372e-15 5.735764e-01
    outer loop
      vertex   1.067754e+02 1.775000e+02 5.225000e+00
      vertex   1.065704e+02 1.725000e+02 4.932285e+00
      vertex   1.067754e+02 1.725000e+02 5.225000e+00
    endloop
  endfacet
  facet normal -9.063078e-01 7.835240e-15 4.226183e-01
    outer loop
      vertex   1.067754e+02 1.775000e+02 5.225000e+00
      vertex   1.067754e+02 1.725000e+02 5.225000e+00
      vertex   1.069264e+02 1.775000e+02 5.548859e+00
    endloop
  endfacet
  facet normal -9.063078e-01 -4.870594e-15 4.226183e-01
    outer loop
      vertex   1.069264e+02 1.775000e+02 5.548859e+00
      vertex   1.067754e+02 1.725000e+02 5.225000e+00
      vertex   1.069264e+02 1.725000e+02 5.548859e+00
    endloop
  endfacet
  facet normal -9.659258e-01 8.695260e-15 2.588190e-01
    outer loop
      vertex   1.069264e+02 1.775000e+02 5.548859e+00
      vertex   1.069264e+02 1.725000e+02 5.548859e+00
      vertex   1.070189e+02 1.775000e+02 5.894021e+00
    endloop
  endfacet
  facet normal -9.659258e-01 -8.696208e-15 2.588190e-01
    outer loop
      vertex   1.070189e+02 1.775000e+02 5.894021e+00
      vertex   1.069264e+02 1.725000e+02 5.548859e+00
      vertex   1.070189e+02 1.725000e+02 5.894021e+00
    endloop
  endfacet
  facet normal -9.961947e-01 4.699139e-15 8.715574e-02
    outer loop
      vertex   1.070189e+02 1.775000e+02 5.894021e+00
      vertex   1.070189e+02 1.725000e+02 5.894021e+00
      vertex   1.070500e+02 1.775000e+02 6.250000e+00
    endloop
  endfacet
  facet normal -9.961947e-01 -6.734657e-15 8.715574e-02
    outer loop
      vertex   1.070500e+02 1.775000e+02 6.250000e+00
      vertex   1.070189e+02 1.725000e+02 5.894021e+00
      vertex   1.070500e+02 1.725000e+02 6.250000e+00
    endloop
  endfacet
  facet normal -9.961947e-01 6.734657e-15 -8.715574e-02
    outer loop
      vertex   1.070500e+02 1.775000e+02 6.250000e+00
      vertex   1.070500e+02 1.725000e+02 6.250000e+00
      vertex   1.070189e+02 1.775000e+02 6.605979e+00
    endloop
  endfacet
  facet normal -9.961947e-01 -1.037733e-14 -8.715574e-02
    outer loop
      vertex   1.070189e+02 1.775000e+02 6.605979e+00
      vertex   1.070500e+02 1.725000e+02 6.250000e+00
      vertex   1.070189e+02 1.725000e+02 6.605979e+00
    endloop
  endfacet
  facet normal -9.659258e-01 3.159580e-15 -2.588190e-01
    outer loop
      vertex   1.070189e+02 1.775000e+02 6.605979e+00
      vertex   1.070189e+02 1.725000e+02 6.605979e+00
      vertex   1.069264e+02 1.775000e+02 6.951141e+00
    endloop
  endfacet
  facet normal -9.659258e-01 -5.903958e-15 -2.588190e-01
    outer loop
      vertex   1.069264e+02 1.775000e+02 6.951141e+00
      vertex   1.070189e+02 1.725000e+02 6.605979e+00
      vertex   1.069264e+02 1.725000e+02 6.951141e+00
    endloop
  endfacet
  facet normal -9.063078e-01 7.521547e-15 -4.226183e-01
    outer loop
      vertex   1.069264e+02 1.775000e+02 6.951141e+00
      vertex   1.069264e+02 1.725000e+02 6.951141e+00
      vertex   1.067754e+02 1.775000e+02 7.275000e+00
    endloop
  endfacet
  facet normal -9.063078e-01 -7.835240e-15 -4.226183e-01
    outer loop
      vertex   1.067754e+02 1.775000e+02 7.275000e+00
      vertex   1.069264e+02 1.725000e+02 6.951141e+00
      vertex   1.067754e+02 1.725000e+02 7.275000e+00
    endloop
  endfacet
  facet normal -8.191520e-01 5.715372e-15 -5.735764e-01
    outer loop
      vertex   1.067754e+02 1.775000e+02 7.275000e+00
      vertex   1.067754e+02 1.725000e+02 7.275000e+00
      vertex   1.065704e+02 1.775000e+02 7.567715e+00
    endloop
  endfacet
  facet normal -8.191520e-01 -8.080365e-15 -5.735764e-01
    outer loop
      vertex   1.065704e+02 1.775000e+02 7.567715e+00
      vertex   1.067754e+02 1.725000e+02 7.275000e+00
      vertex   1.065704e+02 1.725000e+02 7.567715e+00
    endloop
  endfacet
  facet normal -7.071068e-01 5.526725e-15 -7.071068e-01
    outer loop
      vertex   1.065704e+02 1.775000e+02 7.567715e+00
      vertex   1.065704e+02 1.725000e+02 7.567715e+00
      vertex   1.063177e+02 1.775000e+02 7.820391e+00
    endloop
  endfacet
  facet normal -7.071068e-01 -7.034014e-15 -7.071068e-01
    outer loop
      vertex   1.063177e+02 1.775000e+02 7.820391e+00
      vertex   1.065704e+02 1.725000e+02 7.567715e+00
      vertex   1.063177e+02 1.725000e+02 7.820391e+00
    endloop
  endfacet
  facet normal -5.735764e-01 6.508730e-15 -8.191520e-01
    outer loop
      vertex   1.063177e+02 1.775000e+02 7.820391e+00
      vertex   1.063177e+02 1.725000e+02 7.820391e+00
      vertex   1.060250e+02 1.775000e+02 8.025352e+00
    endloop
  endfacet
  facet normal -5.735764e-01 -7.403537e-15 -8.191520e-01
    outer loop
      vertex   1.060250e+02 1.775000e+02 8.025352e+00
      vertex   1.063177e+02 1.725000e+02 7.820391e+00
      vertex   1.060250e+02 1.725000e+02 8.025352e+00
    endloop
  endfacet
  facet normal -4.226183e-01 6.268707e-15 -9.063078e-01
    outer loop
      vertex   1.060250e+02 1.775000e+02 8.025352e+00
      vertex   1.060250e+02 1.725000e+02 8.025352e+00
      vertex   1.057011e+02 1.775000e+02 8.176370e+00
    endloop
  endfacet
  facet normal -4.226183e-01 -8.604235e-15 -9.063078e-01
    outer loop
      vertex   1.057011e+02 1.775000e+02 8.176370e+00
      vertex   1.060250e+02 1.725000e+02 8.025352e+00
      vertex   1.057011e+02 1.725000e+02 8.176370e+00
    endloop
  endfacet
  facet normal -2.588190e-01 5.532853e-15 -9.659258e-01
    outer loop
      vertex   1.057011e+02 1.775000e+02 8.176370e+00
      vertex   1.057011e+02 1.725000e+02 8.176370e+00
      vertex   1.053560e+02 1.775000e+02 8.268856e+00
    endloop
  endfacet
  facet normal -2.588190e-01 -6.085507e-15 -9.659258e-01
    outer loop
      vertex   1.053560e+02 1.775000e+02 8.268856e+00
      vertex   1.057011e+02 1.725000e+02 8.176370e+00
      vertex   1.053560e+02 1.725000e+02 8.268856e+00
    endloop
  endfacet
  facet normal -8.715574e-02 7.008440e-15 -9.961947e-01
    outer loop
      vertex   1.053560e+02 1.775000e+02 8.268856e+00
      vertex   1.053560e+02 1.725000e+02 8.268856e+00
      vertex   1.050000e+02 1.775000e+02 8.300000e+00
    endloop
  endfacet
  facet normal -8.715574e-02 -6.935923e-15 -9.961947e-01
    outer loop
      vertex   1.050000e+02 1.775000e+02 8.300000e+00
      vertex   1.053560e+02 1.725000e+02 8.268856e+00
      vertex   1.050000e+02 1.725000e+02 8.300000e+00
    endloop
  endfacet
  facet normal 8.715574e-02 6.935923e-15 -9.961947e-01
    outer loop
      vertex   1.050000e+02 1.775000e+02 8.300000e+00
      vertex   1.050000e+02 1.725000e+02 8.300000e+00
      vertex   1.046440e+02 1.775000e+02 8.268856e+00
    endloop
  endfacet
  facet normal 8.715574e-02 -6.513017e-15 -9.961947e-01
    outer loop
      vertex   1.046440e+02 1.775000e+02 8.268856e+00
      vertex   1.050000e+02 1.725000e+02 8.300000e+00
      vertex   1.046440e+02 1.725000e+02 8.268856e+00
    endloop
  endfacet
  facet normal 2.588190e-01 7.556723e-15 -9.659258e-01
    outer loop
      vertex   1.046440e+02 1.775000e+02 8.268856e+00
      vertex   1.046440e+02 1.725000e+02 8.268856e+00
      vertex   1.042989e+02 1.775000e+02 8.176370e+00
    endloop
  endfacet
  facet normal 2.588190e-01 -7.004069e-15 -9.659258e-01
    outer loop
      vertex   1.042989e+02 1.775000e+02 8.176370e+00
      vertex   1.046440e+02 1.725000e+02 8.268856e+00
      vertex   1.042989e+02 1.725000e+02 8.176370e+00
    endloop
  endfacet
  facet normal 4.226183e-01 6.201928e-15 -9.063078e-01
    outer loop
      vertex   1.042989e+02 1.775000e+02 8.176370e+00
      vertex   1.042989e+02 1.725000e+02 8.176370e+00
      vertex   1.039750e+02 1.775000e+02 8.025352e+00
    endloop
  endfacet
  facet normal 4.226183e-01 -7.147875e-15 -9.063078e-01
    outer loop
      vertex   1.039750e+02 1.775000e+02 8.025352e+00
      vertex   1.042989e+02 1.725000e+02 8.176370e+00
      vertex   1.039750e+02 1.725000e+02 8.025352e+00
    endloop
  endfacet
  facet normal 5.735764e-01 6.064356e-15 -8.191520e-01
    outer loop
      vertex   1.039750e+02 1.775000e+02 8.025352e+00
      vertex   1.039750e+02 1.725000e+02 8.025352e+00
      vertex   1.036823e+02 1.775000e+02 7.820391e+00
    endloop
  endfacet
  facet normal 5.735764e-01 -6.508730e-15 -8.191520e-01
    outer loop
      vertex   1.036823e+02 1.775000e+02 7.820391e+00
      vertex   1.039750e+02 1.725000e+02 8.025352e+00
      vertex   1.036823e+02 1.725000e+02 7.820391e+00
    endloop
  endfacet
  facet normal 7.071068e-01 7.034014e-15 -7.071068e-01
    outer loop
      vertex   1.036823e+02 1.775000e+02 7.820391e+00
      vertex   1.036823e+02 1.725000e+02 7.820391e+00
      vertex   1.034296e+02 1.775000e+02 7.567715e+00
    endloop
  endfacet
  facet normal 7.071068e-01 -7.662051e-15 -7.071068e-01
    outer loop
      vertex   1.034296e+02 1.775000e+02 7.567715e+00
      vertex   1.036823e+02 1.725000e+02 7.820391e+00
      vertex   1.034296e+02 1.725000e+02 7.567715e+00
    endloop
  endfacet
  facet normal 8.191520e-01 5.650307e-15 -5.735764e-01
    outer loop
      vertex   1.034296e+02 1.775000e+02 7.567715e+00
      vertex   1.034296e+02 1.725000e+02 7.567715e+00
      vertex   1.032246e+02 1.775000e+02 7.275000e+00
    endloop
  endfacet
  facet normal 8.191520e-01 -5.715372e-15 -5.735764e-01
    outer loop
      vertex   1.032246e+02 1.775000e+02 7.275000e+00
      vertex   1.034296e+02 1.725000e+02 7.567715e+00
      vertex   1.032246e+02 1.725000e+02 7.275000e+00
    endloop
  endfacet
  facet normal 9.063078e-01 7.835240e-15 -4.226183e-01
    outer loop
      vertex   1.032246e+02 1.775000e+02 7.275000e+00
      vertex   1.032246e+02 1.725000e+02 7.275000e+00
      vertex   1.030736e+02 1.775000e+02 6.951141e+00
    endloop
  endfacet
  facet normal 9.063078e-01 -4.870594e-15 -4.226183e-01
    outer loop
      vertex   1.030736e+02 1.775000e+02 6.951141e+00
      vertex   1.032246e+02 1.725000e+02 7.275000e+00
      vertex   1.030736e+02 1.725000e+02 6.951141e+00
    endloop
  endfacet
  facet normal 9.659258e-01 8.695260e-15 -2.588190e-01
    outer loop
      vertex   1.030736e+02 1.775000e+02 6.951141e+00
      vertex   1.030736e+02 1.725000e+02 6.951141e+00
      vertex   1.029811e+02 1.775000e+02 6.605979e+00
    endloop
  endfacet
  facet normal 9.659258e-01 -8.742183e-15 -2.588190e-01
    outer loop
      vertex   1.029811e+02 1.775000e+02 6.605979e+00
      vertex   1.030736e+02 1.725000e+02 6.951141e+00
      vertex   1.029811e+02 1.725000e+02 6.605979e+00
    endloop
  endfacet
  facet normal 1.000000e+00 1.136868e-14 -0.000000e+00
    outer loop
      vertex   1.090000e+02 1.775000e+02 2.000000e+00
      vertex   1.090000e+02 1.775000e+02 6.250000e+00
      vertex   1.090000e+02 1.725000e+02 2.000000e+00
    endloop
  endfacet
  facet normal 1.000000e+00 1.136868e-14 -0.000000e+00
    outer loop
      vertex   1.090000e+02 1.725000e+02 2.000000e+00
      vertex   1.090000e+02 1.775000e+02 6.250000e+00
      vertex   1.090000e+02 1.725000e+02 6.250000e+00
    endloop
  endfacet
  facet normal 9.965845e-01 1.771089e-14 8.257935e-02
    outer loop
      vertex   1.090000e+02 1.725000e+02 6.250000e+00
      vertex   1.090000e+02 1.775000e+02 6.250000e+00
      vertex   1.089454e+02 1.725000e+02 6.908378e+00
    endloop
  endfacet
  facet normal 9.965845e-01 -5.667605e-15 8.257935e-02
    outer loop
      vertex   1.089454e+02 1.725000e+02 6.908378e+00
      vertex   1.090000e+02 1.775000e+02 6.250000e+00
      vertex   1.089454e+02 1.775000e+02 6.908378e+00
    endloop
  endfacet
  facet normal 9.694003e-01 5.811490e-15 2.454855e-01
    outer loop
      vertex   1.089454e+02 1.725000e+02 6.908378e+00
      vertex   1.089454e+02 1.775000e+02 6.908378e+00
      vertex   1.087833e+02 1.725000e+02 7.548798e+00
    endloop
  endfacet
  facet normal 9.694003e-01 -2.271724e-15 2.454855e-01
    outer loop
      vertex   1.087833e+02 1.725000e+02 7.548798e+00
      vertex   1.089454e+02 1.775000e+02 6.908378e+00
      vertex   1.087833e+02 1.775000e+02 7.548798e+00
    endloop
  endfacet
  facet normal 9.157733e-01 7.716523e-15 4.016954e-01
    outer loop
      vertex   1.087833e+02 1.725000e+02 7.548798e+00
      vertex   1.087833e+02 1.775000e+02 7.548798e+00
      vertex   1.085179e+02 1.725000e+02 8.153790e+00
    endloop
  endfacet
  facet normal 9.157733e-01 -4.587223e-15 4.016954e-01
    outer loop
      vertex   1.085179e+02 1.725000e+02 8.153790e+00
      vertex   1.087833e+02 1.775000e+02 7.548798e+00
      vertex   1.085179e+02 1.775000e+02 8.153790e+00
    endloop
  endfacet
  facet normal 8.371665e-01 4.235251e-15 5.469482e-01
    outer loop
      vertex   1.085179e+02 1.725000e+02 8.153790e+00
      vertex   1.085179e+02 1.775000e+02 8.153790e+00
      vertex   1.081566e+02 1.725000e+02 8.706851e+00
    endloop
  endfacet
  facet normal 8.371665e-01 -4.362200e-15 5.469482e-01
    outer loop
      vertex   1.081566e+02 1.725000e+02 8.706851e+00
      vertex   1.085179e+02 1.775000e+02 8.153790e+00
      vertex   1.081566e+02 1.775000e+02 8.706851e+00
    endloop
  endfacet
  facet normal 7.357239e-01 3.151344e-15 6.772816e-01
    outer loop
      vertex   1.081566e+02 1.725000e+02 8.706851e+00
      vertex   1.081566e+02 1.775000e+02 8.706851e+00
      vertex   1.077091e+02 1.725000e+02 9.192896e+00
    endloop
  endfacet
  facet normal 7.357239e-01 -1.976166e-15 6.772816e-01
    outer loop
      vertex   1.077091e+02 1.725000e+02 9.192896e+00
      vertex   1.081566e+02 1.775000e+02 8.706851e+00
      vertex   1.077091e+02 1.775000e+02 9.192896e+00
    endloop
  endfacet
  facet normal 6.142127e-01 3.913854e-15 7.891405e-01
    outer loop
      vertex   1.077091e+02 1.725000e+02 9.192896e+00
      vertex   1.077091e+02 1.775000e+02 9.192896e+00
      vertex   1.071878e+02 1.725000e+02 9.598666e+00
    endloop
  endfacet
  facet normal 6.142127e-01 -3.095121e-15 7.891405e-01
    outer loop
      vertex   1.071878e+02 1.725000e+02 9.598666e+00
      vertex   1.077091e+02 1.775000e+02 9.192896e+00
      vertex   1.071878e+02 1.775000e+02 9.598666e+00
    endloop
  endfacet
  facet normal 4.759474e-01 1.885818e-15 8.794738e-01
    outer loop
      vertex   1.071878e+02 1.725000e+02 9.598666e+00
      vertex   1.071878e+02 1.775000e+02 9.598666e+00
      vertex   1.066068e+02 1.725000e+02 9.913093e+00
    endloop
  endfacet
  facet normal 4.759474e-01 -3.635398e-15 8.794738e-01
    outer loop
      vertex   1.066068e+02 1.725000e+02 9.913093e+00
      vertex   1.071878e+02 1.775000e+02 9.598666e+00
      vertex   1.066068e+02 1.775000e+02 9.913093e+00
    endloop
  endfacet
  facet normal 3.246995e-01 3.456899e-16 9.458172e-01
    outer loop
      vertex   1.066068e+02 1.725000e+02 9.913093e+00
      vertex   1.066068e+02 1.775000e+02 9.913093e+00
      vertex   1.059819e+02 1.725000e+02 1.012760e+01
    endloop
  endfacet
  facet normal 3.246995e-01 -1.926083e-15 9.458172e-01
    outer loop
      vertex   1.059819e+02 1.725000e+02 1.012760e+01
      vertex   1.066068e+02 1.775000e+02 9.913093e+00
      vertex   1.059819e+02 1.775000e+02 1.012760e+01
    endloop
  endfacet
  facet normal 1.645946e-01 4.643776e-16 9.863613e-01
    outer loop
      vertex   1.059819e+02 1.725000e+02 1.012760e+01
      vertex   1.059819e+02 1.775000e+02 1.012760e+01
      vertex   1.053303e+02 1.725000e+02 1.023634e+01
    endloop
  endfacet
  facet normal 1.645946e-01 -9.356119e-16 9.863613e-01
    outer loop
      vertex   1.053303e+02 1.725000e+02 1.023634e+01
      vertex   1.059819e+02 1.775000e+02 1.012760e+01
      vertex   1.053303e+02 1.775000e+02 1.023634e+01
    endloop
  endfacet
  facet normal 0.000000e+00 -0.000000e+00 1.000000e+00
    outer loop
      vertex   1.053303e+02 1.725000e+02 1.023634e+01
      vertex   1.053303e+02 1.775000e+02 1.023634e+01
      vertex   1.046697e+02 1.725000e+02 1.023634e+01
    endloop
  endfacet
  facet normal 0.000000e+00 -0.000000e+00 1.000000e+00
    outer loop
      vertex   1.046697e+02 1.725000e+02 1.023634e+01
      vertex   1.053303e+02 1.775000e+02 1.023634e+01
      vertex   1.046697e+02 1.775000e+02 1.023634e+01
    endloop
  endfacet
  facet normal -1.645946e-01 -9.356119e-16 9.863613e-01
    outer loop
      vertex   1.046697e+02 1.725000e+02 1.023634e+01
      vertex   1.046697e+02 1.775000e+02 1.023634e+01
      vertex   1.040181e+02 1.725000e+02 1.012760e+01
    endloop
  endfacet
  facet normal -1.645946e-01 4.643776e-16 9.863613e-01
    outer loop
      vertex   1.040181e+02 1.725000e+02 1.012760e+01
      vertex   1.046697e+02 1.775000e+02 1.023634e+01
      vertex   1.040181e+02 1.775000e+02 1.012760e+01
    endloop
  endfacet
  facet normal -3.246995e-01 -1.926083e-15 9.458172e-01
    outer loop
      vertex   1.040181e+02 1.725000e+02 1.012760e+01
      vertex   1.040181e+02 1.775000e+02 1.012760e+01
      vertex   1.033932e+02 1.725000e+02 9.913093e+00
    endloop
  endfacet
  facet normal -3.246995e-01 3.456899e-16 9.458172e-01
    outer loop
      vertex   1.033932e+02 1.725000e+02 9.913093e+00
      vertex   1.040181e+02 1.775000e+02 1.012760e+01
      vertex   1.033932e+02 1.775000e+02 9.913093e+00
    endloop
  endfacet
  facet normal -4.759474e-01 -3.635398e-15 8.794738e-01
    outer loop
      vertex   1.033932e+02 1.725000e+02 9.913093e+00
      vertex   1.033932e+02 1.775000e+02 9.913093e+00
      vertex   1.028122e+02 1.725000e+02 9.598666e+00
    endloop
  endfacet
  facet normal -4.759474e-01 1.573366e-15 8.794738e-01
    outer loop
      vertex   1.028122e+02 1.725000e+02 9.598666e+00
      vertex   1.033932e+02 1.775000e+02 9.913093e+00
      vertex   1.028122e+02 1.775000e+02 9.598666e+00
    endloop
  endfacet
  facet normal -6.142127e-01 -3.375480e-15 7.891405e-01
    outer loop
      vertex   1.028122e+02 1.725000e+02 9.598666e+00
      vertex   1.028122e+02 1.775000e+02 9.598666e+00
      vertex   1.022909e+02 1.725000e+02 9.192896e+00
    endloop
  endfacet
  facet normal -6.142127e-01 3.913854e-15 7.891405e-01
    outer loop
      vertex   1.022909e+02 1.725000e+02 9.192896e+00
      vertex   1.028122e+02 1.775000e+02 9.598666e+00
      vertex   1.022909e+02 1.775000e+02 9.192896e+00
    endloop
  endfacet
  facet normal -7.357239e-01 -1.976166e-15 6.772816e-01
    outer loop
      vertex   1.022909e+02 1.725000e+02 9.192896e+00
      vertex   1.022909e+02 1.775000e+02 9.192896e+00
      vertex   1.018434e+02 1.725000e+02 8.706851e+00
    endloop
  endfacet
  facet normal -7.357239e-01 2.910725e-15 6.772816e-01
    outer loop
      vertex   1.018434e+02 1.725000e+02 8.706851e+00
      vertex   1.022909e+02 1.775000e+02 9.192896e+00
      vertex   1.018434e+02 1.775000e+02 8.706851e+00
    endloop
  endfacet
  facet normal -8.371665e-01 -4.556515e-15 5.469482e-01
    outer loop
      vertex   1.018434e+02 1.725000e+02 8.706851e+00
      vertex   1.018434e+02 1.775000e+02 8.706851e+00
      vertex   1.014821e+02 1.725000e+02 8.153790e+00
    endloop
  endfacet
  facet normal -8.371665e-01 4.040936e-15 5.469482e-01
    outer loop
      vertex   1.014821e+02 1.725000e+02 8.153790e+00
      vertex   1.018434e+02 1.775000e+02 8.706851e+00
      vertex   1.014821e+02 1.775000e+02 8.153790e+00
    endloop
  endfacet
  facet normal -9.157733e-01 -4.729933e-15 4.016954e-01
    outer loop
      vertex   1.014821e+02 1.725000e+02 8.153790e+00
      vertex   1.014821e+02 1.775000e+02 8.153790e+00
      vertex   1.012167e+02 1.725000e+02 7.548798e+00
    endloop
  endfacet
  facet normal -9.157733e-01 7.502457e-15 4.016954e-01
    outer loop
      vertex   1.012167e+02 1.725000e+02 7.548798e+00
      vertex   1.014821e+02 1.775000e+02 8.153790e+00
      vertex   1.012167e+02 1.775000e+02 7.548798e+00
    endloop
  endfacet
  facet normal -9.694003e-01 -2.402545e-15 2.454855e-01
    outer loop
      vertex   1.012167e+02 1.725000e+02 7.548798e+00
      vertex   1.012167e+02 1.775000e+02 7.548798e+00
      vertex   1.010546e+02 1.725000e+02 6.908378e+00
    endloop
  endfacet
  facet normal -9.694003e-01 5.724276e-15 2.454855e-01
    outer loop
      vertex   1.010546e+02 1.725000e+02 6.908378e+00
      vertex   1.012167e+02 1.775000e+02 7.548798e+00
      vertex   1.010546e+02 1.775000e+02 6.908378e+00
    endloop
  endfacet
  facet normal -9.965845e-01 -5.696943e-15 8.257935e-02
    outer loop
      vertex   1.010546e+02 1.725000e+02 6.908378e+00
      vertex   1.010546e+02 1.775000e+02 6.908378e+00
      vertex   1.010000e+02 1.725000e+02 6.250000e+00
    endloop
  endfacet
  facet normal -9.965845e-01 -4.948822e-15 8.257935e-02
    outer loop
      vertex   1.010000e+02 1.725000e+02 6.250000e+00
      vertex   1.010546e+02 1.775000e+02 6.908378e+00
      vertex   1.010000e+02 1.775000e+02 6.250000e+00
    endloop
  endfacet
  facet normal -0.000000e+00 -1.000000e+00 0.000000e+00
    outer loop
      vertex   1.029811e+02 1.725000e+02 6.605979e+00
      vertex   1.010546e+02 1.725000e+02 6.908378e+00
      vertex   1.029500e+02 1.725000e+02 6.250000e+00
    endloop
  endfacet
  facet normal 0.000000e+00 -1.000000e+00 0.000000e+00
    outer loop
      vertex   1.029500e+02 1.725000e+02 6.250000e+00
      vertex   1.010546e+02 1.725000e+02 6.908378e+00
      vertex   1.010000e+02 1.725000e+02 6.250000e+00
    endloop
  endfacet
  facet normal -0.000000e+00 -1.000000e+00 -0.000000e+00
    outer loop
      vertex   1.029500e+02 1.725000e+02 6.250000e+00
      vertex   1.010000e+02 1.725000e+02 6.250000e+00
      vertex   1.029811e+02 1.725000e+02 5.894021e+00
    endloop
  endfacet
  facet normal -0.000000e+00 -1.000000e+00 -0.000000e+00
    outer loop
      vertex   1.029811e+02 1.725000e+02 5.894021e+00
      vertex   1.010000e+02 1.725000e+02 6.250000e+00
      vertex   1.030736e+02 1.725000e+02 5.548859e+00
    endloop
  endfacet
  facet normal -0.000000e+00 -1.000000e+00 -0.000000e+00
    outer loop
      vertex   1.030736e+02 1.725000e+02 5.548859e+00
      vertex   1.010000e+02 1.725000e+02 6.250000e+00
      vertex   1.032246e+02 1.725000e+02 5.225000e+00
    endloop
  endfacet
  facet normal -0.000000e+00 -1.000000e+00 0.000000e+00
    outer loop
      vertex   1.032246e+02 1.725000e+02 5.225000e+00
      vertex   1.010000e+02 1.725000e+02 6.250000e+00
      vertex   1.010000e+02 1.725000e+02 2.000000e+00
    endloop
  endfacet
  facet normal 0.000000e+00 -1.000000e+00 -0.000000e+00
    outer loop
      vertex   1.032246e+02 1.725000e+02 5.225000e+00
      vertex   1.010000e+02 1.725000e+02 2.000000e+00
      vertex   1.034296e+02 1.725000e+02 4.932285e+00
    endloop
  endfacet
  facet normal 0.000000e+00 -1.000000e+00 -0.000000e+00
    outer loop
      vertex   1.034296e+02 1.725000e+02 4.932285e+00
      vertex   1.010000e+02 1.725000e+02 2.000000e+00
      vertex   1.036823e+02 1.725000e+02 4.679609e+00
    endloop
  endfacet
  facet normal 0.000000e+00 -1.000000e+00 -0.000000e+00
    outer loop
      vertex   1.036823e+02 1.725000e+02 4.679609e+00
      vertex   1.010000e+02 1.725000e+02 2.000000e+00
      vertex   1.039750e+02 1.725000e+02 4.474648e+00
    endloop
  endfacet
  facet normal 0.000000e+00 -1.000000e+00 -0.000000e+00
    outer loop
      vertex   1.039750e+02 1.725000e+02 4.474648e+00
      vertex   1.010000e+02 1.725000e+02 2.000000e+00
      vertex   1.042989e+02 1.725000e+02 4.323630e+00
    endloop
  endfacet
  facet normal 0.000000e+00 -1.000000e+00 -0.000000e+00
    outer loop
      vertex   1.042989e+02 1.725000e+02 4.323630e+00
      vertex   1.010000e+02 1.725000e+02 2.000000e+00
      vertex   1.046440e+02 1.725000e+02 4.231144e+00
    endloop
  endfacet
  facet normal 0.000000e+00 -1.000000e+00 -0.000000e+00
    outer loop
      vertex   1.046440e+02 1.725000e+02 4.231144e+00
      vertex   1.010000e+02 1.725000e+02 2.000000e+00
      vertex   1.050000e+02 1.725000e+02 4.200000e+00
    endloop
  endfacet
  facet normal 0.000000e+00 -1.000000e+00 -0.000000e+00
    outer loop
      vertex   1.050000e+02 1.725000e+02 4.200000e+00
      vertex   1.010000e+02 1.725000e+02 2.000000e+00
      vertex   1.090000e+02 1.725000e+02 2.000000e+00
    endloop
  endfacet
  facet normal 0.000000e+00 -1.000000e+00 0.000000e+00
    outer loop
      vertex   1.050000e+02 1.725000e+02 4.200000e+00
      vertex   1.090000e+02 1.725000e+02 2.000000e+00
      vertex   1.053560e+02 1.725000e+02 4.231144e+00
    endloop
  endfacet
  facet normal 0.000000e+00 -1.000000e+00 0.000000e+00
    outer loop
      vertex   1.053560e+02 1.725000e+02 4.231144e+00
      vertex   1.090000e+02 1.725000e+02 2.000000e+00
      vertex   1.057011e+02 1.725000e+02 4.323630e+00
    endloop
  endfacet
  facet normal 0.000000e+00 -1.000000e+00 0.000000e+00
    outer loop
      vertex   1.057011e+02 1.725000e+02 4.323630e+00
      vertex   1.090000e+02 1.725000e+02 2.000000e+00
      vertex   1.060250e+02 1.725000e+02 4.474648e+00
    endloop
  endfacet
  facet normal 0.000000e+00 -1.000000e+00 0.000000e+00
    outer loop
      vertex   1.060250e+02 1.725000e+02 4.474648e+00
      vertex   1.090000e+02 1.725000e+02 2.000000e+00
      vertex   1.063177e+02 1.725000e+02 4.679609e+00
    endloop
  endfacet
  facet normal 0.000000e+00 -1.000000e+00 0.000000e+00
    outer loop
      vertex   1.063177e+02 1.725000e+02 4.679609e+00
      vertex   1.090000e+02 1.725000e+02 2.000000e+00
      vertex   1.065704e+02 1.725000e+02 4.932285e+00
    endloop
  endfacet
  facet normal 0.000000e+00 -1.000000e+00 0.000000e+00
    outer loop
      vertex   1.065704e+02 1.725000e+02 4.932285e+00
      vertex   1.090000e+02 1.725000e+02 2.000000e+00
      vertex   1.067754e+02 1.725000e+02 5.225000e+00
    endloop
  endfacet
  facet normal 0.000000e+00 -1.000000e+00 0.000000e+00
    outer loop
      vertex   1.067754e+02 1.725000e+02 5.225000e+00
      vertex   1.090000e+02 1.725000e+02 2.000000e+00
      vertex   1.090000e+02 1.725000e+02 6.250000e+00
    endloop
  endfacet
  facet normal 0.000000e+00 -1.000000e+00 0.000000e+00
    outer loop
      vertex   1.067754e+02 1.725000e+02 5.225000e+00
      vertex   1.090000e+02 1.725000e+02 6.250000e+00
      vertex   1.069264e+02 1.725000e+02 5.548859e+00
    endloop
  endfacet
  facet normal 0.000000e+00 -1.000000e+00 0.000000e+00
    outer loop
      vertex   1.069264e+02 1.725000e+02 5.548859e+00
      vertex   1.090000e+02 1.725000e+02 6.250000e+00
      vertex   1.070189e+02 1.725000e+02 5.894021e+00
    endloop
  endfacet
  facet normal 0.000000e+00 -1.000000e+00 0.000000e+00
    outer loop
      vertex   1.070189e+02 1.725000e+02 5.894021e+00
      vertex   1.090000e+02 1.725000e+02 6.250000e+00
      vertex   1.070500e+02 1.725000e+02 6.250000e+00
    endloop
  endfacet
  facet normal 0.000000e+00 -1.000000e+00 0.000000e+00
    outer loop
      vertex   1.070500e+02 1.725000e+02 6.250000e+00
      vertex   1.090000e+02 1.725000e+02 6.250000e+00
      vertex   1.089454e+02 1.725000e+02 6.908378e+00
    endloop
  endfacet
  facet normal 0.000000e+00 -1.000000e+00 0.000000e+00
    outer loop
      vertex   1.070500e+02 1.725000e+02 6.250000e+00
      vertex   1.089454e+02 1.725000e+02 6.908378e+00
      vertex   1.070189e+02 1.725000e+02 6.605979e+00
    endloop
  endfacet
  facet normal 0.000000e+00 -1.000000e+00 0.000000e+00
    outer loop
      vertex   1.070189e+02 1.725000e+02 6.605979e+00
      vertex   1.089454e+02 1.725000e+02 6.908378e+00
      vertex   1.087833e+02 1.725000e+02 7.548798e+00
    endloop
  endfacet
  facet normal 0.000000e+00 -1.000000e+00 0.000000e+00
    outer loop
      vertex   1.070189e+02 1.725000e+02 6.605979e+00
      vertex   1.087833e+02 1.725000e+02 7.548798e+00
      vertex   1.069264e+02 1.725000e+02 6.951141e+00
    endloop
  endfacet
  facet normal 0.000000e+00 -1.000000e+00 0.000000e+00
    outer loop
      vertex   1.069264e+02 1.725000e+02 6.951141e+00
      vertex   1.087833e+02 1.725000e+02 7.548798e+00
      vertex   1.085179e+02 1.725000e+02 8.153790e+00
    endloop
  endfacet
  facet normal 0.000000e+00 -1.000000e+00 0.000000e+00
    outer loop
      vertex   1.069264e+02 1.725000e+02 6.951141e+00
      vertex   1.085179e+02 1.725000e+02 8.153790e+00
      vertex   1.067754e+02 1.725000e+02 7.275000e+00
    endloop
  endfacet
  facet normal 0.000000e+00 -1.000000e+00 0.000000e+00
    outer loop
      vertex   1.067754e+02 1.725000e+02 7.275000e+00
      vertex   1.085179e+02 1.725000e+02 8.153790e+00
      vertex   1.081566e+02 1.725000e+02 8.706851e+00
    endloop
  endfacet
  facet normal 0.000000e+00 -1.000000e+00 0.000000e+00
    outer loop
      vertex   1.067754e+02 1.725000e+02 7.275000e+00
      vertex   1.081566e+02 1.725000e+02 8.706851e+00
      vertex   1.065704e+02 1.725000e+02 7.567715e+00
    endloop
  endfacet
  facet normal 0.000000e+00 -1.000000e+00 0.000000e+00
    outer loop
      vertex   1.065704e+02 1.725000e+02 7.567715e+00
      vertex   1.081566e+02 1.725000e+02 8.706851e+00
      vertex   1.077091e+02 1.725000e+02 9.192896e+00
    endloop
  endfacet
  facet normal 0.000000e+00 -1.000000e+00 0.000000e+00
    outer loop
      vertex   1.065704e+02 1.725000e+02 7.567715e+00
      vertex   1.077091e+02 1.725000e+02 9.192896e+00
      vertex   1.063177e+02 1.725000e+02 7.820391e+00
    endloop
  endfacet
  facet normal 0.000000e+00 -1.000000e+00 0.000000e+00
    outer loop
      vertex   1.063177e+02 1.725000e+02 7.820391e+00
      vertex   1.077091e+02 1.725000e+02 9.192896e+00
      vertex   1.071878e+02 1.725000e+02 9.598666e+00
    endloop
  endfacet
  facet normal 0.000000e+00 -1.000000e+00 0.000000e+00
    outer loop
      vertex   1.063177e+02 1.725000e+02 7.820391e+00
      vertex   1.071878e+02 1.725000e+02 9.598666e+00
      vertex   1.060250e+02 1.725000e+02 8.025352e+00
    endloop
  endfacet
  facet normal 0.000000e+00 -1.000000e+00 0.000000e+00
    outer loop
      vertex   1.060250e+02 1.725000e+02 8.025352e+00
      vertex   1.071878e+02 1.725000e+02 9.598666e+00
      vertex   1.066068e+02 1.725000e+02 9.913093e+00
    endloop
  endfacet
  facet normal 0.000000e+00 -1.000000e+00 0.000000e+00
    outer loop
      vertex   1.060250e+02 1.725000e+02 8.025352e+00
      vertex   1.066068e+02 1.725000e+02 9.913093e+00
      vertex   1.057011e+02 1.725000e+02 8.176370e+00
    endloop
  endfacet
  facet normal 0.000000e+00 -1.000000e+00 0.000000e+00
    outer loop
      vertex   1.057011e+02 1.725000e+02 8.176370e+00
      vertex   1.066068e+02 1.725000e+02 9.913093e+00
      vertex   1.059819e+02 1.725000e+02 1.012760e+01
    endloop
  endfacet
  facet normal 0.000000e+00 -1.000000e+00 0.000000e+00
    outer loop
      vertex   1.057011e+02 1.725000e+02 8.176370e+00
      vertex   1.059819e+02 1.725000e+02 1.012760e+01
      vertex   1.053560e+02 1.725000e+02 8.268856e+00
    endloop
  endfacet
  facet normal 0.000000e+00 -1.000000e+00 0.000000e+00
    outer loop
      vertex   1.053560e+02 1.725000e+02 8.268856e+00
      vertex   1.059819e+02 1.725000e+02 1.012760e+01
      vertex   1.053303e+02 1.725000e+02 1.023634e+01
    endloop
  endfacet
  facet normal 0.000000e+00 -1.000000e+00 0.000000e+00
    outer loop
      vertex   1.053560e+02 1.725000e+02 8.268856e+00
      vertex   1.053303e+02 1.725000e+02 1.023634e+01
      vertex   1.050000e+02 1.725000e+02 8.300000e+00
    endloop
  endfacet
  facet normal 0.000000e+00 -1.000000e+00 0.000000e+00
    outer loop
      vertex   1.050000e+02 1.725000e+02 8.300000e+00
      vertex   1.053303e+02 1.725000e+02 1.023634e+01
      vertex   1.046697e+02 1.725000e+02 1.023634e+01
    endloop
  endfacet
  facet normal -0.000000e+00 -1.000000e+00 0.000000e+00
    outer loop
      vertex   1.050000e+02 1.725000e+02 8.300000e+00
      vertex   1.046697e+02 1.725000e+02 1.023634e+01
      vertex   1.046440e+02 1.725000e+02 8.268856e+00
    endloop
  endfacet
  facet normal 0.000000e+00 -1.000000e+00 0.000000e+00
    outer loop
      vertex   1.046440e+02 1.725000e+02 8.268856e+00
      vertex   1.046697e+02 1.725000e+02 1.023634e+01
      vertex   1.040181e+02 1.725000e+02 1.012760e+01
    endloop
  endfacet
  facet normal -0.000000e+00 -1.000000e+00 0.000000e+00
    outer loop
      vertex   1.046440e+02 1.725000e+02 8.268856e+00
      vertex   1.040181e+02 1.725000e+02 1.012760e+01
      vertex   1.042989e+02 1.725000e+02 8.176370e+00
    endloop
  endfacet
  facet normal 0.000000e+00 -1.000000e+00 0.000000e+00
    outer loop
      vertex   1.042989e+02 1.725000e+02 8.176370e+00
      vertex   1.040181e+02 1.725000e+02 1.012760e+01
      vertex   1.033932e+02 1.725000e+02 9.913093e+00
    endloop
  endfacet
  facet normal -0.000000e+00 -1.000000e+00 0.000000e+00
    outer loop
      vertex   1.042989e+02 1.725000e+02 8.176370e+00
      vertex   1.033932e+02 1.725000e+02 9.913093e+00
      vertex   1.039750e+02 1.725000e+02 8.025352e+00
    endloop
  endfacet
  facet normal 0.000000e+00 -1.000000e+00 0.000000e+00
    outer loop
      vertex   1.039750e+02 1.725000e+02 8.025352e+00
      vertex   1.033932e+02 1.725000e+02 9.913093e+00
      vertex   1.028122e+02 1.725000e+02 9.598666e+00
    endloop
  endfacet
  facet normal -0.000000e+00 -1.000000e+00 0.000000e+00
    outer loop
      vertex   1.039750e+02 1.725000e+02 8.025352e+00
      vertex   1.028122e+02 1.725000e+02 9.598666e+00
      vertex   1.036823e+02 1.725000e+02 7.820391e+00
    endloop
  endfacet
  facet normal 0.000000e+00 -1.000000e+00 0.000000e+00
    outer loop
      vertex   1.036823e+02 1.725000e+02 7.820391e+00
      vertex   1.028122e+02 1.725000e+02 9.598666e+00
      vertex   1.022909e+02 1.725000e+02 9.192896e+00
    endloop
  endfacet
  facet normal -0.000000e+00 -1.000000e+00 0.000000e+00
    outer loop
      vertex   1.036823e+02 1.725000e+02 7.820391e+00
      vertex   1.022909e+02 1.725000e+02 9.192896e+00
      vertex   1.034296e+02 1.725000e+02 7.567715e+00
    endloop
  endfacet
  facet normal 0.000000e+00 -1.000000e+00 0.000000e+00
    outer loop
      vertex   1.034296e+02 1.725000e+02 7.567715e+00
      vertex   1.022909e+02 1.725000e+02 9.192896e+00
      vertex   1.018434e+02 1.725000e+02 8.706851e+00
    endloop
  endfacet
  facet normal -0.000000e+00 -1.000000e+00 0.000000e+00
    outer loop
      vertex   1.034296e+02 1.725000e+02 7.567715e+00
      vertex   1.018434e+02 1.725000e+02 8.706851e+00
      vertex   1.032246e+02 1.725000e+02 7.275000e+00
    endloop
  endfacet
  facet normal 0.000000e+00 -1.000000e+00 0.000000e+00
    outer loop
      vertex   1.032246e+02 1.725000e+02 7.275000e+00
      vertex   1.018434e+02 1.725000e+02 8.706851e+00
      vertex   1.014821e+02 1.725000e+02 8.153790e+00
    endloop
  endfacet
  facet normal -0.000000e+00 -1.000000e+00 0.000000e+00
    outer loop
      vertex   1.032246e+02 1.725000e+02 7.275000e+00
      vertex   1.014821e+02 1.725000e+02 8.153790e+00
      vertex   1.030736e+02 1.725000e+02 6.951141e+00
    endloop
  endfacet
  facet normal 0.000000e+00 -1.000000e+00 0.000000e+00
    outer loop
      vertex   1.030736e+02 1.725000e+02 6.951141e+00
      vertex   1.014821e+02 1.725000e+02 8.153790e+00
      vertex   1.012167e+02 1.725000e+02 7.548798e+00
    endloop
  endfacet
  facet normal -0.000000e+00 -1.000000e+00 0.000000e+00
    outer loop
      vertex   1.030736e+02 1.725000e+02 6.951141e+00
      vertex   1.012167e+02 1.725000e+02 7.548798e+00
      vertex   1.029811e+02 1.725000e+02 6.605979e+00
    endloop
  endfacet
  facet normal 0.000000e+00 -1.000000e+00 0.000000e+00
    outer loop
      vertex   1.029811e+02 1.725000e+02 6.605979e+00
      vertex   1.012167e+02 1.725000e+02 7.548798e+00
      vertex   1.010546e+02 1.725000e+02 6.908378e+00
    endloop
  endfacet
  facet normal 9.961947e-01 6.807174e-15 -8.715574e-02
    outer loop
      vertex   4.981144e+00 1.775000e+02 7.355979e+00
      vertex   4.981144e+00 1.725000e+02 7.355979e+00
      vertex   4.950000e+00 1.775000e+02 7.000000e+00
    endloop
  endfacet
  facet normal 9.961947e-01 3.513525e-15 -8.715574e-02
    outer loop
      vertex   4.950000e+00 1.775000e+02 7.000000e+00
      vertex   4.981144e+00 1.725000e+02 7.355979e+00
      vertex   4.950000e+00 1.725000e+02 7.000000e+00
    endloop
  endfacet
  facet normal 9.961947e-01 1.701380e-14 8.715574e-02
    outer loop
      vertex   4.950000e+00 1.775000e+02 7.000000e+00
      vertex   4.950000e+00 1.725000e+02 7.000000e+00
      vertex   4.981144e+00 1.775000e+02 6.644021e+00
    endloop
  endfacet
  facet normal 9.961947e-01 -6.661178e-15 8.715574e-02
    outer loop
      vertex   4.981144e+00 1.775000e+02 6.644021e+00
      vertex   4.950000e+00 1.725000e+02 7.000000e+00
      vertex   4.981144e+00 1.725000e+02 6.644021e+00
    endloop
  endfacet
  facet normal 9.659258e-01 6.762821e-15 2.588190e-01
    outer loop
      vertex   4.981144e+00 1.775000e+02 6.644021e+00
      vertex   4.981144e+00 1.725000e+02 6.644021e+00
      vertex   5.073630e+00 1.775000e+02 6.298859e+00
    endloop
  endfacet
  facet normal 9.659258e-01 -6.418707e-15 2.588190e-01
    outer loop
      vertex   5.073630e+00 1.775000e+02 6.298859e+00
      vertex   4.981144e+00 1.725000e+02 6.644021e+00
      vertex   5.073630e+00 1.725000e+02 6.298859e+00
    endloop
  endfacet
  facet normal 9.063078e-01 7.038570e-15 4.226183e-01
    outer loop
      vertex   5.073630e+00 1.775000e+02 6.298859e+00
      vertex   5.073630e+00 1.725000e+02 6.298859e+00
      vertex   5.224648e+00 1.775000e+02 5.975000e+00
    endloop
  endfacet
  facet normal 9.063078e-01 -6.794212e-15 4.226183e-01
    outer loop
      vertex   5.224648e+00 1.775000e+02 5.975000e+00
      vertex   5.073630e+00 1.725000e+02 6.298859e+00
      vertex   5.224648e+00 1.725000e+02 5.975000e+00
    endloop
  endfacet
  facet normal 8.191520e-01 6.690323e-15 5.735764e-01
    outer loop
      vertex   5.224648e+00 1.775000e+02 5.975000e+00
      vertex   5.224648e+00 1.725000e+02 5.975000e+00
      vertex   5.429609e+00 1.775000e+02 5.682285e+00
    endloop
  endfacet
  facet normal 8.191520e-01 -6.814392e-15 5.735764e-01
    outer loop
      vertex   5.429609e+00 1.775000e+02 5.682285e+00
      vertex   5.224648e+00 1.725000e+02 5.975000e+00
      vertex   5.429609e+00 1.725000e+02 5.682285e+00
    endloop
  endfacet
  facet normal 7.071068e-01 6.657192e-15 7.071068e-01
    outer loop
      vertex   5.429609e+00 1.775000e+02 5.682285e+00
      vertex   5.429609e+00 1.725000e+02 5.682285e+00
      vertex   5.682285e+00 1.775000e+02 5.429609e+00
    endloop
  endfacet
  facet normal 7.071068e-01 -6.908407e-15 7.071068e-01
    outer loop
      vertex   5.682285e+00 1.775000e+02 5.429609e+00
      vertex   5.429609e+00 1.725000e+02 5.682285e+00
      vertex   5.682285e+00 1.725000e+02 5.429609e+00
    endloop
  endfacet
  facet normal 5.735764e-01 6.566994e-15 8.191520e-01
    outer loop
      vertex   5.682285e+00 1.775000e+02 5.429609e+00
      vertex   5.682285e+00 1.725000e+02 5.429609e+00
      vertex   5.975000e+00 1.775000e+02 5.224648e+00
    endloop
  endfacet
  facet normal 5.735764e-01 -6.733946e-15 8.191520e-01
    outer loop
      vertex   5.975000e+00 1.775000e+02 5.224648e+00
      vertex   5.682285e+00 1.725000e+02 5.429609e+00
      vertex   5.975000e+00 1.725000e+02 5.224648e+00
    endloop
  endfacet
  facet normal 4.226183e-01 6.708291e-15 9.063078e-01
    outer loop
      vertex   5.975000e+00 1.775000e+02 5.224648e+00
      vertex   5.975000e+00 1.725000e+02 5.224648e+00
      vertex   6.298859e+00 1.775000e+02 5.073630e+00
    endloop
  endfacet
  facet normal 4.226183e-01 -6.716584e-15 9.063078e-01
    outer loop
      vertex   6.298859e+00 1.775000e+02 5.073630e+00
      vertex   5.975000e+00 1.725000e+02 5.224648e+00
      vertex   6.298859e+00 1.725000e+02 5.073630e+00
    endloop
  endfacet
  facet normal 2.588190e-01 6.761873e-15 9.659258e-01
    outer loop
      vertex   6.298859e+00 1.775000e+02 5.073630e+00
      vertex   6.298859e+00 1.725000e+02 5.073630e+00
      vertex   6.644021e+00 1.775000e+02 4.981144e+00
    endloop
  endfacet
  facet normal 2.588190e-01 -6.854772e-15 9.659258e-01
    outer loop
      vertex   6.644021e+00 1.775000e+02 4.981144e+00
      vertex   6.298859e+00 1.725000e+02 5.073630e+00
      vertex   6.644021e+00 1.725000e+02 4.981144e+00
    endloop
  endfacet
  facet normal 8.715574e-02 6.630214e-15 9.961947e-01
    outer loop
      vertex   6.644021e+00 1.775000e+02 4.981144e+00
      vertex   6.644021e+00 1.725000e+02 4.981144e+00
      vertex   7.000000e+00 1.775000e+02 4.950000e+00
    endloop
  endfacet
  facet normal 8.715574e-02 -6.734657e-15 9.961947e-01
    outer loop
      vertex   7.000000e+00 1.775000e+02 4.950000e+00
      vertex   6.644021e+00 1.725000e+02 4.981144e+00
      vertex   7.000000e+00 1.725000e+02 4.950000e+00
    endloop
  endfacet
  facet normal -8.715574e-02 6.734657e-15 9.961947e-01
    outer loop
      vertex   7.000000e+00 1.775000e+02 4.950000e+00
      vertex   7.000000e+00 1.725000e+02 4.950000e+00
      vertex   7.355979e+00 1.775000e+02 4.981144e+00
    endloop
  endfacet
  facet normal -8.715574e-02 -6.822656e-15 9.961947e-01
    outer loop
      vertex   7.355979e+00 1.775000e+02 4.981144e+00
      vertex   7.000000e+00 1.725000e+02 4.950000e+00
      vertex   7.355979e+00 1.725000e+02 4.981144e+00
    endloop
  endfacet
  facet normal -2.588190e-01 6.637213e-15 9.659258e-01
    outer loop
      vertex   7.355979e+00 1.775000e+02 4.981144e+00
      vertex   7.355979e+00 1.725000e+02 4.981144e+00
      vertex   7.701141e+00 1.775000e+02 5.073630e+00
    endloop
  endfacet
  facet normal -2.588190e-01 -6.590290e-15 9.659258e-01
    outer loop
      vertex   7.701141e+00 1.775000e+02 5.073630e+00
      vertex   7.355979e+00 1.725000e+02 4.981144e+00
      vertex   7.701141e+00 1.725000e+02 5.073630e+00
    endloop
  endfacet
  facet normal -4.226183e-01 6.877577e-15 9.063078e-01
    outer loop
      vertex   7.701141e+00 1.775000e+02 5.073630e+00
      vertex   7.701141e+00 1.725000e+02 5.073630e+00
      vertex   8.025000e+00 1.775000e+02 5.224648e+00
    endloop
  endfacet
  facet normal -4.226183e-01 -6.708291e-15 9.063078e-01
    outer loop
      vertex   8.025000e+00 1.775000e+02 5.224648e+00
      vertex   7.701141e+00 1.725000e+02 5.073630e+00
      vertex   8.025000e+00 1.725000e+02 5.224648e+00
    endloop
  endfacet
  facet normal -5.735764e-01 6.733946e-15 8.191520e-01
    outer loop
      vertex   8.025000e+00 1.775000e+02 5.224648e+00
      vertex   8.025000e+00 1.725000e+02 5.224648e+00
      vertex   8.317715e+00 1.775000e+02 5.429609e+00
    endloop
  endfacet
  facet normal -5.735764e-01 -6.916280e-15 8.191520e-01
    outer loop
      vertex   8.317715e+00 1.775000e+02 5.429609e+00
      vertex   8.025000e+00 1.725000e+02 5.224648e+00
      vertex   8.317715e+00 1.725000e+02 5.429609e+00
    endloop
  endfacet
  facet normal -7.071068e-01 6.531585e-15 7.071068e-01
    outer loop
      vertex   8.317715e+00 1.775000e+02 5.429609e+00
      vertex   8.317715e+00 1.725000e+02 5.429609e+00
      vertex   8.570391e+00 1.775000e+02 5.682285e+00
    endloop
  endfacet
  facet normal -7.071068e-01 -6.908407e-15 7.071068e-01
    outer loop
      vertex   8.570391e+00 1.775000e+02 5.682285e+00
      vertex   8.317715e+00 1.725000e+02 5.429609e+00
      vertex   8.570391e+00 1.725000e+02 5.682285e+00
    endloop
  endfacet
  facet normal -8.191520e-01 6.523371e-15 5.735764e-01
    outer loop
      vertex   8.570391e+00 1.775000e+02 5.682285e+00
      vertex   8.570391e+00 1.725000e+02 5.682285e+00
      vertex   8.775352e+00 1.775000e+02 5.975000e+00
    endloop
  endfacet
  facet normal -8.191520e-01 -6.879457e-15 5.735764e-01
    outer loop
      vertex   8.775352e+00 1.775000e+02 5.975000e+00
      vertex   8.570391e+00 1.725000e+02 5.682285e+00
      vertex   8.775352e+00 1.725000e+02 5.975000e+00
    endloop
  endfacet
  facet normal -9.063078e-01 6.547299e-15 4.226183e-01
    outer loop
      vertex   8.775352e+00 1.775000e+02 5.975000e+00
      vertex   8.775352e+00 1.725000e+02 5.975000e+00
      vertex   8.926370e+00 1.775000e+02 6.298859e+00
    endloop
  endfacet
  facet normal -9.063078e-01 -6.555592e-15 4.226183e-01
    outer loop
      vertex   8.926370e+00 1.775000e+02 6.298859e+00
      vertex   8.775352e+00 1.725000e+02 5.975000e+00
      vertex   8.926370e+00 1.725000e+02 6.298859e+00
    endloop
  endfacet
  facet normal -9.659258e-01 6.933455e-15 2.588190e-01
    outer loop
      vertex   8.926370e+00 1.775000e+02 6.298859e+00
      vertex   8.926370e+00 1.725000e+02 6.298859e+00
      vertex   9.018856e+00 1.775000e+02 6.644021e+00
    endloop
  endfacet
  facet normal -9.659258e-01 -6.637213e-15 2.588190e-01
    outer loop
      vertex   9.018856e+00 1.775000e+02 6.644021e+00
      vertex   8.926370e+00 1.725000e+02 6.298859e+00
      vertex   9.018856e+00 1.725000e+02 6.644021e+00
    endloop
  endfacet
  facet normal -9.961947e-01 6.822656e-15 8.715574e-02
    outer loop
      vertex   9.018856e+00 1.775000e+02 6.644021e+00
      vertex   9.018856e+00 1.725000e+02 6.644021e+00
      vertex   9.050000e+00 1.775000e+02 7.000000e+00
    endloop
  endfacet
  facet normal -9.961947e-01 -6.719175e-15 8.715574e-02
    outer loop
      vertex   9.050000e+00 1.775000e+02 7.000000e+00
      vertex   9.018856e+00 1.725000e+02 6.644021e+00
      vertex   9.050000e+00 1.725000e+02 7.000000e+00
    endloop
  endfacet
  facet normal -9.961947e-01 6.719175e-15 -8.715574e-02
    outer loop
      vertex   9.050000e+00 1.775000e+02 7.000000e+00
      vertex   9.050000e+00 1.725000e+02 7.000000e+00
      vertex   9.018856e+00 1.775000e+02 7.355979e+00
    endloop
  endfacet
  facet normal -9.961947e-01 -6.807174e-15 -8.715574e-02
    outer loop
      vertex   9.018856e+00 1.775000e+02 7.355979e+00
      vertex   9.050000e+00 1.725000e+02 7.000000e+00
      vertex   9.018856e+00 1.725000e+02 7.355979e+00
    endloop
  endfacet
  facet normal -9.659258e-01 6.683189e-15 -2.588190e-01
    outer loop
      vertex   9.018856e+00 1.775000e+02 7.355979e+00
      vertex   9.018856e+00 1.725000e+02 7.355979e+00
      vertex   8.926370e+00 1.775000e+02 7.701141e+00
    endloop
  endfacet
  facet normal -9.659258e-01 -6.636265e-15 -2.588190e-01
    outer loop
      vertex   8.926370e+00 1.775000e+02 7.701141e+00
      vertex   9.018856e+00 1.725000e+02 7.355979e+00
      vertex   8.926370e+00 1.725000e+02 7.701141e+00
    endloop
  endfacet
  facet normal -9.063078e-01 6.802505e-15 -4.226183e-01
    outer loop
      vertex   8.926370e+00 1.775000e+02 7.701141e+00
      vertex   8.926370e+00 1.725000e+02 7.701141e+00
      vertex   8.775352e+00 1.775000e+02 8.025000e+00
    endloop
  endfacet
  facet normal -9.063078e-01 -6.869284e-15 -4.226183e-01
    outer loop
      vertex   8.775352e+00 1.775000e+02 8.025000e+00
      vertex   8.926370e+00 1.725000e+02 7.701141e+00
      vertex   8.775352e+00 1.725000e+02 8.025000e+00
    endloop
  endfacet
  facet normal -8.191520e-01 6.588435e-15 -5.735764e-01
    outer loop
      vertex   8.775352e+00 1.775000e+02 8.025000e+00
      vertex   8.775352e+00 1.725000e+02 8.025000e+00
      vertex   8.570391e+00 1.775000e+02 8.317715e+00
    endloop
  endfacet
  facet normal -8.191520e-01 -6.916280e-15 -5.735764e-01
    outer loop
      vertex   8.570391e+00 1.775000e+02 8.317715e+00
      vertex   8.775352e+00 1.725000e+02 8.025000e+00
      vertex   8.570391e+00 1.725000e+02 8.317715e+00
    endloop
  endfacet
  facet normal -7.071068e-01 6.531585e-15 -7.071068e-01
    outer loop
      vertex   8.570391e+00 1.775000e+02 8.317715e+00
      vertex   8.570391e+00 1.725000e+02 8.317715e+00
      vertex   8.317715e+00 1.775000e+02 8.570391e+00
    endloop
  endfacet
  facet normal -7.071068e-01 -7.034014e-15 -7.071068e-01
    outer loop
      vertex   8.317715e+00 1.775000e+02 8.570391e+00
      vertex   8.570391e+00 1.725000e+02 8.317715e+00
      vertex   8.317715e+00 1.725000e+02 8.570391e+00
    endloop
  endfacet
  facet normal -5.735764e-01 6.421484e-15 -8.191520e-01
    outer loop
      vertex   8.317715e+00 1.775000e+02 8.570391e+00
      vertex   8.317715e+00 1.725000e+02 8.570391e+00
      vertex   8.025000e+00 1.775000e+02 8.775352e+00
    endloop
  endfacet
  facet normal -5.735764e-01 -6.792211e-15 -8.191520e-01
    outer loop
      vertex   8.025000e+00 1.775000e+02 8.775352e+00
      vertex   8.317715e+00 1.725000e+02 8.570391e+00
      vertex   8.025000e+00 1.725000e+02 8.775352e+00
    endloop
  endfacet
  facet normal -4.226183e-01 6.719140e-15 -9.063078e-01
    outer loop
      vertex   8.025000e+00 1.775000e+02 8.775352e+00
      vertex   8.025000e+00 1.725000e+02 8.775352e+00
      vertex   7.701141e+00 1.775000e+02 8.926370e+00
    endloop
  endfacet
  facet normal -4.226183e-01 -6.802505e-15 -9.063078e-01
    outer loop
      vertex   7.701141e+00 1.775000e+02 8.926370e+00
      vertex   8.025000e+00 1.725000e+02 8.775352e+00
      vertex   7.701141e+00 1.725000e+02 8.926370e+00
    endloop
  endfacet
  facet normal -2.588190e-01 6.636265e-15 -9.659258e-01
    outer loop
      vertex   7.701141e+00 1.775000e+02 8.926370e+00
      vertex   7.701141e+00 1.725000e+02 8.926370e+00
      vertex   7.355979e+00 1.775000e+02 9.018856e+00
    endloop
  endfacet
  facet normal -2.588190e-01 -6.637213e-15 -9.659258e-01
    outer loop
      vertex   7.355979e+00 1.775000e+02 9.018856e+00
      vertex   7.701141e+00 1.725000e+02 8.926370e+00
      vertex   7.355979e+00 1.725000e+02 9.018856e+00
    endloop
  endfacet
  facet normal -8.715574e-02 6.822656e-15 -9.961947e-01
    outer loop
      vertex   7.355979e+00 1.775000e+02 9.018856e+00
      vertex   7.355979e+00 1.725000e+02 9.018856e+00
      vertex   7.000000e+00 1.775000e+02 9.050000e+00
    endloop
  endfacet
  facet normal -8.715574e-02 -6.734657e-15 -9.961947e-01
    outer loop
      vertex   7.000000e+00 1.775000e+02 9.050000e+00
      vertex   7.355979e+00 1.725000e+02 9.018856e+00
      vertex   7.000000e+00 1.725000e+02 9.050000e+00
    endloop
  endfacet
  facet normal 8.715574e-02 6.734657e-15 -9.961947e-01
    outer loop
      vertex   7.000000e+00 1.775000e+02 9.050000e+00
      vertex   7.000000e+00 1.725000e+02 9.050000e+00
      vertex   6.644021e+00 1.775000e+02 9.018856e+00
    endloop
  endfacet
  facet normal 8.715574e-02 -6.807174e-15 -9.961947e-01
    outer loop
      vertex   6.644021e+00 1.775000e+02 9.018856e+00
      vertex   7.000000e+00 1.725000e+02 9.050000e+00
      vertex   6.644021e+00 1.725000e+02 9.018856e+00
    endloop
  endfacet
  facet normal 2.588190e-01 6.683189e-15 -9.659258e-01
    outer loop
      vertex   6.644021e+00 1.775000e+02 9.018856e+00
      vertex   6.644021e+00 1.725000e+02 9.018856e+00
      vertex   6.298859e+00 1.775000e+02 8.926370e+00
    endloop
  endfacet
  facet normal 2.588190e-01 -6.590290e-15 -9.659258e-01
    outer loop
      vertex   6.298859e+00 1.775000e+02 8.926370e+00
      vertex   6.644021e+00 1.725000e+02 9.018856e+00
      vertex   6.298859e+00 1.725000e+02 8.926370e+00
    endloop
  endfacet
  facet normal 4.226183e-01 6.877577e-15 -9.063078e-01
    outer loop
      vertex   6.298859e+00 1.775000e+02 8.926370e+00
      vertex   6.298859e+00 1.725000e+02 8.926370e+00
      vertex   5.975000e+00 1.775000e+02 8.775352e+00
    endloop
  endfacet
  facet normal 4.226183e-01 -6.869284e-15 -9.063078e-01
    outer loop
      vertex   5.975000e+00 1.775000e+02 8.775352e+00
      vertex   6.298859e+00 1.725000e+02 8.926370e+00
      vertex   5.975000e+00 1.725000e+02 8.775352e+00
    endloop
  endfacet
  facet normal 5.735764e-01 6.588435e-15 -8.191520e-01
    outer loop
      vertex   5.975000e+00 1.775000e+02 8.775352e+00
      vertex   5.975000e+00 1.725000e+02 8.775352e+00
      vertex   5.682285e+00 1.775000e+02 8.570391e+00
    endloop
  endfacet
  facet normal 5.735764e-01 -6.916280e-15 -8.191520e-01
    outer loop
      vertex   5.682285e+00 1.775000e+02 8.570391e+00
      vertex   5.975000e+00 1.725000e+02 8.775352e+00
      vertex   5.682285e+00 1.725000e+02 8.570391e+00
    endloop
  endfacet
  facet normal 7.071068e-01 6.531585e-15 -7.071068e-01
    outer loop
      vertex   5.682285e+00 1.775000e+02 8.570391e+00
      vertex   5.682285e+00 1.725000e+02 8.570391e+00
      vertex   5.429609e+00 1.775000e+02 8.317715e+00
    endloop
  endfacet
  facet normal 7.071068e-01 -7.034014e-15 -7.071068e-01
    outer loop
      vertex   5.429609e+00 1.775000e+02 8.317715e+00
      vertex   5.682285e+00 1.725000e+02 8.570391e+00
      vertex   5.429609e+00 1.725000e+02 8.317715e+00
    endloop
  endfacet
  facet normal 8.191520e-01 6.421484e-15 -5.735764e-01
    outer loop
      vertex   5.429609e+00 1.775000e+02 8.317715e+00
      vertex   5.429609e+00 1.725000e+02 8.317715e+00
      vertex   5.224648e+00 1.775000e+02 8.025000e+00
    endloop
  endfacet
  facet normal 8.191520e-01 -6.733946e-15 -5.735764e-01
    outer loop
      vertex   5.224648e+00 1.775000e+02 8.025000e+00
      vertex   5.429609e+00 1.725000e+02 8.317715e+00
      vertex   5.224648e+00 1.725000e+02 8.025000e+00
    endloop
  endfacet
  facet normal 9.063078e-01 6.708291e-15 -4.226183e-01
    outer loop
      vertex   5.224648e+00 1.775000e+02 8.025000e+00
      vertex   5.224648e+00 1.725000e+02 8.025000e+00
      vertex   5.073630e+00 1.775000e+02 7.701141e+00
    endloop
  endfacet
  facet normal 9.063078e-01 -6.716584e-15 -4.226183e-01
    outer loop
      vertex   5.073630e+00 1.775000e+02 7.701141e+00
      vertex   5.224648e+00 1.725000e+02 8.025000e+00
      vertex   5.073630e+00 1.725000e+02 7.701141e+00
    endloop
  endfacet
  facet normal 9.659258e-01 6.761873e-15 -2.588190e-01
    outer loop
      vertex   5.073630e+00 1.775000e+02 7.701141e+00
      vertex   5.073630e+00 1.725000e+02 7.701141e+00
      vertex   4.981144e+00 1.775000e+02 7.355979e+00
    endloop
  endfacet
  facet normal 9.659258e-01 -6.683189e-15 -2.588190e-01
    outer loop
      vertex   4.981144e+00 1.775000e+02 7.355979e+00
      vertex   5.073630e+00 1.725000e+02 7.701141e+00
      vertex   4.981144e+00 1.725000e+02 7.355979e+00
    endloop
  endfacet
  facet normal 0.000000e+00 -1.000000e+00 0.000000e+00
    outer loop
      vertex   4.981144e+00 1.725000e+02 6.644021e+00
      vertex   4.950000e+00 1.725000e+02 7.000000e+00
      vertex   2.000000e+00 1.725000e+02 6.828427e+00
    endloop
  endfacet
  facet normal 0.000000e+00 -1.000000e+00 0.000000e+00
    outer loop
      vertex   2.000000e+00 1.725000e+02 6.828427e+00
      vertex   4.950000e+00 1.725000e+02 7.000000e+00
      vertex   4.981144e+00 1.725000e+02 7.355979e+00
    endloop
  endfacet
  facet normal 0.000000e+00 -1.000000e+00 0.000000e+00
    outer loop
      vertex   2.000000e+00 1.725000e+02 6.828427e+00
      vertex   4.981144e+00 1.725000e+02 7.355979e+00
      vertex   3.721371e+00 1.725000e+02 9.291417e+00
    endloop
  endfacet
  facet normal 0.000000e+00 -1.000000e+00 0.000000e+00
    outer loop
      vertex   3.721371e+00 1.725000e+02 9.291417e+00
      vertex   4.981144e+00 1.725000e+02 7.355979e+00
      vertex   5.073630e+00 1.725000e+02 7.701141e+00
    endloop
  endfacet
  facet normal 0.000000e+00 -1.000000e+00 0.000000e+00
    outer loop
      vertex   3.721371e+00 1.725000e+02 9.291417e+00
      vertex   5.073630e+00 1.725000e+02 7.701141e+00
      vertex   5.224648e+00 1.725000e+02 8.025000e+00
    endloop
  endfacet
  facet normal 0.000000e+00 -1.000000e+00 0.000000e+00
    outer loop
      vertex   5.224648e+00 1.725000e+02 8.025000e+00
      vertex   5.429609e+00 1.725000e+02 8.317715e+00
      vertex   3.721371e+00 1.725000e+02 9.291417e+00
    endloop
  endfacet
  facet normal 0.000000e+00 -1.000000e+00 0.000000e+00
    outer loop
      vertex   3.721371e+00 1.725000e+02 9.291417e+00
      vertex   5.429609e+00 1.725000e+02 8.317715e+00
      vertex   4.145928e+00 1.725000e+02 9.802547e+00
    endloop
  endfacet
  facet normal 0.000000e+00 -1.000000e+00 0.000000e+00
    outer loop
      vertex   4.145928e+00 1.725000e+02 9.802547e+00
      vertex   5.429609e+00 1.725000e+02 8.317715e+00
      vertex   5.682285e+00 1.725000e+02 8.570391e+00
    endloop
  endfacet
  facet normal 0.000000e+00 -1.000000e+00 0.000000e+00
    outer loop
      vertex   4.145928e+00 1.725000e+02 9.802547e+00
      vertex   5.682285e+00 1.725000e+02 8.570391e+00
      vertex   4.649240e+00 1.725000e+02 1.023634e+01
    endloop
  endfacet
  facet normal 0.000000e+00 -1.000000e+00 0.000000e+00
    outer loop
      vertex   4.649240e+00 1.725000e+02 1.023634e+01
      vertex   5.682285e+00 1.725000e+02 8.570391e+00
      vertex   5.975000e+00 1.725000e+02 8.775352e+00
    endloop
  endfacet
  facet normal 0.000000e+00 -1.000000e+00 0.000000e+00
    outer loop
      vertex   4.649240e+00 1.725000e+02 1.023634e+01
      vertex   5.975000e+00 1.725000e+02 8.775352e+00
      vertex   5.217418e+00 1.725000e+02 1.058084e+01
    endloop
  endfacet
  facet normal 0.000000e+00 -1.000000e+00 0.000000e+00
    outer loop
      vertex   5.217418e+00 1.725000e+02 1.058084e+01
      vertex   5.975000e+00 1.725000e+02 8.775352e+00
      vertex   6.298859e+00 1.725000e+02 8.926370e+00
    endloop
  endfacet
  facet normal 0.000000e+00 -1.000000e+00 0.000000e+00
    outer loop
      vertex   5.217418e+00 1.725000e+02 1.058084e+01
      vertex   6.298859e+00 1.725000e+02 8.926370e+00
      vertex   5.834785e+00 1.725000e+02 1.082652e+01
    endloop
  endfacet
  facet normal 0.000000e+00 -1.000000e+00 0.000000e+00
    outer loop
      vertex   5.834785e+00 1.725000e+02 1.082652e+01
      vertex   6.298859e+00 1.725000e+02 8.926370e+00
      vertex   6.644021e+00 1.725000e+02 9.018856e+00
    endloop
  endfacet
  facet normal 0.000000e+00 -1.000000e+00 0.000000e+00
    outer loop
      vertex   5.834785e+00 1.725000e+02 1.082652e+01
      vertex   6.644021e+00 1.725000e+02 9.018856e+00
      vertex   6.484305e+00 1.725000e+02 1.096662e+01
    endloop
  endfacet
  facet normal 0.000000e+00 -1.000000e+00 0.000000e+00
    outer loop
      vertex   6.484305e+00 1.725000e+02 1.096662e+01
      vertex   6.644021e+00 1.725000e+02 9.018856e+00
      vertex   7.000000e+00 1.725000e+02 9.050000e+00
    endloop
  endfacet
  facet normal 0.000000e+00 -1.000000e+00 0.000000e+00
    outer loop
      vertex   6.484305e+00 1.725000e+02 1.096662e+01
      vertex   7.000000e+00 1.725000e+02 9.050000e+00
      vertex   7.148055e+00 1.725000e+02 1.099726e+01
    endloop
  endfacet
  facet normal 0.000000e+00 -1.000000e+00 -0.000000e+00
    outer loop
      vertex   7.148055e+00 1.725000e+02 1.099726e+01
      vertex   7.000000e+00 1.725000e+02 9.050000e+00
      vertex   7.355979e+00 1.725000e+02 9.018856e+00
    endloop
  endfacet
  facet normal 0.000000e+00 -1.000000e+00 0.000000e+00
    outer loop
      vertex   7.148055e+00 1.725000e+02 1.099726e+01
      vertex   7.355979e+00 1.725000e+02 9.018856e+00
      vertex   7.807719e+00 1.725000e+02 1.091760e+01
    endloop
  endfacet
  facet normal 0.000000e+00 -1.000000e+00 0.000000e+00
    outer loop
      vertex   7.807719e+00 1.725000e+02 1.091760e+01
      vertex   7.355979e+00 1.725000e+02 9.018856e+00
      vertex   7.701141e+00 1.725000e+02 8.926370e+00
    endloop
  endfacet
  facet normal 0.000000e+00 -1.000000e+00 -0.000000e+00
    outer loop
      vertex   7.807719e+00 1.725000e+02 1.091760e+01
      vertex   7.701141e+00 1.725000e+02 8.926370e+00
      vertex   8.445096e+00 1.725000e+02 1.072984e+01
    endloop
  endfacet
  facet normal 0.000000e+00 -1.000000e+00 0.000000e+00
    outer loop
      vertex   8.445096e+00 1.725000e+02 1.072984e+01
      vertex   7.701141e+00 1.725000e+02 8.926370e+00
      vertex   8.025000e+00 1.725000e+02 8.775352e+00
    endloop
  endfacet
  facet normal 0.000000e+00 -1.000000e+00 -0.000000e+00
    outer loop
      vertex   8.445096e+00 1.725000e+02 1.072984e+01
      vertex   8.025000e+00 1.725000e+02 8.775352e+00
      vertex   9.042596e+00 1.725000e+02 1.043916e+01
    endloop
  endfacet
  facet normal 0.000000e+00 -1.000000e+00 0.000000e+00
    outer loop
      vertex   9.042596e+00 1.725000e+02 1.043916e+01
      vertex   8.025000e+00 1.725000e+02 8.775352e+00
      vertex   8.317715e+00 1.725000e+02 8.570391e+00
    endloop
  endfacet
  facet normal 0.000000e+00 -1.000000e+00 -0.000000e+00
    outer loop
      vertex   9.042596e+00 1.725000e+02 1.043916e+01
      vertex   8.317715e+00 1.725000e+02 8.570391e+00
      vertex   9.583733e+00 1.725000e+02 1.005358e+01
    endloop
  endfacet
  facet normal 0.000000e+00 -1.000000e+00 -0.000000e+00
    outer loop
      vertex   9.583733e+00 1.725000e+02 1.005358e+01
      vertex   8.317715e+00 1.725000e+02 8.570391e+00
      vertex   1.005358e+01 1.725000e+02 9.583733e+00
    endloop
  endfacet
  facet normal 0.000000e+00 -1.000000e+00 0.000000e+00
    outer loop
      vertex   1.005358e+01 1.725000e+02 9.583733e+00
      vertex   8.317715e+00 1.725000e+02 8.570391e+00
      vertex   8.570391e+00 1.725000e+02 8.317715e+00
    endloop
  endfacet
  facet normal 0.000000e+00 -1.000000e+00 -0.000000e+00
    outer loop
      vertex   1.005358e+01 1.725000e+02 9.583733e+00
      vertex   8.570391e+00 1.725000e+02 8.317715e+00
      vertex   1.043916e+01 1.725000e+02 9.042596e+00
    endloop
  endfacet
  facet normal 0.000000e+00 -1.000000e+00 0.000000e+00
    outer loop
      vertex   1.043916e+01 1.725000e+02 9.042596e+00
      vertex   8.570391e+00 1.725000e+02 8.317715e+00
      vertex   8.775352e+00 1.725000e+02 8.025000e+00
    endloop
  endfacet
  facet normal 0.000000e+00 -1.000000e+00 -0.000000e+00
    outer loop
      vertex   1.043916e+01 1.725000e+02 9.042596e+00
      vertex   8.775352e+00 1.725000e+02 8.025000e+00
      vertex   1.072984e+01 1.725000e+02 8.445096e+00
    endloop
  endfacet
  facet normal 0.000000e+00 -1.000000e+00 0.000000e+00
    outer loop
      vertex   1.072984e+01 1.725000e+02 8.445096e+00
      vertex   8.775352e+00 1.725000e+02 8.025000e+00
      vertex   8.926370e+00 1.725000e+02 7.701141e+00
    endloop
  endfacet
  facet normal 0.000000e+00 -1.000000e+00 -0.000000e+00
    outer loop
      vertex   1.072984e+01 1.725000e+02 8.445096e+00
      vertex   8.926370e+00 1.725000e+02 7.701141e+00
      vertex   1.091760e+01 1.725000e+02 7.807719e+00
    endloop
  endfacet
  facet normal 0.000000e+00 -1.000000e+00 0.000000e+00
    outer loop
      vertex   1.091760e+01 1.725000e+02 7.807719e+00
      vertex   8.926370e+00 1.725000e+02 7.701141e+00
      vertex   9.018856e+00 1.725000e+02 7.355979e+00
    endloop
  endfacet
  facet normal 0.000000e+00 -1.000000e+00 -0.000000e+00
    outer loop
      vertex   1.091760e+01 1.725000e+02 7.807719e+00
      vertex   9.018856e+00 1.725000e+02 7.355979e+00
      vertex   1.099726e+01 1.725000e+02 7.148055e+00
    endloop
  endfacet
  facet normal -0.000000e+00 -1.000000e+00 0.000000e+00
    outer loop
      vertex   1.099726e+01 1.725000e+02 7.148055e+00
      vertex   9.018856e+00 1.725000e+02 7.355979e+00
      vertex   9.050000e+00 1.725000e+02 7.000000e+00
    endloop
  endfacet
  facet normal 0.000000e+00 -1.000000e+00 0.000000e+00
    outer loop
      vertex   1.099726e+01 1.725000e+02 7.148055e+00
      vertex   9.050000e+00 1.725000e+02 7.000000e+00
      vertex   1.096662e+01 1.725000e+02 6.484305e+00
    endloop
  endfacet
  facet normal 0.000000e+00 -1.000000e+00 0.000000e+00
    outer loop
      vertex   1.096662e+01 1.725000e+02 6.484305e+00
      vertex   9.050000e+00 1.725000e+02 7.000000e+00
      vertex   9.018856e+00 1.725000e+02 6.644021e+00
    endloop
  endfacet
  facet normal -0.000000e+00 -1.000000e+00 0.000000e+00
    outer loop
      vertex   1.096662e+01 1.725000e+02 6.484305e+00
      vertex   9.018856e+00 1.725000e+02 6.644021e+00
      vertex   1.082652e+01 1.725000e+02 5.834785e+00
    endloop
  endfacet
  facet normal 0.000000e+00 -1.000000e+00 0.000000e+00
    outer loop
      vertex   1.082652e+01 1.725000e+02 5.834785e+00
      vertex   9.018856e+00 1.725000e+02 6.644021e+00
      vertex   8.926370e+00 1.725000e+02 6.298859e+00
    endloop
  endfacet
  facet normal -0.000000e+00 -1.000000e+00 0.000000e+00
    outer loop
      vertex   1.082652e+01 1.725000e+02 5.834785e+00
      vertex   8.926370e+00 1.725000e+02 6.298859e+00
      vertex   1.058084e+01 1.725000e+02 5.217418e+00
    endloop
  endfacet
  facet normal 0.000000e+00 -1.000000e+00 0.000000e+00
    outer loop
      vertex   1.058084e+01 1.725000e+02 5.217418e+00
      vertex   8.926370e+00 1.725000e+02 6.298859e+00
      vertex   8.775352e+00 1.725000e+02 5.975000e+00
    endloop
  endfacet
  facet normal -0.000000e+00 -1.000000e+00 0.000000e+00
    outer loop
      vertex   1.058084e+01 1.725000e+02 5.217418e+00
      vertex   8.775352e+00 1.725000e+02 5.975000e+00
      vertex   1.023634e+01 1.725000e+02 4.649240e+00
    endloop
  endfacet
  facet normal 0.000000e+00 -1.000000e+00 0.000000e+00
    outer loop
      vertex   1.023634e+01 1.725000e+02 4.649240e+00
      vertex   8.775352e+00 1.725000e+02 5.975000e+00
      vertex   8.570391e+00 1.725000e+02 5.682285e+00
    endloop
  endfacet
  facet normal -0.000000e+00 -1.000000e+00 0.000000e+00
    outer loop
      vertex   1.023634e+01 1.725000e+02 4.649240e+00
      vertex   8.570391e+00 1.725000e+02 5.682285e+00
      vertex   9.802547e+00 1.725000e+02 4.145928e+00
    endloop
  endfacet
  facet normal 0.000000e+00 -1.000000e+00 0.000000e+00
    outer loop
      vertex   9.802547e+00 1.725000e+02 4.145928e+00
      vertex   8.570391e+00 1.725000e+02 5.682285e+00
      vertex   8.317715e+00 1.725000e+02 5.429609e+00
    endloop
  endfacet
  facet normal -0.000000e+00 -1.000000e+00 0.000000e+00
    outer loop
      vertex   9.802547e+00 1.725000e+02 4.145928e+00
      vertex   8.317715e+00 1.725000e+02 5.429609e+00
      vertex   9.291417e+00 1.725000e+02 3.721371e+00
    endloop
  endfacet
  facet normal 0.000000e+00 -1.000000e+00 0.000000e+00
    outer loop
      vertex   9.291417e+00 1.725000e+02 3.721371e+00
      vertex   8.317715e+00 1.725000e+02 5.429609e+00
      vertex   8.025000e+00 1.725000e+02 5.224648e+00
    endloop
  endfacet
  facet normal 0.000000e+00 -1.000000e+00 0.000000e+00
    outer loop
      vertex   9.291417e+00 1.725000e+02 3.721371e+00
      vertex   8.025000e+00 1.725000e+02 5.224648e+00
      vertex   7.701141e+00 1.725000e+02 5.073630e+00
    endloop
  endfacet
  facet normal 0.000000e+00 -1.000000e+00 -0.000000e+00
    outer loop
      vertex   7.701141e+00 1.725000e+02 5.073630e+00
      vertex   7.355979e+00 1.725000e+02 4.981144e+00
      vertex   9.291417e+00 1.725000e+02 3.721371e+00
    endloop
  endfacet
  facet normal -0.000000e+00 -1.000000e+00 0.000000e+00
    outer loop
      vertex   9.291417e+00 1.725000e+02 3.721371e+00
      vertex   7.355979e+00 1.725000e+02 4.981144e+00
      vertex   6.828427e+00 1.725000e+02 2.000000e+00
    endloop
  endfacet
  facet normal 0.000000e+00 -1.000000e+00 0.000000e+00
    outer loop
      vertex   6.828427e+00 1.725000e+02 2.000000e+00
      vertex   7.355979e+00 1.725000e+02 4.981144e+00
      vertex   7.000000e+00 1.725000e+02 4.950000e+00
    endloop
  endfacet
  facet normal 0.000000e+00 -1.000000e+00 0.000000e+00
    outer loop
      vertex   6.828427e+00 1.725000e+02 2.000000e+00
      vertex   7.000000e+00 1.725000e+02 4.950000e+00
      vertex   6.644021e+00 1.725000e+02 4.981144e+00
    endloop
  endfacet
  facet normal -0.000000e+00 -1.000000e+00 -0.000000e+00
    outer loop
      vertex   6.644021e+00 1.725000e+02 4.981144e+00
      vertex   6.298859e+00 1.725000e+02 5.073630e+00
      vertex   6.828427e+00 1.725000e+02 2.000000e+00
    endloop
  endfacet
  facet normal 0.000000e+00 -1.000000e+00 0.000000e+00
    outer loop
      vertex   6.828427e+00 1.725000e+02 2.000000e+00
      vertex   6.298859e+00 1.725000e+02 5.073630e+00
      vertex   5.975000e+00 1.725000e+02 5.224648e+00
    endloop
  endfacet
  facet normal 0.000000e+00 -1.000000e+00 0.000000e+00
    outer loop
      vertex   6.828427e+00 1.725000e+02 2.000000e+00
      vertex   5.975000e+00 1.725000e+02 5.224648e+00
      vertex   5.682285e+00 1.725000e+02 5.429609e+00
    endloop
  endfacet
  facet normal 0.000000e+00 -1.000000e+00 0.000000e+00
    outer loop
      vertex   6.828427e+00 1.725000e+02 2.000000e+00
      vertex   5.682285e+00 1.725000e+02 5.429609e+00
      vertex   2.000000e+00 1.725000e+02 6.828427e+00
    endloop
  endfacet
  facet normal 0.000000e+00 -1.000000e+00 0.000000e+00
    outer loop
      vertex   2.000000e+00 1.725000e+02 6.828427e+00
      vertex   5.682285e+00 1.725000e+02 5.429609e+00
      vertex   5.429609e+00 1.725000e+02 5.682285e+00
    endloop
  endfacet
  facet normal 0.000000e+00 -1.000000e+00 0.000000e+00
    outer loop
      vertex   2.000000e+00 1.725000e+02 6.828427e+00
      vertex   5.429609e+00 1.725000e+02 5.682285e+00
      vertex   5.224648e+00 1.725000e+02 5.975000e+00
    endloop
  endfacet
  facet normal 0.000000e+00 -1.000000e+00 0.000000e+00
    outer loop
      vertex   5.224648e+00 1.725000e+02 5.975000e+00
      vertex   5.073630e+00 1.725000e+02 6.298859e+00
      vertex   2.000000e+00 1.725000e+02 6.828427e+00
    endloop
  endfacet
  facet normal 0.000000e+00 -1.000000e+00 0.000000e+00
    outer loop
      vertex   2.000000e+00 1.725000e+02 6.828427e+00
      vertex   5.073630e+00 1.725000e+02 6.298859e+00
      vertex   4.981144e+00 1.725000e+02 6.644021e+00
    endloop
  endfacet
  facet normal 0.000000e+00 1.000000e+00 0.000000e+00
    outer loop
      vertex   6.828427e+00 1.800000e+02 2.000000e+00
      vertex   2.613484e-12 1.800000e+02 6.000000e+00
      vertex   2.000000e+00 1.800000e+02 6.828427e+00
    endloop
  endfacet
  facet normal 0.000000e+00 1.000000e+00 0.000000e+00
    outer loop
      vertex   2.000000e+00 1.800000e+02 6.828427e+00
      vertex   2.613484e-12 1.800000e+02 6.000000e+00
      vertex   -3.956681e-11 1.800000e+02 3.800000e+01
    endloop
  endfacet
  facet normal 0.000000e+00 1.000000e+00 0.000000e+00
    outer loop
      vertex   2.000000e+00 1.800000e+02 6.828427e+00
      vertex   -3.956681e-11 1.800000e+02 3.800000e+01
      vertex   1.000000e+00 1.800000e+02 3.800000e+01
    endloop
  endfacet
  facet normal 0.000000e+00 1.000000e+00 0.000000e+00
    outer loop
      vertex   2.613484e-12 1.800000e+02 6.000000e+00
      vertex   6.828427e+00 1.800000e+02 2.000000e+00
      vertex   6.000000e+00 1.800000e+02 3.329442e-11
    endloop
  endfacet
  facet normal 0.000000e+00 1.000000e+00 0.000000e+00
    outer loop
      vertex   6.000000e+00 1.800000e+02 3.329442e-11
      vertex   6.828427e+00 1.800000e+02 2.000000e+00
      vertex   2.031716e+02 1.800000e+02 2.000000e+00
    endloop
  endfacet
  facet normal -0.000000e+00 1.000000e+00 0.000000e+00
    outer loop
      vertex   6.000000e+00 1.800000e+02 3.329442e-11
      vertex   2.031716e+02 1.800000e+02 2.000000e+00
      vertex   2.040000e+02 1.800000e+02 5.356068e-12
    endloop
  endfacet
  facet normal 0.000000e+00 1.000000e+00 -0.000000e+00
    outer loop
      vertex   2.040000e+02 1.800000e+02 5.356068e-12
      vertex   2.031716e+02 1.800000e+02 2.000000e+00
      vertex   2.100000e+02 1.800000e+02 6.000000e+00
    endloop
  endfacet
  facet normal 0.000000e+00 1.000000e+00 0.000000e+00
    outer loop
      vertex   2.100000e+02 1.800000e+02 6.000000e+00
      vertex   2.031716e+02 1.800000e+02 2.000000e+00
      vertex   2.080000e+02 1.800000e+02 6.828427e+00
    endloop
  endfacet
  facet normal 0.000000e+00 1.000000e+00 0.000000e+00
    outer loop
      vertex   2.100000e+02 1.800000e+02 6.000000e+00
      vertex   2.080000e+02 1.800000e+02 6.828427e+00
      vertex   2.100000e+02 1.800000e+02 3.800000e+01
    endloop
  endfacet
  facet normal 0.000000e+00 1.000000e+00 0.000000e+00
    outer loop
      vertex   2.100000e+02 1.800000e+02 3.800000e+01
      vertex   2.080000e+02 1.800000e+02 6.828427e+00
      vertex   2.090000e+02 1.800000e+02 3.800000e+01
    endloop
  endfacet
  facet normal 0.000000e+00 1.000000e+00 0.000000e+00
    outer loop
      vertex   2.090000e+02 1.800000e+02 3.800000e+01
      vertex   2.080000e+02 1.800000e+02 6.828427e+00
      vertex   2.080000e+02 1.800000e+02 4.286603e+01
    endloop
  endfacet
  facet normal 0.000000e+00 1.000000e+00 0.000000e+00
    outer loop
      vertex   2.090000e+02 1.800000e+02 3.800000e+01
      vertex   2.080000e+02 1.800000e+02 4.286603e+01
      vertex   2.085000e+02 1.800000e+02 4.200000e+01
    endloop
  endfacet
  facet normal -0.000000e+00 1.000000e+00 0.000000e+00
    outer loop
      vertex   2.085000e+02 1.800000e+02 4.200000e+01
      vertex   2.090000e+02 1.800000e+02 4.200000e+01
      vertex   2.090000e+02 1.800000e+02 3.800000e+01
    endloop
  endfacet
  facet normal -0.000000e+00 1.000000e+00 0.000000e+00
    outer loop
      vertex   1.000000e+00 1.800000e+02 4.200000e+01
      vertex   1.500000e+00 1.800000e+02 4.200000e+01
      vertex   1.000000e+00 1.800000e+02 3.800000e+01
    endloop
  endfacet
  facet normal 0.000000e+00 1.000000e+00 0.000000e+00
    outer loop
      vertex   1.000000e+00 1.800000e+02 3.800000e+01
      vertex   1.500000e+00 1.800000e+02 4.200000e+01
      vertex   2.000000e+00 1.800000e+02 4.286603e+01
    endloop
  endfacet
  facet normal -0.000000e+00 1.000000e+00 0.000000e+00
    outer loop
      vertex   1.000000e+00 1.800000e+02 3.800000e+01
      vertex   2.000000e+00 1.800000e+02 4.286603e+01
      vertex   2.000000e+00 1.800000e+02 6.828427e+00
    endloop
  endfacet
  facet normal 7.071068e-01 1.239745e-13 7.071068e-01
    outer loop
      vertex   2.000000e+00 0.000000e+00 6.828427e+00
      vertex   6.828427e+00 0.000000e+00 2.000000e+00
      vertex   2.000000e+00 2.500000e+00 6.828427e+00
    endloop
  endfacet
  facet normal 7.071068e-01 1.244517e-13 7.071068e-01
    outer loop
      vertex   2.000000e+00 2.500000e+00 6.828427e+00
      vertex   6.828427e+00 0.000000e+00 2.000000e+00
      vertex   6.828427e+00 2.500000e+00 2.000000e+00
    endloop
  endfacet
  facet normal 0.000000e+00 -1.000000e+00 0.000000e+00
    outer loop
      vertex   4.981144e+00 2.500000e+00 6.644021e+00
      vertex   4.950000e+00 2.500000e+00 7.000000e+00
      vertex   2.000000e+00 2.500000e+00 6.828427e+00
    endloop
  endfacet
  facet normal 0.000000e+00 -1.000000e+00 0.000000e+00
    outer loop
      vertex   2.000000e+00 2.500000e+00 6.828427e+00
      vertex   4.950000e+00 2.500000e+00 7.000000e+00
      vertex   4.981144e+00 2.500000e+00 7.355979e+00
    endloop
  endfacet
  facet normal 0.000000e+00 -1.000000e+00 0.000000e+00
    outer loop
      vertex   2.000000e+00 2.500000e+00 6.828427e+00
      vertex   4.981144e+00 2.500000e+00 7.355979e+00
      vertex   3.721371e+00 2.500000e+00 9.291417e+00
    endloop
  endfacet
  facet normal 0.000000e+00 -1.000000e+00 0.000000e+00
    outer loop
      vertex   3.721371e+00 2.500000e+00 9.291417e+00
      vertex   4.981144e+00 2.500000e+00 7.355979e+00
      vertex   5.073630e+00 2.500000e+00 7.701141e+00
    endloop
  endfacet
  facet normal 0.000000e+00 -1.000000e+00 0.000000e+00
    outer loop
      vertex   3.721371e+00 2.500000e+00 9.291417e+00
      vertex   5.073630e+00 2.500000e+00 7.701141e+00
      vertex   5.224648e+00 2.500000e+00 8.025000e+00
    endloop
  endfacet
  facet normal 0.000000e+00 -1.000000e+00 0.000000e+00
    outer loop
      vertex   5.224648e+00 2.500000e+00 8.025000e+00
      vertex   5.429609e+00 2.500000e+00 8.317715e+00
      vertex   3.721371e+00 2.500000e+00 9.291417e+00
    endloop
  endfacet
  facet normal 0.000000e+00 -1.000000e+00 0.000000e+00
    outer loop
      vertex   3.721371e+00 2.500000e+00 9.291417e+00
      vertex   5.429609e+00 2.500000e+00 8.317715e+00
      vertex   4.145928e+00 2.500000e+00 9.802547e+00
    endloop
  endfacet
  facet normal 0.000000e+00 -1.000000e+00 0.000000e+00
    outer loop
      vertex   4.145928e+00 2.500000e+00 9.802547e+00
      vertex   5.429609e+00 2.500000e+00 8.317715e+00
      vertex   5.682285e+00 2.500000e+00 8.570391e+00
    endloop
  endfacet
  facet normal 0.000000e+00 -1.000000e+00 0.000000e+00
    outer loop
      vertex   4.145928e+00 2.500000e+00 9.802547e+00
      vertex   5.682285e+00 2.500000e+00 8.570391e+00
      vertex   4.649240e+00 2.500000e+00 1.023634e+01
    endloop
  endfacet
  facet normal 0.000000e+00 -1.000000e+00 0.000000e+00
    outer loop
      vertex   4.649240e+00 2.500000e+00 1.023634e+01
      vertex   5.682285e+00 2.500000e+00 8.570391e+00
      vertex   5.975000e+00 2.500000e+00 8.775352e+00
    endloop
  endfacet
  facet normal 0.000000e+00 -1.000000e+00 0.000000e+00
    outer loop
      vertex   4.649240e+00 2.500000e+00 1.023634e+01
      vertex   5.975000e+00 2.500000e+00 8.775352e+00
      vertex   5.217418e+00 2.500000e+00 1.058084e+01
    endloop
  endfacet
  facet normal 0.000000e+00 -1.000000e+00 0.000000e+00
    outer loop
      vertex   5.217418e+00 2.500000e+00 1.058084e+01
      vertex   5.975000e+00 2.500000e+00 8.775352e+00
      vertex   6.298859e+00 2.500000e+00 8.926370e+00
    endloop
  endfacet
  facet normal 0.000000e+00 -1.000000e+00 0.000000e+00
    outer loop
      vertex   5.217418e+00 2.500000e+00 1.058084e+01
      vertex   6.298859e+00 2.500000e+00 8.926370e+00
      vertex   5.834785e+00 2.500000e+00 1.082652e+01
    endloop
  endfacet
  facet normal 0.000000e+00 -1.000000e+00 0.000000e+00
    outer loop
      vertex   5.834785e+00 2.500000e+00 1.082652e+01
      vertex   6.298859e+00 2.500000e+00 8.926370e+00
      vertex   6.644021e+00 2.500000e+00 9.018856e+00
    endloop
  endfacet
  facet normal 0.000000e+00 -1.000000e+00 0.000000e+00
    outer loop
      vertex   5.834785e+00 2.500000e+00 1.082652e+01
      vertex   6.644021e+00 2.500000e+00 9.018856e+00
      vertex   6.484305e+00 2.500000e+00 1.096662e+01
    endloop
  endfacet
  facet normal 0.000000e+00 -1.000000e+00 0.000000e+00
    outer loop
      vertex   6.484305e+00 2.500000e+00 1.096662e+01
      vertex   6.644021e+00 2.500000e+00 9.018856e+00
      vertex   7.000000e+00 2.500000e+00 9.050000e+00
    endloop
  endfacet
  facet normal 0.000000e+00 -1.000000e+00 0.000000e+00
    outer loop
      vertex   6.484305e+00 2.500000e+00 1.096662e+01
      vertex   7.000000e+00 2.500000e+00 9.050000e+00
      vertex   7.148055e+00 2.500000e+00 1.099726e+01
    endloop
  endfacet
  facet normal 0.000000e+00 -1.000000e+00 -0.000000e+00
    outer loop
      vertex   7.148055e+00 2.500000e+00 1.099726e+01
      vertex   7.000000e+00 2.500000e+00 9.050000e+00
      vertex   7.355979e+00 2.500000e+00 9.018856e+00
    endloop
  endfacet
  facet normal 0.000000e+00 -1.000000e+00 0.000000e+00
    outer loop
      vertex   7.148055e+00 2.500000e+00 1.099726e+01
      vertex   7.355979e+00 2.500000e+00 9.018856e+00
      vertex   7.807719e+00 2.500000e+00 1.091760e+01
    endloop
  endfacet
  facet normal 0.000000e+00 -1.000000e+00 0.000000e+00
    outer loop
      vertex   7.807719e+00 2.500000e+00 1.091760e+01
      vertex   7.355979e+00 2.500000e+00 9.018856e+00
      vertex   7.701141e+00 2.500000e+00 8.926370e+00
    endloop
  endfacet
  facet normal 0.000000e+00 -1.000000e+00 -0.000000e+00
    outer loop
      vertex   7.807719e+00 2.500000e+00 1.091760e+01
      vertex   7.701141e+00 2.500000e+00 8.926370e+00
      vertex   8.445096e+00 2.500000e+00 1.072984e+01
    endloop
  endfacet
  facet normal 0.000000e+00 -1.000000e+00 0.000000e+00
    outer loop
      vertex   8.445096e+00 2.500000e+00 1.072984e+01
      vertex   7.701141e+00 2.500000e+00 8.926370e+00
      vertex   8.025000e+00 2.500000e+00 8.775352e+00
    endloop
  endfacet
  facet normal 0.000000e+00 -1.000000e+00 -0.000000e+00
    outer loop
      vertex   8.445096e+00 2.500000e+00 1.072984e+01
      vertex   8.025000e+00 2.500000e+00 8.775352e+00
      vertex   9.042596e+00 2.500000e+00 1.043916e+01
    endloop
  endfacet
  facet normal 0.000000e+00 -1.000000e+00 0.000000e+00
    outer loop
      vertex   9.042596e+00 2.500000e+00 1.043916e+01
      vertex   8.025000e+00 2.500000e+00 8.775352e+00
      vertex   8.317715e+00 2.500000e+00 8.570391e+00
    endloop
  endfacet
  facet normal 0.000000e+00 -1.000000e+00 -0.000000e+00
    outer loop
      vertex   9.042596e+00 2.500000e+00 1.043916e+01
      vertex   8.317715e+00 2.500000e+00 8.570391e+00
      vertex   9.583733e+00 2.500000e+00 1.005358e+01
    endloop
  endfacet
  facet normal 0.000000e+00 -1.000000e+00 -0.000000e+00
    outer loop
      vertex   9.583733e+00 2.500000e+00 1.005358e+01
      vertex   8.317715e+00 2.500000e+00 8.570391e+00
      vertex   1.005358e+01 2.500000e+00 9.583733e+00
    endloop
  endfacet
  facet normal 0.000000e+00 -1.000000e+00 0.000000e+00
    outer loop
      vertex   1.005358e+01 2.500000e+00 9.583733e+00
      vertex   8.317715e+00 2.500000e+00 8.570391e+00
      vertex   8.570391e+00 2.500000e+00 8.317715e+00
    endloop
  endfacet
  facet normal 0.000000e+00 -1.000000e+00 -0.000000e+00
    outer loop
      vertex   1.005358e+01 2.500000e+00 9.583733e+00
      vertex   8.570391e+00 2.500000e+00 8.317715e+00
      vertex   1.043916e+01 2.500000e+00 9.042596e+00
    endloop
  endfacet
  facet normal 0.000000e+00 -1.000000e+00 0.000000e+00
    outer loop
      vertex   1.043916e+01 2.500000e+00 9.042596e+00
      vertex   8.570391e+00 2.500000e+00 8.317715e+00
      vertex   8.775352e+00 2.500000e+00 8.025000e+00
    endloop
  endfacet
  facet normal 0.000000e+00 -1.000000e+00 -0.000000e+00
    outer loop
      vertex   1.043916e+01 2.500000e+00 9.042596e+00
      vertex   8.775352e+00 2.500000e+00 8.025000e+00
      vertex   1.072984e+01 2.500000e+00 8.445096e+00
    endloop
  endfacet
  facet normal 0.000000e+00 -1.000000e+00 0.000000e+00
    outer loop
      vertex   1.072984e+01 2.500000e+00 8.445096e+00
      vertex   8.775352e+00 2.500000e+00 8.025000e+00
      vertex   8.926370e+00 2.500000e+00 7.701141e+00
    endloop
  endfacet
  facet normal 0.000000e+00 -1.000000e+00 -0.000000e+00
    outer loop
      vertex   1.072984e+01 2.500000e+00 8.445096e+00
      vertex   8.926370e+00 2.500000e+00 7.701141e+00
      vertex   1.091760e+01 2.500000e+00 7.807719e+00
    endloop
  endfacet
  facet normal 0.000000e+00 -1.000000e+00 0.000000e+00
    outer loop
      vertex   1.091760e+01 2.500000e+00 7.807719e+00
      vertex   8.926370e+00 2.500000e+00 7.701141e+00
      vertex   9.018856e+00 2.500000e+00 7.355979e+00
    endloop
  endfacet
  facet normal 0.000000e+00 -1.000000e+00 -0.000000e+00
    outer loop
      vertex   1.091760e+01 2.500000e+00 7.807719e+00
      vertex   9.018856e+00 2.500000e+00 7.355979e+00
      vertex   1.099726e+01 2.500000e+00 7.148055e+00
    endloop
  endfacet
  facet normal -0.000000e+00 -1.000000e+00 0.000000e+00
    outer loop
      vertex   1.099726e+01 2.500000e+00 7.148055e+00
      vertex   9.018856e+00 2.500000e+00 7.355979e+00
      vertex   9.050000e+00 2.500000e+00 7.000000e+00
    endloop
  endfacet
  facet normal 0.000000e+00 -1.000000e+00 0.000000e+00
    outer loop
      vertex   1.099726e+01 2.500000e+00 7.148055e+00
      vertex   9.050000e+00 2.500000e+00 7.000000e+00
      vertex   1.096662e+01 2.500000e+00 6.484305e+00
    endloop
  endfacet
  facet normal 0.000000e+00 -1.000000e+00 0.000000e+00
    outer loop
      vertex   1.096662e+01 2.500000e+00 6.484305e+00
      vertex   9.050000e+00 2.500000e+00 7.000000e+00
      vertex   9.018856e+00 2.500000e+00 6.644021e+00
    endloop
  endfacet
  facet normal -0.000000e+00 -1.000000e+00 0.000000e+00
    outer loop
      vertex   1.096662e+01 2.500000e+00 6.484305e+00
      vertex   9.018856e+00 2.500000e+00 6.644021e+00
      vertex   1.082652e+01 2.500000e+00 5.834785e+00
    endloop
  endfacet
  facet normal 0.000000e+00 -1.000000e+00 0.000000e+00
    outer loop
      vertex   1.082652e+01 2.500000e+00 5.834785e+00
      vertex   9.018856e+00 2.500000e+00 6.644021e+00
      vertex   8.926370e+00 2.500000e+00 6.298859e+00
    endloop
  endfacet
  facet normal -0.000000e+00 -1.000000e+00 0.000000e+00
    outer loop
      vertex   1.082652e+01 2.500000e+00 5.834785e+00
      vertex   8.926370e+00 2.500000e+00 6.298859e+00
      vertex   1.058084e+01 2.500000e+00 5.217418e+00
    endloop
  endfacet
  facet normal 0.000000e+00 -1.000000e+00 0.000000e+00
    outer loop
      vertex   1.058084e+01 2.500000e+00 5.217418e+00
      vertex   8.926370e+00 2.500000e+00 6.298859e+00
      vertex   8.775352e+00 2.500000e+00 5.975000e+00
    endloop
  endfacet
  facet normal -0.000000e+00 -1.000000e+00 0.000000e+00
    outer loop
      vertex   1.058084e+01 2.500000e+00 5.217418e+00
      vertex   8.775352e+00 2.500000e+00 5.975000e+00
      vertex   1.023634e+01 2.500000e+00 4.649240e+00
    endloop
  endfacet
  facet normal 0.000000e+00 -1.000000e+00 0.000000e+00
    outer loop
      vertex   1.023634e+01 2.500000e+00 4.649240e+00
      vertex   8.775352e+00 2.500000e+00 5.975000e+00
      vertex   8.570391e+00 2.500000e+00 5.682285e+00
    endloop
  endfacet
  facet normal -0.000000e+00 -1.000000e+00 0.000000e+00
    outer loop
      vertex   1.023634e+01 2.500000e+00 4.649240e+00
      vertex   8.570391e+00 2.500000e+00 5.682285e+00
      vertex   9.802547e+00 2.500000e+00 4.145928e+00
    endloop
  endfacet
  facet normal 0.000000e+00 -1.000000e+00 0.000000e+00
    outer loop
      vertex   9.802547e+00 2.500000e+00 4.145928e+00
      vertex   8.570391e+00 2.500000e+00 5.682285e+00
      vertex   8.317715e+00 2.500000e+00 5.429609e+00
    endloop
  endfacet
  facet normal -0.000000e+00 -1.000000e+00 0.000000e+00
    outer loop
      vertex   9.802547e+00 2.500000e+00 4.145928e+00
      vertex   8.317715e+00 2.500000e+00 5.429609e+00
      vertex   9.291417e+00 2.500000e+00 3.721371e+00
    endloop
  endfacet
  facet normal 0.000000e+00 -1.000000e+00 0.000000e+00
    outer loop
      vertex   9.291417e+00 2.500000e+00 3.721371e+00
      vertex   8.317715e+00 2.500000e+00 5.429609e+00
      vertex   8.025000e+00 2.500000e+00 5.224648e+00
    endloop
  endfacet
  facet normal 0.000000e+00 -1.000000e+00 0.000000e+00
    outer loop
      vertex   9.291417e+00 2.500000e+00 3.721371e+00
      vertex   8.025000e+00 2.500000e+00 5.224648e+00
      vertex   7.701141e+00 2.500000e+00 5.073630e+00
    endloop
  endfacet
  facet normal 0.000000e+00 -1.000000e+00 -0.000000e+00
    outer loop
      vertex   7.701141e+00 2.500000e+00 5.073630e+00
      vertex   7.355979e+00 2.500000e+00 4.981144e+00
      vertex   9.291417e+00 2.500000e+00 3.721371e+00
    endloop
  endfacet
  facet normal -0.000000e+00 -1.000000e+00 0.000000e+00
    outer loop
      vertex   9.291417e+00 2.500000e+00 3.721371e+00
      vertex   7.355979e+00 2.500000e+00 4.981144e+00
      vertex   6.828427e+00 2.500000e+00 2.000000e+00
    endloop
  endfacet
  facet normal 0.000000e+00 -1.000000e+00 0.000000e+00
    outer loop
      vertex   6.828427e+00 2.500000e+00 2.000000e+00
      vertex   7.355979e+00 2.500000e+00 4.981144e+00
      vertex   7.000000e+00 2.500000e+00 4.950000e+00
    endloop
  endfacet
  facet normal 0.000000e+00 -1.000000e+00 0.000000e+00
    outer loop
      vertex   6.828427e+00 2.500000e+00 2.000000e+00
      vertex   7.000000e+00 2.500000e+00 4.950000e+00
      vertex   6.644021e+00 2.500000e+00 4.981144e+00
    endloop
  endfacet
  facet normal -0.000000e+00 -1.000000e+00 -0.000000e+00
    outer loop
      vertex   6.644021e+00 2.500000e+00 4.981144e+00
      vertex   6.298859e+00 2.500000e+00 5.073630e+00
      vertex   6.828427e+00 2.500000e+00 2.000000e+00
    endloop
  endfacet
  facet normal 0.000000e+00 -1.000000e+00 0.000000e+00
    outer loop
      vertex   6.828427e+00 2.500000e+00 2.000000e+00
      vertex   6.298859e+00 2.500000e+00 5.073630e+00
      vertex   5.975000e+00 2.500000e+00 5.224648e+00
    endloop
  endfacet
  facet normal 0.000000e+00 -1.000000e+00 0.000000e+00
    outer loop
      vertex   6.828427e+00 2.500000e+00 2.000000e+00
      vertex   5.975000e+00 2.500000e+00 5.224648e+00
      vertex   5.682285e+00 2.500000e+00 5.429609e+00
    endloop
  endfacet
  facet normal 0.000000e+00 -1.000000e+00 0.000000e+00
    outer loop
      vertex   6.828427e+00 2.500000e+00 2.000000e+00
      vertex   5.682285e+00 2.500000e+00 5.429609e+00
      vertex   2.000000e+00 2.500000e+00 6.828427e+00
    endloop
  endfacet
  facet normal 0.000000e+00 -1.000000e+00 0.000000e+00
    outer loop
      vertex   2.000000e+00 2.500000e+00 6.828427e+00
      vertex   5.682285e+00 2.500000e+00 5.429609e+00
      vertex   5.429609e+00 2.500000e+00 5.682285e+00
    endloop
  endfacet
  facet normal 0.000000e+00 -1.000000e+00 0.000000e+00
    outer loop
      vertex   2.000000e+00 2.500000e+00 6.828427e+00
      vertex   5.429609e+00 2.500000e+00 5.682285e+00
      vertex   5.224648e+00 2.500000e+00 5.975000e+00
    endloop
  endfacet
  facet normal 0.000000e+00 -1.000000e+00 0.000000e+00
    outer loop
      vertex   5.224648e+00 2.500000e+00 5.975000e+00
      vertex   5.073630e+00 2.500000e+00 6.298859e+00
      vertex   2.000000e+00 2.500000e+00 6.828427e+00
    endloop
  endfacet
  facet normal 0.000000e+00 -1.000000e+00 0.000000e+00
    outer loop
      vertex   2.000000e+00 2.500000e+00 6.828427e+00
      vertex   5.073630e+00 2.500000e+00 6.298859e+00
      vertex   4.981144e+00 2.500000e+00 6.644021e+00
    endloop
  endfacet
  facet normal -0.000000e+00 -1.000000e+00 0.000000e+00
    outer loop
      vertex   1.029811e+02 2.500000e+00 6.605979e+00
      vertex   1.010546e+02 2.500000e+00 6.908378e+00
      vertex   1.029500e+02 2.500000e+00 6.250000e+00
    endloop
  endfacet
  facet normal 0.000000e+00 -1.000000e+00 0.000000e+00
    outer loop
      vertex   1.029500e+02 2.500000e+00 6.250000e+00
      vertex   1.010546e+02 2.500000e+00 6.908378e+00
      vertex   1.010000e+02 2.500000e+00 6.250000e+00
    endloop
  endfacet
  facet normal -0.000000e+00 -1.000000e+00 -0.000000e+00
    outer loop
      vertex   1.029500e+02 2.500000e+00 6.250000e+00
      vertex   1.010000e+02 2.500000e+00 6.250000e+00
      vertex   1.029811e+02 2.500000e+00 5.894021e+00
    endloop
  endfacet
  facet normal -0.000000e+00 -1.000000e+00 -0.000000e+00
    outer loop
      vertex   1.029811e+02 2.500000e+00 5.894021e+00
      vertex   1.010000e+02 2.500000e+00 6.250000e+00
      vertex   1.030736e+02 2.500000e+00 5.548859e+00
    endloop
  endfacet
  facet normal -0.000000e+00 -1.000000e+00 -0.000000e+00
    outer loop
      vertex   1.030736e+02 2.500000e+00 5.548859e+00
      vertex   1.010000e+02 2.500000e+00 6.250000e+00
      vertex   1.032246e+02 2.500000e+00 5.225000e+00
    endloop
  endfacet
  facet normal -0.000000e+00 -1.000000e+00 0.000000e+00
    outer loop
      vertex   1.032246e+02 2.500000e+00 5.225000e+00
      vertex   1.010000e+02 2.500000e+00 6.250000e+00
      vertex   1.010000e+02 2.500000e+00 2.000000e+00
    endloop
  endfacet
  facet normal 0.000000e+00 -1.000000e+00 -0.000000e+00
    outer loop
      vertex   1.032246e+02 2.500000e+00 5.225000e+00
      vertex   1.010000e+02 2.500000e+00 2.000000e+00
      vertex   1.034296e+02 2.500000e+00 4.932285e+00
    endloop
  endfacet
  facet normal 0.000000e+00 -1.000000e+00 -0.000000e+00
    outer loop
      vertex   1.034296e+02 2.500000e+00 4.932285e+00
      vertex   1.010000e+02 2.500000e+00 2.000000e+00
      vertex   1.036823e+02 2.500000e+00 4.679609e+00
    endloop
  endfacet
  facet normal 0.000000e+00 -1.000000e+00 -0.000000e+00
    outer loop
      vertex   1.036823e+02 2.500000e+00 4.679609e+00
      vertex   1.010000e+02 2.500000e+00 2.000000e+00
      vertex   1.039750e+02 2.500000e+00 4.474648e+00
    endloop
  endfacet
  facet normal 0.000000e+00 -1.000000e+00 -0.000000e+00
    outer loop
      vertex   1.039750e+02 2.500000e+00 4.474648e+00
      vertex   1.010000e+02 2.500000e+00 2.000000e+00
      vertex   1.042989e+02 2.500000e+00 4.323630e+00
    endloop
  endfacet
  facet normal 0.000000e+00 -1.000000e+00 -0.000000e+00
    outer loop
      vertex   1.042989e+02 2.500000e+00 4.323630e+00
      vertex   1.010000e+02 2.500000e+00 2.000000e+00
      vertex   1.046440e+02 2.500000e+00 4.231144e+00
    endloop
  endfacet
  facet normal 0.000000e+00 -1.000000e+00 -0.000000e+00
    outer loop
      vertex   1.046440e+02 2.500000e+00 4.231144e+00
      vertex   1.010000e+02 2.500000e+00 2.000000e+00
      vertex   1.050000e+02 2.500000e+00 4.200000e+00
    endloop
  endfacet
  facet normal 0.000000e+00 -1.000000e+00 -0.000000e+00
    outer loop
      vertex   1.050000e+02 2.500000e+00 4.200000e+00
      vertex   1.010000e+02 2.500000e+00 2.000000e+00
      vertex   1.090000e+02 2.500000e+00 2.000000e+00
    endloop
  endfacet
  facet normal 0.000000e+00 -1.000000e+00 0.000000e+00
    outer loop
      vertex   1.050000e+02 2.500000e+00 4.200000e+00
      vertex   1.090000e+02 2.500000e+00 2.000000e+00
      vertex   1.053560e+02 2.500000e+00 4.231144e+00
    endloop
  endfacet
  facet normal 0.000000e+00 -1.000000e+00 0.000000e+00
    outer loop
      vertex   1.053560e+02 2.500000e+00 4.231144e+00
      vertex   1.090000e+02 2.500000e+00 2.000000e+00
      vertex   1.057011e+02 2.500000e+00 4.323630e+00
    endloop
  endfacet
  facet normal 0.000000e+00 -1.000000e+00 0.000000e+00
    outer loop
      vertex   1.057011e+02 2.500000e+00 4.323630e+00
      vertex   1.090000e+02 2.500000e+00 2.000000e+00
      vertex   1.060250e+02 2.500000e+00 4.474648e+00
    endloop
  endfacet
  facet normal 0.000000e+00 -1.000000e+00 0.000000e+00
    outer loop
      vertex   1.060250e+02 2.500000e+00 4.474648e+00
      vertex   1.090000e+02 2.500000e+00 2.000000e+00
      vertex   1.063177e+02 2.500000e+00 4.679609e+00
    endloop
  endfacet
  facet normal 0.000000e+00 -1.000000e+00 0.000000e+00
    outer loop
      vertex   1.063177e+02 2.500000e+00 4.679609e+00
      vertex   1.090000e+02 2.500000e+00 2.000000e+00
      vertex   1.065704e+02 2.500000e+00 4.932285e+00
    endloop
  endfacet
  facet normal 0.000000e+00 -1.000000e+00 0.000000e+00
    outer loop
      vertex   1.065704e+02 2.500000e+00 4.932285e+00
      vertex   1.090000e+02 2.500000e+00 2.000000e+00
      vertex   1.067754e+02 2.500000e+00 5.225000e+00
    endloop
  endfacet
  facet normal 0.000000e+00 -1.000000e+00 0.000000e+00
    outer loop
      vertex   1.067754e+02 2.500000e+00 5.225000e+00
      vertex   1.090000e+02 2.500000e+00 2.000000e+00
      vertex   1.090000e+02 2.500000e+00 6.250000e+00
    endloop
  endfacet
  facet normal 0.000000e+00 -1.000000e+00 0.000000e+00
    outer loop
      vertex   1.067754e+02 2.500000e+00 5.225000e+00
      vertex   1.090000e+02 2.500000e+00 6.250000e+00
      vertex   1.069264e+02 2.500000e+00 5.548859e+00
    endloop
  endfacet
  facet normal 0.000000e+00 -1.000000e+00 0.000000e+00
    outer loop
      vertex   1.069264e+02 2.500000e+00 5.548859e+00
      vertex   1.090000e+02 2.500000e+00 6.250000e+00
      vertex   1.070189e+02 2.500000e+00 5.894021e+00
    endloop
  endfacet
  facet normal 0.000000e+00 -1.000000e+00 0.000000e+00
    outer loop
      vertex   1.070189e+02 2.500000e+00 5.894021e+00
      vertex   1.090000e+02 2.500000e+00 6.250000e+00
      vertex   1.070500e+02 2.500000e+00 6.250000e+00
    endloop
  endfacet
  facet normal 0.000000e+00 -1.000000e+00 0.000000e+00
    outer loop
      vertex   1.070500e+02 2.500000e+00 6.250000e+00
      vertex   1.090000e+02 2.500000e+00 6.250000e+00
      vertex   1.089454e+02 2.500000e+00 6.908378e+00
    endloop
  endfacet
  facet normal 0.000000e+00 -1.000000e+00 0.000000e+00
    outer loop
      vertex   1.070500e+02 2.500000e+00 6.250000e+00
      vertex   1.089454e+02 2.500000e+00 6.908378e+00
      vertex   1.070189e+02 2.500000e+00 6.605979e+00
    endloop
  endfacet
  facet normal 0.000000e+00 -1.000000e+00 0.000000e+00
    outer loop
      vertex   1.070189e+02 2.500000e+00 6.605979e+00
      vertex   1.089454e+02 2.500000e+00 6.908378e+00
      vertex   1.087833e+02 2.500000e+00 7.548798e+00
    endloop
  endfacet
  facet normal 0.000000e+00 -1.000000e+00 0.000000e+00
    outer loop
      vertex   1.070189e+02 2.500000e+00 6.605979e+00
      vertex   1.087833e+02 2.500000e+00 7.548798e+00
      vertex   1.069264e+02 2.500000e+00 6.951141e+00
    endloop
  endfacet
  facet normal 0.000000e+00 -1.000000e+00 0.000000e+00
    outer loop
      vertex   1.069264e+02 2.500000e+00 6.951141e+00
      vertex   1.087833e+02 2.500000e+00 7.548798e+00
      vertex   1.085179e+02 2.500000e+00 8.153790e+00
    endloop
  endfacet
  facet normal 0.000000e+00 -1.000000e+00 0.000000e+00
    outer loop
      vertex   1.069264e+02 2.500000e+00 6.951141e+00
      vertex   1.085179e+02 2.500000e+00 8.153790e+00
      vertex   1.067754e+02 2.500000e+00 7.275000e+00
    endloop
  endfacet
  facet normal 0.000000e+00 -1.000000e+00 0.000000e+00
    outer loop
      vertex   1.067754e+02 2.500000e+00 7.275000e+00
      vertex   1.085179e+02 2.500000e+00 8.153790e+00
      vertex   1.081566e+02 2.500000e+00 8.706851e+00
    endloop
  endfacet
  facet normal 0.000000e+00 -1.000000e+00 0.000000e+00
    outer loop
      vertex   1.067754e+02 2.500000e+00 7.275000e+00
      vertex   1.081566e+02 2.500000e+00 8.706851e+00
      vertex   1.065704e+02 2.500000e+00 7.567715e+00
    endloop
  endfacet
  facet normal 0.000000e+00 -1.000000e+00 0.000000e+00
    outer loop
      vertex   1.065704e+02 2.500000e+00 7.567715e+00
      vertex   1.081566e+02 2.500000e+00 8.706851e+00
      vertex   1.077091e+02 2.500000e+00 9.192896e+00
    endloop
  endfacet
  facet normal 0.000000e+00 -1.000000e+00 0.000000e+00
    outer loop
      vertex   1.065704e+02 2.500000e+00 7.567715e+00
      vertex   1.077091e+02 2.500000e+00 9.192896e+00
      vertex   1.063177e+02 2.500000e+00 7.820391e+00
    endloop
  endfacet
  facet normal 0.000000e+00 -1.000000e+00 0.000000e+00
    outer loop
      vertex   1.063177e+02 2.500000e+00 7.820391e+00
      vertex   1.077091e+02 2.500000e+00 9.192896e+00
      vertex   1.071878e+02 2.500000e+00 9.598666e+00
    endloop
  endfacet
  facet normal 0.000000e+00 -1.000000e+00 0.000000e+00
    outer loop
      vertex   1.063177e+02 2.500000e+00 7.820391e+00
      vertex   1.071878e+02 2.500000e+00 9.598666e+00
      vertex   1.060250e+02 2.500000e+00 8.025352e+00
    endloop
  endfacet
  facet normal 0.000000e+00 -1.000000e+00 0.000000e+00
    outer loop
      vertex   1.060250e+02 2.500000e+00 8.025352e+00
      vertex   1.071878e+02 2.500000e+00 9.598666e+00
      vertex   1.066068e+02 2.500000e+00 9.913093e+00
    endloop
  endfacet
  facet normal 0.000000e+00 -1.000000e+00 0.000000e+00
    outer loop
      vertex   1.060250e+02 2.500000e+00 8.025352e+00
      vertex   1.066068e+02 2.500000e+00 9.913093e+00
      vertex   1.057011e+02 2.500000e+00 8.176370e+00
    endloop
  endfacet
  facet normal 0.000000e+00 -1.000000e+00 0.000000e+00
    outer loop
      vertex   1.057011e+02 2.500000e+00 8.176370e+00
      vertex   1.066068e+02 2.500000e+00 9.913093e+00
      vertex   1.059819e+02 2.500000e+00 1.012760e+01
    endloop
  endfacet
  facet normal 0.000000e+00 -1.000000e+00 0.000000e+00
    outer loop
      vertex   1.057011e+02 2.500000e+00 8.176370e+00
      vertex   1.059819e+02 2.500000e+00 1.012760e+01
      vertex   1.053560e+02 2.500000e+00 8.268856e+00
    endloop
  endfacet
  facet normal 0.000000e+00 -1.000000e+00 0.000000e+00
    outer loop
      vertex   1.053560e+02 2.500000e+00 8.268856e+00
      vertex   1.059819e+02 2.500000e+00 1.012760e+01
      vertex   1.053303e+02 2.500000e+00 1.023634e+01
    endloop
  endfacet
  facet normal 0.000000e+00 -1.000000e+00 0.000000e+00
    outer loop
      vertex   1.053560e+02 2.500000e+00 8.268856e+00
      vertex   1.053303e+02 2.500000e+00 1.023634e+01
      vertex   1.050000e+02 2.500000e+00 8.300000e+00
    endloop
  endfacet
  facet normal 0.000000e+00 -1.000000e+00 0.000000e+00
    outer loop
      vertex   1.050000e+02 2.500000e+00 8.300000e+00
      vertex   1.053303e+02 2.500000e+00 1.023634e+01
      vertex   1.046697e+02 2.500000e+00 1.023634e+01
    endloop
  endfacet
  facet normal -0.000000e+00 -1.000000e+00 0.000000e+00
    outer loop
      vertex   1.050000e+02 2.500000e+00 8.300000e+00
      vertex   1.046697e+02 2.500000e+00 1.023634e+01
      vertex   1.046440e+02 2.500000e+00 8.268856e+00
    endloop
  endfacet
  facet normal 0.000000e+00 -1.000000e+00 0.000000e+00
    outer loop
      vertex   1.046440e+02 2.500000e+00 8.268856e+00
      vertex   1.046697e+02 2.500000e+00 1.023634e+01
      vertex   1.040181e+02 2.500000e+00 1.012760e+01
    endloop
  endfacet
  facet normal -0.000000e+00 -1.000000e+00 0.000000e+00
    outer loop
      vertex   1.046440e+02 2.500000e+00 8.268856e+00
      vertex   1.040181e+02 2.500000e+00 1.012760e+01
      vertex   1.042989e+02 2.500000e+00 8.176370e+00
    endloop
  endfacet
  facet normal 0.000000e+00 -1.000000e+00 0.000000e+00
    outer loop
      vertex   1.042989e+02 2.500000e+00 8.176370e+00
      vertex   1.040181e+02 2.500000e+00 1.012760e+01
      vertex   1.033932e+02 2.500000e+00 9.913093e+00
    endloop
  endfacet
  facet normal -0.000000e+00 -1.000000e+00 0.000000e+00
    outer loop
      vertex   1.042989e+02 2.500000e+00 8.176370e+00
      vertex   1.033932e+02 2.500000e+00 9.913093e+00
      vertex   1.039750e+02 2.500000e+00 8.025352e+00
    endloop
  endfacet
  facet normal 0.000000e+00 -1.000000e+00 0.000000e+00
    outer loop
      vertex   1.039750e+02 2.500000e+00 8.025352e+00
      vertex   1.033932e+02 2.500000e+00 9.913093e+00
      vertex   1.028122e+02 2.500000e+00 9.598666e+00
    endloop
  endfacet
  facet normal -0.000000e+00 -1.000000e+00 0.000000e+00
    outer loop
      vertex   1.039750e+02 2.500000e+00 8.025352e+00
      vertex   1.028122e+02 2.500000e+00 9.598666e+00
      vertex   1.036823e+02 2.500000e+00 7.820391e+00
    endloop
  endfacet
  facet normal 0.000000e+00 -1.000000e+00 0.000000e+00
    outer loop
      vertex   1.036823e+02 2.500000e+00 7.820391e+00
      vertex   1.028122e+02 2.500000e+00 9.598666e+00
      vertex   1.022909e+02 2.500000e+00 9.192896e+00
    endloop
  endfacet
  facet normal -0.000000e+00 -1.000000e+00 0.000000e+00
    outer loop
      vertex   1.036823e+02 2.500000e+00 7.820391e+00
      vertex   1.022909e+02 2.500000e+00 9.192896e+00
      vertex   1.034296e+02 2.500000e+00 7.567715e+00
    endloop
  endfacet
  facet normal 0.000000e+00 -1.000000e+00 0.000000e+00
    outer loop
      vertex   1.034296e+02 2.500000e+00 7.567715e+00
      vertex   1.022909e+02 2.500000e+00 9.192896e+00
      vertex   1.018434e+02 2.500000e+00 8.706851e+00
    endloop
  endfacet
  facet normal -0.000000e+00 -1.000000e+00 0.000000e+00
    outer loop
      vertex   1.034296e+02 2.500000e+00 7.567715e+00
      vertex   1.018434e+02 2.500000e+00 8.706851e+00
      vertex   1.032246e+02 2.500000e+00 7.275000e+00
    endloop
  endfacet
  facet normal 0.000000e+00 -1.000000e+00 0.000000e+00
    outer loop
      vertex   1.032246e+02 2.500000e+00 7.275000e+00
      vertex   1.018434e+02 2.500000e+00 8.706851e+00
      vertex   1.014821e+02 2.500000e+00 8.153790e+00
    endloop
  endfacet
  facet normal -0.000000e+00 -1.000000e+00 0.000000e+00
    outer loop
      vertex   1.032246e+02 2.500000e+00 7.275000e+00
      vertex   1.014821e+02 2.500000e+00 8.153790e+00
      vertex   1.030736e+02 2.500000e+00 6.951141e+00
    endloop
  endfacet
  facet normal 0.000000e+00 -1.000000e+00 0.000000e+00
    outer loop
      vertex   1.030736e+02 2.500000e+00 6.951141e+00
      vertex   1.014821e+02 2.500000e+00 8.153790e+00
      vertex   1.012167e+02 2.500000e+00 7.548798e+00
    endloop
  endfacet
  facet normal -0.000000e+00 -1.000000e+00 0.000000e+00
    outer loop
      vertex   1.030736e+02 2.500000e+00 6.951141e+00
      vertex   1.012167e+02 2.500000e+00 7.548798e+00
      vertex   1.029811e+02 2.500000e+00 6.605979e+00
    endloop
  endfacet
  facet normal 0.000000e+00 -1.000000e+00 0.000000e+00
    outer loop
      vertex   1.029811e+02 2.500000e+00 6.605979e+00
      vertex   1.012167e+02 2.500000e+00 7.548798e+00
      vertex   1.010546e+02 2.500000e+00 6.908378e+00
    endloop
  endfacet
  facet normal -7.071068e-01 9.320069e-14 7.071068e-01
    outer loop
      vertex   2.031716e+02 0.000000e+00 2.000000e+00
      vertex   2.080000e+02 0.000000e+00 6.828427e+00
      vertex   2.031716e+02 2.500000e+00 2.000000e+00
    endloop
  endfacet
  facet normal -7.071068e-01 1.011430e-13 7.071068e-01
    outer loop
      vertex   2.031716e+02 2.500000e+00 2.000000e+00
      vertex   2.080000e+02 0.000000e+00 6.828427e+00
      vertex   2.080000e+02 2.500000e+00 6.828427e+00
    endloop
  endfacet
  facet normal -4.689001e-14 -1.000000e+00 -4.080823e-14
    outer loop
      vertex   2.009811e+02 2.500000e+00 7.355979e+00
      vertex   1.990027e+02 2.500000e+00 7.148055e+00
      vertex   2.009500e+02 2.500000e+00 7.000000e+00
    endloop
  endfacet
  facet normal -4.241000e-14 -1.000000e+00 1.811404e-14
    outer loop
      vertex   2.009500e+02 2.500000e+00 7.000000e+00
      vertex   1.990027e+02 2.500000e+00 7.148055e+00
      vertex   1.990334e+02 2.500000e+00 6.484305e+00
    endloop
  endfacet
  facet normal -5.831711e-14 -1.000000e+00 7.723397e-14
    outer loop
      vertex   2.009500e+02 2.500000e+00 7.000000e+00
      vertex   1.990334e+02 2.500000e+00 6.484305e+00
      vertex   2.009811e+02 2.500000e+00 6.644021e+00
    endloop
  endfacet
  facet normal -5.295357e-14 -1.000000e+00 1.182485e-14
    outer loop
      vertex   2.009811e+02 2.500000e+00 6.644021e+00
      vertex   1.990334e+02 2.500000e+00 6.484305e+00
      vertex   1.991735e+02 2.500000e+00 5.834785e+00
    endloop
  endfacet
  facet normal -4.924104e-14 -1.000000e+00 3.531820e-15
    outer loop
      vertex   2.009811e+02 2.500000e+00 6.644021e+00
      vertex   1.991735e+02 2.500000e+00 5.834785e+00
      vertex   2.010736e+02 2.500000e+00 6.298859e+00
    endloop
  endfacet
  facet normal -5.049772e-14 -1.000000e+00 8.677290e-15
    outer loop
      vertex   2.010736e+02 2.500000e+00 6.298859e+00
      vertex   1.991735e+02 2.500000e+00 5.834785e+00
      vertex   1.994192e+02 2.500000e+00 5.217418e+00
    endloop
  endfacet
  facet normal -4.397158e-14 -1.000000e+00 -1.306874e-15
    outer loop
      vertex   2.010736e+02 2.500000e+00 6.298859e+00
      vertex   1.994192e+02 2.500000e+00 5.217418e+00
      vertex   2.012246e+02 2.500000e+00 5.975000e+00
    endloop
  endfacet
  facet normal -4.699440e-14 -1.000000e+00 5.897179e-15
    outer loop
      vertex   2.012246e+02 2.500000e+00 5.975000e+00
      vertex   1.994192e+02 2.500000e+00 5.217418e+00
      vertex   1.997637e+02 2.500000e+00 4.649240e+00
    endloop
  endfacet
  facet normal -3.556548e-14 -1.000000e+00 -6.697531e-15
    outer loop
      vertex   2.012246e+02 2.500000e+00 5.975000e+00
      vertex   1.997637e+02 2.500000e+00 4.649240e+00
      vertex   2.014296e+02 2.500000e+00 5.682285e+00
    endloop
  endfacet
  facet normal -4.228652e-14 -1.000000e+00 4.141234e-15
    outer loop
      vertex   2.014296e+02 2.500000e+00 5.682285e+00
      vertex   1.997637e+02 2.500000e+00 4.649240e+00
      vertex   2.001975e+02 2.500000e+00 4.145928e+00
    endloop
  endfacet
  facet normal -2.725054e-14 -1.000000e+00 -7.917597e-15
    outer loop
      vertex   2.014296e+02 2.500000e+00 5.682285e+00
      vertex   2.001975e+02 2.500000e+00 4.145928e+00
      vertex   2.016823e+02 2.500000e+00 5.429609e+00
    endloop
  endfacet
  facet normal -1.582057e-14 -1.000000e+00 -2.113864e-14
    outer loop
      vertex   2.016823e+02 2.500000e+00 5.429609e+00
      vertex   2.001975e+02 2.500000e+00 4.145928e+00
      vertex   2.007086e+02 2.500000e+00 3.721371e+00
    endloop
  endfacet
  facet normal -2.376698e-14 -1.000000e+00 -1.660915e-14
    outer loop
      vertex   2.016823e+02 2.500000e+00 5.429609e+00
      vertex   2.007086e+02 2.500000e+00 3.721371e+00
      vertex   2.019750e+02 2.500000e+00 5.224648e+00
    endloop
  endfacet
  facet normal -1.915531e-14 -1.000000e+00 -2.049420e-14
    outer loop
      vertex   2.019750e+02 2.500000e+00 5.224648e+00
      vertex   2.007086e+02 2.500000e+00 3.721371e+00
      vertex   2.022989e+02 2.500000e+00 5.073630e+00
    endloop
  endfacet
  facet normal -1.170037e-14 -1.000000e+00 -2.926131e-14
    outer loop
      vertex   2.022989e+02 2.500000e+00 5.073630e+00
      vertex   2.007086e+02 2.500000e+00 3.721371e+00
      vertex   2.026440e+02 2.500000e+00 4.981144e+00
    endloop
  endfacet
  facet normal -1.591990e-14 -1.000000e+00 -2.277868e-14
    outer loop
      vertex   2.026440e+02 2.500000e+00 4.981144e+00
      vertex   2.007086e+02 2.500000e+00 3.721371e+00
      vertex   2.031716e+02 2.500000e+00 2.000000e+00
    endloop
  endfacet
  facet normal -4.308132e-15 -1.000000e+00 -2.072383e-14
    outer loop
      vertex   2.026440e+02 2.500000e+00 4.981144e+00
      vertex   2.031716e+02 2.500000e+00 2.000000e+00
      vertex   2.030000e+02 2.500000e+00 4.950000e+00
    endloop
  endfacet
  facet normal 4.264511e-15 -1.000000e+00 -2.022524e-14
    outer loop
      vertex   2.030000e+02 2.500000e+00 4.950000e+00
      vertex   2.031716e+02 2.500000e+00 2.000000e+00
      vertex   2.033560e+02 2.500000e+00 4.981144e+00
    endloop
  endfacet
  facet normal 9.363681e-15 -1.000000e+00 -2.054066e-14
    outer loop
      vertex   2.033560e+02 2.500000e+00 4.981144e+00
      vertex   2.031716e+02 2.500000e+00 2.000000e+00
      vertex   2.037011e+02 2.500000e+00 5.073630e+00
    endloop
  endfacet
  facet normal 2.003427e-14 -1.000000e+00 -2.237914e-14
    outer loop
      vertex   2.037011e+02 2.500000e+00 5.073630e+00
      vertex   2.031716e+02 2.500000e+00 2.000000e+00
      vertex   2.040250e+02 2.500000e+00 5.224648e+00
    endloop
  endfacet
  facet normal 2.957526e-14 -1.000000e+00 -2.490423e-14
    outer loop
      vertex   2.040250e+02 2.500000e+00 5.224648e+00
      vertex   2.031716e+02 2.500000e+00 2.000000e+00
      vertex   2.043177e+02 2.500000e+00 5.429609e+00
    endloop
  endfacet
  facet normal 2.255971e-14 -1.000000e+00 -2.255971e-14
    outer loop
      vertex   2.043177e+02 2.500000e+00 5.429609e+00
      vertex   2.031716e+02 2.500000e+00 2.000000e+00
      vertex   2.080000e+02 2.500000e+00 6.828427e+00
    endloop
  endfacet
  facet normal 1.071663e-14 -1.000000e+00 8.616317e-15
    outer loop
      vertex   2.043177e+02 2.500000e+00 5.429609e+00
      vertex   2.080000e+02 2.500000e+00 6.828427e+00
      vertex   2.045704e+02 2.500000e+00 5.682285e+00
    endloop
  endfacet
  facet normal 9.806762e-15 -1.000000e+00 1.133892e-14
    outer loop
      vertex   2.045704e+02 2.500000e+00 5.682285e+00
      vertex   2.080000e+02 2.500000e+00 6.828427e+00
      vertex   2.047754e+02 2.500000e+00 5.975000e+00
    endloop
  endfacet
  facet normal 8.814804e-15 -1.000000e+00 1.508700e-14
    outer loop
      vertex   2.047754e+02 2.500000e+00 5.975000e+00
      vertex   2.080000e+02 2.500000e+00 6.828427e+00
      vertex   2.049264e+02 2.500000e+00 6.298859e+00
    endloop
  endfacet
  facet normal 8.945403e-15 -1.000000e+00 1.432900e-14
    outer loop
      vertex   2.049264e+02 2.500000e+00 6.298859e+00
      vertex   2.080000e+02 2.500000e+00 6.828427e+00
      vertex   2.050189e+02 2.500000e+00 6.644021e+00
    endloop
  endfacet
  facet normal 8.721435e-15 -1.000000e+00 1.794971e-14
    outer loop
      vertex   2.050189e+02 2.500000e+00 6.644021e+00
      vertex   2.080000e+02 2.500000e+00 6.828427e+00
      vertex   2.050500e+02 2.500000e+00 7.000000e+00
    endloop
  endfacet
  facet normal 8.810645e-15 -1.000000e+00 1.948357e-14
    outer loop
      vertex   2.050500e+02 2.500000e+00 7.000000e+00
      vertex   2.080000e+02 2.500000e+00 6.828427e+00
      vertex   2.050189e+02 2.500000e+00 7.355979e+00
    endloop
  endfacet
  facet normal 1.234583e-14 -1.000000e+00 3.946058e-14
    outer loop
      vertex   2.050189e+02 2.500000e+00 7.355979e+00
      vertex   2.080000e+02 2.500000e+00 6.828427e+00
      vertex   2.062786e+02 2.500000e+00 9.291417e+00
    endloop
  endfacet
  facet normal 3.208796e-14 -1.000000e+00 2.661047e-14
    outer loop
      vertex   2.050189e+02 2.500000e+00 7.355979e+00
      vertex   2.062786e+02 2.500000e+00 9.291417e+00
      vertex   2.049264e+02 2.500000e+00 7.701141e+00
    endloop
  endfacet
  facet normal 2.635380e-14 -1.000000e+00 3.148639e-14
    outer loop
      vertex   2.049264e+02 2.500000e+00 7.701141e+00
      vertex   2.062786e+02 2.500000e+00 9.291417e+00
      vertex   2.047754e+02 2.500000e+00 8.025000e+00
    endloop
  endfacet
  facet normal 2.361307e-14 -1.000000e+00 3.473973e-14
    outer loop
      vertex   2.047754e+02 2.500000e+00 8.025000e+00
      vertex   2.062786e+02 2.500000e+00 9.291417e+00
      vertex   2.045704e+02 2.500000e+00 8.317715e+00
    endloop
  endfacet
  facet normal 1.218942e-13 -1.000000e+00 -1.376821e-13
    outer loop
      vertex   2.045704e+02 2.500000e+00 8.317715e+00
      vertex   2.062786e+02 2.500000e+00 9.291417e+00
      vertex   2.058541e+02 2.500000e+00 9.802547e+00
    endloop
  endfacet
  facet normal -2.769277e-14 -1.000000e+00 -8.359827e-15
    outer loop
      vertex   2.045704e+02 2.500000e+00 8.317715e+00
      vertex   2.058541e+02 2.500000e+00 9.802547e+00
      vertex   2.043177e+02 2.500000e+00 8.570391e+00
    endloop
  endfacet
  facet normal -3.823153e-14 -1.000000e+00 4.780800e-15
    outer loop
      vertex   2.043177e+02 2.500000e+00 8.570391e+00
      vertex   2.058541e+02 2.500000e+00 9.802547e+00
      vertex   2.053508e+02 2.500000e+00 1.023634e+01
    endloop
  endfacet
  facet normal -1.664512e-14 -1.000000e+00 -8.604782e-15
    outer loop
      vertex   2.043177e+02 2.500000e+00 8.570391e+00
      vertex   2.053508e+02 2.500000e+00 1.023634e+01
      vertex   2.040250e+02 2.500000e+00 8.775352e+00
    endloop
  endfacet
  facet normal -3.347462e-14 -1.000000e+00 6.666949e-15
    outer loop
      vertex   2.040250e+02 2.500000e+00 8.775352e+00
      vertex   2.053508e+02 2.500000e+00 1.023634e+01
      vertex   2.047826e+02 2.500000e+00 1.058084e+01
    endloop
  endfacet
  facet normal -1.090574e-14 -1.000000e+00 -2.802949e-15
    outer loop
      vertex   2.040250e+02 2.500000e+00 8.775352e+00
      vertex   2.047826e+02 2.500000e+00 1.058084e+01
      vertex   2.037011e+02 2.500000e+00 8.926370e+00
    endloop
  endfacet
  facet normal -2.996588e-14 -1.000000e+00 9.655678e-15
    outer loop
      vertex   2.037011e+02 2.500000e+00 8.926370e+00
      vertex   2.047826e+02 2.500000e+00 1.058084e+01
      vertex   2.041652e+02 2.500000e+00 1.082652e+01
    endloop
  endfacet
  facet normal -3.034984e-15 -1.000000e+00 3.078357e-15
    outer loop
      vertex   2.037011e+02 2.500000e+00 8.926370e+00
      vertex   2.041652e+02 2.500000e+00 1.082652e+01
      vertex   2.033560e+02 2.500000e+00 9.018856e+00
    endloop
  endfacet
  facet normal -2.647284e-14 -1.000000e+00 1.357075e-14
    outer loop
      vertex   2.033560e+02 2.500000e+00 9.018856e+00
      vertex   2.041652e+02 2.500000e+00 1.082652e+01
      vertex   2.035157e+02 2.500000e+00 1.096662e+01
    endloop
  endfacet
  facet normal -1.486995e-15 -1.000000e+00 1.152192e-14
    outer loop
      vertex   2.033560e+02 2.500000e+00 9.018856e+00
      vertex   2.035157e+02 2.500000e+00 1.096662e+01
      vertex   2.030000e+02 2.500000e+00 9.050000e+00
    endloop
  endfacet
  facet normal -2.724869e-14 -1.000000e+00 1.845349e-14
    outer loop
      vertex   2.030000e+02 2.500000e+00 9.050000e+00
      vertex   2.035157e+02 2.500000e+00 1.096662e+01
      vertex   2.028519e+02 2.500000e+00 1.099726e+01
    endloop
  endfacet
  facet normal 6.946821e-16 -1.000000e+00 2.057809e-14
    outer loop
      vertex   2.030000e+02 2.500000e+00 9.050000e+00
      vertex   2.028519e+02 2.500000e+00 1.099726e+01
      vertex   2.026440e+02 2.500000e+00 9.018856e+00
    endloop
  endfacet
  facet normal -2.707272e-14 -1.000000e+00 2.349636e-14
    outer loop
      vertex   2.026440e+02 2.500000e+00 9.018856e+00
      vertex   2.028519e+02 2.500000e+00 1.099726e+01
      vertex   2.021923e+02 2.500000e+00 1.091760e+01
    endloop
  endfacet
  facet normal -3.912453e-15 -1.000000e+00 2.900654e-14
    outer loop
      vertex   2.026440e+02 2.500000e+00 9.018856e+00
      vertex   2.021923e+02 2.500000e+00 1.091760e+01
      vertex   2.022989e+02 2.500000e+00 8.926370e+00
    endloop
  endfacet
  facet normal -2.905088e-14 -1.000000e+00 2.766104e-14
    outer loop
      vertex   2.022989e+02 2.500000e+00 8.926370e+00
      vertex   2.021923e+02 2.500000e+00 1.091760e+01
      vertex   2.015549e+02 2.500000e+00 1.072984e+01
    endloop
  endfacet
  facet normal -7.454152e-15 -1.000000e+00 3.656997e-14
    outer loop
      vertex   2.022989e+02 2.500000e+00 8.926370e+00
      vertex   2.015549e+02 2.500000e+00 1.072984e+01
      vertex   2.019750e+02 2.500000e+00 8.775352e+00
    endloop
  endfacet
  facet normal -3.161602e-14 -1.000000e+00 3.137664e-14
    outer loop
      vertex   2.019750e+02 2.500000e+00 8.775352e+00
      vertex   2.015549e+02 2.500000e+00 1.072984e+01
      vertex   2.009574e+02 2.500000e+00 1.043916e+01
    endloop
  endfacet
  facet normal -1.742676e-14 -1.000000e+00 4.005490e-14
    outer loop
      vertex   2.019750e+02 2.500000e+00 8.775352e+00
      vertex   2.009574e+02 2.500000e+00 1.043916e+01
      vertex   2.016823e+02 2.500000e+00 8.570391e+00
    endloop
  endfacet
  facet normal -3.706431e-14 -1.000000e+00 3.243763e-14
    outer loop
      vertex   2.016823e+02 2.500000e+00 8.570391e+00
      vertex   2.009574e+02 2.500000e+00 1.043916e+01
      vertex   2.004163e+02 2.500000e+00 1.005358e+01
    endloop
  endfacet
  facet normal -3.915756e-14 -1.000000e+00 3.065087e-14
    outer loop
      vertex   2.016823e+02 2.500000e+00 8.570391e+00
      vertex   2.004163e+02 2.500000e+00 1.005358e+01
      vertex   1.999464e+02 2.500000e+00 9.583733e+00
    endloop
  endfacet
  facet normal -5.348489e-14 -1.000000e+00 2.194238e-14
    outer loop
      vertex   1.990027e+02 2.500000e+00 7.148055e+00
      vertex   2.009811e+02 2.500000e+00 7.355979e+00
      vertex   1.990824e+02 2.500000e+00 7.807719e+00
    endloop
  endfacet
  facet normal -5.115855e-14 -1.000000e+00 3.172042e-14
    outer loop
      vertex   1.990824e+02 2.500000e+00 7.807719e+00
      vertex   2.009811e+02 2.500000e+00 7.355979e+00
      vertex   2.010736e+02 2.500000e+00 7.701141e+00
    endloop
  endfacet
  facet normal -5.148518e-14 -1.000000e+00 2.561791e-14
    outer loop
      vertex   1.990824e+02 2.500000e+00 7.807719e+00
      vertex   2.010736e+02 2.500000e+00 7.701141e+00
      vertex   1.992702e+02 2.500000e+00 8.445096e+00
    endloop
  endfacet
  facet normal -4.540056e-14 -1.000000e+00 4.036804e-14
    outer loop
      vertex   1.992702e+02 2.500000e+00 8.445096e+00
      vertex   2.010736e+02 2.500000e+00 7.701141e+00
      vertex   2.012246e+02 2.500000e+00 8.025000e+00
    endloop
  endfacet
  facet normal -4.780081e-14 -1.000000e+00 2.920089e-14
    outer loop
      vertex   1.992702e+02 2.500000e+00 8.445096e+00
      vertex   2.012246e+02 2.500000e+00 8.025000e+00
      vertex   1.995608e+02 2.500000e+00 9.042596e+00
    endloop
  endfacet
  facet normal -3.817642e-14 -1.000000e+00 4.493711e-14
    outer loop
      vertex   1.995608e+02 2.500000e+00 9.042596e+00
      vertex   2.012246e+02 2.500000e+00 8.025000e+00
      vertex   2.014296e+02 2.500000e+00 8.317715e+00
    endloop
  endfacet
  facet normal -4.356603e-14 -1.000000e+00 3.104253e-14
    outer loop
      vertex   1.995608e+02 2.500000e+00 9.042596e+00
      vertex   2.014296e+02 2.500000e+00 8.317715e+00
      vertex   1.999464e+02 2.500000e+00 9.583733e+00
    endloop
  endfacet
  facet normal -2.889601e-14 -1.000000e+00 4.822896e-14
    outer loop
      vertex   1.999464e+02 2.500000e+00 9.583733e+00
      vertex   2.014296e+02 2.500000e+00 8.317715e+00
      vertex   2.016823e+02 2.500000e+00 8.570391e+00
    endloop
  endfacet
  facet normal -8.196573e-01 -3.574770e-14 5.728543e-01
    outer loop
      vertex   2.000000e+00 2.500000e+00 6.828427e+00
      vertex   3.721371e+00 2.500000e+00 9.291417e+00
      vertex   2.000000e+00 7.500000e+00 6.828427e+00
    endloop
  endfacet
  facet normal -8.196573e-01 -3.576475e-14 5.728543e-01
    outer loop
      vertex   2.000000e+00 7.500000e+00 6.828427e+00
      vertex   3.721371e+00 2.500000e+00 9.291417e+00
      vertex   3.721371e+00 7.500000e+00 9.291417e+00
    endloop
  endfacet
  facet normal -7.692456e-01 -4.142431e-14 6.389533e-01
    outer loop
      vertex   3.721371e+00 7.500000e+00 9.291417e+00
      vertex   3.721371e+00 2.500000e+00 9.291417e+00
      vertex   4.145928e+00 7.500000e+00 9.802547e+00
    endloop
  endfacet
  facet normal -7.692456e-01 5.241780e-15 6.389533e-01
    outer loop
      vertex   4.145928e+00 7.500000e+00 9.802547e+00
      vertex   3.721371e+00 2.500000e+00 9.291417e+00
      vertex   4.145928e+00 2.500000e+00 9.802547e+00
    endloop
  endfacet
  facet normal -6.528598e-01 -5.337373e-15 7.574787e-01
    outer loop
      vertex   4.145928e+00 7.500000e+00 9.802547e+00
      vertex   4.145928e+00 2.500000e+00 9.802547e+00
      vertex   4.649240e+00 7.500000e+00 1.023634e+01
    endloop
  endfacet
  facet normal -6.528598e-01 4.549846e-15 7.574787e-01
    outer loop
      vertex   4.649240e+00 7.500000e+00 1.023634e+01
      vertex   4.145928e+00 2.500000e+00 9.802547e+00
      vertex   4.649240e+00 2.500000e+00 1.023634e+01
    endloop
  endfacet
  facet normal -5.184591e-01 -5.034793e-15 8.551024e-01
    outer loop
      vertex   4.649240e+00 7.500000e+00 1.023634e+01
      vertex   4.649240e+00 2.500000e+00 1.023634e+01
      vertex   5.217418e+00 7.500000e+00 1.058084e+01
    endloop
  endfacet
  facet normal -5.184591e-01 3.986912e-15 8.551024e-01
    outer loop
      vertex   5.217418e+00 7.500000e+00 1.058084e+01
      vertex   4.649240e+00 2.500000e+00 1.023634e+01
      vertex   5.217418e+00 2.500000e+00 1.058084e+01
    endloop
  endfacet
  facet normal -3.697521e-01 -4.643380e-15 9.291304e-01
    outer loop
      vertex   5.217418e+00 7.500000e+00 1.058084e+01
      vertex   5.217418e+00 2.500000e+00 1.058084e+01
      vertex   5.834785e+00 7.500000e+00 1.082652e+01
    endloop
  endfacet
  facet normal -3.697521e-01 3.349606e-15 9.291304e-01
    outer loop
      vertex   5.834785e+00 7.500000e+00 1.082652e+01
      vertex   5.217418e+00 2.500000e+00 1.058084e+01
      vertex   5.834785e+00 2.500000e+00 1.082652e+01
    endloop
  endfacet
  facet normal -2.108422e-01 -4.293195e-15 9.775201e-01
    outer loop
      vertex   5.834785e+00 7.500000e+00 1.082652e+01
      vertex   5.834785e+00 2.500000e+00 1.082652e+01
      vertex   6.484305e+00 7.500000e+00 1.096662e+01
    endloop
  endfacet
  facet normal -2.108422e-01 3.217674e-15 9.775201e-01
    outer loop
      vertex   6.484305e+00 7.500000e+00 1.096662e+01
      vertex   5.834785e+00 2.500000e+00 1.082652e+01
      vertex   6.484305e+00 2.500000e+00 1.096662e+01
    endloop
  endfacet
  facet normal -4.611434e-02 -3.480302e-15 9.989362e-01
    outer loop
      vertex   6.484305e+00 7.500000e+00 1.096662e+01
      vertex   6.484305e+00 2.500000e+00 1.096662e+01
      vertex   7.148055e+00 7.500000e+00 1.099726e+01
    endloop
  endfacet
  facet normal -4.611434e-02 2.645650e-15 9.989362e-01
    outer loop
      vertex   7.148055e+00 7.500000e+00 1.099726e+01
      vertex   6.484305e+00 2.500000e+00 1.096662e+01
      vertex   7.148055e+00 2.500000e+00 1.099726e+01
    endloop
  endfacet
  facet normal 1.198860e-01 -3.052008e-15 9.927877e-01
    outer loop
      vertex   7.148055e+00 7.500000e+00 1.099726e+01
      vertex   7.148055e+00 2.500000e+00 1.099726e+01
      vertex   7.807719e+00 7.500000e+00 1.091760e+01
    endloop
  endfacet
  facet normal 1.198860e-01 2.673872e-15 9.927877e-01
    outer loop
      vertex   7.807719e+00 7.500000e+00 1.091760e+01
      vertex   7.148055e+00 2.500000e+00 1.099726e+01
      vertex   7.807719e+00 2.500000e+00 1.091760e+01
    endloop
  endfacet
  facet normal 2.825783e-01 -2.037109e-15 9.592442e-01
    outer loop
      vertex   7.807719e+00 7.500000e+00 1.091760e+01
      vertex   7.807719e+00 2.500000e+00 1.091760e+01
      vertex   8.445096e+00 7.500000e+00 1.072984e+01
    endloop
  endfacet
  facet normal 2.825783e-01 2.255883e-15 9.592442e-01
    outer loop
      vertex   8.445096e+00 7.500000e+00 1.072984e+01
      vertex   7.807719e+00 2.500000e+00 1.091760e+01
      vertex   8.445096e+00 2.500000e+00 1.072984e+01
    endloop
  endfacet
  facet normal 4.374730e-01 -1.502568e-15 8.992315e-01
    outer loop
      vertex   8.445096e+00 7.500000e+00 1.072984e+01
      vertex   8.445096e+00 2.500000e+00 1.072984e+01
      vertex   9.042596e+00 7.500000e+00 1.043916e+01
    endloop
  endfacet
  facet normal 4.374730e-01 1.450443e-15 8.992315e-01
    outer loop
      vertex   9.042596e+00 7.500000e+00 1.043916e+01
      vertex   8.445096e+00 2.500000e+00 1.072984e+01
      vertex   9.042596e+00 2.500000e+00 1.043916e+01
    endloop
  endfacet
  facet normal 5.802962e-01 -1.302467e-15 8.144055e-01
    outer loop
      vertex   9.042596e+00 7.500000e+00 1.043916e+01
      vertex   9.042596e+00 2.500000e+00 1.043916e+01
      vertex   9.583733e+00 7.500000e+00 1.005358e+01
    endloop
  endfacet
  facet normal 5.802962e-01 1.044958e-15 8.144055e-01
    outer loop
      vertex   9.583733e+00 7.500000e+00 1.005358e+01
      vertex   9.042596e+00 2.500000e+00 1.043916e+01
      vertex   9.583733e+00 2.500000e+00 1.005358e+01
    endloop
  endfacet
  facet normal 7.071068e-01 -7.536444e-16 7.071068e-01
    outer loop
      vertex   9.583733e+00 7.500000e+00 1.005358e+01
      vertex   9.583733e+00 2.500000e+00 1.005358e+01
      vertex   1.005358e+01 7.500000e+00 9.583733e+00
    endloop
  endfacet
  facet normal 7.071068e-01 2.512148e-16 7.071068e-01
    outer loop
      vertex   1.005358e+01 7.500000e+00 9.583733e+00
      vertex   9.583733e+00 2.500000e+00 1.005358e+01
      vertex   1.005358e+01 2.500000e+00 9.583733e+00
    endloop
  endfacet
  facet normal 8.144055e-01 -6.255604e-16 5.802962e-01
    outer loop
      vertex   1.005358e+01 7.500000e+00 9.583733e+00
      vertex   1.005358e+01 2.500000e+00 9.583733e+00
      vertex   1.043916e+01 7.500000e+00 9.042596e+00
    endloop
  endfacet
  facet normal 8.144055e-01 -6.184879e-16 5.802962e-01
    outer loop
      vertex   1.043916e+01 7.500000e+00 9.042596e+00
      vertex   1.005358e+01 2.500000e+00 9.583733e+00
      vertex   1.043916e+01 2.500000e+00 9.042596e+00
    endloop
  endfacet
  facet normal 8.992315e-01 -4.662649e-16 4.374730e-01
    outer loop
      vertex   1.043916e+01 7.500000e+00 9.042596e+00
      vertex   1.043916e+01 2.500000e+00 9.042596e+00
      vertex   1.072984e+01 7.500000e+00 8.445096e+00
    endloop
  endfacet
  facet normal 8.992315e-01 -7.253407e-16 4.374730e-01
    outer loop
      vertex   1.072984e+01 7.500000e+00 8.445096e+00
      vertex   1.043916e+01 2.500000e+00 9.042596e+00
      vertex   1.072984e+01 2.500000e+00 8.445096e+00
    endloop
  endfacet
  facet normal 9.592442e-01 3.380887e-16 2.825783e-01
    outer loop
      vertex   1.072984e+01 7.500000e+00 8.445096e+00
      vertex   1.072984e+01 2.500000e+00 8.445096e+00
      vertex   1.091760e+01 7.500000e+00 7.807719e+00
    endloop
  endfacet
  facet normal 9.592442e-01 -1.268183e-15 2.825783e-01
    outer loop
      vertex   1.091760e+01 7.500000e+00 7.807719e+00
      vertex   1.072984e+01 2.500000e+00 8.445096e+00
      vertex   1.091760e+01 2.500000e+00 7.807719e+00
    endloop
  endfacet
  facet normal 9.927877e-01 7.107158e-16 1.198860e-01
    outer loop
      vertex   1.091760e+01 7.500000e+00 7.807719e+00
      vertex   1.091760e+01 2.500000e+00 7.807719e+00
      vertex   1.099726e+01 7.500000e+00 7.148055e+00
    endloop
  endfacet
  facet normal 9.927877e-01 -1.776895e-15 1.198860e-01
    outer loop
      vertex   1.099726e+01 7.500000e+00 7.148055e+00
      vertex   1.091760e+01 2.500000e+00 7.807719e+00
      vertex   1.099726e+01 2.500000e+00 7.148055e+00
    endloop
  endfacet
  facet normal 9.989362e-01 1.174049e-15 -4.611434e-02
    outer loop
      vertex   1.099726e+01 7.500000e+00 7.148055e+00
      vertex   1.099726e+01 2.500000e+00 7.148055e+00
      vertex   1.096662e+01 7.500000e+00 6.484305e+00
    endloop
  endfacet
  facet normal 9.989362e-01 -2.112756e-15 -4.611434e-02
    outer loop
      vertex   1.096662e+01 7.500000e+00 6.484305e+00
      vertex   1.099726e+01 2.500000e+00 7.148055e+00
      vertex   1.096662e+01 2.500000e+00 6.484305e+00
    endloop
  endfacet
  facet normal 9.775201e-01 1.818245e-15 -2.108422e-01
    outer loop
      vertex   1.096662e+01 7.500000e+00 6.484305e+00
      vertex   1.096662e+01 2.500000e+00 6.484305e+00
      vertex   1.082652e+01 7.500000e+00 5.834785e+00
    endloop
  endfacet
  facet normal 9.775201e-01 -1.995056e-15 -2.108422e-01
    outer loop
      vertex   1.082652e+01 7.500000e+00 5.834785e+00
      vertex   1.096662e+01 2.500000e+00 6.484305e+00
      vertex   1.082652e+01 2.500000e+00 5.834785e+00
    endloop
  endfacet
  facet normal 9.291304e-01 2.916839e-15 -3.697521e-01
    outer loop
      vertex   1.082652e+01 7.500000e+00 5.834785e+00
      vertex   1.082652e+01 2.500000e+00 5.834785e+00
      vertex   1.058084e+01 7.500000e+00 5.217418e+00
    endloop
  endfacet
  facet normal 9.291304e-01 -2.767181e-15 -3.697521e-01
    outer loop
      vertex   1.058084e+01 7.500000e+00 5.217418e+00
      vertex   1.082652e+01 2.500000e+00 5.834785e+00
      vertex   1.058084e+01 2.500000e+00 5.217418e+00
    endloop
  endfacet
  facet normal 8.551024e-01 3.118426e-15 -5.184591e-01
    outer loop
      vertex   1.058084e+01 7.500000e+00 5.217418e+00
      vertex   1.058084e+01 2.500000e+00 5.217418e+00
      vertex   1.023634e+01 7.500000e+00 4.649240e+00
    endloop
  endfacet
  facet normal 8.551024e-01 -3.435841e-15 -5.184591e-01
    outer loop
      vertex   1.023634e+01 7.500000e+00 4.649240e+00
      vertex   1.058084e+01 2.500000e+00 5.217418e+00
      vertex   1.023634e+01 2.500000e+00 4.649240e+00
    endloop
  endfacet
  facet normal 7.574787e-01 3.387100e-15 -6.528598e-01
    outer loop
      vertex   1.023634e+01 7.500000e+00 4.649240e+00
      vertex   1.023634e+01 2.500000e+00 4.649240e+00
      vertex   9.802547e+00 7.500000e+00 4.145928e+00
    endloop
  endfacet
  facet normal 7.574787e-01 -3.303494e-15 -6.528598e-01
    outer loop
      vertex   9.802547e+00 7.500000e+00 4.145928e+00
      vertex   1.023634e+01 2.500000e+00 4.649240e+00
      vertex   9.802547e+00 2.500000e+00 4.145928e+00
    endloop
  endfacet
  facet normal 6.389533e-01 4.395244e-15 -7.692456e-01
    outer loop
      vertex   9.802547e+00 7.500000e+00 4.145928e+00
      vertex   9.802547e+00 2.500000e+00 4.145928e+00
      vertex   9.291417e+00 7.500000e+00 3.721371e+00
    endloop
  endfacet
  facet normal 6.389533e-01 5.285772e-14 -7.692456e-01
    outer loop
      vertex   9.291417e+00 7.500000e+00 3.721371e+00
      vertex   9.802547e+00 2.500000e+00 4.145928e+00
      vertex   9.291417e+00 2.500000e+00 3.721371e+00
    endloop
  endfacet
  facet normal 5.728543e-01 5.743412e-14 -8.196573e-01
    outer loop
      vertex   9.291417e+00 2.500000e+00 3.721371e+00
      vertex   6.828427e+00 2.500000e+00 2.000000e+00
      vertex   9.291417e+00 7.500000e+00 3.721371e+00
    endloop
  endfacet
  facet normal 5.728543e-01 5.734184e-14 -8.196573e-01
    outer loop
      vertex   9.291417e+00 7.500000e+00 3.721371e+00
      vertex   6.828427e+00 2.500000e+00 2.000000e+00
      vertex   6.828427e+00 7.500000e+00 2.000000e+00
    endloop
  endfacet
  facet normal -1.000000e+00 1.136868e-14 0.000000e+00
    outer loop
      vertex   1.010000e+02 2.500000e+00 2.000000e+00
      vertex   1.010000e+02 2.500000e+00 6.250000e+00
      vertex   1.010000e+02 7.500000e+00 2.000000e+00
    endloop
  endfacet
  facet normal -1.000000e+00 1.136868e-14 0.000000e+00
    outer loop
      vertex   1.010000e+02 7.500000e+00 2.000000e+00
      vertex   1.010000e+02 2.500000e+00 6.250000e+00
      vertex   1.010000e+02 7.500000e+00 6.250000e+00
    endloop
  endfacet
  facet normal -5.728543e-01 6.984876e-14 -8.196573e-01
    outer loop
      vertex   2.031716e+02 2.500000e+00 2.000000e+00
      vertex   2.007086e+02 2.500000e+00 3.721371e+00
      vertex   2.031716e+02 7.500000e+00 2.000000e+00
    endloop
  endfacet
  facet normal -5.728543e-01 6.656382e-14 -8.196573e-01
    outer loop
      vertex   2.031716e+02 7.500000e+00 2.000000e+00
      vertex   2.007086e+02 2.500000e+00 3.721371e+00
      vertex   2.007086e+02 7.500000e+00 3.721371e+00
    endloop
  endfacet
  facet normal -6.389533e-01 6.307280e-14 -7.692456e-01
    outer loop
      vertex   2.007086e+02 7.500000e+00 3.721371e+00
      vertex   2.007086e+02 2.500000e+00 3.721371e+00
      vertex   2.001975e+02 7.500000e+00 4.145928e+00
    endloop
  endfacet
  facet normal -6.389533e-01 3.645731e-15 -7.692456e-01
    outer loop
      vertex   2.001975e+02 7.500000e+00 4.145928e+00
      vertex   2.007086e+02 2.500000e+00 3.721371e+00
      vertex   2.001975e+02 2.500000e+00 4.145928e+00
    endloop
  endfacet
  facet normal -7.574787e-01 -1.798903e-15 -6.528598e-01
    outer loop
      vertex   2.001975e+02 7.500000e+00 4.145928e+00
      vertex   2.001975e+02 2.500000e+00 4.145928e+00
      vertex   1.997637e+02 7.500000e+00 4.649240e+00
    endloop
  endfacet
  facet normal -7.574787e-01 6.580691e-15 -6.528598e-01
    outer loop
      vertex   1.997637e+02 7.500000e+00 4.649240e+00
      vertex   2.001975e+02 2.500000e+00 4.145928e+00
      vertex   1.997637e+02 2.500000e+00 4.649240e+00
    endloop
  endfacet
  facet normal -8.551024e-01 2.343298e-15 -5.184591e-01
    outer loop
      vertex   1.997637e+02 7.500000e+00 4.649240e+00
      vertex   1.997637e+02 2.500000e+00 4.649240e+00
      vertex   1.994192e+02 7.500000e+00 5.217418e+00
    endloop
  endfacet
  facet normal -8.551024e-01 6.375121e-15 -5.184591e-01
    outer loop
      vertex   1.994192e+02 7.500000e+00 5.217418e+00
      vertex   1.997637e+02 2.500000e+00 4.649240e+00
      vertex   1.994192e+02 2.500000e+00 5.217418e+00
    endloop
  endfacet
  facet normal -9.291304e-01 2.731608e-15 -3.697521e-01
    outer loop
      vertex   1.994192e+02 7.500000e+00 5.217418e+00
      vertex   1.994192e+02 2.500000e+00 5.217418e+00
      vertex   1.991735e+02 7.500000e+00 5.834785e+00
    endloop
  endfacet
  facet normal -9.291304e-01 1.615028e-15 -3.697521e-01
    outer loop
      vertex   1.991735e+02 7.500000e+00 5.834785e+00
      vertex   1.994192e+02 2.500000e+00 5.217418e+00
      vertex   1.991735e+02 2.500000e+00 5.834785e+00
    endloop
  endfacet
  facet normal -9.775201e-01 -1.623983e-15 -2.108422e-01
    outer loop
      vertex   1.991735e+02 7.500000e+00 5.834785e+00
      vertex   1.991735e+02 2.500000e+00 5.834785e+00
      vertex   1.990334e+02 7.500000e+00 6.484305e+00
    endloop
  endfacet
  facet normal -9.775201e-01 3.146061e-15 -2.108422e-01
    outer loop
      vertex   1.990334e+02 7.500000e+00 6.484305e+00
      vertex   1.991735e+02 2.500000e+00 5.834785e+00
      vertex   1.990334e+02 2.500000e+00 6.484305e+00
    endloop
  endfacet
  facet normal -9.989362e-01 6.880904e-16 -4.611434e-02
    outer loop
      vertex   1.990334e+02 7.500000e+00 6.484305e+00
      vertex   1.990334e+02 2.500000e+00 6.484305e+00
      vertex   1.990027e+02 7.500000e+00 7.148055e+00
    endloop
  endfacet
  facet normal -9.989362e-01 4.669185e-16 -4.611434e-02
    outer loop
      vertex   1.990027e+02 7.500000e+00 7.148055e+00
      vertex   1.990334e+02 2.500000e+00 6.484305e+00
      vertex   1.990027e+02 2.500000e+00 7.148055e+00
    endloop
  endfacet
  facet normal -9.927877e-01 -1.213874e-15 1.198860e-01
    outer loop
      vertex   1.990027e+02 7.500000e+00 7.148055e+00
      vertex   1.990027e+02 2.500000e+00 7.148055e+00
      vertex   1.990824e+02 7.500000e+00 7.807719e+00
    endloop
  endfacet
  facet normal -9.927877e-01 -6.175850e-16 1.198860e-01
    outer loop
      vertex   1.990824e+02 7.500000e+00 7.807719e+00
      vertex   1.990027e+02 2.500000e+00 7.148055e+00
      vertex   1.990824e+02 2.500000e+00 7.807719e+00
    endloop
  endfacet
  facet normal -9.592442e-01 -1.455683e-15 2.825783e-01
    outer loop
      vertex   1.990824e+02 7.500000e+00 7.807719e+00
      vertex   1.990824e+02 2.500000e+00 7.807719e+00
      vertex   1.992702e+02 7.500000e+00 8.445096e+00
    endloop
  endfacet
  facet normal -9.592442e-01 -5.553064e-15 2.825783e-01
    outer loop
      vertex   1.992702e+02 7.500000e+00 8.445096e+00
      vertex   1.990824e+02 2.500000e+00 7.807719e+00
      vertex   1.992702e+02 2.500000e+00 8.445096e+00
    endloop
  endfacet
  facet normal -8.992315e-01 -5.266961e-15 4.374730e-01
    outer loop
      vertex   1.992702e+02 7.500000e+00 8.445096e+00
      vertex   1.992702e+02 2.500000e+00 8.445096e+00
      vertex   1.995608e+02 7.500000e+00 9.042596e+00
    endloop
  endfacet
  facet normal -8.992315e-01 1.398795e-15 4.374730e-01
    outer loop
      vertex   1.995608e+02 7.500000e+00 9.042596e+00
      vertex   1.992702e+02 2.500000e+00 8.445096e+00
      vertex   1.995608e+02 2.500000e+00 9.042596e+00
    endloop
  endfacet
  facet normal -8.144055e-01 1.855464e-15 5.802962e-01
    outer loop
      vertex   1.995608e+02 7.500000e+00 9.042596e+00
      vertex   1.995608e+02 2.500000e+00 9.042596e+00
      vertex   1.999464e+02 7.500000e+00 9.583733e+00
    endloop
  endfacet
  facet normal -8.144055e-01 3.710927e-15 5.802962e-01
    outer loop
      vertex   1.999464e+02 7.500000e+00 9.583733e+00
      vertex   1.995608e+02 2.500000e+00 9.042596e+00
      vertex   1.999464e+02 2.500000e+00 9.583733e+00
    endloop
  endfacet
  facet normal -7.071068e-01 4.521866e-15 7.071068e-01
    outer loop
      vertex   1.999464e+02 7.500000e+00 9.583733e+00
      vertex   1.999464e+02 2.500000e+00 9.583733e+00
      vertex   2.004163e+02 7.500000e+00 1.005358e+01
    endloop
  endfacet
  facet normal -7.071068e-01 -1.507289e-15 7.071068e-01
    outer loop
      vertex   2.004163e+02 7.500000e+00 1.005358e+01
      vertex   1.999464e+02 2.500000e+00 9.583733e+00
      vertex   2.004163e+02 2.500000e+00 1.005358e+01
    endloop
  endfacet
  facet normal -5.802962e-01 9.255042e-16 8.144055e-01
    outer loop
      vertex   2.004163e+02 7.500000e+00 1.005358e+01
      vertex   2.004163e+02 2.500000e+00 1.005358e+01
      vertex   2.009574e+02 7.500000e+00 1.043916e+01
    endloop
  endfacet
  facet normal -5.802962e-01 9.255042e-16 8.144055e-01
    outer loop
      vertex   2.009574e+02 7.500000e+00 1.043916e+01
      vertex   2.004163e+02 2.500000e+00 1.005358e+01
      vertex   2.009574e+02 2.500000e+00 1.043916e+01
    endloop
  endfacet
  facet normal -4.374730e-01 3.332759e-15 8.992315e-01
    outer loop
      vertex   2.009574e+02 7.500000e+00 1.043916e+01
      vertex   2.009574e+02 2.500000e+00 1.043916e+01
      vertex   2.015549e+02 7.500000e+00 1.072984e+01
    endloop
  endfacet
  facet normal -4.374730e-01 -7.572640e-15 8.992315e-01
    outer loop
      vertex   2.015549e+02 7.500000e+00 1.072984e+01
      vertex   2.009574e+02 2.500000e+00 1.043916e+01
      vertex   2.015549e+02 2.500000e+00 1.072984e+01
    endloop
  endfacet
  facet normal -2.825783e-01 -1.799412e-15 9.592442e-01
    outer loop
      vertex   2.015549e+02 7.500000e+00 1.072984e+01
      vertex   2.015549e+02 2.500000e+00 1.072984e+01
      vertex   2.021923e+02 7.500000e+00 1.091760e+01
    endloop
  endfacet
  facet normal -2.825783e-01 -2.578685e-15 9.592442e-01
    outer loop
      vertex   2.021923e+02 7.500000e+00 1.091760e+01
      vertex   2.015549e+02 2.500000e+00 1.072984e+01
      vertex   2.021923e+02 2.500000e+00 1.091760e+01
    endloop
  endfacet
  facet normal -1.198860e-01 2.235979e-15 9.927877e-01
    outer loop
      vertex   2.021923e+02 7.500000e+00 1.091760e+01
      vertex   2.021923e+02 2.500000e+00 1.091760e+01
      vertex   2.028519e+02 7.500000e+00 1.099726e+01
    endloop
  endfacet
  facet normal -1.198860e-01 -3.030712e-15 9.927877e-01
    outer loop
      vertex   2.028519e+02 7.500000e+00 1.099726e+01
      vertex   2.021923e+02 2.500000e+00 1.091760e+01
      vertex   2.028519e+02 2.500000e+00 1.099726e+01
    endloop
  endfacet
  facet normal 4.611434e-02 2.637458e-15 9.989362e-01
    outer loop
      vertex   2.028519e+02 7.500000e+00 1.099726e+01
      vertex   2.028519e+02 2.500000e+00 1.099726e+01
      vertex   2.035157e+02 7.500000e+00 1.096662e+01
    endloop
  endfacet
  facet normal 4.611434e-02 -3.133600e-15 9.989362e-01
    outer loop
      vertex   2.035157e+02 7.500000e+00 1.096662e+01
      vertex   2.028519e+02 2.500000e+00 1.099726e+01
      vertex   2.035157e+02 2.500000e+00 1.096662e+01
    endloop
  endfacet
  facet normal 2.108422e-01 3.527506e-15 9.775201e-01
    outer loop
      vertex   2.035157e+02 7.500000e+00 1.096662e+01
      vertex   2.035157e+02 2.500000e+00 1.096662e+01
      vertex   2.041652e+02 7.500000e+00 1.082652e+01
    endloop
  endfacet
  facet normal 2.108422e-01 -3.765477e-15 9.775201e-01
    outer loop
      vertex   2.041652e+02 7.500000e+00 1.082652e+01
      vertex   2.035157e+02 2.500000e+00 1.096662e+01
      vertex   2.041652e+02 2.500000e+00 1.082652e+01
    endloop
  endfacet
  facet normal 3.697521e-01 3.159313e-15 9.291304e-01
    outer loop
      vertex   2.041652e+02 7.500000e+00 1.082652e+01
      vertex   2.041652e+02 2.500000e+00 1.082652e+01
      vertex   2.047826e+02 7.500000e+00 1.058084e+01
    endloop
  endfacet
  facet normal 3.697521e-01 -4.432836e-15 9.291304e-01
    outer loop
      vertex   2.047826e+02 7.500000e+00 1.058084e+01
      vertex   2.041652e+02 2.500000e+00 1.082652e+01
      vertex   2.047826e+02 2.500000e+00 1.058084e+01
    endloop
  endfacet
  facet normal 5.184591e-01 3.009676e-15 8.551024e-01
    outer loop
      vertex   2.047826e+02 7.500000e+00 1.058084e+01
      vertex   2.047826e+02 2.500000e+00 1.058084e+01
      vertex   2.053508e+02 7.500000e+00 1.023634e+01
    endloop
  endfacet
  facet normal 5.184591e-01 -5.192746e-15 8.551024e-01
    outer loop
      vertex   2.053508e+02 7.500000e+00 1.023634e+01
      vertex   2.047826e+02 2.500000e+00 1.058084e+01
      vertex   2.053508e+02 2.500000e+00 1.023634e+01
    endloop
  endfacet
  facet normal 6.528598e-01 3.103156e-15 7.574787e-01
    outer loop
      vertex   2.053508e+02 7.500000e+00 1.023634e+01
      vertex   2.053508e+02 2.500000e+00 1.023634e+01
      vertex   2.058541e+02 7.500000e+00 9.802547e+00
    endloop
  endfacet
  facet normal 6.528598e-01 -7.873906e-15 7.574787e-01
    outer loop
      vertex   2.058541e+02 7.500000e+00 9.802547e+00
      vertex   2.053508e+02 2.500000e+00 1.023634e+01
      vertex   2.058541e+02 2.500000e+00 9.802547e+00
    endloop
  endfacet
  facet normal 7.692456e-01 8.117265e-16 6.389533e-01
    outer loop
      vertex   2.058541e+02 7.500000e+00 9.802547e+00
      vertex   2.058541e+02 2.500000e+00 9.802547e+00
      vertex   2.062786e+02 7.500000e+00 9.291417e+00
    endloop
  endfacet
  facet normal 7.692456e-01 -5.363205e-14 6.389533e-01
    outer loop
      vertex   2.062786e+02 7.500000e+00 9.291417e+00
      vertex   2.058541e+02 2.500000e+00 9.802547e+00
      vertex   2.062786e+02 2.500000e+00 9.291417e+00
    endloop
  endfacet
  facet normal 8.196573e-01 -4.882277e-14 5.728543e-01
    outer loop
      vertex   2.062786e+02 2.500000e+00 9.291417e+00
      vertex   2.080000e+02 2.500000e+00 6.828427e+00
      vertex   2.062786e+02 7.500000e+00 9.291417e+00
    endloop
  endfacet
  facet normal 8.196573e-01 -4.894747e-14 5.728543e-01
    outer loop
      vertex   2.062786e+02 7.500000e+00 9.291417e+00
      vertex   2.080000e+02 2.500000e+00 6.828427e+00
      vertex   2.080000e+02 7.500000e+00 6.828427e+00
    endloop
  endfacet
  facet normal 9.961947e-01 4.714621e-15 8.715574e-02
    outer loop
      vertex   2.009811e+02 2.500000e+00 6.644021e+00
      vertex   2.009811e+02 7.500000e+00 6.644021e+00
      vertex   2.009500e+02 2.500000e+00 7.000000e+00
    endloop
  endfacet
  facet normal 9.961947e-01 -1.239737e-14 8.715574e-02
    outer loop
      vertex   2.009500e+02 2.500000e+00 7.000000e+00
      vertex   2.009811e+02 7.500000e+00 6.644021e+00
      vertex   2.009500e+02 7.500000e+00 7.000000e+00
    endloop
  endfacet
  facet normal 9.961947e-01 1.071946e-15 -8.715574e-02
    outer loop
      vertex   2.009500e+02 2.500000e+00 7.000000e+00
      vertex   2.009500e+02 7.500000e+00 7.000000e+00
      vertex   2.009811e+02 2.500000e+00 7.355979e+00
    endloop
  endfacet
  facet normal 9.961947e-01 -1.036185e-14 -8.715574e-02
    outer loop
      vertex   2.009811e+02 2.500000e+00 7.355979e+00
      vertex   2.009500e+02 7.500000e+00 7.000000e+00
      vertex   2.009811e+02 7.500000e+00 7.355979e+00
    endloop
  endfacet
  facet normal 9.659258e-01 3.205555e-15 -2.588190e-01
    outer loop
      vertex   2.009811e+02 2.500000e+00 7.355979e+00
      vertex   2.009811e+02 7.500000e+00 7.355979e+00
      vertex   2.010736e+02 2.500000e+00 7.701141e+00
    endloop
  endfacet
  facet normal 9.659258e-01 -3.158632e-15 -2.588190e-01
    outer loop
      vertex   2.010736e+02 2.500000e+00 7.701141e+00
      vertex   2.009811e+02 7.500000e+00 7.355979e+00
      vertex   2.010736e+02 7.500000e+00 7.701141e+00
    endloop
  endfacet
  facet normal 9.063078e-01 1.009743e-14 -4.226183e-01
    outer loop
      vertex   2.010736e+02 2.500000e+00 7.701141e+00
      vertex   2.010736e+02 7.500000e+00 7.701141e+00
      vertex   2.012246e+02 2.500000e+00 8.025000e+00
    endloop
  endfacet
  facet normal 9.063078e-01 -2.683476e-15 -4.226183e-01
    outer loop
      vertex   2.012246e+02 2.500000e+00 8.025000e+00
      vertex   2.010736e+02 7.500000e+00 7.701141e+00
      vertex   2.012246e+02 7.500000e+00 8.025000e+00
    endloop
  endfacet
  facet normal 8.191520e-01 1.037171e-14 -5.735764e-01
    outer loop
      vertex   2.012246e+02 2.500000e+00 8.025000e+00
      vertex   2.012246e+02 7.500000e+00 8.025000e+00
      vertex   2.014296e+02 2.500000e+00 8.317715e+00
    endloop
  endfacet
  facet normal 8.191520e-01 -7.876590e-15 -5.735764e-01
    outer loop
      vertex   2.014296e+02 2.500000e+00 8.317715e+00
      vertex   2.012246e+02 7.500000e+00 8.025000e+00
      vertex   2.014296e+02 7.500000e+00 8.317715e+00
    endloop
  endfacet
  facet normal 7.071068e-01 5.777940e-15 -7.071068e-01
    outer loop
      vertex   2.014296e+02 2.500000e+00 8.317715e+00
      vertex   2.014296e+02 7.500000e+00 8.317715e+00
      vertex   2.016823e+02 2.500000e+00 8.570391e+00
    endloop
  endfacet
  facet normal 7.071068e-01 -5.024296e-15 -7.071068e-01
    outer loop
      vertex   2.016823e+02 2.500000e+00 8.570391e+00
      vertex   2.014296e+02 7.500000e+00 8.317715e+00
      vertex   2.016823e+02 7.500000e+00 8.570391e+00
    endloop
  endfacet
  facet normal 5.735764e-01 8.138932e-15 -8.191520e-01
    outer loop
      vertex   2.016823e+02 2.500000e+00 8.570391e+00
      vertex   2.016823e+02 7.500000e+00 8.570391e+00
      vertex   2.019750e+02 2.500000e+00 8.775352e+00
    endloop
  endfacet
  facet normal 5.735764e-01 -4.143132e-15 -8.191520e-01
    outer loop
      vertex   2.019750e+02 2.500000e+00 8.775352e+00
      vertex   2.016823e+02 7.500000e+00 8.570391e+00
      vertex   2.019750e+02 7.500000e+00 8.775352e+00
    endloop
  endfacet
  facet normal 4.226183e-01 8.671014e-15 -9.063078e-01
    outer loop
      vertex   2.019750e+02 2.500000e+00 8.775352e+00
      vertex   2.019750e+02 7.500000e+00 8.775352e+00
      vertex   2.022989e+02 2.500000e+00 8.926370e+00
    endloop
  endfacet
  facet normal 4.226183e-01 -7.081096e-15 -9.063078e-01
    outer loop
      vertex   2.022989e+02 2.500000e+00 8.926370e+00
      vertex   2.019750e+02 7.500000e+00 8.775352e+00
      vertex   2.022989e+02 7.500000e+00 8.926370e+00
    endloop
  endfacet
  facet normal 2.588190e-01 6.611627e-15 -9.659258e-01
    outer loop
      vertex   2.022989e+02 2.500000e+00 8.926370e+00
      vertex   2.022989e+02 7.500000e+00 8.926370e+00
      vertex   2.026440e+02 2.500000e+00 9.018856e+00
    endloop
  endfacet
  facet normal 2.588190e-01 -4.614291e-15 -9.659258e-01
    outer loop
      vertex   2.026440e+02 2.500000e+00 9.018856e+00
      vertex   2.022989e+02 7.500000e+00 8.926370e+00
      vertex   2.026440e+02 7.500000e+00 9.018856e+00
    endloop
  endfacet
  facet normal 8.715574e-02 7.503863e-15 -9.961947e-01
    outer loop
      vertex   2.026440e+02 2.500000e+00 9.018856e+00
      vertex   2.026440e+02 7.500000e+00 9.018856e+00
      vertex   2.030000e+02 2.500000e+00 9.050000e+00
    endloop
  endfacet
  facet normal 8.715574e-02 -6.440500e-15 -9.961947e-01
    outer loop
      vertex   2.030000e+02 2.500000e+00 9.050000e+00
      vertex   2.026440e+02 7.500000e+00 9.018856e+00
      vertex   2.030000e+02 7.500000e+00 9.050000e+00
    endloop
  endfacet
  facet normal -8.715574e-02 6.440500e-15 -9.961947e-01
    outer loop
      vertex   2.030000e+02 2.500000e+00 9.050000e+00
      vertex   2.030000e+02 7.500000e+00 9.050000e+00
      vertex   2.033560e+02 2.500000e+00 9.018856e+00
    endloop
  endfacet
  facet normal -8.715574e-02 -6.513017e-15 -9.961947e-01
    outer loop
      vertex   2.033560e+02 2.500000e+00 9.018856e+00
      vertex   2.030000e+02 7.500000e+00 9.050000e+00
      vertex   2.033560e+02 7.500000e+00 9.018856e+00
    endloop
  endfacet
  facet normal -2.588190e-01 7.556723e-15 -9.659258e-01
    outer loop
      vertex   2.033560e+02 2.500000e+00 9.018856e+00
      vertex   2.033560e+02 7.500000e+00 9.018856e+00
      vertex   2.037011e+02 2.500000e+00 8.926370e+00
    endloop
  endfacet
  facet normal -2.588190e-01 -4.797245e-15 -9.659258e-01
    outer loop
      vertex   2.037011e+02 2.500000e+00 8.926370e+00
      vertex   2.033560e+02 7.500000e+00 9.018856e+00
      vertex   2.037011e+02 7.500000e+00 8.926370e+00
    endloop
  endfacet
  facet normal -4.226183e-01 9.805388e-15 -9.063078e-01
    outer loop
      vertex   2.037011e+02 2.500000e+00 8.926370e+00
      vertex   2.037011e+02 7.500000e+00 8.926370e+00
      vertex   2.040250e+02 2.500000e+00 8.775352e+00
    endloop
  endfacet
  facet normal -4.226183e-01 -5.946722e-15 -9.063078e-01
    outer loop
      vertex   2.040250e+02 2.500000e+00 8.775352e+00
      vertex   2.037011e+02 7.500000e+00 8.926370e+00
      vertex   2.040250e+02 7.500000e+00 8.775352e+00
    endloop
  endfacet
  facet normal -5.735764e-01 7.694558e-15 -8.191520e-01
    outer loop
      vertex   2.040250e+02 2.500000e+00 8.775352e+00
      vertex   2.040250e+02 7.500000e+00 8.775352e+00
      vertex   2.043177e+02 2.500000e+00 8.570391e+00
    endloop
  endfacet
  facet normal -5.735764e-01 -4.878527e-15 -8.191520e-01
    outer loop
      vertex   2.043177e+02 2.500000e+00 8.570391e+00
      vertex   2.040250e+02 7.500000e+00 8.775352e+00
      vertex   2.043177e+02 7.500000e+00 8.570391e+00
    endloop
  endfacet
  facet normal -7.071068e-01 9.043733e-15 -7.071068e-01
    outer loop
      vertex   2.043177e+02 2.500000e+00 8.570391e+00
      vertex   2.043177e+02 7.500000e+00 8.570391e+00
      vertex   2.045704e+02 2.500000e+00 8.317715e+00
    endloop
  endfacet
  facet normal -7.071068e-01 -5.777940e-15 -7.071068e-01
    outer loop
      vertex   2.045704e+02 2.500000e+00 8.317715e+00
      vertex   2.043177e+02 7.500000e+00 8.570391e+00
      vertex   2.045704e+02 7.500000e+00 8.317715e+00
    endloop
  endfacet
  facet normal -8.191520e-01 7.876590e-15 -5.735764e-01
    outer loop
      vertex   2.045704e+02 2.500000e+00 8.317715e+00
      vertex   2.045704e+02 7.500000e+00 8.317715e+00
      vertex   2.047754e+02 2.500000e+00 8.025000e+00
    endloop
  endfacet
  facet normal -8.191520e-01 -1.037171e-14 -5.735764e-01
    outer loop
      vertex   2.047754e+02 2.500000e+00 8.025000e+00
      vertex   2.045704e+02 7.500000e+00 8.317715e+00
      vertex   2.047754e+02 7.500000e+00 8.025000e+00
    endloop
  endfacet
  facet normal -9.063078e-01 2.683476e-15 -4.226183e-01
    outer loop
      vertex   2.047754e+02 2.500000e+00 8.025000e+00
      vertex   2.047754e+02 7.500000e+00 8.025000e+00
      vertex   2.049264e+02 2.500000e+00 7.701141e+00
    endloop
  endfacet
  facet normal -9.063078e-01 -4.870594e-15 -4.226183e-01
    outer loop
      vertex   2.049264e+02 2.500000e+00 7.701141e+00
      vertex   2.047754e+02 7.500000e+00 8.025000e+00
      vertex   2.049264e+02 7.500000e+00 7.701141e+00
    endloop
  endfacet
  facet normal -9.659258e-01 8.695260e-15 -2.588190e-01
    outer loop
      vertex   2.049264e+02 2.500000e+00 7.701141e+00
      vertex   2.049264e+02 7.500000e+00 7.701141e+00
      vertex   2.050189e+02 2.500000e+00 7.355979e+00
    endloop
  endfacet
  facet normal -9.659258e-01 -8.742183e-15 -2.588190e-01
    outer loop
      vertex   2.050189e+02 2.500000e+00 7.355979e+00
      vertex   2.049264e+02 7.500000e+00 7.701141e+00
      vertex   2.050189e+02 7.500000e+00 7.355979e+00
    endloop
  endfacet
  facet normal -9.961947e-01 4.683657e-15 -8.715574e-02
    outer loop
      vertex   2.050189e+02 2.500000e+00 7.355979e+00
      vertex   2.050189e+02 7.500000e+00 7.355979e+00
      vertex   2.050500e+02 2.500000e+00 7.000000e+00
    endloop
  endfacet
  facet normal -9.961947e-01 -6.734657e-15 -8.715574e-02
    outer loop
      vertex   2.050500e+02 2.500000e+00 7.000000e+00
      vertex   2.050189e+02 7.500000e+00 7.355979e+00
      vertex   2.050500e+02 7.500000e+00 7.000000e+00
    endloop
  endfacet
  facet normal -9.961947e-01 6.734657e-15 8.715574e-02
    outer loop
      vertex   2.050500e+02 2.500000e+00 7.000000e+00
      vertex   2.050500e+02 7.500000e+00 7.000000e+00
      vertex   2.050189e+02 2.500000e+00 6.644021e+00
    endloop
  endfacet
  facet normal -9.961947e-01 -1.036185e-14 8.715574e-02
    outer loop
      vertex   2.050189e+02 2.500000e+00 6.644021e+00
      vertex   2.050500e+02 7.500000e+00 7.000000e+00
      vertex   2.050189e+02 7.500000e+00 6.644021e+00
    endloop
  endfacet
  facet normal -9.659258e-01 3.205555e-15 2.588190e-01
    outer loop
      vertex   2.050189e+02 2.500000e+00 6.644021e+00
      vertex   2.050189e+02 7.500000e+00 6.644021e+00
      vertex   2.049264e+02 2.500000e+00 6.298859e+00
    endloop
  endfacet
  facet normal -9.659258e-01 2.332021e-15 2.588190e-01
    outer loop
      vertex   2.049264e+02 2.500000e+00 6.298859e+00
      vertex   2.050189e+02 7.500000e+00 6.644021e+00
      vertex   2.049264e+02 7.500000e+00 6.298859e+00
    endloop
  endfacet
  facet normal -9.063078e-01 1.524919e-14 4.226183e-01
    outer loop
      vertex   2.049264e+02 2.500000e+00 6.298859e+00
      vertex   2.049264e+02 7.500000e+00 6.298859e+00
      vertex   2.047754e+02 2.500000e+00 5.975000e+00
    endloop
  endfacet
  facet normal -9.063078e-01 -2.683476e-15 4.226183e-01
    outer loop
      vertex   2.047754e+02 2.500000e+00 5.975000e+00
      vertex   2.049264e+02 7.500000e+00 6.298859e+00
      vertex   2.047754e+02 7.500000e+00 5.975000e+00
    endloop
  endfacet
  facet normal -8.191520e-01 1.037171e-14 5.735764e-01
    outer loop
      vertex   2.047754e+02 2.500000e+00 5.975000e+00
      vertex   2.047754e+02 7.500000e+00 5.975000e+00
      vertex   2.045704e+02 2.500000e+00 5.682285e+00
    endloop
  endfacet
  facet normal -8.191520e-01 -3.322137e-15 5.735764e-01
    outer loop
      vertex   2.045704e+02 2.500000e+00 5.682285e+00
      vertex   2.047754e+02 7.500000e+00 5.975000e+00
      vertex   2.045704e+02 7.500000e+00 5.682285e+00
    endloop
  endfacet
  facet normal -7.071068e-01 9.671770e-15 7.071068e-01
    outer loop
      vertex   2.045704e+02 2.500000e+00 5.682285e+00
      vertex   2.045704e+02 7.500000e+00 5.682285e+00
      vertex   2.043177e+02 2.500000e+00 5.429609e+00
    endloop
  endfacet
  facet normal -7.071068e-01 -5.024296e-15 7.071068e-01
    outer loop
      vertex   2.043177e+02 2.500000e+00 5.429609e+00
      vertex   2.045704e+02 7.500000e+00 5.682285e+00
      vertex   2.043177e+02 7.500000e+00 5.429609e+00
    endloop
  endfacet
  facet normal -5.735764e-01 8.138932e-15 8.191520e-01
    outer loop
      vertex   2.043177e+02 2.500000e+00 5.429609e+00
      vertex   2.043177e+02 7.500000e+00 5.429609e+00
      vertex   2.040250e+02 2.500000e+00 5.224648e+00
    endloop
  endfacet
  facet normal -5.735764e-01 -1.080945e-14 8.191520e-01
    outer loop
      vertex   2.040250e+02 2.500000e+00 5.224648e+00
      vertex   2.043177e+02 7.500000e+00 5.429609e+00
      vertex   2.040250e+02 7.500000e+00 5.224648e+00
    endloop
  endfacet
  facet normal -4.226183e-01 3.705408e-15 9.063078e-01
    outer loop
      vertex   2.040250e+02 2.500000e+00 5.224648e+00
      vertex   2.040250e+02 7.500000e+00 5.224648e+00
      vertex   2.037011e+02 2.500000e+00 5.073630e+00
    endloop
  endfacet
  facet normal -4.226183e-01 -4.678790e-15 9.063078e-01
    outer loop
      vertex   2.037011e+02 2.500000e+00 5.073630e+00
      vertex   2.040250e+02 7.500000e+00 5.224648e+00
      vertex   2.037011e+02 7.500000e+00 5.073630e+00
    endloop
  endfacet
  facet normal -2.588190e-01 8.082843e-15 9.659258e-01
    outer loop
      vertex   2.037011e+02 2.500000e+00 5.073630e+00
      vertex   2.037011e+02 7.500000e+00 5.073630e+00
      vertex   2.033560e+02 2.500000e+00 4.981144e+00
    endloop
  endfacet
  facet normal -2.588190e-01 -4.785874e-15 9.659258e-01
    outer loop
      vertex   2.033560e+02 2.500000e+00 4.981144e+00
      vertex   2.037011e+02 7.500000e+00 5.073630e+00
      vertex   2.033560e+02 7.500000e+00 4.981144e+00
    endloop
  endfacet
  facet normal -8.715574e-02 7.326903e-15 9.961947e-01
    outer loop
      vertex   2.033560e+02 2.500000e+00 4.981144e+00
      vertex   2.033560e+02 7.500000e+00 4.981144e+00
      vertex   2.030000e+02 2.500000e+00 4.950000e+00
    endloop
  endfacet
  facet normal -8.715574e-02 -6.935923e-15 9.961947e-01
    outer loop
      vertex   2.030000e+02 2.500000e+00 4.950000e+00
      vertex   2.033560e+02 7.500000e+00 4.981144e+00
      vertex   2.030000e+02 7.500000e+00 4.950000e+00
    endloop
  endfacet
  facet normal 8.715574e-02 6.935923e-15 9.961947e-01
    outer loop
      vertex   2.030000e+02 2.500000e+00 4.950000e+00
      vertex   2.030000e+02 7.500000e+00 4.950000e+00
      vertex   2.026440e+02 2.500000e+00 4.981144e+00
    endloop
  endfacet
  facet normal 8.715574e-02 -6.336057e-15 9.961947e-01
    outer loop
      vertex   2.026440e+02 2.500000e+00 4.981144e+00
      vertex   2.030000e+02 7.500000e+00 4.950000e+00
      vertex   2.026440e+02 7.500000e+00 4.981144e+00
    endloop
  endfacet
  facet normal 2.588190e-01 7.728306e-15 9.659258e-01
    outer loop
      vertex   2.026440e+02 2.500000e+00 4.981144e+00
      vertex   2.026440e+02 7.500000e+00 4.981144e+00
      vertex   2.022989e+02 2.500000e+00 5.073630e+00
    endloop
  endfacet
  facet normal 2.588190e-01 -6.268461e-15 9.659258e-01
    outer loop
      vertex   2.022989e+02 2.500000e+00 5.073630e+00
      vertex   2.026440e+02 7.500000e+00 4.981144e+00
      vertex   2.022989e+02 7.500000e+00 5.073630e+00
    endloop
  endfacet
  facet normal 4.226183e-01 7.403082e-15 9.063078e-01
    outer loop
      vertex   2.022989e+02 2.500000e+00 5.073630e+00
      vertex   2.022989e+02 7.500000e+00 5.073630e+00
      vertex   2.019750e+02 2.500000e+00 5.224648e+00
    endloop
  endfacet
  facet normal 4.226183e-01 -6.107715e-15 9.063078e-01
    outer loop
      vertex   2.019750e+02 2.500000e+00 5.224648e+00
      vertex   2.022989e+02 7.500000e+00 5.073630e+00
      vertex   2.019750e+02 7.500000e+00 5.224648e+00
    endloop
  endfacet
  facet normal 5.735764e-01 7.549047e-15 8.191520e-01
    outer loop
      vertex   2.019750e+02 2.500000e+00 5.224648e+00
      vertex   2.019750e+02 7.500000e+00 5.224648e+00
      vertex   2.016823e+02 2.500000e+00 5.429609e+00
    endloop
  endfacet
  facet normal 5.735764e-01 -1.472612e-15 8.191520e-01
    outer loop
      vertex   2.016823e+02 2.500000e+00 5.429609e+00
      vertex   2.019750e+02 7.500000e+00 5.224648e+00
      vertex   2.016823e+02 7.500000e+00 5.429609e+00
    endloop
  endfacet
  facet normal 7.071068e-01 1.318878e-14 7.071068e-01
    outer loop
      vertex   2.016823e+02 2.500000e+00 5.429609e+00
      vertex   2.016823e+02 7.500000e+00 5.429609e+00
      vertex   2.014296e+02 2.500000e+00 5.682285e+00
    endloop
  endfacet
  facet normal 7.071068e-01 -9.671770e-15 7.071068e-01
    outer loop
      vertex   2.014296e+02 2.500000e+00 5.682285e+00
      vertex   2.016823e+02 7.500000e+00 5.429609e+00
      vertex   2.014296e+02 7.500000e+00 5.682285e+00
    endloop
  endfacet
  facet normal 8.191520e-01 3.322137e-15 5.735764e-01
    outer loop
      vertex   2.014296e+02 2.500000e+00 5.682285e+00
      vertex   2.014296e+02 7.500000e+00 5.682285e+00
      vertex   2.012246e+02 2.500000e+00 5.975000e+00
    endloop
  endfacet
  facet normal 8.191520e-01 -1.037171e-14 5.735764e-01
    outer loop
      vertex   2.012246e+02 2.500000e+00 5.975000e+00
      vertex   2.014296e+02 7.500000e+00 5.682285e+00
      vertex   2.012246e+02 7.500000e+00 5.975000e+00
    endloop
  endfacet
  facet normal 9.063078e-01 2.683476e-15 4.226183e-01
    outer loop
      vertex   2.012246e+02 2.500000e+00 5.975000e+00
      vertex   2.012246e+02 7.500000e+00 5.975000e+00
      vertex   2.010736e+02 2.500000e+00 6.298859e+00
    endloop
  endfacet
  facet normal 9.063078e-01 -4.870594e-15 4.226183e-01
    outer loop
      vertex   2.010736e+02 2.500000e+00 6.298859e+00
      vertex   2.012246e+02 7.500000e+00 5.975000e+00
      vertex   2.010736e+02 7.500000e+00 6.298859e+00
    endloop
  endfacet
  facet normal 9.659258e-01 8.695260e-15 2.588190e-01
    outer loop
      vertex   2.010736e+02 2.500000e+00 6.298859e+00
      vertex   2.010736e+02 7.500000e+00 6.298859e+00
      vertex   2.009811e+02 2.500000e+00 6.644021e+00
    endloop
  endfacet
  facet normal 9.659258e-01 -8.650232e-15 2.588190e-01
    outer loop
      vertex   2.009811e+02 2.500000e+00 6.644021e+00
      vertex   2.010736e+02 7.500000e+00 6.298859e+00
      vertex   2.009811e+02 7.500000e+00 6.644021e+00
    endloop
  endfacet
  facet normal 4.799164e-14 1.000000e+00 4.198725e-15
    outer loop
      vertex   2.009811e+02 7.500000e+00 6.644021e+00
      vertex   1.990334e+02 7.500000e+00 6.484305e+00
      vertex   2.009500e+02 7.500000e+00 7.000000e+00
    endloop
  endfacet
  facet normal 5.385310e-14 1.000000e+00 -1.758579e-14
    outer loop
      vertex   2.009500e+02 7.500000e+00 7.000000e+00
      vertex   1.990334e+02 7.500000e+00 6.484305e+00
      vertex   1.990027e+02 7.500000e+00 7.148055e+00
    endloop
  endfacet
  facet normal 5.482549e-14 1.000000e+00 -4.796609e-15
    outer loop
      vertex   2.009500e+02 7.500000e+00 7.000000e+00
      vertex   1.990027e+02 7.500000e+00 7.148055e+00
      vertex   2.009811e+02 7.500000e+00 7.355979e+00
    endloop
  endfacet
  facet normal 5.659619e-14 1.000000e+00 -2.164489e-14
    outer loop
      vertex   2.009811e+02 7.500000e+00 7.355979e+00
      vertex   1.990027e+02 7.500000e+00 7.148055e+00
      vertex   1.990824e+02 7.500000e+00 7.807719e+00
    endloop
  endfacet
  facet normal 5.804549e-14 1.000000e+00 -1.555324e-14
    outer loop
      vertex   2.009811e+02 7.500000e+00 7.355979e+00
      vertex   1.990824e+02 7.500000e+00 7.807719e+00
      vertex   2.010736e+02 7.500000e+00 7.701141e+00
    endloop
  endfacet
  facet normal 5.737660e-14 1.000000e+00 -2.805018e-14
    outer loop
      vertex   2.010736e+02 7.500000e+00 7.701141e+00
      vertex   1.990824e+02 7.500000e+00 7.807719e+00
      vertex   1.992702e+02 7.500000e+00 8.445096e+00
    endloop
  endfacet
  facet normal 5.782464e-14 1.000000e+00 -2.696407e-14
    outer loop
      vertex   2.010736e+02 7.500000e+00 7.701141e+00
      vertex   1.992702e+02 7.500000e+00 8.445096e+00
      vertex   2.012246e+02 7.500000e+00 8.025000e+00
    endloop
  endfacet
  facet normal 5.644043e-14 1.000000e+00 -3.340404e-14
    outer loop
      vertex   2.012246e+02 7.500000e+00 8.025000e+00
      vertex   1.992702e+02 7.500000e+00 8.445096e+00
      vertex   1.995608e+02 7.500000e+00 9.042596e+00
    endloop
  endfacet
  facet normal 5.382144e-14 1.000000e+00 -3.768618e-14
    outer loop
      vertex   2.012246e+02 7.500000e+00 8.025000e+00
      vertex   1.995608e+02 7.500000e+00 9.042596e+00
      vertex   2.014296e+02 7.500000e+00 8.317715e+00
    endloop
  endfacet
  facet normal 5.361973e-14 1.000000e+00 -3.820619e-14
    outer loop
      vertex   2.014296e+02 7.500000e+00 8.317715e+00
      vertex   1.995608e+02 7.500000e+00 9.042596e+00
      vertex   1.999464e+02 7.500000e+00 9.583733e+00
    endloop
  endfacet
  facet normal 4.652174e-14 1.000000e+00 -4.652174e-14
    outer loop
      vertex   2.014296e+02 7.500000e+00 8.317715e+00
      vertex   1.999464e+02 7.500000e+00 9.583733e+00
      vertex   2.016823e+02 7.500000e+00 8.570391e+00
    endloop
  endfacet
  facet normal 4.930887e-14 1.000000e+00 -4.174736e-14
    outer loop
      vertex   2.016823e+02 7.500000e+00 8.570391e+00
      vertex   1.999464e+02 7.500000e+00 9.583733e+00
      vertex   2.004163e+02 7.500000e+00 1.005358e+01
    endloop
  endfacet
  facet normal 4.633019e-14 1.000000e+00 -4.428991e-14
    outer loop
      vertex   2.016823e+02 7.500000e+00 8.570391e+00
      vertex   2.004163e+02 7.500000e+00 1.005358e+01
      vertex   2.009574e+02 7.500000e+00 1.043916e+01
    endloop
  endfacet
  facet normal 4.936897e-14 1.000000e+00 -1.259801e-14
    outer loop
      vertex   1.990334e+02 7.500000e+00 6.484305e+00
      vertex   2.009811e+02 7.500000e+00 6.644021e+00
      vertex   1.991735e+02 7.500000e+00 5.834785e+00
    endloop
  endfacet
  facet normal 3.904562e-14 1.000000e+00 1.046224e-14
    outer loop
      vertex   1.991735e+02 7.500000e+00 5.834785e+00
      vertex   2.009811e+02 7.500000e+00 6.644021e+00
      vertex   2.010736e+02 7.500000e+00 6.298859e+00
    endloop
  endfacet
  facet normal 4.432044e-14 1.000000e+00 -1.113557e-14
    outer loop
      vertex   1.991735e+02 7.500000e+00 5.834785e+00
      vertex   2.010736e+02 7.500000e+00 6.298859e+00
      vertex   1.994192e+02 7.500000e+00 5.217418e+00
    endloop
  endfacet
  facet normal 2.838876e-14 1.000000e+00 1.323790e-14
    outer loop
      vertex   1.994192e+02 7.500000e+00 5.217418e+00
      vertex   2.010736e+02 7.500000e+00 6.298859e+00
      vertex   2.012246e+02 7.500000e+00 5.975000e+00
    endloop
  endfacet
  facet normal 3.804000e-14 1.000000e+00 -9.763142e-15
    outer loop
      vertex   1.994192e+02 7.500000e+00 5.217418e+00
      vertex   2.012246e+02 7.500000e+00 5.975000e+00
      vertex   1.997637e+02 7.500000e+00 4.649240e+00
    endloop
  endfacet
  facet normal 1.784312e-14 1.000000e+00 1.249389e-14
    outer loop
      vertex   1.997637e+02 7.500000e+00 4.649240e+00
      vertex   2.012246e+02 7.500000e+00 5.975000e+00
      vertex   2.014296e+02 7.500000e+00 5.682285e+00
    endloop
  endfacet
  facet normal 3.379238e-14 1.000000e+00 -1.322688e-14
    outer loop
      vertex   1.997637e+02 7.500000e+00 4.649240e+00
      vertex   2.014296e+02 7.500000e+00 5.682285e+00
      vertex   2.001975e+02 7.500000e+00 4.145928e+00
    endloop
  endfacet
  facet normal 7.699540e-15 1.000000e+00 7.699540e-15
    outer loop
      vertex   2.001975e+02 7.500000e+00 4.145928e+00
      vertex   2.014296e+02 7.500000e+00 5.682285e+00
      vertex   2.016823e+02 7.500000e+00 5.429609e+00
    endloop
  endfacet
  facet normal 2.830361e-14 1.000000e+00 -1.613317e-14
    outer loop
      vertex   2.001975e+02 7.500000e+00 4.145928e+00
      vertex   2.016823e+02 7.500000e+00 5.429609e+00
      vertex   2.007086e+02 7.500000e+00 3.721371e+00
    endloop
  endfacet
  facet normal 0.000000e+00 1.000000e+00 0.000000e+00
    outer loop
      vertex   2.007086e+02 7.500000e+00 3.721371e+00
      vertex   2.016823e+02 7.500000e+00 5.429609e+00
      vertex   2.019750e+02 7.500000e+00 5.224648e+00
    endloop
  endfacet
  facet normal 0.000000e+00 1.000000e+00 0.000000e+00
    outer loop
      vertex   2.007086e+02 7.500000e+00 3.721371e+00
      vertex   2.019750e+02 7.500000e+00 5.224648e+00
      vertex   2.022989e+02 7.500000e+00 5.073630e+00
    endloop
  endfacet
  facet normal 0.000000e+00 1.000000e+00 0.000000e+00
    outer loop
      vertex   2.022989e+02 7.500000e+00 5.073630e+00
      vertex   2.026440e+02 7.500000e+00 4.981144e+00
      vertex   2.007086e+02 7.500000e+00 3.721371e+00
    endloop
  endfacet
  facet normal -0.000000e+00 1.000000e+00 0.000000e+00
    outer loop
      vertex   2.007086e+02 7.500000e+00 3.721371e+00
      vertex   2.026440e+02 7.500000e+00 4.981144e+00
      vertex   2.031716e+02 7.500000e+00 2.000000e+00
    endloop
  endfacet
  facet normal 0.000000e+00 1.000000e+00 0.000000e+00
    outer loop
      vertex   2.031716e+02 7.500000e+00 2.000000e+00
      vertex   2.026440e+02 7.500000e+00 4.981144e+00
      vertex   2.030000e+02 7.500000e+00 4.950000e+00
    endloop
  endfacet
  facet normal 0.000000e+00 1.000000e+00 -0.000000e+00
    outer loop
      vertex   2.031716e+02 7.500000e+00 2.000000e+00
      vertex   2.030000e+02 7.500000e+00 4.950000e+00
      vertex   2.033560e+02 7.500000e+00 4.981144e+00
    endloop
  endfacet
  facet normal -0.000000e+00 1.000000e+00 0.000000e+00
    outer loop
      vertex   2.033560e+02 7.500000e+00 4.981144e+00
      vertex   2.037011e+02 7.500000e+00 5.073630e+00
      vertex   2.031716e+02 7.500000e+00 2.000000e+00
    endloop
  endfacet
  facet normal 0.000000e+00 1.000000e+00 0.000000e+00
    outer loop
      vertex   2.031716e+02 7.500000e+00 2.000000e+00
      vertex   2.037011e+02 7.500000e+00 5.073630e+00
      vertex   2.040250e+02 7.500000e+00 5.224648e+00
    endloop
  endfacet
  facet normal 0.000000e+00 1.000000e+00 0.000000e+00
    outer loop
      vertex   2.031716e+02 7.500000e+00 2.000000e+00
      vertex   2.040250e+02 7.500000e+00 5.224648e+00
      vertex   2.043177e+02 7.500000e+00 5.429609e+00
    endloop
  endfacet
  facet normal 0.000000e+00 1.000000e+00 0.000000e+00
    outer loop
      vertex   2.031716e+02 7.500000e+00 2.000000e+00
      vertex   2.043177e+02 7.500000e+00 5.429609e+00
      vertex   2.080000e+02 7.500000e+00 6.828427e+00
    endloop
  endfacet
  facet normal 0.000000e+00 1.000000e+00 0.000000e+00
    outer loop
      vertex   2.080000e+02 7.500000e+00 6.828427e+00
      vertex   2.043177e+02 7.500000e+00 5.429609e+00
      vertex   2.045704e+02 7.500000e+00 5.682285e+00
    endloop
  endfacet
  facet normal 0.000000e+00 1.000000e+00 0.000000e+00
    outer loop
      vertex   2.080000e+02 7.500000e+00 6.828427e+00
      vertex   2.045704e+02 7.500000e+00 5.682285e+00
      vertex   2.047754e+02 7.500000e+00 5.975000e+00
    endloop
  endfacet
  facet normal 0.000000e+00 1.000000e+00 0.000000e+00
    outer loop
      vertex   2.047754e+02 7.500000e+00 5.975000e+00
      vertex   2.049264e+02 7.500000e+00 6.298859e+00
      vertex   2.080000e+02 7.500000e+00 6.828427e+00
    endloop
  endfacet
  facet normal 0.000000e+00 1.000000e+00 0.000000e+00
    outer loop
      vertex   2.080000e+02 7.500000e+00 6.828427e+00
      vertex   2.049264e+02 7.500000e+00 6.298859e+00
      vertex   2.050189e+02 7.500000e+00 6.644021e+00
    endloop
  endfacet
  facet normal 0.000000e+00 1.000000e+00 0.000000e+00
    outer loop
      vertex   2.080000e+02 7.500000e+00 6.828427e+00
      vertex   2.050189e+02 7.500000e+00 6.644021e+00
      vertex   2.050500e+02 7.500000e+00 7.000000e+00
    endloop
  endfacet
  facet normal -0.000000e+00 1.000000e+00 -0.000000e+00
    outer loop
      vertex   2.050500e+02 7.500000e+00 7.000000e+00
      vertex   2.050189e+02 7.500000e+00 7.355979e+00
      vertex   2.080000e+02 7.500000e+00 6.828427e+00
    endloop
  endfacet
  facet normal -6.189777e-15 1.000000e+00 -3.497784e-14
    outer loop
      vertex   2.080000e+02 7.500000e+00 6.828427e+00
      vertex   2.050189e+02 7.500000e+00 7.355979e+00
      vertex   2.062786e+02 7.500000e+00 9.291417e+00
    endloop
  endfacet
  facet normal -4.245184e-14 1.000000e+00 -1.137494e-14
    outer loop
      vertex   2.062786e+02 7.500000e+00 9.291417e+00
      vertex   2.050189e+02 7.500000e+00 7.355979e+00
      vertex   2.049264e+02 7.500000e+00 7.701141e+00
    endloop
  endfacet
  facet normal -3.605624e-14 1.000000e+00 -1.681330e-14
    outer loop
      vertex   2.062786e+02 7.500000e+00 9.291417e+00
      vertex   2.049264e+02 7.500000e+00 7.701141e+00
      vertex   2.047754e+02 7.500000e+00 8.025000e+00
    endloop
  endfacet
  facet normal -3.158752e-14 1.000000e+00 -2.211782e-14
    outer loop
      vertex   2.047754e+02 7.500000e+00 8.025000e+00
      vertex   2.045704e+02 7.500000e+00 8.317715e+00
      vertex   2.062786e+02 7.500000e+00 9.291417e+00
    endloop
  endfacet
  facet normal -1.046098e-13 1.000000e+00 1.059906e-13
    outer loop
      vertex   2.062786e+02 7.500000e+00 9.291417e+00
      vertex   2.045704e+02 7.500000e+00 8.317715e+00
      vertex   2.058541e+02 7.500000e+00 9.802547e+00
    endloop
  endfacet
  facet normal 8.341168e-15 1.000000e+00 8.341168e-15
    outer loop
      vertex   2.058541e+02 7.500000e+00 9.802547e+00
      vertex   2.045704e+02 7.500000e+00 8.317715e+00
      vertex   2.043177e+02 7.500000e+00 8.570391e+00
    endloop
  endfacet
  facet normal 2.819973e-14 1.000000e+00 -1.642018e-14
    outer loop
      vertex   2.058541e+02 7.500000e+00 9.802547e+00
      vertex   2.043177e+02 7.500000e+00 8.570391e+00
      vertex   2.053508e+02 7.500000e+00 1.023634e+01
    endloop
  endfacet
  facet normal 5.205786e-16 1.000000e+00 7.434633e-16
    outer loop
      vertex   2.053508e+02 7.500000e+00 1.023634e+01
      vertex   2.043177e+02 7.500000e+00 8.570391e+00
      vertex   2.040250e+02 7.500000e+00 8.775352e+00
    endloop
  endfacet
  facet normal 2.366860e-14 1.000000e+00 -2.026194e-14
    outer loop
      vertex   2.053508e+02 7.500000e+00 1.023634e+01
      vertex   2.040250e+02 7.500000e+00 8.775352e+00
      vertex   2.047826e+02 7.500000e+00 1.058084e+01
    endloop
  endfacet
  facet normal -4.028926e-15 1.000000e+00 -8.640059e-15
    outer loop
      vertex   2.047826e+02 7.500000e+00 1.058084e+01
      vertex   2.040250e+02 7.500000e+00 8.775352e+00
      vertex   2.037011e+02 7.500000e+00 8.926370e+00
    endloop
  endfacet
  facet normal 2.384003e-14 1.000000e+00 -2.685656e-14
    outer loop
      vertex   2.047826e+02 7.500000e+00 1.058084e+01
      vertex   2.037011e+02 7.500000e+00 8.926370e+00
      vertex   2.041652e+02 7.500000e+00 1.082652e+01
    endloop
  endfacet
  facet normal -5.289897e-15 1.000000e+00 -1.974217e-14
    outer loop
      vertex   2.041652e+02 7.500000e+00 1.082652e+01
      vertex   2.037011e+02 7.500000e+00 8.926370e+00
      vertex   2.033560e+02 7.500000e+00 9.018856e+00
    endloop
  endfacet
  facet normal 2.183853e-14 1.000000e+00 -3.188672e-14
    outer loop
      vertex   2.041652e+02 7.500000e+00 1.082652e+01
      vertex   2.033560e+02 7.500000e+00 9.018856e+00
      vertex   2.035157e+02 7.500000e+00 1.096662e+01
    endloop
  endfacet
  facet normal -2.614300e-15 1.000000e+00 -2.988159e-14
    outer loop
      vertex   2.035157e+02 7.500000e+00 1.096662e+01
      vertex   2.033560e+02 7.500000e+00 9.018856e+00
      vertex   2.030000e+02 7.500000e+00 9.050000e+00
    endloop
  endfacet
  facet normal 2.768293e-14 1.000000e+00 -3.803352e-14
    outer loop
      vertex   2.035157e+02 7.500000e+00 1.096662e+01
      vertex   2.030000e+02 7.500000e+00 9.050000e+00
      vertex   2.028519e+02 7.500000e+00 1.099726e+01
    endloop
  endfacet
  facet normal 3.488443e-15 1.000000e+00 -3.987308e-14
    outer loop
      vertex   2.028519e+02 7.500000e+00 1.099726e+01
      vertex   2.030000e+02 7.500000e+00 9.050000e+00
      vertex   2.026440e+02 7.500000e+00 9.018856e+00
    endloop
  endfacet
  facet normal 2.801518e-14 1.000000e+00 -4.245076e-14
    outer loop
      vertex   2.028519e+02 7.500000e+00 1.099726e+01
      vertex   2.026440e+02 7.500000e+00 9.018856e+00
      vertex   2.021923e+02 7.500000e+00 1.091760e+01
    endloop
  endfacet
  facet normal 1.237190e-14 1.000000e+00 -4.617255e-14
    outer loop
      vertex   2.021923e+02 7.500000e+00 1.091760e+01
      vertex   2.026440e+02 7.500000e+00 9.018856e+00
      vertex   2.022989e+02 7.500000e+00 8.926370e+00
    endloop
  endfacet
  facet normal 3.416053e-14 1.000000e+00 -4.500634e-14
    outer loop
      vertex   2.021923e+02 7.500000e+00 1.091760e+01
      vertex   2.022989e+02 7.500000e+00 8.926370e+00
      vertex   2.015549e+02 7.500000e+00 1.072984e+01
    endloop
  endfacet
  facet normal 2.311206e-14 1.000000e+00 -4.956397e-14
    outer loop
      vertex   2.015549e+02 7.500000e+00 1.072984e+01
      vertex   2.022989e+02 7.500000e+00 8.926370e+00
      vertex   2.019750e+02 7.500000e+00 8.775352e+00
    endloop
  endfacet
  facet normal 3.882141e-14 1.000000e+00 -4.618742e-14
    outer loop
      vertex   2.015549e+02 7.500000e+00 1.072984e+01
      vertex   2.019750e+02 7.500000e+00 8.775352e+00
      vertex   2.009574e+02 7.500000e+00 1.043916e+01
    endloop
  endfacet
  facet normal 3.428395e-14 1.000000e+00 -4.896256e-14
    outer loop
      vertex   2.009574e+02 7.500000e+00 1.043916e+01
      vertex   2.019750e+02 7.500000e+00 8.775352e+00
      vertex   2.016823e+02 7.500000e+00 8.570391e+00
    endloop
  endfacet
  facet normal -7.071068e-01 0.000000e+00 7.071068e-01
    outer loop
      vertex   2.031716e+02 7.500000e+00 2.000000e+00
      vertex   2.080000e+02 7.500000e+00 6.828427e+00
      vertex   2.031716e+02 1.725000e+02 2.000000e+00
    endloop
  endfacet
  facet normal -7.071068e-01 0.000000e+00 7.071068e-01
    outer loop
      vertex   2.031716e+02 1.725000e+02 2.000000e+00
      vertex   2.080000e+02 7.500000e+00 6.828427e+00
      vertex   2.080000e+02 1.725000e+02 6.828427e+00
    endloop
  endfacet
  facet normal 9.961947e-01 1.037733e-14 8.715574e-02
    outer loop
      vertex   1.029811e+02 2.500000e+00 5.894021e+00
      vertex   1.029811e+02 7.500000e+00 5.894021e+00
      vertex   1.029500e+02 2.500000e+00 6.250000e+00
    endloop
  endfacet
  facet normal 9.961947e-01 -1.806008e-14 8.715574e-02
    outer loop
      vertex   1.029500e+02 2.500000e+00 6.250000e+00
      vertex   1.029811e+02 7.500000e+00 5.894021e+00
      vertex   1.029500e+02 7.500000e+00 6.250000e+00
    endloop
  endfacet
  facet normal 9.961947e-01 -4.590766e-15 -8.715574e-02
    outer loop
      vertex   1.029500e+02 2.500000e+00 6.250000e+00
      vertex   1.029500e+02 7.500000e+00 6.250000e+00
      vertex   1.029811e+02 2.500000e+00 6.605979e+00
    endloop
  endfacet
  facet normal 9.961947e-01 -4.683657e-15 -8.715574e-02
    outer loop
      vertex   1.029811e+02 2.500000e+00 6.605979e+00
      vertex   1.029500e+02 7.500000e+00 6.250000e+00
      vertex   1.029811e+02 7.500000e+00 6.605979e+00
    endloop
  endfacet
  facet normal 9.659258e-01 8.742183e-15 -2.588190e-01
    outer loop
      vertex   1.029811e+02 2.500000e+00 6.605979e+00
      vertex   1.029811e+02 7.500000e+00 6.605979e+00
      vertex   1.030736e+02 2.500000e+00 6.951141e+00
    endloop
  endfacet
  facet normal 9.659258e-01 -8.695260e-15 -2.588190e-01
    outer loop
      vertex   1.030736e+02 2.500000e+00 6.951141e+00
      vertex   1.029811e+02 7.500000e+00 6.605979e+00
      vertex   1.030736e+02 7.500000e+00 6.951141e+00
    endloop
  endfacet
  facet normal 9.063078e-01 4.870594e-15 -4.226183e-01
    outer loop
      vertex   1.030736e+02 2.500000e+00 6.951141e+00
      vertex   1.030736e+02 7.500000e+00 6.951141e+00
      vertex   1.032246e+02 2.500000e+00 7.275000e+00
    endloop
  endfacet
  facet normal 9.063078e-01 -7.835240e-15 -4.226183e-01
    outer loop
      vertex   1.032246e+02 2.500000e+00 7.275000e+00
      vertex   1.030736e+02 7.500000e+00 6.951141e+00
      vertex   1.032246e+02 7.500000e+00 7.275000e+00
    endloop
  endfacet
  facet normal 8.191520e-01 5.715372e-15 -5.735764e-01
    outer loop
      vertex   1.032246e+02 2.500000e+00 7.275000e+00
      vertex   1.032246e+02 7.500000e+00 7.275000e+00
      vertex   1.034296e+02 2.500000e+00 7.567715e+00
    endloop
  endfacet
  facet normal 8.191520e-01 -5.650307e-15 -5.735764e-01
    outer loop
      vertex   1.034296e+02 2.500000e+00 7.567715e+00
      vertex   1.032246e+02 7.500000e+00 7.275000e+00
      vertex   1.034296e+02 7.500000e+00 7.567715e+00
    endloop
  endfacet
  facet normal 7.071068e-01 7.662051e-15 -7.071068e-01
    outer loop
      vertex   1.034296e+02 2.500000e+00 7.567715e+00
      vertex   1.034296e+02 7.500000e+00 7.567715e+00
      vertex   1.036823e+02 2.500000e+00 7.820391e+00
    endloop
  endfacet
  facet normal 7.071068e-01 -7.034014e-15 -7.071068e-01
    outer loop
      vertex   1.036823e+02 2.500000e+00 7.820391e+00
      vertex   1.034296e+02 7.500000e+00 7.567715e+00
      vertex   1.036823e+02 7.500000e+00 7.820391e+00
    endloop
  endfacet
  facet normal 5.735764e-01 6.508730e-15 -8.191520e-01
    outer loop
      vertex   1.036823e+02 2.500000e+00 7.820391e+00
      vertex   1.036823e+02 7.500000e+00 7.820391e+00
      vertex   1.039750e+02 2.500000e+00 8.025352e+00
    endloop
  endfacet
  facet normal 5.735764e-01 -6.064356e-15 -8.191520e-01
    outer loop
      vertex   1.039750e+02 2.500000e+00 8.025352e+00
      vertex   1.036823e+02 7.500000e+00 7.820391e+00
      vertex   1.039750e+02 7.500000e+00 8.025352e+00
    endloop
  endfacet
  facet normal 4.226183e-01 7.147875e-15 -9.063078e-01
    outer loop
      vertex   1.039750e+02 2.500000e+00 8.025352e+00
      vertex   1.039750e+02 7.500000e+00 8.025352e+00
      vertex   1.042989e+02 2.500000e+00 8.176370e+00
    endloop
  endfacet
  facet normal 4.226183e-01 -6.201928e-15 -9.063078e-01
    outer loop
      vertex   1.042989e+02 2.500000e+00 8.176370e+00
      vertex   1.039750e+02 7.500000e+00 8.025352e+00
      vertex   1.042989e+02 7.500000e+00 8.176370e+00
    endloop
  endfacet
  facet normal 2.588190e-01 7.004069e-15 -9.659258e-01
    outer loop
      vertex   1.042989e+02 2.500000e+00 8.176370e+00
      vertex   1.042989e+02 7.500000e+00 8.176370e+00
      vertex   1.046440e+02 2.500000e+00 8.268856e+00
    endloop
  endfacet
  facet normal 2.588190e-01 -7.556723e-15 -9.659258e-01
    outer loop
      vertex   1.046440e+02 2.500000e+00 8.268856e+00
      vertex   1.042989e+02 7.500000e+00 8.176370e+00
      vertex   1.046440e+02 7.500000e+00 8.268856e+00
    endloop
  endfacet
  facet normal 8.715574e-02 6.513017e-15 -9.961947e-01
    outer loop
      vertex   1.046440e+02 2.500000e+00 8.268856e+00
      vertex   1.046440e+02 7.500000e+00 8.268856e+00
      vertex   1.050000e+02 2.500000e+00 8.300000e+00
    endloop
  endfacet
  facet normal 8.715574e-02 -6.935923e-15 -9.961947e-01
    outer loop
      vertex   1.050000e+02 2.500000e+00 8.300000e+00
      vertex   1.046440e+02 7.500000e+00 8.268856e+00
      vertex   1.050000e+02 7.500000e+00 8.300000e+00
    endloop
  endfacet
  facet normal -8.715574e-02 6.935923e-15 -9.961947e-01
    outer loop
      vertex   1.050000e+02 2.500000e+00 8.300000e+00
      vertex   1.050000e+02 7.500000e+00 8.300000e+00
      vertex   1.053560e+02 2.500000e+00 8.268856e+00
    endloop
  endfacet
  facet normal -8.715574e-02 -7.008440e-15 -9.961947e-01
    outer loop
      vertex   1.053560e+02 2.500000e+00 8.268856e+00
      vertex   1.050000e+02 7.500000e+00 8.300000e+00
      vertex   1.053560e+02 7.500000e+00 8.268856e+00
    endloop
  endfacet
  facet normal -2.588190e-01 6.085507e-15 -9.659258e-01
    outer loop
      vertex   1.053560e+02 2.500000e+00 8.268856e+00
      vertex   1.053560e+02 7.500000e+00 8.268856e+00
      vertex   1.057011e+02 2.500000e+00 8.176370e+00
    endloop
  endfacet
  facet normal -2.588190e-01 -5.532853e-15 -9.659258e-01
    outer loop
      vertex   1.057011e+02 2.500000e+00 8.176370e+00
      vertex   1.053560e+02 7.500000e+00 8.268856e+00
      vertex   1.057011e+02 7.500000e+00 8.176370e+00
    endloop
  endfacet
  facet normal -4.226183e-01 8.604235e-15 -9.063078e-01
    outer loop
      vertex   1.057011e+02 2.500000e+00 8.176370e+00
      vertex   1.057011e+02 7.500000e+00 8.176370e+00
      vertex   1.060250e+02 2.500000e+00 8.025352e+00
    endloop
  endfacet
  facet normal -4.226183e-01 -6.268707e-15 -9.063078e-01
    outer loop
      vertex   1.060250e+02 2.500000e+00 8.025352e+00
      vertex   1.057011e+02 7.500000e+00 8.176370e+00
      vertex   1.060250e+02 7.500000e+00 8.025352e+00
    endloop
  endfacet
  facet normal -5.735764e-01 7.403537e-15 -8.191520e-01
    outer loop
      vertex   1.060250e+02 2.500000e+00 8.025352e+00
      vertex   1.060250e+02 7.500000e+00 8.025352e+00
      vertex   1.063177e+02 2.500000e+00 7.820391e+00
    endloop
  endfacet
  facet normal -5.735764e-01 -6.508730e-15 -8.191520e-01
    outer loop
      vertex   1.063177e+02 2.500000e+00 7.820391e+00
      vertex   1.060250e+02 7.500000e+00 8.025352e+00
      vertex   1.063177e+02 7.500000e+00 7.820391e+00
    endloop
  endfacet
  facet normal -7.071068e-01 7.034014e-15 -7.071068e-01
    outer loop
      vertex   1.063177e+02 2.500000e+00 7.820391e+00
      vertex   1.063177e+02 7.500000e+00 7.820391e+00
      vertex   1.065704e+02 2.500000e+00 7.567715e+00
    endloop
  endfacet
  facet normal -7.071068e-01 -5.526725e-15 -7.071068e-01
    outer loop
      vertex   1.065704e+02 2.500000e+00 7.567715e+00
      vertex   1.063177e+02 7.500000e+00 7.820391e+00
      vertex   1.065704e+02 7.500000e+00 7.567715e+00
    endloop
  endfacet
  facet normal -8.191520e-01 8.080365e-15 -5.735764e-01
    outer loop
      vertex   1.065704e+02 2.500000e+00 7.567715e+00
      vertex   1.065704e+02 7.500000e+00 7.567715e+00
      vertex   1.067754e+02 2.500000e+00 7.275000e+00
    endloop
  endfacet
  facet normal -8.191520e-01 -5.715372e-15 -5.735764e-01
    outer loop
      vertex   1.067754e+02 2.500000e+00 7.275000e+00
      vertex   1.065704e+02 7.500000e+00 7.567715e+00
      vertex   1.067754e+02 7.500000e+00 7.275000e+00
    endloop
  endfacet
  facet normal -9.063078e-01 7.835240e-15 -4.226183e-01
    outer loop
      vertex   1.067754e+02 2.500000e+00 7.275000e+00
      vertex   1.067754e+02 7.500000e+00 7.275000e+00
      vertex   1.069264e+02 2.500000e+00 6.951141e+00
    endloop
  endfacet
  facet normal -9.063078e-01 -7.521547e-15 -4.226183e-01
    outer loop
      vertex   1.069264e+02 2.500000e+00 6.951141e+00
      vertex   1.067754e+02 7.500000e+00 7.275000e+00
      vertex   1.069264e+02 7.500000e+00 6.951141e+00
    endloop
  endfacet
  facet normal -9.659258e-01 5.903958e-15 -2.588190e-01
    outer loop
      vertex   1.069264e+02 2.500000e+00 6.951141e+00
      vertex   1.069264e+02 7.500000e+00 6.951141e+00
      vertex   1.070189e+02 2.500000e+00 6.605979e+00
    endloop
  endfacet
  facet normal -9.659258e-01 -3.159580e-15 -2.588190e-01
    outer loop
      vertex   1.070189e+02 2.500000e+00 6.605979e+00
      vertex   1.069264e+02 7.500000e+00 6.951141e+00
      vertex   1.070189e+02 7.500000e+00 6.605979e+00
    endloop
  endfacet
  facet normal -9.961947e-01 1.037733e-14 -8.715574e-02
    outer loop
      vertex   1.070189e+02 2.500000e+00 6.605979e+00
      vertex   1.070189e+02 7.500000e+00 6.605979e+00
      vertex   1.070500e+02 2.500000e+00 6.250000e+00
    endloop
  endfacet
  facet normal -9.961947e-01 -6.734657e-15 -8.715574e-02
    outer loop
      vertex   1.070500e+02 2.500000e+00 6.250000e+00
      vertex   1.070189e+02 7.500000e+00 6.605979e+00
      vertex   1.070500e+02 7.500000e+00 6.250000e+00
    endloop
  endfacet
  facet normal -9.961947e-01 6.734657e-15 8.715574e-02
    outer loop
      vertex   1.070500e+02 2.500000e+00 6.250000e+00
      vertex   1.070500e+02 7.500000e+00 6.250000e+00
      vertex   1.070189e+02 2.500000e+00 5.894021e+00
    endloop
  endfacet
  facet normal -9.961947e-01 -4.699139e-15 8.715574e-02
    outer loop
      vertex   1.070189e+02 2.500000e+00 5.894021e+00
      vertex   1.070500e+02 7.500000e+00 6.250000e+00
      vertex   1.070189e+02 7.500000e+00 5.894021e+00
    endloop
  endfacet
  facet normal -9.659258e-01 8.696208e-15 2.588190e-01
    outer loop
      vertex   1.070189e+02 2.500000e+00 5.894021e+00
      vertex   1.070189e+02 7.500000e+00 5.894021e+00
      vertex   1.069264e+02 2.500000e+00 5.548859e+00
    endloop
  endfacet
  facet normal -9.659258e-01 -8.695260e-15 2.588190e-01
    outer loop
      vertex   1.069264e+02 2.500000e+00 5.548859e+00
      vertex   1.070189e+02 7.500000e+00 5.894021e+00
      vertex   1.069264e+02 7.500000e+00 5.548859e+00
    endloop
  endfacet
  facet normal -9.063078e-01 4.870594e-15 4.226183e-01
    outer loop
      vertex   1.069264e+02 2.500000e+00 5.548859e+00
      vertex   1.069264e+02 7.500000e+00 5.548859e+00
      vertex   1.067754e+02 2.500000e+00 5.225000e+00
    endloop
  endfacet
  facet normal -9.063078e-01 -7.835240e-15 4.226183e-01
    outer loop
      vertex   1.067754e+02 2.500000e+00 5.225000e+00
      vertex   1.069264e+02 7.500000e+00 5.548859e+00
      vertex   1.067754e+02 7.500000e+00 5.225000e+00
    endloop
  endfacet
  facet normal -8.191520e-01 5.715372e-15 5.735764e-01
    outer loop
      vertex   1.067754e+02 2.500000e+00 5.225000e+00
      vertex   1.067754e+02 7.500000e+00 5.225000e+00
      vertex   1.065704e+02 2.500000e+00 4.932285e+00
    endloop
  endfacet
  facet normal -8.191520e-01 -5.752195e-15 5.735764e-01
    outer loop
      vertex   1.065704e+02 2.500000e+00 4.932285e+00
      vertex   1.067754e+02 7.500000e+00 5.225000e+00
      vertex   1.065704e+02 7.500000e+00 4.932285e+00
    endloop
  endfacet
  facet normal -7.071068e-01 7.536444e-15 7.071068e-01
    outer loop
      vertex   1.065704e+02 2.500000e+00 4.932285e+00
      vertex   1.065704e+02 7.500000e+00 4.932285e+00
      vertex   1.063177e+02 2.500000e+00 4.679609e+00
    endloop
  endfacet
  facet normal -7.071068e-01 -7.159622e-15 7.071068e-01
    outer loop
      vertex   1.063177e+02 2.500000e+00 4.679609e+00
      vertex   1.065704e+02 7.500000e+00 4.932285e+00
      vertex   1.063177e+02 7.500000e+00 4.679609e+00
    endloop
  endfacet
  facet normal -5.735764e-01 6.363219e-15 8.191520e-01
    outer loop
      vertex   1.063177e+02 2.500000e+00 4.679609e+00
      vertex   1.063177e+02 7.500000e+00 4.679609e+00
      vertex   1.060250e+02 2.500000e+00 4.474648e+00
    endloop
  endfacet
  facet normal -5.735764e-01 -7.549047e-15 8.191520e-01
    outer loop
      vertex   1.060250e+02 2.500000e+00 4.474648e+00
      vertex   1.063177e+02 7.500000e+00 4.679609e+00
      vertex   1.060250e+02 7.500000e+00 4.474648e+00
    endloop
  endfacet
  facet normal -4.226183e-01 6.107715e-15 9.063078e-01
    outer loop
      vertex   1.060250e+02 2.500000e+00 4.474648e+00
      vertex   1.060250e+02 7.500000e+00 4.474648e+00
      vertex   1.057011e+02 2.500000e+00 4.323630e+00
    endloop
  endfacet
  facet normal -4.226183e-01 -6.040936e-15 9.063078e-01
    outer loop
      vertex   1.057011e+02 2.500000e+00 4.323630e+00
      vertex   1.060250e+02 7.500000e+00 4.474648e+00
      vertex   1.057011e+02 7.500000e+00 4.323630e+00
    endloop
  endfacet
  facet normal -2.588190e-01 7.175652e-15 9.659258e-01
    outer loop
      vertex   1.057011e+02 2.500000e+00 4.323630e+00
      vertex   1.057011e+02 7.500000e+00 4.323630e+00
      vertex   1.053560e+02 2.500000e+00 4.231144e+00
    endloop
  endfacet
  facet normal -2.588190e-01 -7.556723e-15 9.659258e-01
    outer loop
      vertex   1.053560e+02 2.500000e+00 4.231144e+00
      vertex   1.057011e+02 7.500000e+00 4.323630e+00
      vertex   1.053560e+02 7.500000e+00 4.231144e+00
    endloop
  endfacet
  facet normal -8.715574e-02 6.513017e-15 9.961947e-01
    outer loop
      vertex   1.053560e+02 2.500000e+00 4.231144e+00
      vertex   1.053560e+02 7.500000e+00 4.231144e+00
      vertex   1.050000e+02 2.500000e+00 4.200000e+00
    endloop
  endfacet
  facet normal -8.715574e-02 -6.935923e-15 9.961947e-01
    outer loop
      vertex   1.050000e+02 2.500000e+00 4.200000e+00
      vertex   1.053560e+02 7.500000e+00 4.231144e+00
      vertex   1.050000e+02 7.500000e+00 4.200000e+00
    endloop
  endfacet
  facet normal 8.715574e-02 6.935923e-15 9.961947e-01
    outer loop
      vertex   1.050000e+02 2.500000e+00 4.200000e+00
      vertex   1.050000e+02 7.500000e+00 4.200000e+00
      vertex   1.046440e+02 2.500000e+00 4.231144e+00
    endloop
  endfacet
  facet normal 8.715574e-02 -6.831480e-15 9.961947e-01
    outer loop
      vertex   1.046440e+02 2.500000e+00 4.231144e+00
      vertex   1.050000e+02 7.500000e+00 4.200000e+00
      vertex   1.046440e+02 7.500000e+00 4.231144e+00
    endloop
  endfacet
  facet normal 2.588190e-01 6.257090e-15 9.659258e-01
    outer loop
      vertex   1.046440e+02 2.500000e+00 4.231144e+00
      vertex   1.046440e+02 7.500000e+00 4.231144e+00
      vertex   1.042989e+02 2.500000e+00 4.323630e+00
    endloop
  endfacet
  facet normal 2.588190e-01 -5.532853e-15 9.659258e-01
    outer loop
      vertex   1.042989e+02 2.500000e+00 4.323630e+00
      vertex   1.046440e+02 7.500000e+00 4.231144e+00
      vertex   1.042989e+02 7.500000e+00 4.323630e+00
    endloop
  endfacet
  facet normal 4.226183e-01 8.604235e-15 9.063078e-01
    outer loop
      vertex   1.042989e+02 2.500000e+00 4.323630e+00
      vertex   1.042989e+02 7.500000e+00 4.323630e+00
      vertex   1.039750e+02 2.500000e+00 4.474648e+00
    endloop
  endfacet
  facet normal 4.226183e-01 -6.107715e-15 9.063078e-01
    outer loop
      vertex   1.039750e+02 2.500000e+00 4.474648e+00
      vertex   1.042989e+02 7.500000e+00 4.323630e+00
      vertex   1.039750e+02 7.500000e+00 4.474648e+00
    endloop
  endfacet
  facet normal 5.735764e-01 7.549047e-15 8.191520e-01
    outer loop
      vertex   1.039750e+02 2.500000e+00 4.474648e+00
      vertex   1.039750e+02 7.500000e+00 4.474648e+00
      vertex   1.036823e+02 2.500000e+00 4.679609e+00
    endloop
  endfacet
  facet normal 5.735764e-01 -6.508730e-15 8.191520e-01
    outer loop
      vertex   1.036823e+02 2.500000e+00 4.679609e+00
      vertex   1.039750e+02 7.500000e+00 4.474648e+00
      vertex   1.036823e+02 7.500000e+00 4.679609e+00
    endloop
  endfacet
  facet normal 7.071068e-01 7.034014e-15 7.071068e-01
    outer loop
      vertex   1.036823e+02 2.500000e+00 4.679609e+00
      vertex   1.036823e+02 7.500000e+00 4.679609e+00
      vertex   1.034296e+02 2.500000e+00 4.932285e+00
    endloop
  endfacet
  facet normal 7.071068e-01 -5.652333e-15 7.071068e-01
    outer loop
      vertex   1.034296e+02 2.500000e+00 4.932285e+00
      vertex   1.036823e+02 7.500000e+00 4.679609e+00
      vertex   1.034296e+02 7.500000e+00 4.932285e+00
    endloop
  endfacet
  facet normal 8.191520e-01 7.978478e-15 5.735764e-01
    outer loop
      vertex   1.034296e+02 2.500000e+00 4.932285e+00
      vertex   1.034296e+02 7.500000e+00 4.932285e+00
      vertex   1.032246e+02 2.500000e+00 5.225000e+00
    endloop
  endfacet
  facet normal 8.191520e-01 -5.817259e-15 5.735764e-01
    outer loop
      vertex   1.032246e+02 2.500000e+00 5.225000e+00
      vertex   1.034296e+02 7.500000e+00 4.932285e+00
      vertex   1.032246e+02 7.500000e+00 5.225000e+00
    endloop
  endfacet
  facet normal 9.063078e-01 7.760168e-15 4.226183e-01
    outer loop
      vertex   1.032246e+02 2.500000e+00 5.225000e+00
      vertex   1.032246e+02 7.500000e+00 5.225000e+00
      vertex   1.030736e+02 2.500000e+00 5.548859e+00
    endloop
  endfacet
  facet normal 9.063078e-01 -7.446475e-15 4.226183e-01
    outer loop
      vertex   1.030736e+02 2.500000e+00 5.548859e+00
      vertex   1.032246e+02 7.500000e+00 5.225000e+00
      vertex   1.030736e+02 7.500000e+00 5.548859e+00
    endloop
  endfacet
  facet normal 9.659258e-01 5.949934e-15 2.588190e-01
    outer loop
      vertex   1.030736e+02 2.500000e+00 5.548859e+00
      vertex   1.030736e+02 7.500000e+00 5.548859e+00
      vertex   1.029811e+02 2.500000e+00 5.894021e+00
    endloop
  endfacet
  facet normal 9.659258e-01 -3.159580e-15 2.588190e-01
    outer loop
      vertex   1.029811e+02 2.500000e+00 5.894021e+00
      vertex   1.030736e+02 7.500000e+00 5.548859e+00
      vertex   1.029811e+02 7.500000e+00 5.894021e+00
    endloop
  endfacet
  facet normal 1.000000e+00 -1.136868e-14 0.000000e+00
    outer loop
      vertex   1.090000e+02 2.500000e+00 6.250000e+00
      vertex   1.090000e+02 2.500000e+00 2.000000e+00
      vertex   1.090000e+02 7.500000e+00 6.250000e+00
    endloop
  endfacet
  facet normal 1.000000e+00 -1.136868e-14 0.000000e+00
    outer loop
      vertex   1.090000e+02 7.500000e+00 6.250000e+00
      vertex   1.090000e+02 2.500000e+00 2.000000e+00
      vertex   1.090000e+02 7.500000e+00 2.000000e+00
    endloop
  endfacet
  facet normal -9.965845e-01 4.948822e-15 8.257935e-02
    outer loop
      vertex   1.010000e+02 7.500000e+00 6.250000e+00
      vertex   1.010000e+02 2.500000e+00 6.250000e+00
      vertex   1.010546e+02 7.500000e+00 6.908378e+00
    endloop
  endfacet
  facet normal -9.965845e-01 5.696943e-15 8.257935e-02
    outer loop
      vertex   1.010546e+02 7.500000e+00 6.908378e+00
      vertex   1.010000e+02 2.500000e+00 6.250000e+00
      vertex   1.010546e+02 2.500000e+00 6.908378e+00
    endloop
  endfacet
  facet normal -9.694003e-01 -5.724276e-15 2.454855e-01
    outer loop
      vertex   1.010546e+02 7.500000e+00 6.908378e+00
      vertex   1.010546e+02 2.500000e+00 6.908378e+00
      vertex   1.012167e+02 7.500000e+00 7.548798e+00
    endloop
  endfacet
  facet normal -9.694003e-01 2.402545e-15 2.454855e-01
    outer loop
      vertex   1.012167e+02 7.500000e+00 7.548798e+00
      vertex   1.010546e+02 2.500000e+00 6.908378e+00
      vertex   1.012167e+02 2.500000e+00 7.548798e+00
    endloop
  endfacet
  facet normal -9.157733e-01 -7.502457e-15 4.016954e-01
    outer loop
      vertex   1.012167e+02 7.500000e+00 7.548798e+00
      vertex   1.012167e+02 2.500000e+00 7.548798e+00
      vertex   1.014821e+02 7.500000e+00 8.153790e+00
    endloop
  endfacet
  facet normal -9.157733e-01 4.729933e-15 4.016954e-01
    outer loop
      vertex   1.014821e+02 7.500000e+00 8.153790e+00
      vertex   1.012167e+02 2.500000e+00 7.548798e+00
      vertex   1.014821e+02 2.500000e+00 8.153790e+00
    endloop
  endfacet
  facet normal -8.371665e-01 -4.040936e-15 5.469482e-01
    outer loop
      vertex   1.014821e+02 7.500000e+00 8.153790e+00
      vertex   1.014821e+02 2.500000e+00 8.153790e+00
      vertex   1.018434e+02 7.500000e+00 8.706851e+00
    endloop
  endfacet
  facet normal -8.371665e-01 4.556515e-15 5.469482e-01
    outer loop
      vertex   1.018434e+02 7.500000e+00 8.706851e+00
      vertex   1.014821e+02 2.500000e+00 8.153790e+00
      vertex   1.018434e+02 2.500000e+00 8.706851e+00
    endloop
  endfacet
  facet normal -7.357239e-01 -2.910725e-15 6.772816e-01
    outer loop
      vertex   1.018434e+02 7.500000e+00 8.706851e+00
      vertex   1.018434e+02 2.500000e+00 8.706851e+00
      vertex   1.022909e+02 7.500000e+00 9.192896e+00
    endloop
  endfacet
  facet normal -7.357239e-01 1.976166e-15 6.772816e-01
    outer loop
      vertex   1.022909e+02 7.500000e+00 9.192896e+00
      vertex   1.018434e+02 2.500000e+00 8.706851e+00
      vertex   1.022909e+02 2.500000e+00 9.192896e+00
    endloop
  endfacet
  facet normal -6.142127e-01 -3.913854e-15 7.891405e-01
    outer loop
      vertex   1.022909e+02 7.500000e+00 9.192896e+00
      vertex   1.022909e+02 2.500000e+00 9.192896e+00
      vertex   1.028122e+02 7.500000e+00 9.598666e+00
    endloop
  endfacet
  facet normal -6.142127e-01 3.375480e-15 7.891405e-01
    outer loop
      vertex   1.028122e+02 7.500000e+00 9.598666e+00
      vertex   1.022909e+02 2.500000e+00 9.192896e+00
      vertex   1.028122e+02 2.500000e+00 9.598666e+00
    endloop
  endfacet
  facet normal -4.759474e-01 -1.573366e-15 8.794738e-01
    outer loop
      vertex   1.028122e+02 7.500000e+00 9.598666e+00
      vertex   1.028122e+02 2.500000e+00 9.598666e+00
      vertex   1.033932e+02 7.500000e+00 9.913093e+00
    endloop
  endfacet
  facet normal -4.759474e-01 3.635398e-15 8.794738e-01
    outer loop
      vertex   1.033932e+02 7.500000e+00 9.913093e+00
      vertex   1.028122e+02 2.500000e+00 9.598666e+00
      vertex   1.033932e+02 2.500000e+00 9.913093e+00
    endloop
  endfacet
  facet normal -3.246995e-01 -3.456899e-16 9.458172e-01
    outer loop
      vertex   1.033932e+02 7.500000e+00 9.913093e+00
      vertex   1.033932e+02 2.500000e+00 9.913093e+00
      vertex   1.040181e+02 7.500000e+00 1.012760e+01
    endloop
  endfacet
  facet normal -3.246995e-01 1.926083e-15 9.458172e-01
    outer loop
      vertex   1.040181e+02 7.500000e+00 1.012760e+01
      vertex   1.033932e+02 2.500000e+00 9.913093e+00
      vertex   1.040181e+02 2.500000e+00 1.012760e+01
    endloop
  endfacet
  facet normal -1.645946e-01 -4.643776e-16 9.863613e-01
    outer loop
      vertex   1.040181e+02 7.500000e+00 1.012760e+01
      vertex   1.040181e+02 2.500000e+00 1.012760e+01
      vertex   1.046697e+02 7.500000e+00 1.023634e+01
    endloop
  endfacet
  facet normal -1.645946e-01 9.356119e-16 9.863613e-01
    outer loop
      vertex   1.046697e+02 7.500000e+00 1.023634e+01
      vertex   1.040181e+02 2.500000e+00 1.012760e+01
      vertex   1.046697e+02 2.500000e+00 1.023634e+01
    endloop
  endfacet
  facet normal -0.000000e+00 0.000000e+00 1.000000e+00
    outer loop
      vertex   1.046697e+02 7.500000e+00 1.023634e+01
      vertex   1.046697e+02 2.500000e+00 1.023634e+01
      vertex   1.053303e+02 7.500000e+00 1.023634e+01
    endloop
  endfacet
  facet normal 0.000000e+00 0.000000e+00 1.000000e+00
    outer loop
      vertex   1.053303e+02 7.500000e+00 1.023634e+01
      vertex   1.046697e+02 2.500000e+00 1.023634e+01
      vertex   1.053303e+02 2.500000e+00 1.023634e+01
    endloop
  endfacet
  facet normal 1.645946e-01 9.356119e-16 9.863613e-01
    outer loop
      vertex   1.053303e+02 7.500000e+00 1.023634e+01
      vertex   1.053303e+02 2.500000e+00 1.023634e+01
      vertex   1.059819e+02 7.500000e+00 1.012760e+01
    endloop
  endfacet
  facet normal 1.645946e-01 -4.643776e-16 9.863613e-01
    outer loop
      vertex   1.059819e+02 7.500000e+00 1.012760e+01
      vertex   1.053303e+02 2.500000e+00 1.023634e+01
      vertex   1.059819e+02 2.500000e+00 1.012760e+01
    endloop
  endfacet
  facet normal 3.246995e-01 1.926083e-15 9.458172e-01
    outer loop
      vertex   1.059819e+02 7.500000e+00 1.012760e+01
      vertex   1.059819e+02 2.500000e+00 1.012760e+01
      vertex   1.066068e+02 7.500000e+00 9.913093e+00
    endloop
  endfacet
  facet normal 3.246995e-01 -3.456899e-16 9.458172e-01
    outer loop
      vertex   1.066068e+02 7.500000e+00 9.913093e+00
      vertex   1.059819e+02 2.500000e+00 1.012760e+01
      vertex   1.066068e+02 2.500000e+00 9.913093e+00
    endloop
  endfacet
  facet normal 4.759474e-01 3.635398e-15 8.794738e-01
    outer loop
      vertex   1.066068e+02 7.500000e+00 9.913093e+00
      vertex   1.066068e+02 2.500000e+00 9.913093e+00
      vertex   1.071878e+02 7.500000e+00 9.598666e+00
    endloop
  endfacet
  facet normal 4.759474e-01 -1.885818e-15 8.794738e-01
    outer loop
      vertex   1.071878e+02 7.500000e+00 9.598666e+00
      vertex   1.066068e+02 2.500000e+00 9.913093e+00
      vertex   1.071878e+02 2.500000e+00 9.598666e+00
    endloop
  endfacet
  facet normal 6.142127e-01 3.095121e-15 7.891405e-01
    outer loop
      vertex   1.071878e+02 7.500000e+00 9.598666e+00
      vertex   1.071878e+02 2.500000e+00 9.598666e+00
      vertex   1.077091e+02 7.500000e+00 9.192896e+00
    endloop
  endfacet
  facet normal 6.142127e-01 -3.913854e-15 7.891405e-01
    outer loop
      vertex   1.077091e+02 7.500000e+00 9.192896e+00
      vertex   1.071878e+02 2.500000e+00 9.598666e+00
      vertex   1.077091e+02 2.500000e+00 9.192896e+00
    endloop
  endfacet
  facet normal 7.357239e-01 1.976166e-15 6.772816e-01
    outer loop
      vertex   1.077091e+02 7.500000e+00 9.192896e+00
      vertex   1.077091e+02 2.500000e+00 9.192896e+00
      vertex   1.081566e+02 7.500000e+00 8.706851e+00
    endloop
  endfacet
  facet normal 7.357239e-01 -3.151344e-15 6.772816e-01
    outer loop
      vertex   1.081566e+02 7.500000e+00 8.706851e+00
      vertex   1.077091e+02 2.500000e+00 9.192896e+00
      vertex   1.081566e+02 2.500000e+00 8.706851e+00
    endloop
  endfacet
  facet normal 8.371665e-01 4.362200e-15 5.469482e-01
    outer loop
      vertex   1.081566e+02 7.500000e+00 8.706851e+00
      vertex   1.081566e+02 2.500000e+00 8.706851e+00
      vertex   1.085179e+02 7.500000e+00 8.153790e+00
    endloop
  endfacet
  facet normal 8.371665e-01 -4.235251e-15 5.469482e-01
    outer loop
      vertex   1.085179e+02 7.500000e+00 8.153790e+00
      vertex   1.081566e+02 2.500000e+00 8.706851e+00
      vertex   1.085179e+02 2.500000e+00 8.153790e+00
    endloop
  endfacet
  facet normal 9.157733e-01 4.587223e-15 4.016954e-01
    outer loop
      vertex   1.085179e+02 7.500000e+00 8.153790e+00
      vertex   1.085179e+02 2.500000e+00 8.153790e+00
      vertex   1.087833e+02 7.500000e+00 7.548798e+00
    endloop
  endfacet
  facet normal 9.157733e-01 -7.716523e-15 4.016954e-01
    outer loop
      vertex   1.087833e+02 7.500000e+00 7.548798e+00
      vertex   1.085179e+02 2.500000e+00 8.153790e+00
      vertex   1.087833e+02 2.500000e+00 7.548798e+00
    endloop
  endfacet
  facet normal 9.694003e-01 2.271724e-15 2.454855e-01
    outer loop
      vertex   1.087833e+02 7.500000e+00 7.548798e+00
      vertex   1.087833e+02 2.500000e+00 7.548798e+00
      vertex   1.089454e+02 7.500000e+00 6.908378e+00
    endloop
  endfacet
  facet normal 9.694003e-01 -5.811490e-15 2.454855e-01
    outer loop
      vertex   1.089454e+02 7.500000e+00 6.908378e+00
      vertex   1.087833e+02 2.500000e+00 7.548798e+00
      vertex   1.089454e+02 2.500000e+00 6.908378e+00
    endloop
  endfacet
  facet normal 9.965845e-01 5.667605e-15 8.257935e-02
    outer loop
      vertex   1.089454e+02 7.500000e+00 6.908378e+00
      vertex   1.089454e+02 2.500000e+00 6.908378e+00
      vertex   1.090000e+02 7.500000e+00 6.250000e+00
    endloop
  endfacet
  facet normal 9.965845e-01 -1.771089e-14 8.257935e-02
    outer loop
      vertex   1.090000e+02 7.500000e+00 6.250000e+00
      vertex   1.089454e+02 2.500000e+00 6.908378e+00
      vertex   1.090000e+02 2.500000e+00 6.250000e+00
    endloop
  endfacet
  facet normal 0.000000e+00 1.000000e+00 0.000000e+00
    outer loop
      vertex   1.029811e+02 7.500000e+00 5.894021e+00
      vertex   1.010000e+02 7.500000e+00 6.250000e+00
      vertex   1.029500e+02 7.500000e+00 6.250000e+00
    endloop
  endfacet
  facet normal 0.000000e+00 1.000000e+00 0.000000e+00
    outer loop
      vertex   1.029500e+02 7.500000e+00 6.250000e+00
      vertex   1.010000e+02 7.500000e+00 6.250000e+00
      vertex   1.010546e+02 7.500000e+00 6.908378e+00
    endloop
  endfacet
  facet normal 0.000000e+00 1.000000e+00 -0.000000e+00
    outer loop
      vertex   1.029500e+02 7.500000e+00 6.250000e+00
      vertex   1.010546e+02 7.500000e+00 6.908378e+00
      vertex   1.029811e+02 7.500000e+00 6.605979e+00
    endloop
  endfacet
  facet normal 0.000000e+00 1.000000e+00 0.000000e+00
    outer loop
      vertex   1.029811e+02 7.500000e+00 6.605979e+00
      vertex   1.010546e+02 7.500000e+00 6.908378e+00
      vertex   1.012167e+02 7.500000e+00 7.548798e+00
    endloop
  endfacet
  facet normal 0.000000e+00 1.000000e+00 -0.000000e+00
    outer loop
      vertex   1.029811e+02 7.500000e+00 6.605979e+00
      vertex   1.012167e+02 7.500000e+00 7.548798e+00
      vertex   1.030736e+02 7.500000e+00 6.951141e+00
    endloop
  endfacet
  facet normal 0.000000e+00 1.000000e+00 0.000000e+00
    outer loop
      vertex   1.030736e+02 7.500000e+00 6.951141e+00
      vertex   1.012167e+02 7.500000e+00 7.548798e+00
      vertex   1.014821e+02 7.500000e+00 8.153790e+00
    endloop
  endfacet
  facet normal 0.000000e+00 1.000000e+00 -0.000000e+00
    outer loop
      vertex   1.030736e+02 7.500000e+00 6.951141e+00
      vertex   1.014821e+02 7.500000e+00 8.153790e+00
      vertex   1.032246e+02 7.500000e+00 7.275000e+00
    endloop
  endfacet
  facet normal 0.000000e+00 1.000000e+00 0.000000e+00
    outer loop
      vertex   1.032246e+02 7.500000e+00 7.275000e+00
      vertex   1.014821e+02 7.500000e+00 8.153790e+00
      vertex   1.018434e+02 7.500000e+00 8.706851e+00
    endloop
  endfacet
  facet normal 0.000000e+00 1.000000e+00 -0.000000e+00
    outer loop
      vertex   1.032246e+02 7.500000e+00 7.275000e+00
      vertex   1.018434e+02 7.500000e+00 8.706851e+00
      vertex   1.034296e+02 7.500000e+00 7.567715e+00
    endloop
  endfacet
  facet normal 0.000000e+00 1.000000e+00 0.000000e+00
    outer loop
      vertex   1.034296e+02 7.500000e+00 7.567715e+00
      vertex   1.018434e+02 7.500000e+00 8.706851e+00
      vertex   1.022909e+02 7.500000e+00 9.192896e+00
    endloop
  endfacet
  facet normal 0.000000e+00 1.000000e+00 -0.000000e+00
    outer loop
      vertex   1.034296e+02 7.500000e+00 7.567715e+00
      vertex   1.022909e+02 7.500000e+00 9.192896e+00
      vertex   1.036823e+02 7.500000e+00 7.820391e+00
    endloop
  endfacet
  facet normal 0.000000e+00 1.000000e+00 0.000000e+00
    outer loop
      vertex   1.036823e+02 7.500000e+00 7.820391e+00
      vertex   1.022909e+02 7.500000e+00 9.192896e+00
      vertex   1.028122e+02 7.500000e+00 9.598666e+00
    endloop
  endfacet
  facet normal 0.000000e+00 1.000000e+00 -0.000000e+00
    outer loop
      vertex   1.036823e+02 7.500000e+00 7.820391e+00
      vertex   1.028122e+02 7.500000e+00 9.598666e+00
      vertex   1.039750e+02 7.500000e+00 8.025352e+00
    endloop
  endfacet
  facet normal 0.000000e+00 1.000000e+00 0.000000e+00
    outer loop
      vertex   1.039750e+02 7.500000e+00 8.025352e+00
      vertex   1.028122e+02 7.500000e+00 9.598666e+00
      vertex   1.033932e+02 7.500000e+00 9.913093e+00
    endloop
  endfacet
  facet normal 0.000000e+00 1.000000e+00 -0.000000e+00
    outer loop
      vertex   1.039750e+02 7.500000e+00 8.025352e+00
      vertex   1.033932e+02 7.500000e+00 9.913093e+00
      vertex   1.042989e+02 7.500000e+00 8.176370e+00
    endloop
  endfacet
  facet normal 0.000000e+00 1.000000e+00 0.000000e+00
    outer loop
      vertex   1.042989e+02 7.500000e+00 8.176370e+00
      vertex   1.033932e+02 7.500000e+00 9.913093e+00
      vertex   1.040181e+02 7.500000e+00 1.012760e+01
    endloop
  endfacet
  facet normal 0.000000e+00 1.000000e+00 -0.000000e+00
    outer loop
      vertex   1.042989e+02 7.500000e+00 8.176370e+00
      vertex   1.040181e+02 7.500000e+00 1.012760e+01
      vertex   1.046440e+02 7.500000e+00 8.268856e+00
    endloop
  endfacet
  facet normal 0.000000e+00 1.000000e+00 -0.000000e+00
    outer loop
      vertex   1.046440e+02 7.500000e+00 8.268856e+00
      vertex   1.040181e+02 7.500000e+00 1.012760e+01
      vertex   1.046697e+02 7.500000e+00 1.023634e+01
    endloop
  endfacet
  facet normal 0.000000e+00 1.000000e+00 0.000000e+00
    outer loop
      vertex   1.046440e+02 7.500000e+00 8.268856e+00
      vertex   1.046697e+02 7.500000e+00 1.023634e+01
      vertex   1.050000e+02 7.500000e+00 8.300000e+00
    endloop
  endfacet
  facet normal 0.000000e+00 1.000000e+00 -0.000000e+00
    outer loop
      vertex   1.050000e+02 7.500000e+00 8.300000e+00
      vertex   1.046697e+02 7.500000e+00 1.023634e+01
      vertex   1.053303e+02 7.500000e+00 1.023634e+01
    endloop
  endfacet
  facet normal -0.000000e+00 1.000000e+00 0.000000e+00
    outer loop
      vertex   1.050000e+02 7.500000e+00 8.300000e+00
      vertex   1.053303e+02 7.500000e+00 1.023634e+01
      vertex   1.053560e+02 7.500000e+00 8.268856e+00
    endloop
  endfacet
  facet normal 0.000000e+00 1.000000e+00 -0.000000e+00
    outer loop
      vertex   1.053560e+02 7.500000e+00 8.268856e+00
      vertex   1.053303e+02 7.500000e+00 1.023634e+01
      vertex   1.059819e+02 7.500000e+00 1.012760e+01
    endloop
  endfacet
  facet normal -0.000000e+00 1.000000e+00 0.000000e+00
    outer loop
      vertex   1.053560e+02 7.500000e+00 8.268856e+00
      vertex   1.059819e+02 7.500000e+00 1.012760e+01
      vertex   1.057011e+02 7.500000e+00 8.176370e+00
    endloop
  endfacet
  facet normal 0.000000e+00 1.000000e+00 0.000000e+00
    outer loop
      vertex   1.057011e+02 7.500000e+00 8.176370e+00
      vertex   1.059819e+02 7.500000e+00 1.012760e+01
      vertex   1.066068e+02 7.500000e+00 9.913093e+00
    endloop
  endfacet
  facet normal -0.000000e+00 1.000000e+00 0.000000e+00
    outer loop
      vertex   1.057011e+02 7.500000e+00 8.176370e+00
      vertex   1.066068e+02 7.500000e+00 9.913093e+00
      vertex   1.060250e+02 7.500000e+00 8.025352e+00
    endloop
  endfacet
  facet normal 0.000000e+00 1.000000e+00 0.000000e+00
    outer loop
      vertex   1.060250e+02 7.500000e+00 8.025352e+00
      vertex   1.066068e+02 7.500000e+00 9.913093e+00
      vertex   1.071878e+02 7.500000e+00 9.598666e+00
    endloop
  endfacet
  facet normal -0.000000e+00 1.000000e+00 0.000000e+00
    outer loop
      vertex   1.060250e+02 7.500000e+00 8.025352e+00
      vertex   1.071878e+02 7.500000e+00 9.598666e+00
      vertex   1.063177e+02 7.500000e+00 7.820391e+00
    endloop
  endfacet
  facet normal 0.000000e+00 1.000000e+00 0.000000e+00
    outer loop
      vertex   1.063177e+02 7.500000e+00 7.820391e+00
      vertex   1.071878e+02 7.500000e+00 9.598666e+00
      vertex   1.077091e+02 7.500000e+00 9.192896e+00
    endloop
  endfacet
  facet normal -0.000000e+00 1.000000e+00 0.000000e+00
    outer loop
      vertex   1.063177e+02 7.500000e+00 7.820391e+00
      vertex   1.077091e+02 7.500000e+00 9.192896e+00
      vertex   1.065704e+02 7.500000e+00 7.567715e+00
    endloop
  endfacet
  facet normal 0.000000e+00 1.000000e+00 0.000000e+00
    outer loop
      vertex   1.065704e+02 7.500000e+00 7.567715e+00
      vertex   1.077091e+02 7.500000e+00 9.192896e+00
      vertex   1.081566e+02 7.500000e+00 8.706851e+00
    endloop
  endfacet
  facet normal -0.000000e+00 1.000000e+00 0.000000e+00
    outer loop
      vertex   1.065704e+02 7.500000e+00 7.567715e+00
      vertex   1.081566e+02 7.500000e+00 8.706851e+00
      vertex   1.067754e+02 7.500000e+00 7.275000e+00
    endloop
  endfacet
  facet normal 0.000000e+00 1.000000e+00 0.000000e+00
    outer loop
      vertex   1.067754e+02 7.500000e+00 7.275000e+00
      vertex   1.081566e+02 7.500000e+00 8.706851e+00
      vertex   1.085179e+02 7.500000e+00 8.153790e+00
    endloop
  endfacet
  facet normal -0.000000e+00 1.000000e+00 0.000000e+00
    outer loop
      vertex   1.067754e+02 7.500000e+00 7.275000e+00
      vertex   1.085179e+02 7.500000e+00 8.153790e+00
      vertex   1.069264e+02 7.500000e+00 6.951141e+00
    endloop
  endfacet
  facet normal 0.000000e+00 1.000000e+00 0.000000e+00
    outer loop
      vertex   1.069264e+02 7.500000e+00 6.951141e+00
      vertex   1.085179e+02 7.500000e+00 8.153790e+00
      vertex   1.087833e+02 7.500000e+00 7.548798e+00
    endloop
  endfacet
  facet normal -0.000000e+00 1.000000e+00 0.000000e+00
    outer loop
      vertex   1.069264e+02 7.500000e+00 6.951141e+00
      vertex   1.087833e+02 7.500000e+00 7.548798e+00
      vertex   1.070189e+02 7.500000e+00 6.605979e+00
    endloop
  endfacet
  facet normal 0.000000e+00 1.000000e+00 0.000000e+00
    outer loop
      vertex   1.070189e+02 7.500000e+00 6.605979e+00
      vertex   1.087833e+02 7.500000e+00 7.548798e+00
      vertex   1.089454e+02 7.500000e+00 6.908378e+00
    endloop
  endfacet
  facet normal -0.000000e+00 1.000000e+00 0.000000e+00
    outer loop
      vertex   1.070189e+02 7.500000e+00 6.605979e+00
      vertex   1.089454e+02 7.500000e+00 6.908378e+00
      vertex   1.070500e+02 7.500000e+00 6.250000e+00
    endloop
  endfacet
  facet normal -0.000000e+00 1.000000e+00 0.000000e+00
    outer loop
      vertex   1.070500e+02 7.500000e+00 6.250000e+00
      vertex   1.089454e+02 7.500000e+00 6.908378e+00
      vertex   1.090000e+02 7.500000e+00 6.250000e+00
    endloop
  endfacet
  facet normal 0.000000e+00 1.000000e+00 0.000000e+00
    outer loop
      vertex   1.070500e+02 7.500000e+00 6.250000e+00
      vertex   1.090000e+02 7.500000e+00 6.250000e+00
      vertex   1.070189e+02 7.500000e+00 5.894021e+00
    endloop
  endfacet
  facet normal -0.000000e+00 1.000000e+00 0.000000e+00
    outer loop
      vertex   1.070189e+02 7.500000e+00 5.894021e+00
      vertex   1.090000e+02 7.500000e+00 6.250000e+00
      vertex   1.069264e+02 7.500000e+00 5.548859e+00
    endloop
  endfacet
  facet normal -0.000000e+00 1.000000e+00 0.000000e+00
    outer loop
      vertex   1.069264e+02 7.500000e+00 5.548859e+00
      vertex   1.090000e+02 7.500000e+00 6.250000e+00
      vertex   1.067754e+02 7.500000e+00 5.225000e+00
    endloop
  endfacet
  facet normal -0.000000e+00 1.000000e+00 0.000000e+00
    outer loop
      vertex   1.067754e+02 7.500000e+00 5.225000e+00
      vertex   1.090000e+02 7.500000e+00 6.250000e+00
      vertex   1.090000e+02 7.500000e+00 2.000000e+00
    endloop
  endfacet
  facet normal 0.000000e+00 1.000000e+00 0.000000e+00
    outer loop
      vertex   1.067754e+02 7.500000e+00 5.225000e+00
      vertex   1.090000e+02 7.500000e+00 2.000000e+00
      vertex   1.065704e+02 7.500000e+00 4.932285e+00
    endloop
  endfacet
  facet normal 0.000000e+00 1.000000e+00 0.000000e+00
    outer loop
      vertex   1.065704e+02 7.500000e+00 4.932285e+00
      vertex   1.090000e+02 7.500000e+00 2.000000e+00
      vertex   1.063177e+02 7.500000e+00 4.679609e+00
    endloop
  endfacet
  facet normal 0.000000e+00 1.000000e+00 0.000000e+00
    outer loop
      vertex   1.063177e+02 7.500000e+00 4.679609e+00
      vertex   1.090000e+02 7.500000e+00 2.000000e+00
      vertex   1.060250e+02 7.500000e+00 4.474648e+00
    endloop
  endfacet
  facet normal 0.000000e+00 1.000000e+00 0.000000e+00
    outer loop
      vertex   1.060250e+02 7.500000e+00 4.474648e+00
      vertex   1.090000e+02 7.500000e+00 2.000000e+00
      vertex   1.057011e+02 7.500000e+00 4.323630e+00
    endloop
  endfacet
  facet normal 0.000000e+00 1.000000e+00 0.000000e+00
    outer loop
      vertex   1.057011e+02 7.500000e+00 4.323630e+00
      vertex   1.090000e+02 7.500000e+00 2.000000e+00
      vertex   1.053560e+02 7.500000e+00 4.231144e+00
    endloop
  endfacet
  facet normal 0.000000e+00 1.000000e+00 0.000000e+00
    outer loop
      vertex   1.053560e+02 7.500000e+00 4.231144e+00
      vertex   1.090000e+02 7.500000e+00 2.000000e+00
      vertex   1.050000e+02 7.500000e+00 4.200000e+00
    endloop
  endfacet
  facet normal 0.000000e+00 1.000000e+00 0.000000e+00
    outer loop
      vertex   1.050000e+02 7.500000e+00 4.200000e+00
      vertex   1.090000e+02 7.500000e+00 2.000000e+00
      vertex   1.010000e+02 7.500000e+00 2.000000e+00
    endloop
  endfacet
  facet normal 0.000000e+00 1.000000e+00 0.000000e+00
    outer loop
      vertex   1.050000e+02 7.500000e+00 4.200000e+00
      vertex   1.010000e+02 7.500000e+00 2.000000e+00
      vertex   1.046440e+02 7.500000e+00 4.231144e+00
    endloop
  endfacet
  facet normal 0.000000e+00 1.000000e+00 0.000000e+00
    outer loop
      vertex   1.046440e+02 7.500000e+00 4.231144e+00
      vertex   1.010000e+02 7.500000e+00 2.000000e+00
      vertex   1.042989e+02 7.500000e+00 4.323630e+00
    endloop
  endfacet
  facet normal 0.000000e+00 1.000000e+00 0.000000e+00
    outer loop
      vertex   1.042989e+02 7.500000e+00 4.323630e+00
      vertex   1.010000e+02 7.500000e+00 2.000000e+00
      vertex   1.039750e+02 7.500000e+00 4.474648e+00
    endloop
  endfacet
  facet normal 0.000000e+00 1.000000e+00 0.000000e+00
    outer loop
      vertex   1.039750e+02 7.500000e+00 4.474648e+00
      vertex   1.010000e+02 7.500000e+00 2.000000e+00
      vertex   1.036823e+02 7.500000e+00 4.679609e+00
    endloop
  endfacet
  facet normal 0.000000e+00 1.000000e+00 0.000000e+00
    outer loop
      vertex   1.036823e+02 7.500000e+00 4.679609e+00
      vertex   1.010000e+02 7.500000e+00 2.000000e+00
      vertex   1.034296e+02 7.500000e+00 4.932285e+00
    endloop
  endfacet
  facet normal 0.000000e+00 1.000000e+00 0.000000e+00
    outer loop
      vertex   1.034296e+02 7.500000e+00 4.932285e+00
      vertex   1.010000e+02 7.500000e+00 2.000000e+00
      vertex   1.032246e+02 7.500000e+00 5.225000e+00
    endloop
  endfacet
  facet normal 0.000000e+00 1.000000e+00 0.000000e+00
    outer loop
      vertex   1.032246e+02 7.500000e+00 5.225000e+00
      vertex   1.010000e+02 7.500000e+00 2.000000e+00
      vertex   1.010000e+02 7.500000e+00 6.250000e+00
    endloop
  endfacet
  facet normal 0.000000e+00 1.000000e+00 0.000000e+00
    outer loop
      vertex   1.032246e+02 7.500000e+00 5.225000e+00
      vertex   1.010000e+02 7.500000e+00 6.250000e+00
      vertex   1.030736e+02 7.500000e+00 5.548859e+00
    endloop
  endfacet
  facet normal 0.000000e+00 1.000000e+00 0.000000e+00
    outer loop
      vertex   1.030736e+02 7.500000e+00 5.548859e+00
      vertex   1.010000e+02 7.500000e+00 6.250000e+00
      vertex   1.029811e+02 7.500000e+00 5.894021e+00
    endloop
  endfacet
  facet normal 0.000000e+00 -3.742548e-15 1.000000e+00
    outer loop
      vertex   1.490189e+02 1.608560e+02 2.000000e+00
      vertex   1.449811e+02 1.608560e+02 2.000000e+00
      vertex   1.490500e+02 1.605000e+02 2.000000e+00
    endloop
  endfacet
  facet normal 3.249433e-16 -2.842886e-17 1.000000e+00
    outer loop
      vertex   1.490500e+02 1.605000e+02 2.000000e+00
      vertex   1.449811e+02 1.608560e+02 2.000000e+00
      vertex   1.449500e+02 1.605000e+02 2.000000e+00
    endloop
  endfacet
  facet normal 3.249433e-16 3.714119e-15 1.000000e+00
    outer loop
      vertex   1.490500e+02 1.605000e+02 2.000000e+00
      vertex   1.449500e+02 1.605000e+02 2.000000e+00
      vertex   1.490189e+02 1.601440e+02 2.000000e+00
    endloop
  endfacet
  facet normal 0.000000e+00 0.000000e+00 1.000000e+00
    outer loop
      vertex   1.490189e+02 1.601440e+02 2.000000e+00
      vertex   1.449500e+02 1.605000e+02 2.000000e+00
      vertex   1.449811e+02 1.601440e+02 2.000000e+00
    endloop
  endfacet
  facet normal 0.000000e+00 0.000000e+00 1.000000e+00
    outer loop
      vertex   1.490189e+02 1.601440e+02 2.000000e+00
      vertex   1.449811e+02 1.601440e+02 2.000000e+00
      vertex   1.489264e+02 1.597989e+02 2.000000e+00
    endloop
  endfacet
  facet normal 0.000000e+00 0.000000e+00 1.000000e+00
    outer loop
      vertex   1.489264e+02 1.597989e+02 2.000000e+00
      vertex   1.449811e+02 1.601440e+02 2.000000e+00
      vertex   1.450736e+02 1.597989e+02 2.000000e+00
    endloop
  endfacet
  facet normal 0.000000e+00 0.000000e+00 1.000000e+00
    outer loop
      vertex   1.489264e+02 1.597989e+02 2.000000e+00
      vertex   1.450736e+02 1.597989e+02 2.000000e+00
      vertex   1.487754e+02 1.594750e+02 2.000000e+00
    endloop
  endfacet
  facet normal 0.000000e+00 0.000000e+00 1.000000e+00
    outer loop
      vertex   1.487754e+02 1.594750e+02 2.000000e+00
      vertex   1.450736e+02 1.597989e+02 2.000000e+00
      vertex   1.452246e+02 1.594750e+02 2.000000e+00
    endloop
  endfacet
  facet normal 0.000000e+00 0.000000e+00 1.000000e+00
    outer loop
      vertex   1.487754e+02 1.594750e+02 2.000000e+00
      vertex   1.452246e+02 1.594750e+02 2.000000e+00
      vertex   1.485704e+02 1.591823e+02 2.000000e+00
    endloop
  endfacet
  facet normal 0.000000e+00 0.000000e+00 1.000000e+00
    outer loop
      vertex   1.485704e+02 1.591823e+02 2.000000e+00
      vertex   1.452246e+02 1.594750e+02 2.000000e+00
      vertex   1.454296e+02 1.591823e+02 2.000000e+00
    endloop
  endfacet
  facet normal 0.000000e+00 0.000000e+00 1.000000e+00
    outer loop
      vertex   1.485704e+02 1.591823e+02 2.000000e+00
      vertex   1.454296e+02 1.591823e+02 2.000000e+00
      vertex   1.483177e+02 1.589296e+02 2.000000e+00
    endloop
  endfacet
  facet normal 0.000000e+00 0.000000e+00 1.000000e+00
    outer loop
      vertex   1.483177e+02 1.589296e+02 2.000000e+00
      vertex   1.454296e+02 1.591823e+02 2.000000e+00
      vertex   1.456823e+02 1.589296e+02 2.000000e+00
    endloop
  endfacet
  facet normal 0.000000e+00 0.000000e+00 1.000000e+00
    outer loop
      vertex   1.483177e+02 1.589296e+02 2.000000e+00
      vertex   1.456823e+02 1.589296e+02 2.000000e+00
      vertex   1.480250e+02 1.587246e+02 2.000000e+00
    endloop
  endfacet
  facet normal 0.000000e+00 0.000000e+00 1.000000e+00
    outer loop
      vertex   1.480250e+02 1.587246e+02 2.000000e+00
      vertex   1.456823e+02 1.589296e+02 2.000000e+00
      vertex   1.459750e+02 1.587246e+02 2.000000e+00
    endloop
  endfacet
  facet normal 0.000000e+00 0.000000e+00 1.000000e+00
    outer loop
      vertex   1.480250e+02 1.587246e+02 2.000000e+00
      vertex   1.459750e+02 1.587246e+02 2.000000e+00
      vertex   1.477011e+02 1.585736e+02 2.000000e+00
    endloop
  endfacet
  facet normal 0.000000e+00 0.000000e+00 1.000000e+00
    outer loop
      vertex   1.477011e+02 1.585736e+02 2.000000e+00
      vertex   1.459750e+02 1.587246e+02 2.000000e+00
      vertex   1.462989e+02 1.585736e+02 2.000000e+00
    endloop
  endfacet
  facet normal 0.000000e+00 0.000000e+00 1.000000e+00
    outer loop
      vertex   1.477011e+02 1.585736e+02 2.000000e+00
      vertex   1.462989e+02 1.585736e+02 2.000000e+00
      vertex   1.473560e+02 1.584811e+02 2.000000e+00
    endloop
  endfacet
  facet normal 0.000000e+00 0.000000e+00 1.000000e+00
    outer loop
      vertex   1.473560e+02 1.584811e+02 2.000000e+00
      vertex   1.462989e+02 1.585736e+02 2.000000e+00
      vertex   1.466440e+02 1.584811e+02 2.000000e+00
    endloop
  endfacet
  facet normal 0.000000e+00 0.000000e+00 1.000000e+00
    outer loop
      vertex   1.473560e+02 1.584811e+02 2.000000e+00
      vertex   1.466440e+02 1.584811e+02 2.000000e+00
      vertex   1.470000e+02 1.584500e+02 2.000000e+00
    endloop
  endfacet
  facet normal 0.000000e+00 0.000000e+00 1.000000e+00
    outer loop
      vertex   1.449811e+02 1.608560e+02 2.000000e+00
      vertex   1.490189e+02 1.608560e+02 2.000000e+00
      vertex   1.450736e+02 1.612011e+02 2.000000e+00
    endloop
  endfacet
  facet normal -0.000000e+00 0.000000e+00 1.000000e+00
    outer loop
      vertex   1.450736e+02 1.612011e+02 2.000000e+00
      vertex   1.490189e+02 1.608560e+02 2.000000e+00
      vertex   1.489264e+02 1.612011e+02 2.000000e+00
    endloop
  endfacet
  facet normal 0.000000e+00 0.000000e+00 1.000000e+00
    outer loop
      vertex   1.450736e+02 1.612011e+02 2.000000e+00
      vertex   1.489264e+02 1.612011e+02 2.000000e+00
      vertex   1.452246e+02 1.615250e+02 2.000000e+00
    endloop
  endfacet
  facet normal -0.000000e+00 0.000000e+00 1.000000e+00
    outer loop
      vertex   1.452246e+02 1.615250e+02 2.000000e+00
      vertex   1.489264e+02 1.612011e+02 2.000000e+00
      vertex   1.487754e+02 1.615250e+02 2.000000e+00
    endloop
  endfacet
  facet normal 0.000000e+00 0.000000e+00 1.000000e+00
    outer loop
      vertex   1.452246e+02 1.615250e+02 2.000000e+00
      vertex   1.487754e+02 1.615250e+02 2.000000e+00
      vertex   1.454296e+02 1.618177e+02 2.000000e+00
    endloop
  endfacet
  facet normal -0.000000e+00 0.000000e+00 1.000000e+00
    outer loop
      vertex   1.454296e+02 1.618177e+02 2.000000e+00
      vertex   1.487754e+02 1.615250e+02 2.000000e+00
      vertex   1.485704e+02 1.618177e+02 2.000000e+00
    endloop
  endfacet
  facet normal 0.000000e+00 0.000000e+00 1.000000e+00
    outer loop
      vertex   1.454296e+02 1.618177e+02 2.000000e+00
      vertex   1.485704e+02 1.618177e+02 2.000000e+00
      vertex   1.456823e+02 1.620704e+02 2.000000e+00
    endloop
  endfacet
  facet normal -0.000000e+00 0.000000e+00 1.000000e+00
    outer loop
      vertex   1.456823e+02 1.620704e+02 2.000000e+00
      vertex   1.485704e+02 1.618177e+02 2.000000e+00
      vertex   1.483177e+02 1.620704e+02 2.000000e+00
    endloop
  endfacet
  facet normal 0.000000e+00 0.000000e+00 1.000000e+00
    outer loop
      vertex   1.456823e+02 1.620704e+02 2.000000e+00
      vertex   1.483177e+02 1.620704e+02 2.000000e+00
      vertex   1.459750e+02 1.622754e+02 2.000000e+00
    endloop
  endfacet
  facet normal -0.000000e+00 0.000000e+00 1.000000e+00
    outer loop
      vertex   1.459750e+02 1.622754e+02 2.000000e+00
      vertex   1.483177e+02 1.620704e+02 2.000000e+00
      vertex   1.480250e+02 1.622754e+02 2.000000e+00
    endloop
  endfacet
  facet normal 0.000000e+00 0.000000e+00 1.000000e+00
    outer loop
      vertex   1.459750e+02 1.622754e+02 2.000000e+00
      vertex   1.480250e+02 1.622754e+02 2.000000e+00
      vertex   1.462989e+02 1.624264e+02 2.000000e+00
    endloop
  endfacet
  facet normal -0.000000e+00 0.000000e+00 1.000000e+00
    outer loop
      vertex   1.462989e+02 1.624264e+02 2.000000e+00
      vertex   1.480250e+02 1.622754e+02 2.000000e+00
      vertex   1.477011e+02 1.624264e+02 2.000000e+00
    endloop
  endfacet
  facet normal 0.000000e+00 0.000000e+00 1.000000e+00
    outer loop
      vertex   1.462989e+02 1.624264e+02 2.000000e+00
      vertex   1.477011e+02 1.624264e+02 2.000000e+00
      vertex   1.466440e+02 1.625189e+02 2.000000e+00
    endloop
  endfacet
  facet normal -0.000000e+00 0.000000e+00 1.000000e+00
    outer loop
      vertex   1.466440e+02 1.625189e+02 2.000000e+00
      vertex   1.477011e+02 1.624264e+02 2.000000e+00
      vertex   1.473560e+02 1.625189e+02 2.000000e+00
    endloop
  endfacet
  facet normal 0.000000e+00 0.000000e+00 1.000000e+00
    outer loop
      vertex   1.466440e+02 1.625189e+02 2.000000e+00
      vertex   1.473560e+02 1.625189e+02 2.000000e+00
      vertex   1.470000e+02 1.625500e+02 2.000000e+00
    endloop
  endfacet
  facet normal 9.961947e-01 6.661178e-15 8.715574e-02
    outer loop
      vertex   4.981144e+00 2.500000e+00 6.644021e+00
      vertex   4.981144e+00 7.500000e+00 6.644021e+00
      vertex   4.950000e+00 2.500000e+00 7.000000e+00
    endloop
  endfacet
  facet normal 9.961947e-01 -1.701380e-14 8.715574e-02
    outer loop
      vertex   4.950000e+00 2.500000e+00 7.000000e+00
      vertex   4.981144e+00 7.500000e+00 6.644021e+00
      vertex   4.950000e+00 7.500000e+00 7.000000e+00
    endloop
  endfacet
  facet normal 9.961947e-01 -3.513525e-15 -8.715574e-02
    outer loop
      vertex   4.950000e+00 2.500000e+00 7.000000e+00
      vertex   4.950000e+00 7.500000e+00 7.000000e+00
      vertex   4.981144e+00 2.500000e+00 7.355979e+00
    endloop
  endfacet
  facet normal 9.961947e-01 -6.807174e-15 -8.715574e-02
    outer loop
      vertex   4.981144e+00 2.500000e+00 7.355979e+00
      vertex   4.950000e+00 7.500000e+00 7.000000e+00
      vertex   4.981144e+00 7.500000e+00 7.355979e+00
    endloop
  endfacet
  facet normal 9.659258e-01 6.683189e-15 -2.588190e-01
    outer loop
      vertex   4.981144e+00 2.500000e+00 7.355979e+00
      vertex   4.981144e+00 7.500000e+00 7.355979e+00
      vertex   5.073630e+00 2.500000e+00 7.701141e+00
    endloop
  endfacet
  facet normal 9.659258e-01 -6.761873e-15 -2.588190e-01
    outer loop
      vertex   5.073630e+00 2.500000e+00 7.701141e+00
      vertex   4.981144e+00 7.500000e+00 7.355979e+00
      vertex   5.073630e+00 7.500000e+00 7.701141e+00
    endloop
  endfacet
  facet normal 9.063078e-01 6.716584e-15 -4.226183e-01
    outer loop
      vertex   5.073630e+00 2.500000e+00 7.701141e+00
      vertex   5.073630e+00 7.500000e+00 7.701141e+00
      vertex   5.224648e+00 2.500000e+00 8.025000e+00
    endloop
  endfacet
  facet normal 9.063078e-01 -6.708291e-15 -4.226183e-01
    outer loop
      vertex   5.224648e+00 2.500000e+00 8.025000e+00
      vertex   5.073630e+00 7.500000e+00 7.701141e+00
      vertex   5.224648e+00 7.500000e+00 8.025000e+00
    endloop
  endfacet
  facet normal 8.191520e-01 6.733946e-15 -5.735764e-01
    outer loop
      vertex   5.224648e+00 2.500000e+00 8.025000e+00
      vertex   5.224648e+00 7.500000e+00 8.025000e+00
      vertex   5.429609e+00 2.500000e+00 8.317715e+00
    endloop
  endfacet
  facet normal 8.191520e-01 -6.421484e-15 -5.735764e-01
    outer loop
      vertex   5.429609e+00 2.500000e+00 8.317715e+00
      vertex   5.224648e+00 7.500000e+00 8.025000e+00
      vertex   5.429609e+00 7.500000e+00 8.317715e+00
    endloop
  endfacet
  facet normal 7.071068e-01 7.034014e-15 -7.071068e-01
    outer loop
      vertex   5.429609e+00 2.500000e+00 8.317715e+00
      vertex   5.429609e+00 7.500000e+00 8.317715e+00
      vertex   5.682285e+00 2.500000e+00 8.570391e+00
    endloop
  endfacet
  facet normal 7.071068e-01 -6.531585e-15 -7.071068e-01
    outer loop
      vertex   5.682285e+00 2.500000e+00 8.570391e+00
      vertex   5.429609e+00 7.500000e+00 8.317715e+00
      vertex   5.682285e+00 7.500000e+00 8.570391e+00
    endloop
  endfacet
  facet normal 5.735764e-01 6.916280e-15 -8.191520e-01
    outer loop
      vertex   5.682285e+00 2.500000e+00 8.570391e+00
      vertex   5.682285e+00 7.500000e+00 8.570391e+00
      vertex   5.975000e+00 2.500000e+00 8.775352e+00
    endloop
  endfacet
  facet normal 5.735764e-01 -6.588435e-15 -8.191520e-01
    outer loop
      vertex   5.975000e+00 2.500000e+00 8.775352e+00
      vertex   5.682285e+00 7.500000e+00 8.570391e+00
      vertex   5.975000e+00 7.500000e+00 8.775352e+00
    endloop
  endfacet
  facet normal 4.226183e-01 6.869284e-15 -9.063078e-01
    outer loop
      vertex   5.975000e+00 2.500000e+00 8.775352e+00
      vertex   5.975000e+00 7.500000e+00 8.775352e+00
      vertex   6.298859e+00 2.500000e+00 8.926370e+00
    endloop
  endfacet
  facet normal 4.226183e-01 -6.877577e-15 -9.063078e-01
    outer loop
      vertex   6.298859e+00 2.500000e+00 8.926370e+00
      vertex   5.975000e+00 7.500000e+00 8.775352e+00
      vertex   6.298859e+00 7.500000e+00 8.926370e+00
    endloop
  endfacet
  facet normal 2.588190e-01 6.590290e-15 -9.659258e-01
    outer loop
      vertex   6.298859e+00 2.500000e+00 8.926370e+00
      vertex   6.298859e+00 7.500000e+00 8.926370e+00
      vertex   6.644021e+00 2.500000e+00 9.018856e+00
    endloop
  endfacet
  facet normal 2.588190e-01 -6.683189e-15 -9.659258e-01
    outer loop
      vertex   6.644021e+00 2.500000e+00 9.018856e+00
      vertex   6.298859e+00 7.500000e+00 8.926370e+00
      vertex   6.644021e+00 7.500000e+00 9.018856e+00
    endloop
  endfacet
  facet normal 8.715574e-02 6.807174e-15 -9.961947e-01
    outer loop
      vertex   6.644021e+00 2.500000e+00 9.018856e+00
      vertex   6.644021e+00 7.500000e+00 9.018856e+00
      vertex   7.000000e+00 2.500000e+00 9.050000e+00
    endloop
  endfacet
  facet normal 8.715574e-02 -6.734657e-15 -9.961947e-01
    outer loop
      vertex   7.000000e+00 2.500000e+00 9.050000e+00
      vertex   6.644021e+00 7.500000e+00 9.018856e+00
      vertex   7.000000e+00 7.500000e+00 9.050000e+00
    endloop
  endfacet
  facet normal -8.715574e-02 6.734657e-15 -9.961947e-01
    outer loop
      vertex   7.000000e+00 2.500000e+00 9.050000e+00
      vertex   7.000000e+00 7.500000e+00 9.050000e+00
      vertex   7.355979e+00 2.500000e+00 9.018856e+00
    endloop
  endfacet
  facet normal -8.715574e-02 -6.822656e-15 -9.961947e-01
    outer loop
      vertex   7.355979e+00 2.500000e+00 9.018856e+00
      vertex   7.000000e+00 7.500000e+00 9.050000e+00
      vertex   7.355979e+00 7.500000e+00 9.018856e+00
    endloop
  endfacet
  facet normal -2.588190e-01 6.637213e-15 -9.659258e-01
    outer loop
      vertex   7.355979e+00 2.500000e+00 9.018856e+00
      vertex   7.355979e+00 7.500000e+00 9.018856e+00
      vertex   7.701141e+00 2.500000e+00 8.926370e+00
    endloop
  endfacet
  facet normal -2.588190e-01 -6.636265e-15 -9.659258e-01
    outer loop
      vertex   7.701141e+00 2.500000e+00 8.926370e+00
      vertex   7.355979e+00 7.500000e+00 9.018856e+00
      vertex   7.701141e+00 7.500000e+00 8.926370e+00
    endloop
  endfacet
  facet normal -4.226183e-01 6.802505e-15 -9.063078e-01
    outer loop
      vertex   7.701141e+00 2.500000e+00 8.926370e+00
      vertex   7.701141e+00 7.500000e+00 8.926370e+00
      vertex   8.025000e+00 2.500000e+00 8.775352e+00
    endloop
  endfacet
  facet normal -4.226183e-01 -6.719140e-15 -9.063078e-01
    outer loop
      vertex   8.025000e+00 2.500000e+00 8.775352e+00
      vertex   7.701141e+00 7.500000e+00 8.926370e+00
      vertex   8.025000e+00 7.500000e+00 8.775352e+00
    endloop
  endfacet
  facet normal -5.735764e-01 6.792211e-15 -8.191520e-01
    outer loop
      vertex   8.025000e+00 2.500000e+00 8.775352e+00
      vertex   8.025000e+00 7.500000e+00 8.775352e+00
      vertex   8.317715e+00 2.500000e+00 8.570391e+00
    endloop
  endfacet
  facet normal -5.735764e-01 -6.421484e-15 -8.191520e-01
    outer loop
      vertex   8.317715e+00 2.500000e+00 8.570391e+00
      vertex   8.025000e+00 7.500000e+00 8.775352e+00
      vertex   8.317715e+00 7.500000e+00 8.570391e+00
    endloop
  endfacet
  facet normal -7.071068e-01 7.034014e-15 -7.071068e-01
    outer loop
      vertex   8.317715e+00 2.500000e+00 8.570391e+00
      vertex   8.317715e+00 7.500000e+00 8.570391e+00
      vertex   8.570391e+00 2.500000e+00 8.317715e+00
    endloop
  endfacet
  facet normal -7.071068e-01 -6.531585e-15 -7.071068e-01
    outer loop
      vertex   8.570391e+00 2.500000e+00 8.317715e+00
      vertex   8.317715e+00 7.500000e+00 8.570391e+00
      vertex   8.570391e+00 7.500000e+00 8.317715e+00
    endloop
  endfacet
  facet normal -8.191520e-01 6.916280e-15 -5.735764e-01
    outer loop
      vertex   8.570391e+00 2.500000e+00 8.317715e+00
      vertex   8.570391e+00 7.500000e+00 8.317715e+00
      vertex   8.775352e+00 2.500000e+00 8.025000e+00
    endloop
  endfacet
  facet normal -8.191520e-01 -6.588435e-15 -5.735764e-01
    outer loop
      vertex   8.775352e+00 2.500000e+00 8.025000e+00
      vertex   8.570391e+00 7.500000e+00 8.317715e+00
      vertex   8.775352e+00 7.500000e+00 8.025000e+00
    endloop
  endfacet
  facet normal -9.063078e-01 6.869284e-15 -4.226183e-01
    outer loop
      vertex   8.775352e+00 2.500000e+00 8.025000e+00
      vertex   8.775352e+00 7.500000e+00 8.025000e+00
      vertex   8.926370e+00 2.500000e+00 7.701141e+00
    endloop
  endfacet
  facet normal -9.063078e-01 -6.802505e-15 -4.226183e-01
    outer loop
      vertex   8.926370e+00 2.500000e+00 7.701141e+00
      vertex   8.775352e+00 7.500000e+00 8.025000e+00
      vertex   8.926370e+00 7.500000e+00 7.701141e+00
    endloop
  endfacet
  facet normal -9.659258e-01 6.636265e-15 -2.588190e-01
    outer loop
      vertex   8.926370e+00 2.500000e+00 7.701141e+00
      vertex   8.926370e+00 7.500000e+00 7.701141e+00
      vertex   9.018856e+00 2.500000e+00 7.355979e+00
    endloop
  endfacet
  facet normal -9.659258e-01 -6.683189e-15 -2.588190e-01
    outer loop
      vertex   9.018856e+00 2.500000e+00 7.355979e+00
      vertex   8.926370e+00 7.500000e+00 7.701141e+00
      vertex   9.018856e+00 7.500000e+00 7.355979e+00
    endloop
  endfacet
  facet normal -9.961947e-01 6.807174e-15 -8.715574e-02
    outer loop
      vertex   9.018856e+00 2.500000e+00 7.355979e+00
      vertex   9.018856e+00 7.500000e+00 7.355979e+00
      vertex   9.050000e+00 2.500000e+00 7.000000e+00
    endloop
  endfacet
  facet normal -9.961947e-01 -6.719175e-15 -8.715574e-02
    outer loop
      vertex   9.050000e+00 2.500000e+00 7.000000e+00
      vertex   9.018856e+00 7.500000e+00 7.355979e+00
      vertex   9.050000e+00 7.500000e+00 7.000000e+00
    endloop
  endfacet
  facet normal -9.961947e-01 6.719175e-15 8.715574e-02
    outer loop
      vertex   9.050000e+00 2.500000e+00 7.000000e+00
      vertex   9.050000e+00 7.500000e+00 7.000000e+00
      vertex   9.018856e+00 2.500000e+00 6.644021e+00
    endloop
  endfacet
  facet normal -9.961947e-01 -6.822656e-15 8.715574e-02
    outer loop
      vertex   9.018856e+00 2.500000e+00 6.644021e+00
      vertex   9.050000e+00 7.500000e+00 7.000000e+00
      vertex   9.018856e+00 7.500000e+00 6.644021e+00
    endloop
  endfacet
  facet normal -9.659258e-01 6.637213e-15 2.588190e-01
    outer loop
      vertex   9.018856e+00 2.500000e+00 6.644021e+00
      vertex   9.018856e+00 7.500000e+00 6.644021e+00
      vertex   8.926370e+00 2.500000e+00 6.298859e+00
    endloop
  endfacet
  facet normal -9.659258e-01 -6.933455e-15 2.588190e-01
    outer loop
      vertex   8.926370e+00 2.500000e+00 6.298859e+00
      vertex   9.018856e+00 7.500000e+00 6.644021e+00
      vertex   8.926370e+00 7.500000e+00 6.298859e+00
    endloop
  endfacet
  facet normal -9.063078e-01 6.555592e-15 4.226183e-01
    outer loop
      vertex   8.926370e+00 2.500000e+00 6.298859e+00
      vertex   8.926370e+00 7.500000e+00 6.298859e+00
      vertex   8.775352e+00 2.500000e+00 5.975000e+00
    endloop
  endfacet
  facet normal -9.063078e-01 -6.547299e-15 4.226183e-01
    outer loop
      vertex   8.775352e+00 2.500000e+00 5.975000e+00
      vertex   8.926370e+00 7.500000e+00 6.298859e+00
      vertex   8.775352e+00 7.500000e+00 5.975000e+00
    endloop
  endfacet
  facet normal -8.191520e-01 6.879457e-15 5.735764e-01
    outer loop
      vertex   8.775352e+00 2.500000e+00 5.975000e+00
      vertex   8.775352e+00 7.500000e+00 5.975000e+00
      vertex   8.570391e+00 2.500000e+00 5.682285e+00
    endloop
  endfacet
  facet normal -8.191520e-01 -6.523371e-15 5.735764e-01
    outer loop
      vertex   8.570391e+00 2.500000e+00 5.682285e+00
      vertex   8.775352e+00 7.500000e+00 5.975000e+00
      vertex   8.570391e+00 7.500000e+00 5.682285e+00
    endloop
  endfacet
  facet normal -7.071068e-01 6.908407e-15 7.071068e-01
    outer loop
      vertex   8.570391e+00 2.500000e+00 5.682285e+00
      vertex   8.570391e+00 7.500000e+00 5.682285e+00
      vertex   8.317715e+00 2.500000e+00 5.429609e+00
    endloop
  endfacet
  facet normal -7.071068e-01 -6.531585e-15 7.071068e-01
    outer loop
      vertex   8.317715e+00 2.500000e+00 5.429609e+00
      vertex   8.570391e+00 7.500000e+00 5.682285e+00
      vertex   8.317715e+00 7.500000e+00 5.429609e+00
    endloop
  endfacet
  facet normal -5.735764e-01 6.916280e-15 8.191520e-01
    outer loop
      vertex   8.317715e+00 2.500000e+00 5.429609e+00
      vertex   8.317715e+00 7.500000e+00 5.429609e+00
      vertex   8.025000e+00 2.500000e+00 5.224648e+00
    endloop
  endfacet
  facet normal -5.735764e-01 -6.733946e-15 8.191520e-01
    outer loop
      vertex   8.025000e+00 2.500000e+00 5.224648e+00
      vertex   8.317715e+00 7.500000e+00 5.429609e+00
      vertex   8.025000e+00 7.500000e+00 5.224648e+00
    endloop
  endfacet
  facet normal -4.226183e-01 6.708291e-15 9.063078e-01
    outer loop
      vertex   8.025000e+00 2.500000e+00 5.224648e+00
      vertex   8.025000e+00 7.500000e+00 5.224648e+00
      vertex   7.701141e+00 2.500000e+00 5.073630e+00
    endloop
  endfacet
  facet normal -4.226183e-01 -6.877577e-15 9.063078e-01
    outer loop
      vertex   7.701141e+00 2.500000e+00 5.073630e+00
      vertex   8.025000e+00 7.500000e+00 5.224648e+00
      vertex   7.701141e+00 7.500000e+00 5.073630e+00
    endloop
  endfacet
  facet normal -2.588190e-01 6.590290e-15 9.659258e-01
    outer loop
      vertex   7.701141e+00 2.500000e+00 5.073630e+00
      vertex   7.701141e+00 7.500000e+00 5.073630e+00
      vertex   7.355979e+00 2.500000e+00 4.981144e+00
    endloop
  endfacet
  facet normal -2.588190e-01 -6.637213e-15 9.659258e-01
    outer loop
      vertex   7.355979e+00 2.500000e+00 4.981144e+00
      vertex   7.701141e+00 7.500000e+00 5.073630e+00
      vertex   7.355979e+00 7.500000e+00 4.981144e+00
    endloop
  endfacet
  facet normal -8.715574e-02 6.822656e-15 9.961947e-01
    outer loop
      vertex   7.355979e+00 2.500000e+00 4.981144e+00
      vertex   7.355979e+00 7.500000e+00 4.981144e+00
      vertex   7.000000e+00 2.500000e+00 4.950000e+00
    endloop
  endfacet
  facet normal -8.715574e-02 -6.734657e-15 9.961947e-01
    outer loop
      vertex   7.000000e+00 2.500000e+00 4.950000e+00
      vertex   7.355979e+00 7.500000e+00 4.981144e+00
      vertex   7.000000e+00 7.500000e+00 4.950000e+00
    endloop
  endfacet
  facet normal 8.715574e-02 6.734657e-15 9.961947e-01
    outer loop
      vertex   7.000000e+00 2.500000e+00 4.950000e+00
      vertex   7.000000e+00 7.500000e+00 4.950000e+00
      vertex   6.644021e+00 2.500000e+00 4.981144e+00
    endloop
  endfacet
  facet normal 8.715574e-02 -6.630214e-15 9.961947e-01
    outer loop
      vertex   6.644021e+00 2.500000e+00 4.981144e+00
      vertex   7.000000e+00 7.500000e+00 4.950000e+00
      vertex   6.644021e+00 7.500000e+00 4.981144e+00
    endloop
  endfacet
  facet normal 2.588190e-01 6.854772e-15 9.659258e-01
    outer loop
      vertex   6.644021e+00 2.500000e+00 4.981144e+00
      vertex   6.644021e+00 7.500000e+00 4.981144e+00
      vertex   6.298859e+00 2.500000e+00 5.073630e+00
    endloop
  endfacet
  facet normal 2.588190e-01 -6.761873e-15 9.659258e-01
    outer loop
      vertex   6.298859e+00 2.500000e+00 5.073630e+00
      vertex   6.644021e+00 7.500000e+00 4.981144e+00
      vertex   6.298859e+00 7.500000e+00 5.073630e+00
    endloop
  endfacet
  facet normal 4.226183e-01 6.716584e-15 9.063078e-01
    outer loop
      vertex   6.298859e+00 2.500000e+00 5.073630e+00
      vertex   6.298859e+00 7.500000e+00 5.073630e+00
      vertex   5.975000e+00 2.500000e+00 5.224648e+00
    endloop
  endfacet
  facet normal 4.226183e-01 -6.708291e-15 9.063078e-01
    outer loop
      vertex   5.975000e+00 2.500000e+00 5.224648e+00
      vertex   6.298859e+00 7.500000e+00 5.073630e+00
      vertex   5.975000e+00 7.500000e+00 5.224648e+00
    endloop
  endfacet
  facet normal 5.735764e-01 6.733946e-15 8.191520e-01
    outer loop
      vertex   5.975000e+00 2.500000e+00 5.224648e+00
      vertex   5.975000e+00 7.500000e+00 5.224648e+00
      vertex   5.682285e+00 2.500000e+00 5.429609e+00
    endloop
  endfacet
  facet normal 5.735764e-01 -6.566994e-15 8.191520e-01
    outer loop
      vertex   5.682285e+00 2.500000e+00 5.429609e+00
      vertex   5.975000e+00 7.500000e+00 5.224648e+00
      vertex   5.682285e+00 7.500000e+00 5.429609e+00
    endloop
  endfacet
  facet normal 7.071068e-01 6.908407e-15 7.071068e-01
    outer loop
      vertex   5.682285e+00 2.500000e+00 5.429609e+00
      vertex   5.682285e+00 7.500000e+00 5.429609e+00
      vertex   5.429609e+00 2.500000e+00 5.682285e+00
    endloop
  endfacet
  facet normal 7.071068e-01 -6.657192e-15 7.071068e-01
    outer loop
      vertex   5.429609e+00 2.500000e+00 5.682285e+00
      vertex   5.682285e+00 7.500000e+00 5.429609e+00
      vertex   5.429609e+00 7.500000e+00 5.682285e+00
    endloop
  endfacet
  facet normal 8.191520e-01 6.814392e-15 5.735764e-01
    outer loop
      vertex   5.429609e+00 2.500000e+00 5.682285e+00
      vertex   5.429609e+00 7.500000e+00 5.682285e+00
      vertex   5.224648e+00 2.500000e+00 5.975000e+00
    endloop
  endfacet
  facet normal 8.191520e-01 -6.690323e-15 5.735764e-01
    outer loop
      vertex   5.224648e+00 2.500000e+00 5.975000e+00
      vertex   5.429609e+00 7.500000e+00 5.682285e+00
      vertex   5.224648e+00 7.500000e+00 5.975000e+00
    endloop
  endfacet
  facet normal 9.063078e-01 6.794212e-15 4.226183e-01
    outer loop
      vertex   5.224648e+00 2.500000e+00 5.975000e+00
      vertex   5.224648e+00 7.500000e+00 5.975000e+00
      vertex   5.073630e+00 2.500000e+00 6.298859e+00
    endloop
  endfacet
  facet normal 9.063078e-01 -7.038570e-15 4.226183e-01
    outer loop
      vertex   5.073630e+00 2.500000e+00 6.298859e+00
      vertex   5.224648e+00 7.500000e+00 5.975000e+00
      vertex   5.073630e+00 7.500000e+00 6.298859e+00
    endloop
  endfacet
  facet normal 9.659258e-01 6.418707e-15 2.588190e-01
    outer loop
      vertex   5.073630e+00 2.500000e+00 6.298859e+00
      vertex   5.073630e+00 7.500000e+00 6.298859e+00
      vertex   4.981144e+00 2.500000e+00 6.644021e+00
    endloop
  endfacet
  facet normal 9.659258e-01 -6.762821e-15 2.588190e-01
    outer loop
      vertex   4.981144e+00 2.500000e+00 6.644021e+00
      vertex   5.073630e+00 7.500000e+00 6.298859e+00
      vertex   4.981144e+00 7.500000e+00 6.644021e+00
    endloop
  endfacet
  facet normal 0.000000e+00 1.000000e+00 0.000000e+00
    outer loop
      vertex   4.981144e+00 7.500000e+00 7.355979e+00
      vertex   4.950000e+00 7.500000e+00 7.000000e+00
      vertex   2.000000e+00 7.500000e+00 6.828427e+00
    endloop
  endfacet
  facet normal -0.000000e+00 1.000000e+00 0.000000e+00
    outer loop
      vertex   2.000000e+00 7.500000e+00 6.828427e+00
      vertex   4.950000e+00 7.500000e+00 7.000000e+00
      vertex   4.981144e+00 7.500000e+00 6.644021e+00
    endloop
  endfacet
  facet normal 0.000000e+00 1.000000e+00 0.000000e+00
    outer loop
      vertex   2.000000e+00 7.500000e+00 6.828427e+00
      vertex   4.981144e+00 7.500000e+00 6.644021e+00
      vertex   5.073630e+00 7.500000e+00 6.298859e+00
    endloop
  endfacet
  facet normal 0.000000e+00 1.000000e+00 0.000000e+00
    outer loop
      vertex   5.073630e+00 7.500000e+00 6.298859e+00
      vertex   5.224648e+00 7.500000e+00 5.975000e+00
      vertex   2.000000e+00 7.500000e+00 6.828427e+00
    endloop
  endfacet
  facet normal 0.000000e+00 1.000000e+00 0.000000e+00
    outer loop
      vertex   2.000000e+00 7.500000e+00 6.828427e+00
      vertex   5.224648e+00 7.500000e+00 5.975000e+00
      vertex   5.429609e+00 7.500000e+00 5.682285e+00
    endloop
  endfacet
  facet normal 0.000000e+00 1.000000e+00 0.000000e+00
    outer loop
      vertex   2.000000e+00 7.500000e+00 6.828427e+00
      vertex   5.429609e+00 7.500000e+00 5.682285e+00
      vertex   5.682285e+00 7.500000e+00 5.429609e+00
    endloop
  endfacet
  facet normal 0.000000e+00 1.000000e+00 0.000000e+00
    outer loop
      vertex   2.000000e+00 7.500000e+00 6.828427e+00
      vertex   5.682285e+00 7.500000e+00 5.429609e+00
      vertex   6.828427e+00 7.500000e+00 2.000000e+00
    endloop
  endfacet
  facet normal 0.000000e+00 1.000000e+00 0.000000e+00
    outer loop
      vertex   6.828427e+00 7.500000e+00 2.000000e+00
      vertex   5.682285e+00 7.500000e+00 5.429609e+00
      vertex   5.975000e+00 7.500000e+00 5.224648e+00
    endloop
  endfacet
  facet normal 0.000000e+00 1.000000e+00 0.000000e+00
    outer loop
      vertex   6.828427e+00 7.500000e+00 2.000000e+00
      vertex   5.975000e+00 7.500000e+00 5.224648e+00
      vertex   6.298859e+00 7.500000e+00 5.073630e+00
    endloop
  endfacet
  facet normal 0.000000e+00 1.000000e+00 0.000000e+00
    outer loop
      vertex   6.298859e+00 7.500000e+00 5.073630e+00
      vertex   6.644021e+00 7.500000e+00 4.981144e+00
      vertex   6.828427e+00 7.500000e+00 2.000000e+00
    endloop
  endfacet
  facet normal 0.000000e+00 1.000000e+00 -0.000000e+00
    outer loop
      vertex   6.828427e+00 7.500000e+00 2.000000e+00
      vertex   6.644021e+00 7.500000e+00 4.981144e+00
      vertex   7.000000e+00 7.500000e+00 4.950000e+00
    endloop
  endfacet
  facet normal 0.000000e+00 1.000000e+00 0.000000e+00
    outer loop
      vertex   6.828427e+00 7.500000e+00 2.000000e+00
      vertex   7.000000e+00 7.500000e+00 4.950000e+00
      vertex   7.355979e+00 7.500000e+00 4.981144e+00
    endloop
  endfacet
  facet normal 0.000000e+00 1.000000e+00 0.000000e+00
    outer loop
      vertex   6.828427e+00 7.500000e+00 2.000000e+00
      vertex   7.355979e+00 7.500000e+00 4.981144e+00
      vertex   9.291417e+00 7.500000e+00 3.721371e+00
    endloop
  endfacet
  facet normal 0.000000e+00 1.000000e+00 0.000000e+00
    outer loop
      vertex   9.291417e+00 7.500000e+00 3.721371e+00
      vertex   7.355979e+00 7.500000e+00 4.981144e+00
      vertex   7.701141e+00 7.500000e+00 5.073630e+00
    endloop
  endfacet
  facet normal 0.000000e+00 1.000000e+00 0.000000e+00
    outer loop
      vertex   9.291417e+00 7.500000e+00 3.721371e+00
      vertex   7.701141e+00 7.500000e+00 5.073630e+00
      vertex   8.025000e+00 7.500000e+00 5.224648e+00
    endloop
  endfacet
  facet normal -0.000000e+00 1.000000e+00 0.000000e+00
    outer loop
      vertex   8.025000e+00 7.500000e+00 5.224648e+00
      vertex   8.317715e+00 7.500000e+00 5.429609e+00
      vertex   9.291417e+00 7.500000e+00 3.721371e+00
    endloop
  endfacet
  facet normal 0.000000e+00 1.000000e+00 -0.000000e+00
    outer loop
      vertex   9.291417e+00 7.500000e+00 3.721371e+00
      vertex   8.317715e+00 7.500000e+00 5.429609e+00
      vertex   9.802547e+00 7.500000e+00 4.145928e+00
    endloop
  endfacet
  facet normal 0.000000e+00 1.000000e+00 0.000000e+00
    outer loop
      vertex   9.802547e+00 7.500000e+00 4.145928e+00
      vertex   8.317715e+00 7.500000e+00 5.429609e+00
      vertex   8.570391e+00 7.500000e+00 5.682285e+00
    endloop
  endfacet
  facet normal 0.000000e+00 1.000000e+00 -0.000000e+00
    outer loop
      vertex   9.802547e+00 7.500000e+00 4.145928e+00
      vertex   8.570391e+00 7.500000e+00 5.682285e+00
      vertex   1.023634e+01 7.500000e+00 4.649240e+00
    endloop
  endfacet
  facet normal 0.000000e+00 1.000000e+00 0.000000e+00
    outer loop
      vertex   1.023634e+01 7.500000e+00 4.649240e+00
      vertex   8.570391e+00 7.500000e+00 5.682285e+00
      vertex   8.775352e+00 7.500000e+00 5.975000e+00
    endloop
  endfacet
  facet normal 0.000000e+00 1.000000e+00 -0.000000e+00
    outer loop
      vertex   1.023634e+01 7.500000e+00 4.649240e+00
      vertex   8.775352e+00 7.500000e+00 5.975000e+00
      vertex   1.058084e+01 7.500000e+00 5.217418e+00
    endloop
  endfacet
  facet normal 0.000000e+00 1.000000e+00 0.000000e+00
    outer loop
      vertex   1.058084e+01 7.500000e+00 5.217418e+00
      vertex   8.775352e+00 7.500000e+00 5.975000e+00
      vertex   8.926370e+00 7.500000e+00 6.298859e+00
    endloop
  endfacet
  facet normal 0.000000e+00 1.000000e+00 -0.000000e+00
    outer loop
      vertex   1.058084e+01 7.500000e+00 5.217418e+00
      vertex   8.926370e+00 7.500000e+00 6.298859e+00
      vertex   1.082652e+01 7.500000e+00 5.834785e+00
    endloop
  endfacet
  facet normal 0.000000e+00 1.000000e+00 0.000000e+00
    outer loop
      vertex   1.082652e+01 7.500000e+00 5.834785e+00
      vertex   8.926370e+00 7.500000e+00 6.298859e+00
      vertex   9.018856e+00 7.500000e+00 6.644021e+00
    endloop
  endfacet
  facet normal 0.000000e+00 1.000000e+00 -0.000000e+00
    outer loop
      vertex   1.082652e+01 7.500000e+00 5.834785e+00
      vertex   9.018856e+00 7.500000e+00 6.644021e+00
      vertex   1.096662e+01 7.500000e+00 6.484305e+00
    endloop
  endfacet
  facet normal 0.000000e+00 1.000000e+00 0.000000e+00
    outer loop
      vertex   1.096662e+01 7.500000e+00 6.484305e+00
      vertex   9.018856e+00 7.500000e+00 6.644021e+00
      vertex   9.050000e+00 7.500000e+00 7.000000e+00
    endloop
  endfacet
  facet normal 0.000000e+00 1.000000e+00 -0.000000e+00
    outer loop
      vertex   1.096662e+01 7.500000e+00 6.484305e+00
      vertex   9.050000e+00 7.500000e+00 7.000000e+00
      vertex   1.099726e+01 7.500000e+00 7.148055e+00
    endloop
  endfacet
  facet normal 0.000000e+00 1.000000e+00 0.000000e+00
    outer loop
      vertex   1.099726e+01 7.500000e+00 7.148055e+00
      vertex   9.050000e+00 7.500000e+00 7.000000e+00
      vertex   9.018856e+00 7.500000e+00 7.355979e+00
    endloop
  endfacet
  facet normal 0.000000e+00 1.000000e+00 0.000000e+00
    outer loop
      vertex   1.099726e+01 7.500000e+00 7.148055e+00
      vertex   9.018856e+00 7.500000e+00 7.355979e+00
      vertex   1.091760e+01 7.500000e+00 7.807719e+00
    endloop
  endfacet
  facet normal 0.000000e+00 1.000000e+00 0.000000e+00
    outer loop
      vertex   1.091760e+01 7.500000e+00 7.807719e+00
      vertex   9.018856e+00 7.500000e+00 7.355979e+00
      vertex   8.926370e+00 7.500000e+00 7.701141e+00
    endloop
  endfacet
  facet normal 0.000000e+00 1.000000e+00 0.000000e+00
    outer loop
      vertex   1.091760e+01 7.500000e+00 7.807719e+00
      vertex   8.926370e+00 7.500000e+00 7.701141e+00
      vertex   1.072984e+01 7.500000e+00 8.445096e+00
    endloop
  endfacet
  facet normal 0.000000e+00 1.000000e+00 0.000000e+00
    outer loop
      vertex   1.072984e+01 7.500000e+00 8.445096e+00
      vertex   8.926370e+00 7.500000e+00 7.701141e+00
      vertex   8.775352e+00 7.500000e+00 8.025000e+00
    endloop
  endfacet
  facet normal 0.000000e+00 1.000000e+00 0.000000e+00
    outer loop
      vertex   1.072984e+01 7.500000e+00 8.445096e+00
      vertex   8.775352e+00 7.500000e+00 8.025000e+00
      vertex   1.043916e+01 7.500000e+00 9.042596e+00
    endloop
  endfacet
  facet normal 0.000000e+00 1.000000e+00 0.000000e+00
    outer loop
      vertex   1.043916e+01 7.500000e+00 9.042596e+00
      vertex   8.775352e+00 7.500000e+00 8.025000e+00
      vertex   8.570391e+00 7.500000e+00 8.317715e+00
    endloop
  endfacet
  facet normal 0.000000e+00 1.000000e+00 0.000000e+00
    outer loop
      vertex   1.043916e+01 7.500000e+00 9.042596e+00
      vertex   8.570391e+00 7.500000e+00 8.317715e+00
      vertex   1.005358e+01 7.500000e+00 9.583733e+00
    endloop
  endfacet
  facet normal 0.000000e+00 1.000000e+00 0.000000e+00
    outer loop
      vertex   1.005358e+01 7.500000e+00 9.583733e+00
      vertex   8.570391e+00 7.500000e+00 8.317715e+00
      vertex   8.317715e+00 7.500000e+00 8.570391e+00
    endloop
  endfacet
  facet normal 0.000000e+00 1.000000e+00 0.000000e+00
    outer loop
      vertex   1.005358e+01 7.500000e+00 9.583733e+00
      vertex   8.317715e+00 7.500000e+00 8.570391e+00
      vertex   9.583733e+00 7.500000e+00 1.005358e+01
    endloop
  endfacet
  facet normal 0.000000e+00 1.000000e+00 0.000000e+00
    outer loop
      vertex   9.583733e+00 7.500000e+00 1.005358e+01
      vertex   8.317715e+00 7.500000e+00 8.570391e+00
      vertex   9.042596e+00 7.500000e+00 1.043916e+01
    endloop
  endfacet
  facet normal 0.000000e+00 1.000000e+00 0.000000e+00
    outer loop
      vertex   9.042596e+00 7.500000e+00 1.043916e+01
      vertex   8.317715e+00 7.500000e+00 8.570391e+00
      vertex   8.025000e+00 7.500000e+00 8.775352e+00
    endloop
  endfacet
  facet normal 0.000000e+00 1.000000e+00 0.000000e+00
    outer loop
      vertex   9.042596e+00 7.500000e+00 1.043916e+01
      vertex   8.025000e+00 7.500000e+00 8.775352e+00
      vertex   8.445096e+00 7.500000e+00 1.072984e+01
    endloop
  endfacet
  facet normal 0.000000e+00 1.000000e+00 0.000000e+00
    outer loop
      vertex   8.445096e+00 7.500000e+00 1.072984e+01
      vertex   8.025000e+00 7.500000e+00 8.775352e+00
      vertex   7.701141e+00 7.500000e+00 8.926370e+00
    endloop
  endfacet
  facet normal 0.000000e+00 1.000000e+00 0.000000e+00
    outer loop
      vertex   8.445096e+00 7.500000e+00 1.072984e+01
      vertex   7.701141e+00 7.500000e+00 8.926370e+00
      vertex   7.807719e+00 7.500000e+00 1.091760e+01
    endloop
  endfacet
  facet normal 0.000000e+00 1.000000e+00 0.000000e+00
    outer loop
      vertex   7.807719e+00 7.500000e+00 1.091760e+01
      vertex   7.701141e+00 7.500000e+00 8.926370e+00
      vertex   7.355979e+00 7.500000e+00 9.018856e+00
    endloop
  endfacet
  facet normal 0.000000e+00 1.000000e+00 0.000000e+00
    outer loop
      vertex   7.807719e+00 7.500000e+00 1.091760e+01
      vertex   7.355979e+00 7.500000e+00 9.018856e+00
      vertex   7.148055e+00 7.500000e+00 1.099726e+01
    endloop
  endfacet
  facet normal 0.000000e+00 1.000000e+00 0.000000e+00
    outer loop
      vertex   7.148055e+00 7.500000e+00 1.099726e+01
      vertex   7.355979e+00 7.500000e+00 9.018856e+00
      vertex   7.000000e+00 7.500000e+00 9.050000e+00
    endloop
  endfacet
  facet normal 0.000000e+00 1.000000e+00 0.000000e+00
    outer loop
      vertex   7.148055e+00 7.500000e+00 1.099726e+01
      vertex   7.000000e+00 7.500000e+00 9.050000e+00
      vertex   6.484305e+00 7.500000e+00 1.096662e+01
    endloop
  endfacet
  facet normal 0.000000e+00 1.000000e+00 0.000000e+00
    outer loop
      vertex   6.484305e+00 7.500000e+00 1.096662e+01
      vertex   7.000000e+00 7.500000e+00 9.050000e+00
      vertex   6.644021e+00 7.500000e+00 9.018856e+00
    endloop
  endfacet
  facet normal 0.000000e+00 1.000000e+00 0.000000e+00
    outer loop
      vertex   6.484305e+00 7.500000e+00 1.096662e+01
      vertex   6.644021e+00 7.500000e+00 9.018856e+00
      vertex   5.834785e+00 7.500000e+00 1.082652e+01
    endloop
  endfacet
  facet normal 0.000000e+00 1.000000e+00 0.000000e+00
    outer loop
      vertex   5.834785e+00 7.500000e+00 1.082652e+01
      vertex   6.644021e+00 7.500000e+00 9.018856e+00
      vertex   6.298859e+00 7.500000e+00 8.926370e+00
    endloop
  endfacet
  facet normal 0.000000e+00 1.000000e+00 0.000000e+00
    outer loop
      vertex   5.834785e+00 7.500000e+00 1.082652e+01
      vertex   6.298859e+00 7.500000e+00 8.926370e+00
      vertex   5.217418e+00 7.500000e+00 1.058084e+01
    endloop
  endfacet
  facet normal 0.000000e+00 1.000000e+00 0.000000e+00
    outer loop
      vertex   5.217418e+00 7.500000e+00 1.058084e+01
      vertex   6.298859e+00 7.500000e+00 8.926370e+00
      vertex   5.975000e+00 7.500000e+00 8.775352e+00
    endloop
  endfacet
  facet normal 0.000000e+00 1.000000e+00 0.000000e+00
    outer loop
      vertex   5.217418e+00 7.500000e+00 1.058084e+01
      vertex   5.975000e+00 7.500000e+00 8.775352e+00
      vertex   4.649240e+00 7.500000e+00 1.023634e+01
    endloop
  endfacet
  facet normal 0.000000e+00 1.000000e+00 0.000000e+00
    outer loop
      vertex   4.649240e+00 7.500000e+00 1.023634e+01
      vertex   5.975000e+00 7.500000e+00 8.775352e+00
      vertex   5.682285e+00 7.500000e+00 8.570391e+00
    endloop
  endfacet
  facet normal 0.000000e+00 1.000000e+00 0.000000e+00
    outer loop
      vertex   4.649240e+00 7.500000e+00 1.023634e+01
      vertex   5.682285e+00 7.500000e+00 8.570391e+00
      vertex   4.145928e+00 7.500000e+00 9.802547e+00
    endloop
  endfacet
  facet normal 0.000000e+00 1.000000e+00 0.000000e+00
    outer loop
      vertex   4.145928e+00 7.500000e+00 9.802547e+00
      vertex   5.682285e+00 7.500000e+00 8.570391e+00
      vertex   5.429609e+00 7.500000e+00 8.317715e+00
    endloop
  endfacet
  facet normal 0.000000e+00 1.000000e+00 0.000000e+00
    outer loop
      vertex   4.145928e+00 7.500000e+00 9.802547e+00
      vertex   5.429609e+00 7.500000e+00 8.317715e+00
      vertex   3.721371e+00 7.500000e+00 9.291417e+00
    endloop
  endfacet
  facet normal 0.000000e+00 1.000000e+00 0.000000e+00
    outer loop
      vertex   3.721371e+00 7.500000e+00 9.291417e+00
      vertex   5.429609e+00 7.500000e+00 8.317715e+00
      vertex   5.224648e+00 7.500000e+00 8.025000e+00
    endloop
  endfacet
  facet normal 0.000000e+00 1.000000e+00 0.000000e+00
    outer loop
      vertex   3.721371e+00 7.500000e+00 9.291417e+00
      vertex   5.224648e+00 7.500000e+00 8.025000e+00
      vertex   5.073630e+00 7.500000e+00 7.701141e+00
    endloop
  endfacet
  facet normal 0.000000e+00 1.000000e+00 0.000000e+00
    outer loop
      vertex   5.073630e+00 7.500000e+00 7.701141e+00
      vertex   4.981144e+00 7.500000e+00 7.355979e+00
      vertex   3.721371e+00 7.500000e+00 9.291417e+00
    endloop
  endfacet
  facet normal 0.000000e+00 1.000000e+00 0.000000e+00
    outer loop
      vertex   3.721371e+00 7.500000e+00 9.291417e+00
      vertex   4.981144e+00 7.500000e+00 7.355979e+00
      vertex   2.000000e+00 7.500000e+00 6.828427e+00
    endloop
  endfacet
  facet normal 7.071068e-01 -0.000000e+00 7.071068e-01
    outer loop
      vertex   2.000000e+00 7.500000e+00 6.828427e+00
      vertex   6.828427e+00 7.500000e+00 2.000000e+00
      vertex   2.000000e+00 1.725000e+02 6.828427e+00
    endloop
  endfacet
  facet normal 7.071068e-01 0.000000e+00 7.071068e-01
    outer loop
      vertex   2.000000e+00 1.725000e+02 6.828427e+00
      vertex   6.828427e+00 7.500000e+00 2.000000e+00
      vertex   6.828427e+00 1.725000e+02 2.000000e+00
    endloop
  endfacet
  facet normal -1.000000e+00 0.000000e+00 -1.318134e-12
    outer loop
      vertex   2.613484e-12 0.000000e+00 6.000000e+00
      vertex   -3.956681e-11 0.000000e+00 3.800000e+01
      vertex   2.613484e-12 1.800000e+02 6.000000e+00
    endloop
  endfacet
  facet normal -1.000000e+00 0.000000e+00 -1.318134e-12
    outer loop
      vertex   2.613484e-12 1.800000e+02 6.000000e+00
      vertex   -3.956681e-11 0.000000e+00 3.800000e+01
      vertex   -3.956681e-11 1.800000e+02 3.800000e+01
    endloop
  endfacet
  facet normal -7.071068e-01 0.000000e+00 -7.071068e-01
    outer loop
      vertex   6.000000e+00 0.000000e+00 3.329442e-11
      vertex   2.613484e-12 0.000000e+00 6.000000e+00
      vertex   6.000000e+00 1.800000e+02 3.329442e-11
    endloop
  endfacet
  facet normal -7.071068e-01 0.000000e+00 -7.071068e-01
    outer loop
      vertex   6.000000e+00 1.800000e+02 3.329442e-11
      vertex   2.613484e-12 0.000000e+00 6.000000e+00
      vertex   2.613484e-12 1.800000e+02 6.000000e+00
    endloop
  endfacet
  facet normal -1.411028e-13 0.000000e+00 -1.000000e+00
    outer loop
      vertex   2.040000e+02 0.000000e+00 5.356068e-12
      vertex   6.000000e+00 0.000000e+00 3.329442e-11
      vertex   2.040000e+02 1.800000e+02 5.356068e-12
    endloop
  endfacet
  facet normal -1.411028e-13 0.000000e+00 -1.000000e+00
    outer loop
      vertex   2.040000e+02 1.800000e+02 5.356068e-12
      vertex   6.000000e+00 0.000000e+00 3.329442e-11
      vertex   6.000000e+00 1.800000e+02 3.329442e-11
    endloop
  endfacet
  facet normal 7.071068e-01 0.000000e+00 -7.071068e-01
    outer loop
      vertex   2.100000e+02 0.000000e+00 6.000000e+00
      vertex   2.040000e+02 0.000000e+00 5.356068e-12
      vertex   2.100000e+02 1.800000e+02 6.000000e+00
    endloop
  endfacet
  facet normal 7.071068e-01 0.000000e+00 -7.071068e-01
    outer loop
      vertex   2.100000e+02 1.800000e+02 6.000000e+00
      vertex   2.040000e+02 0.000000e+00 5.356068e-12
      vertex   2.040000e+02 1.800000e+02 5.356068e-12
    endloop
  endfacet
  facet normal 1.000000e+00 -0.000000e+00 3.273206e-12
    outer loop
      vertex   2.100000e+02 1.085742e+02 3.800000e+01
      vertex   2.100000e+02 1.082196e+02 3.661070e+01
      vertex   2.100000e+02 1.800000e+02 3.800000e+01
    endloop
  endfacet
  facet normal 1.000000e+00 4.746658e-14 8.207757e-13
    outer loop
      vertex   2.100000e+02 1.800000e+02 3.800000e+01
      vertex   2.100000e+02 1.082196e+02 3.661070e+01
      vertex   2.100000e+02 1.077614e+02 3.525209e+01
    endloop
  endfacet
  facet normal 1.000000e+00 4.668347e-14 8.413624e-13
    outer loop
      vertex   2.100000e+02 1.800000e+02 3.800000e+01
      vertex   2.100000e+02 1.077614e+02 3.525209e+01
      vertex   2.100000e+02 1.072019e+02 3.393190e+01
    endloop
  endfacet
  facet normal 1.000000e+00 4.899463e-14 8.000045e-13
    outer loop
      vertex   2.100000e+02 1.072019e+02 3.393190e+01
      vertex   2.100000e+02 1.065445e+02 3.265767e+01
      vertex   2.100000e+02 1.800000e+02 3.800000e+01
    endloop
  endfacet
  facet normal 1.000000e+00 4.840070e-14 8.081709e-13
    outer loop
      vertex   2.100000e+02 1.800000e+02 3.800000e+01
      vertex   2.100000e+02 1.065445e+02 3.265767e+01
      vertex   2.100000e+02 1.057929e+02 3.143664e+01
    endloop
  endfacet
  facet normal 1.000000e+00 4.942476e-14 7.965925e-13
    outer loop
      vertex   2.100000e+02 1.800000e+02 3.800000e+01
      vertex   2.100000e+02 1.057929e+02 3.143664e+01
      vertex   2.100000e+02 1.049513e+02 3.027576e+01
    endloop
  endfacet
  facet normal 1.000000e+00 3.427438e-12 -2.045791e-12
    outer loop
      vertex   2.100000e+02 1.040246e+02 2.918166e+01
      vertex   2.100000e+02 1.065472e+02 2.750351e+01
      vertex   2.100000e+02 1.049513e+02 3.027576e+01
    endloop
  endfacet
  facet normal 1.000000e+00 -3.176489e-12 -5.847473e-12
    outer loop
      vertex   2.100000e+02 1.049513e+02 3.027576e+01
      vertex   2.100000e+02 1.065472e+02 2.750351e+01
      vertex   2.100000e+02 1.068000e+02 2.738564e+01
    endloop
  endfacet
  facet normal 1.000000e+00 4.917538e-13 -3.501075e-12
    outer loop
      vertex   2.100000e+02 1.049513e+02 3.027576e+01
      vertex   2.100000e+02 1.068000e+02 2.738564e+01
      vertex   2.100000e+02 1.800000e+02 3.800000e+01
    endloop
  endfacet
  facet normal 1.000000e+00 -9.856036e-14 5.699193e-13
    outer loop
      vertex   2.100000e+02 1.800000e+02 3.800000e+01
      vertex   2.100000e+02 1.068000e+02 2.738564e+01
      vertex   2.100000e+02 1.070285e+02 2.722567e+01
    endloop
  endfacet
  facet normal 1.000000e+00 -1.423479e-13 8.664803e-13
    outer loop
      vertex   2.100000e+02 1.800000e+02 3.800000e+01
      vertex   2.100000e+02 1.070285e+02 2.722567e+01
      vertex   2.100000e+02 1.072257e+02 2.702846e+01
    endloop
  endfacet
  facet normal 1.000000e+00 3.827742e-12 -2.910405e-12
    outer loop
      vertex   2.100000e+02 1.030180e+02 2.816055e+01
      vertex   2.100000e+02 1.060000e+02 2.760000e+01
      vertex   2.100000e+02 1.040246e+02 2.918166e+01
    endloop
  endfacet
  facet normal 1.000000e+00 -8.702615e-13 -8.777883e-12
    outer loop
      vertex   2.100000e+02 1.040246e+02 2.918166e+01
      vertex   2.100000e+02 1.060000e+02 2.760000e+01
      vertex   2.100000e+02 1.062778e+02 2.757569e+01
    endloop
  endfacet
  facet normal 1.000000e+00 -3.582775e-12 -1.258362e-11
    outer loop
      vertex   2.100000e+02 1.040246e+02 2.918166e+01
      vertex   2.100000e+02 1.062778e+02 2.757569e+01
      vertex   2.100000e+02 1.065472e+02 2.750351e+01
    endloop
  endfacet
  facet normal 1.000000e+00 4.239031e-12 -4.017179e-12
    outer loop
      vertex   2.100000e+02 1.019373e+02 2.721825e+01
      vertex   2.100000e+02 1.054528e+02 2.750351e+01
      vertex   2.100000e+02 1.030180e+02 2.816055e+01
    endloop
  endfacet
  facet normal 1.000000e+00 2.757967e-12 -9.505395e-12
    outer loop
      vertex   2.100000e+02 1.030180e+02 2.816055e+01
      vertex   2.100000e+02 1.054528e+02 2.750351e+01
      vertex   2.100000e+02 1.057222e+02 2.757569e+01
    endloop
  endfacet
  facet normal 1.000000e+00 1.459252e-12 -1.551008e-11
    outer loop
      vertex   2.100000e+02 1.030180e+02 2.816055e+01
      vertex   2.100000e+02 1.057222e+02 2.757569e+01
      vertex   2.100000e+02 1.060000e+02 2.760000e+01
    endloop
  endfacet
  facet normal 1.000000e+00 4.168088e-12 -4.784606e-12
    outer loop
      vertex   2.100000e+02 1.007886e+02 2.636014e+01
      vertex   2.100000e+02 1.046144e+02 2.680000e+01
      vertex   2.100000e+02 1.019373e+02 2.721825e+01
    endloop
  endfacet
  facet normal 1.000000e+00 4.536013e-12 -2.429717e-12
    outer loop
      vertex   2.100000e+02 1.019373e+02 2.721825e+01
      vertex   2.100000e+02 1.046144e+02 2.680000e+01
      vertex   2.100000e+02 1.047743e+02 2.702846e+01
    endloop
  endfacet
  facet normal 1.000000e+00 4.467197e-12 -3.458368e-12
    outer loop
      vertex   2.100000e+02 1.019373e+02 2.721825e+01
      vertex   2.100000e+02 1.047743e+02 2.702846e+01
      vertex   2.100000e+02 1.049715e+02 2.722567e+01
    endloop
  endfacet
  facet normal 1.000000e+00 -1.460935e-12 3.185827e-12
    outer loop
      vertex   2.100000e+02 9.957851e+01 2.559110e+01
      vertex   2.100000e+02 1.044000e+02 2.600000e+01
      vertex   2.100000e+02 1.007886e+02 2.636014e+01
    endloop
  endfacet
  facet normal 1.000000e+00 5.295779e-12 7.093951e-11
    outer loop
      vertex   2.100000e+02 1.007886e+02 2.636014e+01
      vertex   2.100000e+02 1.044000e+02 2.600000e+01
      vertex   2.100000e+02 1.044243e+02 2.627784e+01
    endloop
  endfacet
  facet normal 1.000000e+00 3.686592e-12 -1.438039e-13
    outer loop
      vertex   2.100000e+02 1.007886e+02 2.636014e+01
      vertex   2.100000e+02 1.044243e+02 2.627784e+01
      vertex   2.100000e+02 1.044965e+02 2.654723e+01
    endloop
  endfacet
  facet normal 1.000000e+00 2.343418e-12 -3.545362e-12
    outer loop
      vertex   2.100000e+02 9.831383e+01 2.491550e+01
      vertex   2.100000e+02 1.046144e+02 2.520000e+01
      vertex   2.100000e+02 9.957851e+01 2.559110e+01
    endloop
  endfacet
  facet normal 1.000000e+00 2.780583e-12 2.083701e-12
    outer loop
      vertex   2.100000e+02 9.957851e+01 2.559110e+01
      vertex   2.100000e+02 1.046144e+02 2.520000e+01
      vertex   2.100000e+02 1.044965e+02 2.545277e+01
    endloop
  endfacet
  facet normal 1.000000e+00 2.763575e-12 1.479011e-12
    outer loop
      vertex   2.100000e+02 9.957851e+01 2.559110e+01
      vertex   2.100000e+02 1.044965e+02 2.545277e+01
      vertex   2.100000e+02 1.044243e+02 2.572216e+01
    endloop
  endfacet
  facet normal 1.000000e+00 1.781034e-12 -3.254372e-12
    outer loop
      vertex   2.100000e+02 9.700180e+01 2.433719e+01
      vertex   2.100000e+02 1.052000e+02 2.461436e+01
      vertex   2.100000e+02 9.831383e+01 2.491550e+01
    endloop
  endfacet
  facet normal 1.000000e+00 2.092908e-12 3.877330e-12
    outer loop
      vertex   2.100000e+02 9.831383e+01 2.491550e+01
      vertex   2.100000e+02 1.052000e+02 2.461436e+01
      vertex   2.100000e+02 1.049715e+02 2.477433e+01
    endloop
  endfacet
  facet normal 1.000000e+00 2.072984e-12 2.937694e-12
    outer loop
      vertex   2.100000e+02 9.831383e+01 2.491550e+01
      vertex   2.100000e+02 1.049715e+02 2.477433e+01
      vertex   2.100000e+02 1.047743e+02 2.497154e+01
    endloop
  endfacet
  facet normal 1.000000e+00 1.590099e-12 -3.547939e-12
    outer loop
      vertex   2.100000e+02 9.564990e+01 2.385947e+01
      vertex   2.100000e+02 1.057222e+02 2.442431e+01
      vertex   2.100000e+02 9.700180e+01 2.433719e+01
    endloop
  endfacet
  facet normal 1.000000e+00 1.494984e-12 5.973095e-12
    outer loop
      vertex   2.100000e+02 9.700180e+01 2.433719e+01
      vertex   2.100000e+02 1.057222e+02 2.442431e+01
      vertex   2.100000e+02 1.054528e+02 2.449649e+01
    endloop
  endfacet
  facet normal 1.000000e+00 1.527642e-12 4.240570e-12
    outer loop
      vertex   2.100000e+02 9.700180e+01 2.433719e+01
      vertex   2.100000e+02 1.054528e+02 2.449649e+01
      vertex   2.100000e+02 1.052000e+02 2.461436e+01
    endloop
  endfacet
  facet normal 1.000000e+00 8.077929e-13 1.040237e-11
    outer loop
      vertex   2.100000e+02 1.057222e+02 2.442431e+01
      vertex   2.100000e+02 9.564990e+01 2.385947e+01
      vertex   2.100000e+02 1.060000e+02 2.440000e+01
    endloop
  endfacet
  facet normal 1.000000e+00 1.620238e-12 -5.154518e-12
    outer loop
      vertex   2.100000e+02 1.060000e+02 2.440000e+01
      vertex   2.100000e+02 9.564990e+01 2.385947e+01
      vertex   2.100000e+02 9.426582e+01 2.348507e+01
    endloop
  endfacet
  facet normal 1.000000e+00 1.961481e-12 -9.531016e-12
    outer loop
      vertex   2.100000e+02 1.060000e+02 2.440000e+01
      vertex   2.100000e+02 9.426582e+01 2.348507e+01
      vertex   2.100000e+02 9.285745e+01 2.321610e+01
    endloop
  endfacet
  facet normal 1.000000e+00 7.173708e-13 4.279904e-12
    outer loop
      vertex   2.100000e+02 1.060000e+02 2.440000e+01
      vertex   2.100000e+02 9.285745e+01 2.321610e+01
      vertex   2.100000e+02 1.800000e+02 6.000000e+00
    endloop
  endfacet
  facet normal 1.000000e+00 1.648659e-14 7.322458e-13
    outer loop
      vertex   2.100000e+02 1.800000e+02 6.000000e+00
      vertex   2.100000e+02 9.285745e+01 2.321610e+01
      vertex   2.100000e+02 9.143280e+01 2.305410e+01
    endloop
  endfacet
  facet normal 1.000000e+00 -3.828794e-15 6.267418e-13
    outer loop
      vertex   2.100000e+02 1.800000e+02 6.000000e+00
      vertex   2.100000e+02 9.143280e+01 2.305410e+01
      vertex   2.100000e+02 9.000000e+01 2.300000e+01
    endloop
  endfacet
  facet normal 1.000000e+00 0.000000e+00 6.470119e-13
    outer loop
      vertex   2.100000e+02 1.800000e+02 6.000000e+00
      vertex   2.100000e+02 9.000000e+01 2.300000e+01
      vertex   2.100000e+02 0.000000e+00 6.000000e+00
    endloop
  endfacet
  facet normal 1.000000e+00 3.828794e-15 6.267418e-13
    outer loop
      vertex   2.100000e+02 0.000000e+00 6.000000e+00
      vertex   2.100000e+02 9.000000e+01 2.300000e+01
      vertex   2.100000e+02 8.856720e+01 2.305410e+01
    endloop
  endfacet
  facet normal 1.000000e+00 -1.648659e-14 7.322458e-13
    outer loop
      vertex   2.100000e+02 0.000000e+00 6.000000e+00
      vertex   2.100000e+02 8.856720e+01 2.305410e+01
      vertex   2.100000e+02 8.714255e+01 2.321610e+01
    endloop
  endfacet
  facet normal 1.000000e+00 -7.173708e-13 4.279904e-12
    outer loop
      vertex   2.100000e+02 0.000000e+00 6.000000e+00
      vertex   2.100000e+02 8.714255e+01 2.321610e+01
      vertex   2.100000e+02 7.400000e+01 2.440000e+01
    endloop
  endfacet
  facet normal 1.000000e+00 -1.961481e-12 -9.531016e-12
    outer loop
      vertex   2.100000e+02 7.400000e+01 2.440000e+01
      vertex   2.100000e+02 8.714255e+01 2.321610e+01
      vertex   2.100000e+02 8.573418e+01 2.348507e+01
    endloop
  endfacet
  facet normal 1.000000e+00 -1.620238e-12 -5.154518e-12
    outer loop
      vertex   2.100000e+02 7.400000e+01 2.440000e+01
      vertex   2.100000e+02 8.573418e+01 2.348507e+01
      vertex   2.100000e+02 8.435010e+01 2.385947e+01
    endloop
  endfacet
  facet normal 1.000000e+00 -8.077929e-13 1.040237e-11
    outer loop
      vertex   2.100000e+02 7.400000e+01 2.440000e+01
      vertex   2.100000e+02 8.435010e+01 2.385947e+01
      vertex   2.100000e+02 7.427784e+01 2.442431e+01
    endloop
  endfacet
  facet normal 1.000000e+00 -1.590099e-12 -3.547939e-12
    outer loop
      vertex   2.100000e+02 7.427784e+01 2.442431e+01
      vertex   2.100000e+02 8.435010e+01 2.385947e+01
      vertex   2.100000e+02 8.299820e+01 2.433719e+01
    endloop
  endfacet
  facet normal 1.000000e+00 -1.494984e-12 5.973095e-12
    outer loop
      vertex   2.100000e+02 7.427784e+01 2.442431e+01
      vertex   2.100000e+02 8.299820e+01 2.433719e+01
      vertex   2.100000e+02 7.454723e+01 2.449649e+01
    endloop
  endfacet
  facet normal 1.000000e+00 -1.527642e-12 4.240570e-12
    outer loop
      vertex   2.100000e+02 7.454723e+01 2.449649e+01
      vertex   2.100000e+02 8.299820e+01 2.433719e+01
      vertex   2.100000e+02 7.480000e+01 2.461436e+01
    endloop
  endfacet
  facet normal 1.000000e+00 -1.781034e-12 -3.254372e-12
    outer loop
      vertex   2.100000e+02 7.480000e+01 2.461436e+01
      vertex   2.100000e+02 8.299820e+01 2.433719e+01
      vertex   2.100000e+02 8.168617e+01 2.491550e+01
    endloop
  endfacet
  facet normal 1.000000e+00 -2.092908e-12 3.877330e-12
    outer loop
      vertex   2.100000e+02 7.480000e+01 2.461436e+01
      vertex   2.100000e+02 8.168617e+01 2.491550e+01
      vertex   2.100000e+02 7.502846e+01 2.477433e+01
    endloop
  endfacet
  facet normal 1.000000e+00 -2.072984e-12 2.937694e-12
    outer loop
      vertex   2.100000e+02 7.502846e+01 2.477433e+01
      vertex   2.100000e+02 8.168617e+01 2.491550e+01
      vertex   2.100000e+02 7.522567e+01 2.497154e+01
    endloop
  endfacet
  facet normal 1.000000e+00 -2.078290e-12 2.326073e-12
    outer loop
      vertex   2.100000e+02 7.522567e+01 2.497154e+01
      vertex   2.100000e+02 8.168617e+01 2.491550e+01
      vertex   2.100000e+02 7.538564e+01 2.520000e+01
    endloop
  endfacet
  facet normal 1.000000e+00 -2.343418e-12 -3.545362e-12
    outer loop
      vertex   2.100000e+02 7.538564e+01 2.520000e+01
      vertex   2.100000e+02 8.168617e+01 2.491550e+01
      vertex   2.100000e+02 8.042149e+01 2.559110e+01
    endloop
  endfacet
  facet normal 1.000000e+00 -2.780583e-12 2.083701e-12
    outer loop
      vertex   2.100000e+02 7.538564e+01 2.520000e+01
      vertex   2.100000e+02 8.042149e+01 2.559110e+01
      vertex   2.100000e+02 7.550351e+01 2.545277e+01
    endloop
  endfacet
  facet normal 1.000000e+00 -2.763575e-12 1.479011e-12
    outer loop
      vertex   2.100000e+02 7.550351e+01 2.545277e+01
      vertex   2.100000e+02 8.042149e+01 2.559110e+01
      vertex   2.100000e+02 7.557569e+01 2.572216e+01
    endloop
  endfacet
  facet normal 1.000000e+00 -2.772117e-12 1.163196e-12
    outer loop
      vertex   2.100000e+02 7.557569e+01 2.572216e+01
      vertex   2.100000e+02 8.042149e+01 2.559110e+01
      vertex   2.100000e+02 7.560000e+01 2.600000e+01
    endloop
  endfacet
  facet normal 1.000000e+00 -3.226065e-12 -4.189409e-12
    outer loop
      vertex   2.100000e+02 7.560000e+01 2.600000e+01
      vertex   2.100000e+02 8.042149e+01 2.559110e+01
      vertex   2.100000e+02 7.921136e+01 2.636014e+01
    endloop
  endfacet
  facet normal 1.000000e+00 -3.703355e-12 5.966653e-13
    outer loop
      vertex   2.100000e+02 7.560000e+01 2.600000e+01
      vertex   2.100000e+02 7.921136e+01 2.636014e+01
      vertex   2.100000e+02 7.557569e+01 2.627784e+01
    endloop
  endfacet
  facet normal 1.000000e+00 -3.686592e-12 -1.438039e-13
    outer loop
      vertex   2.100000e+02 7.557569e+01 2.627784e+01
      vertex   2.100000e+02 7.921136e+01 2.636014e+01
      vertex   2.100000e+02 7.550351e+01 2.654723e+01
    endloop
  endfacet
  facet normal 1.000000e+00 -3.727321e-12 -9.509843e-13
    outer loop
      vertex   2.100000e+02 7.550351e+01 2.654723e+01
      vertex   2.100000e+02 7.921136e+01 2.636014e+01
      vertex   2.100000e+02 7.538564e+01 2.680000e+01
    endloop
  endfacet
  facet normal 1.000000e+00 -4.168088e-12 -4.784606e-12
    outer loop
      vertex   2.100000e+02 7.538564e+01 2.680000e+01
      vertex   2.100000e+02 7.921136e+01 2.636014e+01
      vertex   2.100000e+02 7.806266e+01 2.721825e+01
    endloop
  endfacet
  facet normal 1.000000e+00 -4.536013e-12 -2.429717e-12
    outer loop
      vertex   2.100000e+02 7.538564e+01 2.680000e+01
      vertex   2.100000e+02 7.806266e+01 2.721825e+01
      vertex   2.100000e+02 7.522567e+01 2.702846e+01
    endloop
  endfacet
  facet normal 1.000000e+00 -4.467197e-12 -3.458368e-12
    outer loop
      vertex   2.100000e+02 7.522567e+01 2.702846e+01
      vertex   2.100000e+02 7.806266e+01 2.721825e+01
      vertex   2.100000e+02 7.502846e+01 2.722567e+01
    endloop
  endfacet
  facet normal 1.000000e+00 -4.472619e-12 -5.676884e-12
    outer loop
      vertex   2.100000e+02 7.502846e+01 2.722567e+01
      vertex   2.100000e+02 7.806266e+01 2.721825e+01
      vertex   2.100000e+02 7.480000e+01 2.738564e+01
    endloop
  endfacet
  facet normal 1.000000e+00 -4.642683e-12 -8.991735e-12
    outer loop
      vertex   2.100000e+02 7.480000e+01 2.738564e+01
      vertex   2.100000e+02 7.806266e+01 2.721825e+01
      vertex   2.100000e+02 7.454723e+01 2.750351e+01
    endloop
  endfacet
  facet normal 1.000000e+00 -4.239031e-12 -4.017179e-12
    outer loop
      vertex   2.100000e+02 7.454723e+01 2.750351e+01
      vertex   2.100000e+02 7.806266e+01 2.721825e+01
      vertex   2.100000e+02 7.698195e+01 2.816055e+01
    endloop
  endfacet
  facet normal 1.000000e+00 -2.757967e-12 -9.505395e-12
    outer loop
      vertex   2.100000e+02 7.454723e+01 2.750351e+01
      vertex   2.100000e+02 7.698195e+01 2.816055e+01
      vertex   2.100000e+02 7.427784e+01 2.757569e+01
    endloop
  endfacet
  facet normal 1.000000e+00 -1.459252e-12 -1.551008e-11
    outer loop
      vertex   2.100000e+02 7.427784e+01 2.757569e+01
      vertex   2.100000e+02 7.698195e+01 2.816055e+01
      vertex   2.100000e+02 7.400000e+01 2.760000e+01
    endloop
  endfacet
  facet normal 1.000000e+00 -3.827742e-12 -2.910405e-12
    outer loop
      vertex   2.100000e+02 7.400000e+01 2.760000e+01
      vertex   2.100000e+02 7.698195e+01 2.816055e+01
      vertex   2.100000e+02 7.597538e+01 2.918166e+01
    endloop
  endfacet
  facet normal 1.000000e+00 8.702615e-13 -8.777883e-12
    outer loop
      vertex   2.100000e+02 7.400000e+01 2.760000e+01
      vertex   2.100000e+02 7.597538e+01 2.918166e+01
      vertex   2.100000e+02 7.372216e+01 2.757569e+01
    endloop
  endfacet
  facet normal 1.000000e+00 3.582775e-12 -1.258362e-11
    outer loop
      vertex   2.100000e+02 7.372216e+01 2.757569e+01
      vertex   2.100000e+02 7.597538e+01 2.918166e+01
      vertex   2.100000e+02 7.345277e+01 2.750351e+01
    endloop
  endfacet
  facet normal 1.000000e+00 -3.427438e-12 -2.045791e-12
    outer loop
      vertex   2.100000e+02 7.345277e+01 2.750351e+01
      vertex   2.100000e+02 7.597538e+01 2.918166e+01
      vertex   2.100000e+02 7.504867e+01 3.027576e+01
    endloop
  endfacet
  facet normal 1.000000e+00 3.176489e-12 -5.847473e-12
    outer loop
      vertex   2.100000e+02 7.345277e+01 2.750351e+01
      vertex   2.100000e+02 7.504867e+01 3.027576e+01
      vertex   2.100000e+02 7.320000e+01 2.738564e+01
    endloop
  endfacet
  facet normal 1.000000e+00 -4.917538e-13 -3.501075e-12
    outer loop
      vertex   2.100000e+02 7.320000e+01 2.738564e+01
      vertex   2.100000e+02 7.504867e+01 3.027576e+01
      vertex   2.100000e+02 0.000000e+00 3.800000e+01
    endloop
  endfacet
  facet normal 1.000000e+00 9.856036e-14 5.699193e-13
    outer loop
      vertex   2.100000e+02 7.320000e+01 2.738564e+01
      vertex   2.100000e+02 0.000000e+00 3.800000e+01
      vertex   2.100000e+02 7.297154e+01 2.722567e+01
    endloop
  endfacet
  facet normal 1.000000e+00 1.423479e-13 8.664803e-13
    outer loop
      vertex   2.100000e+02 7.297154e+01 2.722567e+01
      vertex   2.100000e+02 0.000000e+00 3.800000e+01
      vertex   2.100000e+02 7.277433e+01 2.702846e+01
    endloop
  endfacet
  facet normal 1.000000e+00 1.123856e-13 6.677399e-13
    outer loop
      vertex   2.100000e+02 7.277433e+01 2.702846e+01
      vertex   2.100000e+02 0.000000e+00 3.800000e+01
      vertex   2.100000e+02 7.261436e+01 2.680000e+01
    endloop
  endfacet
  facet normal 1.000000e+00 1.220187e-13 7.301956e-13
    outer loop
      vertex   2.100000e+02 7.261436e+01 2.680000e+01
      vertex   2.100000e+02 0.000000e+00 3.800000e+01
      vertex   2.100000e+02 7.249649e+01 2.654723e+01
    endloop
  endfacet
  facet normal 1.000000e+00 1.343141e-13 8.080261e-13
    outer loop
      vertex   2.100000e+02 7.249649e+01 2.654723e+01
      vertex   2.100000e+02 0.000000e+00 3.800000e+01
      vertex   2.100000e+02 7.242431e+01 2.627784e+01
    endloop
  endfacet
  facet normal 1.000000e+00 1.139895e-11 7.040555e-11
    outer loop
      vertex   2.100000e+02 7.242431e+01 2.627784e+01
      vertex   2.100000e+02 0.000000e+00 3.800000e+01
      vertex   2.100000e+02 7.240000e+01 2.600000e+01
    endloop
  endfacet
  facet normal 1.000000e+00 -1.197363e-11 -7.060905e-11
    outer loop
      vertex   2.100000e+02 7.240000e+01 2.600000e+01
      vertex   2.100000e+02 0.000000e+00 3.800000e+01
      vertex   2.100000e+02 7.242431e+01 2.572216e+01
    endloop
  endfacet
  facet normal 1.000000e+00 1.274553e-13 7.726651e-13
    outer loop
      vertex   2.100000e+02 7.242431e+01 2.572216e+01
      vertex   2.100000e+02 0.000000e+00 3.800000e+01
      vertex   2.100000e+02 7.249649e+01 2.545277e+01
    endloop
  endfacet
  facet normal 1.000000e+00 1.413612e-13 8.530117e-13
    outer loop
      vertex   2.100000e+02 7.249649e+01 2.545277e+01
      vertex   2.100000e+02 0.000000e+00 3.800000e+01
      vertex   2.100000e+02 7.261436e+01 2.520000e+01
    endloop
  endfacet
  facet normal 1.000000e+00 1.648508e-13 9.862685e-13
    outer loop
      vertex   2.100000e+02 7.261436e+01 2.520000e+01
      vertex   2.100000e+02 0.000000e+00 3.800000e+01
      vertex   2.100000e+02 7.277433e+01 2.497154e+01
    endloop
  endfacet
  facet normal 1.000000e+00 1.742913e-13 1.039001e-12
    outer loop
      vertex   2.100000e+02 7.277433e+01 2.497154e+01
      vertex   2.100000e+02 0.000000e+00 3.800000e+01
      vertex   2.100000e+02 7.297154e+01 2.477433e+01
    endloop
  endfacet
  facet normal 1.000000e+00 1.389067e-13 8.437695e-13
    outer loop
      vertex   2.100000e+02 7.297154e+01 2.477433e+01
      vertex   2.100000e+02 0.000000e+00 3.800000e+01
      vertex   2.100000e+02 0.000000e+00 6.000000e+00
    endloop
  endfacet
  facet normal 1.000000e+00 9.319438e-14 1.021443e-12
    outer loop
      vertex   2.100000e+02 7.297154e+01 2.477433e+01
      vertex   2.100000e+02 0.000000e+00 6.000000e+00
      vertex   2.100000e+02 7.320000e+01 2.461436e+01
    endloop
  endfacet
  facet normal 1.000000e+00 6.967215e-14 1.113943e-12
    outer loop
      vertex   2.100000e+02 7.320000e+01 2.461436e+01
      vertex   2.100000e+02 0.000000e+00 6.000000e+00
      vertex   2.100000e+02 7.345277e+01 2.449649e+01
    endloop
  endfacet
  facet normal 1.000000e+00 1.294113e-13 8.767082e-13
    outer loop
      vertex   2.100000e+02 7.345277e+01 2.449649e+01
      vertex   2.100000e+02 0.000000e+00 6.000000e+00
      vertex   2.100000e+02 7.372216e+01 2.442431e+01
    endloop
  endfacet
  facet normal 1.000000e+00 1.459857e-14 1.336115e-12
    outer loop
      vertex   2.100000e+02 7.372216e+01 2.442431e+01
      vertex   2.100000e+02 0.000000e+00 6.000000e+00
      vertex   2.100000e+02 7.400000e+01 2.440000e+01
    endloop
  endfacet
  facet normal 1.000000e+00 -4.942476e-14 7.965925e-13
    outer loop
      vertex   2.100000e+02 7.504867e+01 3.027576e+01
      vertex   2.100000e+02 7.420711e+01 3.143664e+01
      vertex   2.100000e+02 0.000000e+00 3.800000e+01
    endloop
  endfacet
  facet normal 1.000000e+00 -4.840070e-14 8.081709e-13
    outer loop
      vertex   2.100000e+02 0.000000e+00 3.800000e+01
      vertex   2.100000e+02 7.420711e+01 3.143664e+01
      vertex   2.100000e+02 7.345549e+01 3.265767e+01
    endloop
  endfacet
  facet normal 1.000000e+00 -4.899463e-14 8.000045e-13
    outer loop
      vertex   2.100000e+02 0.000000e+00 3.800000e+01
      vertex   2.100000e+02 7.345549e+01 3.265767e+01
      vertex   2.100000e+02 7.279809e+01 3.393190e+01
    endloop
  endfacet
  facet normal 1.000000e+00 -4.668347e-14 8.413624e-13
    outer loop
      vertex   2.100000e+02 7.279809e+01 3.393190e+01
      vertex   2.100000e+02 7.223865e+01 3.525209e+01
      vertex   2.100000e+02 0.000000e+00 3.800000e+01
    endloop
  endfacet
  facet normal 1.000000e+00 -4.746658e-14 8.207757e-13
    outer loop
      vertex   2.100000e+02 0.000000e+00 3.800000e+01
      vertex   2.100000e+02 7.223865e+01 3.525209e+01
      vertex   2.100000e+02 7.178036e+01 3.661070e+01
    endloop
  endfacet
  facet normal 1.000000e+00 -0.000000e+00 3.273206e-12
    outer loop
      vertex   2.100000e+02 0.000000e+00 3.800000e+01
      vertex   2.100000e+02 7.178036e+01 3.661070e+01
      vertex   2.100000e+02 7.142582e+01 3.800000e+01
    endloop
  endfacet
  facet normal 1.000000e+00 -1.389067e-13 8.437695e-13
    outer loop
      vertex   2.100000e+02 1.800000e+02 3.800000e+01
      vertex   2.100000e+02 1.070285e+02 2.477433e+01
      vertex   2.100000e+02 1.800000e+02 6.000000e+00
    endloop
  endfacet
  facet normal 1.000000e+00 -9.319438e-14 1.021443e-12
    outer loop
      vertex   2.100000e+02 1.800000e+02 6.000000e+00
      vertex   2.100000e+02 1.070285e+02 2.477433e+01
      vertex   2.100000e+02 1.068000e+02 2.461436e+01
    endloop
  endfacet
  facet normal 1.000000e+00 -6.967215e-14 1.113943e-12
    outer loop
      vertex   2.100000e+02 1.800000e+02 6.000000e+00
      vertex   2.100000e+02 1.068000e+02 2.461436e+01
      vertex   2.100000e+02 1.065472e+02 2.449649e+01
    endloop
  endfacet
  facet normal 1.000000e+00 3.727321e-12 -9.509843e-13
    outer loop
      vertex   2.100000e+02 1.044965e+02 2.654723e+01
      vertex   2.100000e+02 1.046144e+02 2.680000e+01
      vertex   2.100000e+02 1.007886e+02 2.636014e+01
    endloop
  endfacet
  facet normal 1.000000e+00 4.472619e-12 -5.676884e-12
    outer loop
      vertex   2.100000e+02 1.049715e+02 2.722567e+01
      vertex   2.100000e+02 1.052000e+02 2.738564e+01
      vertex   2.100000e+02 1.019373e+02 2.721825e+01
    endloop
  endfacet
  facet normal 1.000000e+00 4.642683e-12 -8.991735e-12
    outer loop
      vertex   2.100000e+02 1.019373e+02 2.721825e+01
      vertex   2.100000e+02 1.052000e+02 2.738564e+01
      vertex   2.100000e+02 1.054528e+02 2.750351e+01
    endloop
  endfacet
  facet normal 1.000000e+00 -1.123856e-13 6.677399e-13
    outer loop
      vertex   2.100000e+02 1.072257e+02 2.702846e+01
      vertex   2.100000e+02 1.073856e+02 2.680000e+01
      vertex   2.100000e+02 1.800000e+02 3.800000e+01
    endloop
  endfacet
  facet normal 1.000000e+00 -1.220187e-13 7.301956e-13
    outer loop
      vertex   2.100000e+02 1.800000e+02 3.800000e+01
      vertex   2.100000e+02 1.073856e+02 2.680000e+01
      vertex   2.100000e+02 1.075035e+02 2.654723e+01
    endloop
  endfacet
  facet normal 1.000000e+00 -1.343141e-13 8.080261e-13
    outer loop
      vertex   2.100000e+02 1.800000e+02 3.800000e+01
      vertex   2.100000e+02 1.075035e+02 2.654723e+01
      vertex   2.100000e+02 1.075757e+02 2.627784e+01
    endloop
  endfacet
  facet normal 1.000000e+00 -1.504156e-13 9.075072e-13
    outer loop
      vertex   2.100000e+02 1.075757e+02 2.627784e+01
      vertex   2.100000e+02 1.076000e+02 2.600000e+01
      vertex   2.100000e+02 1.800000e+02 3.800000e+01
    endloop
  endfacet
  facet normal 1.000000e+00 -1.548421e-13 9.342137e-13
    outer loop
      vertex   2.100000e+02 1.800000e+02 3.800000e+01
      vertex   2.100000e+02 1.076000e+02 2.600000e+01
      vertex   2.100000e+02 1.075757e+02 2.572216e+01
    endloop
  endfacet
  facet normal 1.000000e+00 -1.274553e-13 7.726651e-13
    outer loop
      vertex   2.100000e+02 1.800000e+02 3.800000e+01
      vertex   2.100000e+02 1.075757e+02 2.572216e+01
      vertex   2.100000e+02 1.075035e+02 2.545277e+01
    endloop
  endfacet
  facet normal 1.000000e+00 -1.413612e-13 8.530117e-13
    outer loop
      vertex   2.100000e+02 1.075035e+02 2.545277e+01
      vertex   2.100000e+02 1.073856e+02 2.520000e+01
      vertex   2.100000e+02 1.800000e+02 3.800000e+01
    endloop
  endfacet
  facet normal 1.000000e+00 -1.648508e-13 9.862685e-13
    outer loop
      vertex   2.100000e+02 1.800000e+02 3.800000e+01
      vertex   2.100000e+02 1.073856e+02 2.520000e+01
      vertex   2.100000e+02 1.072257e+02 2.497154e+01
    endloop
  endfacet
  facet normal 1.000000e+00 -1.742913e-13 1.039001e-12
    outer loop
      vertex   2.100000e+02 1.800000e+02 3.800000e+01
      vertex   2.100000e+02 1.072257e+02 2.497154e+01
      vertex   2.100000e+02 1.070285e+02 2.477433e+01
    endloop
  endfacet
  facet normal 1.000000e+00 -1.294113e-13 8.767082e-13
    outer loop
      vertex   2.100000e+02 1.065472e+02 2.449649e+01
      vertex   2.100000e+02 1.062778e+02 2.442431e+01
      vertex   2.100000e+02 1.800000e+02 6.000000e+00
    endloop
  endfacet
  facet normal 1.000000e+00 -1.459857e-14 1.336115e-12
    outer loop
      vertex   2.100000e+02 1.800000e+02 6.000000e+00
      vertex   2.100000e+02 1.062778e+02 2.442431e+01
      vertex   2.100000e+02 1.060000e+02 2.440000e+01
    endloop
  endfacet
  facet normal 1.000000e+00 2.078290e-12 2.326073e-12
    outer loop
      vertex   2.100000e+02 1.047743e+02 2.497154e+01
      vertex   2.100000e+02 1.046144e+02 2.520000e+01
      vertex   2.100000e+02 9.831383e+01 2.491550e+01
    endloop
  endfacet
  facet normal 1.000000e+00 4.673993e-12 -6.915257e-11
    outer loop
      vertex   2.100000e+02 1.044243e+02 2.572216e+01
      vertex   2.100000e+02 1.044000e+02 2.600000e+01
      vertex   2.100000e+02 9.957851e+01 2.559110e+01
    endloop
  endfacet
  facet normal 0.000000e+00 0.000000e+00 1.000000e+00
    outer loop
      vertex   2.100000e+02 7.142582e+01 3.800000e+01
      vertex   2.090000e+02 7.142582e+01 3.800000e+01
      vertex   2.100000e+02 0.000000e+00 3.800000e+01
    endloop
  endfacet
  facet normal 0.000000e+00 0.000000e+00 1.000000e+00
    outer loop
      vertex   2.100000e+02 0.000000e+00 3.800000e+01
      vertex   2.090000e+02 7.142582e+01 3.800000e+01
      vertex   2.090000e+02 0.000000e+00 3.800000e+01
    endloop
  endfacet
  facet normal 1.000000e+00 0.000000e+00 -5.588999e-12
    outer loop
      vertex   2.090000e+02 7.142582e+01 3.800000e+01
      vertex   2.090000e+02 7.118965e+01 3.932218e+01
      vertex   2.090000e+02 0.000000e+00 3.800000e+01
    endloop
  endfacet
  facet normal 1.000000e+00 1.454186e-16 -5.596829e-12
    outer loop
      vertex   2.090000e+02 0.000000e+00 3.800000e+01
      vertex   2.090000e+02 7.118965e+01 3.932218e+01
      vertex   2.090000e+02 7.104747e+01 4.065773e+01
    endloop
  endfacet
  facet normal 1.000000e+00 -3.020807e-16 -5.584866e-12
    outer loop
      vertex   2.090000e+02 0.000000e+00 3.800000e+01
      vertex   2.090000e+02 7.104747e+01 4.065773e+01
      vertex   2.090000e+02 0.000000e+00 4.200000e+01
    endloop
  endfacet
  facet normal 1.000000e+00 0.000000e+00 -5.568876e-12
    outer loop
      vertex   2.090000e+02 0.000000e+00 4.200000e+01
      vertex   2.090000e+02 7.104747e+01 4.065773e+01
      vertex   2.090000e+02 7.100000e+01 4.200000e+01
    endloop
  endfacet
  facet normal 0.000000e+00 0.000000e+00 1.000000e+00
    outer loop
      vertex   2.090000e+02 7.100000e+01 4.200000e+01
      vertex   2.085000e+02 7.100000e+01 4.200000e+01
      vertex   2.090000e+02 0.000000e+00 4.200000e+01
    endloop
  endfacet
  facet normal 0.000000e+00 0.000000e+00 1.000000e+00
    outer loop
      vertex   2.090000e+02 0.000000e+00 4.200000e+01
      vertex   2.085000e+02 7.100000e+01 4.200000e+01
      vertex   2.085000e+02 0.000000e+00 4.200000e+01
    endloop
  endfacet
  facet normal 8.660254e-01 0.000000e+00 5.000000e-01
    outer loop
      vertex   2.080000e+02 7.101975e+01 4.286603e+01
      vertex   2.080000e+02 0.000000e+00 4.286603e+01
      vertex   2.085000e+02 7.100000e+01 4.200000e+01
    endloop
  endfacet
  facet normal 8.660254e-01 0.000000e+00 5.000000e-01
    outer loop
      vertex   2.085000e+02 7.100000e+01 4.200000e+01
      vertex   2.080000e+02 0.000000e+00 4.286603e+01
      vertex   2.085000e+02 0.000000e+00 4.200000e+01
    endloop
  endfacet
  facet normal 1.000000e+00 2.078338e-14 1.434637e-13
    outer loop
      vertex   2.000000e+00 0.000000e+00 6.828427e+00
      vertex   2.000000e+00 2.500000e+00 6.828427e+00
      vertex   2.000000e+00 0.000000e+00 4.286603e+01
    endloop
  endfacet
  facet normal 1.000000e+00 -1.039169e-14 1.413010e-13
    outer loop
      vertex   2.000000e+00 0.000000e+00 4.286603e+01
      vertex   2.000000e+00 2.500000e+00 6.828427e+00
      vertex   2.000000e+00 7.500000e+00 6.828427e+00
    endloop
  endfacet
  facet normal 1.000000e+00 0.000000e+00 1.434637e-13
    outer loop
      vertex   2.000000e+00 0.000000e+00 4.286603e+01
      vertex   2.000000e+00 7.500000e+00 6.828427e+00
      vertex   2.000000e+00 1.725000e+02 6.828427e+00
    endloop
  endfacet
  facet normal 1.000000e+00 -0.000000e+00 1.434637e-13
    outer loop
      vertex   2.000000e+00 0.000000e+00 4.286603e+01
      vertex   2.000000e+00 1.725000e+02 6.828427e+00
      vertex   2.000000e+00 1.800000e+02 4.286603e+01
    endloop
  endfacet
  facet normal 1.000000e+00 1.039169e-14 1.413010e-13
    outer loop
      vertex   2.000000e+00 1.800000e+02 4.286603e+01
      vertex   2.000000e+00 1.725000e+02 6.828427e+00
      vertex   2.000000e+00 1.775000e+02 6.828427e+00
    endloop
  endfacet
  facet normal 1.000000e+00 -2.078338e-14 1.434637e-13
    outer loop
      vertex   2.000000e+00 1.800000e+02 4.286603e+01
      vertex   2.000000e+00 1.775000e+02 6.828427e+00
      vertex   2.000000e+00 1.800000e+02 6.828427e+00
    endloop
  endfacet
  facet normal -8.660254e-01 0.000000e+00 5.000000e-01
    outer loop
      vertex   1.500000e+00 0.000000e+00 4.200000e+01
      vertex   2.000000e+00 0.000000e+00 4.286603e+01
      vertex   1.500000e+00 1.800000e+02 4.200000e+01
    endloop
  endfacet
  facet normal -8.660254e-01 0.000000e+00 5.000000e-01
    outer loop
      vertex   1.500000e+00 1.800000e+02 4.200000e+01
      vertex   2.000000e+00 0.000000e+00 4.286603e+01
      vertex   2.000000e+00 1.800000e+02 4.286603e+01
    endloop
  endfacet
  facet normal -1.705303e-13 0.000000e+00 1.000000e+00
    outer loop
      vertex   1.000000e+00 0.000000e+00 4.200000e+01
      vertex   1.500000e+00 0.000000e+00 4.200000e+01
      vertex   1.000000e+00 1.800000e+02 4.200000e+01
    endloop
  endfacet
  facet normal -1.705303e-13 0.000000e+00 1.000000e+00
    outer loop
      vertex   1.000000e+00 1.800000e+02 4.200000e+01
      vertex   1.500000e+00 0.000000e+00 4.200000e+01
      vertex   1.500000e+00 1.800000e+02 4.200000e+01
    endloop
  endfacet
  facet normal -1.000000e+00 0.000000e+00 2.277206e-12
    outer loop
      vertex   1.000000e+00 0.000000e+00 3.800000e+01
      vertex   1.000000e+00 0.000000e+00 4.200000e+01
      vertex   1.000000e+00 1.800000e+02 3.800000e+01
    endloop
  endfacet
  facet normal -1.000000e+00 0.000000e+00 2.277206e-12
    outer loop
      vertex   1.000000e+00 1.800000e+02 3.800000e+01
      vertex   1.000000e+00 0.000000e+00 4.200000e+01
      vertex   1.000000e+00 1.800000e+02 4.200000e+01
    endloop
  endfacet
  facet normal 0.000000e+00 0.000000e+00 1.000000e+00
    outer loop
      vertex   -3.956681e-11 0.000000e+00 3.800000e+01
      vertex   1.000000e+00 0.000000e+00 3.800000e+01
      vertex   -3.956681e-11 1.800000e+02 3.800000e+01
    endloop
  endfacet
  facet normal -0.000000e+00 0.000000e+00 1.000000e+00
    outer loop
      vertex   -3.956681e-11 1.800000e+02 3.800000e+01
      vertex   1.000000e+00 0.000000e+00 3.800000e+01
      vertex   1.000000e+00 1.800000e+02 3.800000e+01
    endloop
  endfacet
  facet normal 0.000000e+00 -1.000000e+00 -0.000000e+00
    outer loop
      vertex   2.000000e+00 0.000000e+00 6.828427e+00
      vertex   2.613484e-12 0.000000e+00 6.000000e+00
      vertex   6.828427e+00 0.000000e+00 2.000000e+00
    endloop
  endfacet
  facet normal -0.000000e+00 -1.000000e+00 0.000000e+00
    outer loop
      vertex   6.828427e+00 0.000000e+00 2.000000e+00
      vertex   2.613484e-12 0.000000e+00 6.000000e+00
      vertex   6.000000e+00 0.000000e+00 3.329442e-11
    endloop
  endfacet
  facet normal 0.000000e+00 -1.000000e+00 -0.000000e+00
    outer loop
      vertex   6.828427e+00 0.000000e+00 2.000000e+00
      vertex   6.000000e+00 0.000000e+00 3.329442e-11
      vertex   2.040000e+02 0.000000e+00 5.356068e-12
    endloop
  endfacet
  facet normal 0.000000e+00 -1.000000e+00 -0.000000e+00
    outer loop
      vertex   2.000000e+00 0.000000e+00 4.286603e+01
      vertex   1.000000e+00 0.000000e+00 3.800000e+01
      vertex   2.000000e+00 0.000000e+00 6.828427e+00
    endloop
  endfacet
  facet normal 0.000000e+00 -1.000000e+00 0.000000e+00
    outer loop
      vertex   2.000000e+00 0.000000e+00 6.828427e+00
      vertex   1.000000e+00 0.000000e+00 3.800000e+01
      vertex   -3.956681e-11 0.000000e+00 3.800000e+01
    endloop
  endfacet
  facet normal -0.000000e+00 -1.000000e+00 0.000000e+00
    outer loop
      vertex   2.000000e+00 0.000000e+00 6.828427e+00
      vertex   -3.956681e-11 0.000000e+00 3.800000e+01
      vertex   2.613484e-12 0.000000e+00 6.000000e+00
    endloop
  endfacet
  facet normal 0.000000e+00 -1.000000e+00 0.000000e+00
    outer loop
      vertex   2.000000e+00 0.000000e+00 4.286603e+01
      vertex   1.500000e+00 0.000000e+00 4.200000e+01
      vertex   1.000000e+00 0.000000e+00 3.800000e+01
    endloop
  endfacet
  facet normal 0.000000e+00 -1.000000e+00 0.000000e+00
    outer loop
      vertex   1.000000e+00 0.000000e+00 3.800000e+01
      vertex   1.500000e+00 0.000000e+00 4.200000e+01
      vertex   1.000000e+00 0.000000e+00 4.200000e+01
    endloop
  endfacet
  facet normal 0.000000e+00 -1.000000e+00 0.000000e+00
    outer loop
      vertex   6.828427e+00 0.000000e+00 2.000000e+00
      vertex   2.040000e+02 0.000000e+00 5.356068e-12
      vertex   2.031716e+02 0.000000e+00 2.000000e+00
    endloop
  endfacet
  facet normal 0.000000e+00 -1.000000e+00 0.000000e+00
    outer loop
      vertex   2.031716e+02 0.000000e+00 2.000000e+00
      vertex   2.040000e+02 0.000000e+00 5.356068e-12
      vertex   2.100000e+02 0.000000e+00 6.000000e+00
    endloop
  endfacet
  facet normal 0.000000e+00 -1.000000e+00 0.000000e+00
    outer loop
      vertex   2.031716e+02 0.000000e+00 2.000000e+00
      vertex   2.100000e+02 0.000000e+00 6.000000e+00
      vertex   2.080000e+02 0.000000e+00 6.828427e+00
    endloop
  endfacet
  facet normal 0.000000e+00 -1.000000e+00 0.000000e+00
    outer loop
      vertex   2.080000e+02 0.000000e+00 6.828427e+00
      vertex   2.100000e+02 0.000000e+00 6.000000e+00
      vertex   2.100000e+02 0.000000e+00 3.800000e+01
    endloop
  endfacet
  facet normal 0.000000e+00 -1.000000e+00 0.000000e+00
    outer loop
      vertex   2.080000e+02 0.000000e+00 6.828427e+00
      vertex   2.100000e+02 0.000000e+00 3.800000e+01
      vertex   2.090000e+02 0.000000e+00 3.800000e+01
    endloop
  endfacet
  facet normal -0.000000e+00 -1.000000e+00 0.000000e+00
    outer loop
      vertex   2.090000e+02 0.000000e+00 4.200000e+01
      vertex   2.085000e+02 0.000000e+00 4.200000e+01
      vertex   2.090000e+02 0.000000e+00 3.800000e+01
    endloop
  endfacet
  facet normal 0.000000e+00 -1.000000e+00 0.000000e+00
    outer loop
      vertex   2.090000e+02 0.000000e+00 3.800000e+01
      vertex   2.085000e+02 0.000000e+00 4.200000e+01
      vertex   2.080000e+02 0.000000e+00 4.286603e+01
    endloop
  endfacet
  facet normal -0.000000e+00 -1.000000e+00 0.000000e+00
    outer loop
      vertex   2.090000e+02 0.000000e+00 3.800000e+01
      vertex   2.080000e+02 0.000000e+00 4.286603e+01
      vertex   2.080000e+02 0.000000e+00 6.828427e+00
    endloop
  endfacet
endsolid
