solid ASCII
  facet normal 0.000000e+00 9.961947e-01 -8.715574e-02
    outer loop
      vertex   2.080000e+02 1.044243e+02 5.827784e+01
      vertex   2.100000e+02 1.044243e+02 5.827784e+01
      vertex   2.080000e+02 1.044000e+02 5.800000e+01
    endloop
  endfacet
  facet normal 0.000000e+00 9.961947e-01 -8.715574e-02
    outer loop
      vertex   2.080000e+02 1.044000e+02 5.800000e+01
      vertex   2.100000e+02 1.044243e+02 5.827784e+01
      vertex   2.100000e+02 1.044000e+02 5.800000e+01
    endloop
  endfacet
  facet normal -0.000000e+00 9.961947e-01 8.715574e-02
    outer loop
      vertex   2.080000e+02 1.044000e+02 5.800000e+01
      vertex   2.100000e+02 1.044000e+02 5.800000e+01
      vertex   2.080000e+02 1.044243e+02 5.772216e+01
    endloop
  endfacet
  facet normal -0.000000e+00 9.961947e-01 8.715574e-02
    outer loop
      vertex   2.080000e+02 1.044243e+02 5.772216e+01
      vertex   2.100000e+02 1.044000e+02 5.800000e+01
      vertex   2.100000e+02 1.044243e+02 5.772216e+01
    endloop
  endfacet
  facet normal -0.000000e+00 9.659258e-01 2.588190e-01
    outer loop
      vertex   2.080000e+02 1.044243e+02 5.772216e+01
      vertex   2.100000e+02 1.044243e+02 5.772216e+01
      vertex   2.080000e+02 1.044965e+02 5.745277e+01
    endloop
  endfacet
  facet normal 9.195100e-16 9.659258e-01 2.588190e-01
    outer loop
      vertex   2.080000e+02 1.044965e+02 5.745277e+01
      vertex   2.100000e+02 1.044243e+02 5.772216e+01
      vertex   2.100000e+02 1.044965e+02 5.745277e+01
    endloop
  endfacet
  facet normal 1.501442e-15 9.063078e-01 4.226183e-01
    outer loop
      vertex   2.080000e+02 1.044965e+02 5.745277e+01
      vertex   2.100000e+02 1.044965e+02 5.745277e+01
      vertex   2.080000e+02 1.046144e+02 5.720000e+01
    endloop
  endfacet
  facet normal -0.000000e+00 9.063078e-01 4.226183e-01
    outer loop
      vertex   2.080000e+02 1.046144e+02 5.720000e+01
      vertex   2.100000e+02 1.044965e+02 5.745277e+01
      vertex   2.100000e+02 1.046144e+02 5.720000e+01
    endloop
  endfacet
  facet normal -0.000000e+00 8.191520e-01 5.735764e-01
    outer loop
      vertex   2.080000e+02 1.046144e+02 5.720000e+01
      vertex   2.100000e+02 1.046144e+02 5.720000e+01
      vertex   2.080000e+02 1.047743e+02 5.697154e+01
    endloop
  endfacet
  facet normal -0.000000e+00 8.191520e-01 5.735764e-01
    outer loop
      vertex   2.080000e+02 1.047743e+02 5.697154e+01
      vertex   2.100000e+02 1.046144e+02 5.720000e+01
      vertex   2.100000e+02 1.047743e+02 5.697154e+01
    endloop
  endfacet
  facet normal -0.000000e+00 7.071068e-01 7.071068e-01
    outer loop
      vertex   2.080000e+02 1.047743e+02 5.697154e+01
      vertex   2.100000e+02 1.047743e+02 5.697154e+01
      vertex   2.080000e+02 1.049715e+02 5.677433e+01
    endloop
  endfacet
  facet normal -0.000000e+00 7.071068e-01 7.071068e-01
    outer loop
      vertex   2.080000e+02 1.049715e+02 5.677433e+01
      vertex   2.100000e+02 1.047743e+02 5.697154e+01
      vertex   2.100000e+02 1.049715e+02 5.677433e+01
    endloop
  endfacet
  facet normal -0.000000e+00 5.735764e-01 8.191520e-01
    outer loop
      vertex   2.080000e+02 1.049715e+02 5.677433e+01
      vertex   2.100000e+02 1.049715e+02 5.677433e+01
      vertex   2.080000e+02 1.052000e+02 5.661436e+01
    endloop
  endfacet
  facet normal -0.000000e+00 5.735764e-01 8.191520e-01
    outer loop
      vertex   2.080000e+02 1.052000e+02 5.661436e+01
      vertex   2.100000e+02 1.049715e+02 5.677433e+01
      vertex   2.100000e+02 1.052000e+02 5.661436e+01
    endloop
  endfacet
  facet normal -0.000000e+00 4.226183e-01 9.063078e-01
    outer loop
      vertex   2.080000e+02 1.052000e+02 5.661436e+01
      vertex   2.100000e+02 1.052000e+02 5.661436e+01
      vertex   2.080000e+02 1.054528e+02 5.649649e+01
    endloop
  endfacet
  facet normal -0.000000e+00 4.226183e-01 9.063078e-01
    outer loop
      vertex   2.080000e+02 1.054528e+02 5.649649e+01
      vertex   2.100000e+02 1.052000e+02 5.661436e+01
      vertex   2.100000e+02 1.054528e+02 5.649649e+01
    endloop
  endfacet
  facet normal -0.000000e+00 2.588190e-01 9.659258e-01
    outer loop
      vertex   2.080000e+02 1.054528e+02 5.649649e+01
      vertex   2.100000e+02 1.054528e+02 5.649649e+01
      vertex   2.080000e+02 1.057222e+02 5.642431e+01
    endloop
  endfacet
  facet normal -0.000000e+00 2.588190e-01 9.659258e-01
    outer loop
      vertex   2.080000e+02 1.057222e+02 5.642431e+01
      vertex   2.100000e+02 1.054528e+02 5.649649e+01
      vertex   2.100000e+02 1.057222e+02 5.642431e+01
    endloop
  endfacet
  facet normal -0.000000e+00 8.715574e-02 9.961947e-01
    outer loop
      vertex   2.080000e+02 1.057222e+02 5.642431e+01
      vertex   2.100000e+02 1.057222e+02 5.642431e+01
      vertex   2.080000e+02 1.060000e+02 5.640000e+01
    endloop
  endfacet
  facet normal -0.000000e+00 8.715574e-02 9.961947e-01
    outer loop
      vertex   2.080000e+02 1.060000e+02 5.640000e+01
      vertex   2.100000e+02 1.057222e+02 5.642431e+01
      vertex   2.100000e+02 1.060000e+02 5.640000e+01
    endloop
  endfacet
  facet normal 0.000000e+00 -8.715574e-02 9.961947e-01
    outer loop
      vertex   2.080000e+02 1.060000e+02 5.640000e+01
      vertex   2.100000e+02 1.060000e+02 5.640000e+01
      vertex   2.080000e+02 1.062778e+02 5.642431e+01
    endloop
  endfacet
  facet normal 0.000000e+00 -8.715574e-02 9.961947e-01
    outer loop
      vertex   2.080000e+02 1.062778e+02 5.642431e+01
      vertex   2.100000e+02 1.060000e+02 5.640000e+01
      vertex   2.100000e+02 1.062778e+02 5.642431e+01
    endloop
  endfacet
  facet normal 0.000000e+00 -2.588190e-01 9.659258e-01
    outer loop
      vertex   2.080000e+02 1.062778e+02 5.642431e+01
      vertex   2.100000e+02 1.062778e+02 5.642431e+01
      vertex   2.080000e+02 1.065472e+02 5.649649e+01
    endloop
  endfacet
  facet normal 0.000000e+00 -2.588190e-01 9.659258e-01
    outer loop
      vertex   2.080000e+02 1.065472e+02 5.649649e+01
      vertex   2.100000e+02 1.062778e+02 5.642431e+01
      vertex   2.100000e+02 1.065472e+02 5.649649e+01
    endloop
  endfacet
  facet normal 0.000000e+00 -4.226183e-01 9.063078e-01
    outer loop
      vertex   2.080000e+02 1.065472e+02 5.649649e+01
      vertex   2.100000e+02 1.065472e+02 5.649649e+01
      vertex   2.080000e+02 1.068000e+02 5.661436e+01
    endloop
  endfacet
  facet normal 0.000000e+00 -4.226183e-01 9.063078e-01
    outer loop
      vertex   2.080000e+02 1.068000e+02 5.661436e+01
      vertex   2.100000e+02 1.065472e+02 5.649649e+01
      vertex   2.100000e+02 1.068000e+02 5.661436e+01
    endloop
  endfacet
  facet normal 0.000000e+00 -5.735764e-01 8.191520e-01
    outer loop
      vertex   2.080000e+02 1.068000e+02 5.661436e+01
      vertex   2.100000e+02 1.068000e+02 5.661436e+01
      vertex   2.080000e+02 1.070285e+02 5.677433e+01
    endloop
  endfacet
  facet normal 0.000000e+00 -5.735764e-01 8.191520e-01
    outer loop
      vertex   2.080000e+02 1.070285e+02 5.677433e+01
      vertex   2.100000e+02 1.068000e+02 5.661436e+01
      vertex   2.100000e+02 1.070285e+02 5.677433e+01
    endloop
  endfacet
  facet normal 0.000000e+00 -7.071068e-01 7.071068e-01
    outer loop
      vertex   2.080000e+02 1.070285e+02 5.677433e+01
      vertex   2.100000e+02 1.070285e+02 5.677433e+01
      vertex   2.080000e+02 1.072257e+02 5.697154e+01
    endloop
  endfacet
  facet normal 0.000000e+00 -7.071068e-01 7.071068e-01
    outer loop
      vertex   2.080000e+02 1.072257e+02 5.697154e+01
      vertex   2.100000e+02 1.070285e+02 5.677433e+01
      vertex   2.100000e+02 1.072257e+02 5.697154e+01
    endloop
  endfacet
  facet normal 0.000000e+00 -8.191520e-01 5.735764e-01
    outer loop
      vertex   2.080000e+02 1.072257e+02 5.697154e+01
      vertex   2.100000e+02 1.072257e+02 5.697154e+01
      vertex   2.080000e+02 1.073856e+02 5.720000e+01
    endloop
  endfacet
  facet normal 0.000000e+00 -8.191520e-01 5.735764e-01
    outer loop
      vertex   2.080000e+02 1.073856e+02 5.720000e+01
      vertex   2.100000e+02 1.072257e+02 5.697154e+01
      vertex   2.100000e+02 1.073856e+02 5.720000e+01
    endloop
  endfacet
  facet normal 0.000000e+00 -9.063078e-01 4.226183e-01
    outer loop
      vertex   2.080000e+02 1.073856e+02 5.720000e+01
      vertex   2.100000e+02 1.073856e+02 5.720000e+01
      vertex   2.080000e+02 1.075035e+02 5.745277e+01
    endloop
  endfacet
  facet normal 0.000000e+00 -9.063078e-01 4.226183e-01
    outer loop
      vertex   2.080000e+02 1.075035e+02 5.745277e+01
      vertex   2.100000e+02 1.073856e+02 5.720000e+01
      vertex   2.100000e+02 1.075035e+02 5.745277e+01
    endloop
  endfacet
  facet normal 0.000000e+00 -9.659258e-01 2.588190e-01
    outer loop
      vertex   2.080000e+02 1.075035e+02 5.745277e+01
      vertex   2.100000e+02 1.075035e+02 5.745277e+01
      vertex   2.080000e+02 1.075757e+02 5.772216e+01
    endloop
  endfacet
  facet normal 0.000000e+00 -9.659258e-01 2.588190e-01
    outer loop
      vertex   2.080000e+02 1.075757e+02 5.772216e+01
      vertex   2.100000e+02 1.075035e+02 5.745277e+01
      vertex   2.100000e+02 1.075757e+02 5.772216e+01
    endloop
  endfacet
  facet normal 0.000000e+00 -9.961947e-01 8.715574e-02
    outer loop
      vertex   2.080000e+02 1.075757e+02 5.772216e+01
      vertex   2.100000e+02 1.075757e+02 5.772216e+01
      vertex   2.080000e+02 1.076000e+02 5.800000e+01
    endloop
  endfacet
  facet normal 0.000000e+00 -9.961947e-01 8.715574e-02
    outer loop
      vertex   2.080000e+02 1.076000e+02 5.800000e+01
      vertex   2.100000e+02 1.075757e+02 5.772216e+01
      vertex   2.100000e+02 1.076000e+02 5.800000e+01
    endloop
  endfacet
  facet normal 0.000000e+00 -9.961947e-01 -8.715574e-02
    outer loop
      vertex   2.080000e+02 1.076000e+02 5.800000e+01
      vertex   2.100000e+02 1.076000e+02 5.800000e+01
      vertex   2.080000e+02 1.075757e+02 5.827784e+01
    endloop
  endfacet
  facet normal 0.000000e+00 -9.961947e-01 -8.715574e-02
    outer loop
      vertex   2.080000e+02 1.075757e+02 5.827784e+01
      vertex   2.100000e+02 1.076000e+02 5.800000e+01
      vertex   2.100000e+02 1.075757e+02 5.827784e+01
    endloop
  endfacet
  facet normal 0.000000e+00 -9.659258e-01 -2.588190e-01
    outer loop
      vertex   2.080000e+02 1.075757e+02 5.827784e+01
      vertex   2.100000e+02 1.075757e+02 5.827784e+01
      vertex   2.080000e+02 1.075035e+02 5.854723e+01
    endloop
  endfacet
  facet normal 0.000000e+00 -9.659258e-01 -2.588190e-01
    outer loop
      vertex   2.080000e+02 1.075035e+02 5.854723e+01
      vertex   2.100000e+02 1.075757e+02 5.827784e+01
      vertex   2.100000e+02 1.075035e+02 5.854723e+01
    endloop
  endfacet
  facet normal 0.000000e+00 -9.063078e-01 -4.226183e-01
    outer loop
      vertex   2.080000e+02 1.075035e+02 5.854723e+01
      vertex   2.100000e+02 1.075035e+02 5.854723e+01
      vertex   2.080000e+02 1.073856e+02 5.880000e+01
    endloop
  endfacet
  facet normal 0.000000e+00 -9.063078e-01 -4.226183e-01
    outer loop
      vertex   2.080000e+02 1.073856e+02 5.880000e+01
      vertex   2.100000e+02 1.075035e+02 5.854723e+01
      vertex   2.100000e+02 1.073856e+02 5.880000e+01
    endloop
  endfacet
  facet normal 0.000000e+00 -8.191520e-01 -5.735764e-01
    outer loop
      vertex   2.080000e+02 1.073856e+02 5.880000e+01
      vertex   2.100000e+02 1.073856e+02 5.880000e+01
      vertex   2.080000e+02 1.072257e+02 5.902846e+01
    endloop
  endfacet
  facet normal 0.000000e+00 -8.191520e-01 -5.735764e-01
    outer loop
      vertex   2.080000e+02 1.072257e+02 5.902846e+01
      vertex   2.100000e+02 1.073856e+02 5.880000e+01
      vertex   2.100000e+02 1.072257e+02 5.902846e+01
    endloop
  endfacet
  facet normal 0.000000e+00 -7.071068e-01 -7.071068e-01
    outer loop
      vertex   2.080000e+02 1.072257e+02 5.902846e+01
      vertex   2.100000e+02 1.072257e+02 5.902846e+01
      vertex   2.080000e+02 1.070285e+02 5.922567e+01
    endloop
  endfacet
  facet normal 0.000000e+00 -7.071068e-01 -7.071068e-01
    outer loop
      vertex   2.080000e+02 1.070285e+02 5.922567e+01
      vertex   2.100000e+02 1.072257e+02 5.902846e+01
      vertex   2.100000e+02 1.070285e+02 5.922567e+01
    endloop
  endfacet
  facet normal 0.000000e+00 -5.735764e-01 -8.191520e-01
    outer loop
      vertex   2.080000e+02 1.070285e+02 5.922567e+01
      vertex   2.100000e+02 1.070285e+02 5.922567e+01
      vertex   2.080000e+02 1.068000e+02 5.938564e+01
    endloop
  endfacet
  facet normal 0.000000e+00 -5.735764e-01 -8.191520e-01
    outer loop
      vertex   2.080000e+02 1.068000e+02 5.938564e+01
      vertex   2.100000e+02 1.070285e+02 5.922567e+01
      vertex   2.100000e+02 1.068000e+02 5.938564e+01
    endloop
  endfacet
  facet normal 0.000000e+00 -4.226183e-01 -9.063078e-01
    outer loop
      vertex   2.080000e+02 1.068000e+02 5.938564e+01
      vertex   2.100000e+02 1.068000e+02 5.938564e+01
      vertex   2.080000e+02 1.065472e+02 5.950351e+01
    endloop
  endfacet
  facet normal 0.000000e+00 -4.226183e-01 -9.063078e-01
    outer loop
      vertex   2.080000e+02 1.065472e+02 5.950351e+01
      vertex   2.100000e+02 1.068000e+02 5.938564e+01
      vertex   2.100000e+02 1.065472e+02 5.950351e+01
    endloop
  endfacet
  facet normal 0.000000e+00 -2.588190e-01 -9.659258e-01
    outer loop
      vertex   2.080000e+02 1.065472e+02 5.950351e+01
      vertex   2.100000e+02 1.065472e+02 5.950351e+01
      vertex   2.080000e+02 1.062778e+02 5.957569e+01
    endloop
  endfacet
  facet normal 0.000000e+00 -2.588190e-01 -9.659258e-01
    outer loop
      vertex   2.080000e+02 1.062778e+02 5.957569e+01
      vertex   2.100000e+02 1.065472e+02 5.950351e+01
      vertex   2.100000e+02 1.062778e+02 5.957569e+01
    endloop
  endfacet
  facet normal 0.000000e+00 -8.715574e-02 -9.961947e-01
    outer loop
      vertex   2.080000e+02 1.062778e+02 5.957569e+01
      vertex   2.100000e+02 1.062778e+02 5.957569e+01
      vertex   2.080000e+02 1.060000e+02 5.960000e+01
    endloop
  endfacet
  facet normal 0.000000e+00 -8.715574e-02 -9.961947e-01
    outer loop
      vertex   2.080000e+02 1.060000e+02 5.960000e+01
      vertex   2.100000e+02 1.062778e+02 5.957569e+01
      vertex   2.100000e+02 1.060000e+02 5.960000e+01
    endloop
  endfacet
  facet normal 0.000000e+00 8.715574e-02 -9.961947e-01
    outer loop
      vertex   2.080000e+02 1.060000e+02 5.960000e+01
      vertex   2.100000e+02 1.060000e+02 5.960000e+01
      vertex   2.080000e+02 1.057222e+02 5.957569e+01
    endloop
  endfacet
  facet normal 0.000000e+00 8.715574e-02 -9.961947e-01
    outer loop
      vertex   2.080000e+02 1.057222e+02 5.957569e+01
      vertex   2.100000e+02 1.060000e+02 5.960000e+01
      vertex   2.100000e+02 1.057222e+02 5.957569e+01
    endloop
  endfacet
  facet normal 0.000000e+00 2.588190e-01 -9.659258e-01
    outer loop
      vertex   2.080000e+02 1.057222e+02 5.957569e+01
      vertex   2.100000e+02 1.057222e+02 5.957569e+01
      vertex   2.080000e+02 1.054528e+02 5.950351e+01
    endloop
  endfacet
  facet normal 0.000000e+00 2.588190e-01 -9.659258e-01
    outer loop
      vertex   2.080000e+02 1.054528e+02 5.950351e+01
      vertex   2.100000e+02 1.057222e+02 5.957569e+01
      vertex   2.100000e+02 1.054528e+02 5.950351e+01
    endloop
  endfacet
  facet normal 0.000000e+00 4.226183e-01 -9.063078e-01
    outer loop
      vertex   2.080000e+02 1.054528e+02 5.950351e+01
      vertex   2.100000e+02 1.054528e+02 5.950351e+01
      vertex   2.080000e+02 1.052000e+02 5.938564e+01
    endloop
  endfacet
  facet normal 0.000000e+00 4.226183e-01 -9.063078e-01
    outer loop
      vertex   2.080000e+02 1.052000e+02 5.938564e+01
      vertex   2.100000e+02 1.054528e+02 5.950351e+01
      vertex   2.100000e+02 1.052000e+02 5.938564e+01
    endloop
  endfacet
  facet normal 0.000000e+00 5.735764e-01 -8.191520e-01
    outer loop
      vertex   2.080000e+02 1.052000e+02 5.938564e+01
      vertex   2.100000e+02 1.052000e+02 5.938564e+01
      vertex   2.080000e+02 1.049715e+02 5.922567e+01
    endloop
  endfacet
  facet normal 0.000000e+00 5.735764e-01 -8.191520e-01
    outer loop
      vertex   2.080000e+02 1.049715e+02 5.922567e+01
      vertex   2.100000e+02 1.052000e+02 5.938564e+01
      vertex   2.100000e+02 1.049715e+02 5.922567e+01
    endloop
  endfacet
  facet normal 0.000000e+00 7.071068e-01 -7.071068e-01
    outer loop
      vertex   2.080000e+02 1.049715e+02 5.922567e+01
      vertex   2.100000e+02 1.049715e+02 5.922567e+01
      vertex   2.080000e+02 1.047743e+02 5.902846e+01
    endloop
  endfacet
  facet normal 0.000000e+00 7.071068e-01 -7.071068e-01
    outer loop
      vertex   2.080000e+02 1.047743e+02 5.902846e+01
      vertex   2.100000e+02 1.049715e+02 5.922567e+01
      vertex   2.100000e+02 1.047743e+02 5.902846e+01
    endloop
  endfacet
  facet normal 0.000000e+00 8.191520e-01 -5.735764e-01
    outer loop
      vertex   2.080000e+02 1.047743e+02 5.902846e+01
      vertex   2.100000e+02 1.047743e+02 5.902846e+01
      vertex   2.080000e+02 1.046144e+02 5.880000e+01
    endloop
  endfacet
  facet normal 0.000000e+00 8.191520e-01 -5.735764e-01
    outer loop
      vertex   2.080000e+02 1.046144e+02 5.880000e+01
      vertex   2.100000e+02 1.047743e+02 5.902846e+01
      vertex   2.100000e+02 1.046144e+02 5.880000e+01
    endloop
  endfacet
  facet normal 0.000000e+00 9.063078e-01 -4.226183e-01
    outer loop
      vertex   2.080000e+02 1.046144e+02 5.880000e+01
      vertex   2.100000e+02 1.046144e+02 5.880000e+01
      vertex   2.080000e+02 1.044965e+02 5.854723e+01
    endloop
  endfacet
  facet normal -1.501442e-15 9.063078e-01 -4.226183e-01
    outer loop
      vertex   2.080000e+02 1.044965e+02 5.854723e+01
      vertex   2.100000e+02 1.046144e+02 5.880000e+01
      vertex   2.100000e+02 1.044965e+02 5.854723e+01
    endloop
  endfacet
  facet normal -9.195100e-16 9.659258e-01 -2.588190e-01
    outer loop
      vertex   2.080000e+02 1.044965e+02 5.854723e+01
      vertex   2.100000e+02 1.044965e+02 5.854723e+01
      vertex   2.080000e+02 1.044243e+02 5.827784e+01
    endloop
  endfacet
  facet normal 0.000000e+00 9.659258e-01 -2.588190e-01
    outer loop
      vertex   2.080000e+02 1.044243e+02 5.827784e+01
      vertex   2.100000e+02 1.044965e+02 5.854723e+01
      vertex   2.100000e+02 1.044243e+02 5.827784e+01
    endloop
  endfacet
  facet normal 0.000000e+00 9.689484e-01 -2.472630e-01
    outer loop
      vertex   2.100000e+02 7.142582e+01 4.600000e+01
      vertex   2.090000e+02 7.142582e+01 4.600000e+01
      vertex   2.100000e+02 7.178036e+01 4.738930e+01
    endloop
  endfacet
  facet normal -4.283999e-03 9.696740e-01 -2.443646e-01
    outer loop
      vertex   2.100000e+02 7.178036e+01 4.738930e+01
      vertex   2.090000e+02 7.142582e+01 4.600000e+01
      vertex   2.080000e+02 7.171071e+01 4.714798e+01
    endloop
  endfacet
  facet normal 3.957783e-03 9.515586e-01 -3.074419e-01
    outer loop
      vertex   2.100000e+02 7.178036e+01 4.738930e+01
      vertex   2.080000e+02 7.171071e+01 4.714798e+01
      vertex   2.080000e+02 7.215607e+01 4.852641e+01
    endloop
  endfacet
  facet normal 8.277611e-03 9.721901e-01 -2.340466e-01
    outer loop
      vertex   2.080000e+02 7.171071e+01 4.714798e+01
      vertex   2.090000e+02 7.142582e+01 4.600000e+01
      vertex   2.080000e+02 7.137166e+01 4.573963e+01
    endloop
  endfacet
  facet normal -7.539270e-03 9.843904e-01 -1.758371e-01
    outer loop
      vertex   2.080000e+02 7.137166e+01 4.573963e+01
      vertex   2.090000e+02 7.142582e+01 4.600000e+01
      vertex   2.090000e+02 7.118965e+01 4.467782e+01
    endloop
  endfacet
  facet normal 1.053129e-02 9.871748e-01 -1.592957e-01
    outer loop
      vertex   2.080000e+02 7.137166e+01 4.573963e+01
      vertex   2.090000e+02 7.118965e+01 4.467782e+01
      vertex   2.080000e+02 7.114089e+01 4.430954e+01
    endloop
  endfacet
  facet normal -9.499876e-03 9.943364e-01 -1.058532e-01
    outer loop
      vertex   2.080000e+02 7.114089e+01 4.430954e+01
      vertex   2.090000e+02 7.118965e+01 4.467782e+01
      vertex   2.090000e+02 7.104747e+01 4.334227e+01
    endloop
  endfacet
  facet normal 1.219861e-02 9.964229e-01 -8.362208e-02
    outer loop
      vertex   2.080000e+02 7.114089e+01 4.430954e+01
      vertex   2.090000e+02 7.104747e+01 4.334227e+01
      vertex   2.080000e+02 7.101975e+01 4.286603e+01
    endloop
  endfacet
  facet normal -1.087413e-02 9.993161e-01 -3.534277e-02
    outer loop
      vertex   2.080000e+02 7.101975e+01 4.286603e+01
      vertex   2.090000e+02 7.104747e+01 4.334227e+01
      vertex   2.090000e+02 7.100000e+01 4.200000e+01
    endloop
  endfacet
  facet normal 0.000000e+00 9.997401e-01 -2.279607e-02
    outer loop
      vertex   2.080000e+02 7.101975e+01 4.286603e+01
      vertex   2.090000e+02 7.100000e+01 4.200000e+01
      vertex   2.085000e+02 7.100000e+01 4.200000e+01
    endloop
  endfacet
  facet normal -3.724979e-03 9.475365e-01 -3.196258e-01
    outer loop
      vertex   2.100000e+02 7.178036e+01 4.738930e+01
      vertex   2.080000e+02 7.215607e+01 4.852641e+01
      vertex   2.100000e+02 7.223865e+01 4.874791e+01
    endloop
  endfacet
  facet normal 3.770912e-03 9.253709e-01 -3.790442e-01
    outer loop
      vertex   2.100000e+02 7.223865e+01 4.874791e+01
      vertex   2.080000e+02 7.215607e+01 4.852641e+01
      vertex   2.080000e+02 7.270515e+01 4.986690e+01
    endloop
  endfacet
  facet normal -3.535235e-03 9.207359e-01 -3.901704e-01
    outer loop
      vertex   2.100000e+02 7.223865e+01 4.874791e+01
      vertex   2.080000e+02 7.270515e+01 4.986690e+01
      vertex   2.100000e+02 7.279809e+01 5.006810e+01
    endloop
  endfacet
  facet normal 3.578297e-03 8.938041e-01 -4.484433e-01
    outer loop
      vertex   2.100000e+02 7.279809e+01 5.006810e+01
      vertex   2.080000e+02 7.270515e+01 4.986690e+01
      vertex   2.080000e+02 7.335476e+01 5.116167e+01
    endloop
  endfacet
  facet normal -3.339749e-03 8.886917e-01 -4.584931e-01
    outer loop
      vertex   2.100000e+02 7.279809e+01 5.006810e+01
      vertex   2.080000e+02 7.335476e+01 5.116167e+01
      vertex   2.100000e+02 7.345549e+01 5.134233e+01
    endloop
  endfacet
  facet normal 3.379939e-03 8.570418e-01 -5.152358e-01
    outer loop
      vertex   2.100000e+02 7.345549e+01 5.134233e+01
      vertex   2.080000e+02 7.335476e+01 5.116167e+01
      vertex   2.080000e+02 7.410113e+01 5.240317e+01
    endloop
  endfacet
  facet normal -3.138519e-03 8.515865e-01 -5.242048e-01
    outer loop
      vertex   2.100000e+02 7.345549e+01 5.134233e+01
      vertex   2.080000e+02 7.410113e+01 5.240317e+01
      vertex   2.100000e+02 7.420711e+01 5.256336e+01
    endloop
  endfacet
  facet normal 3.175839e-03 8.152977e-01 -5.790334e-01
    outer loop
      vertex   2.100000e+02 7.420711e+01 5.256336e+01
      vertex   2.080000e+02 7.410113e+01 5.240317e+01
      vertex   2.080000e+02 7.493992e+01 5.358421e+01
    endloop
  endfacet
  facet normal -2.931547e-03 8.096315e-01 -5.869313e-01
    outer loop
      vertex   2.100000e+02 7.420711e+01 5.256336e+01
      vertex   2.080000e+02 7.493992e+01 5.358421e+01
      vertex   2.100000e+02 7.504867e+01 5.372424e+01
    endloop
  endfacet
  facet normal 2.965995e-03 7.688143e-01 -6.394653e-01
    outer loop
      vertex   2.100000e+02 7.504867e+01 5.372424e+01
      vertex   2.080000e+02 7.493992e+01 5.358421e+01
      vertex   2.080000e+02 7.586625e+01 5.469791e+01
    endloop
  endfacet
  facet normal -2.718833e-03 7.630656e-01 -6.463153e-01
    outer loop
      vertex   2.100000e+02 7.504867e+01 5.372424e+01
      vertex   2.080000e+02 7.586625e+01 5.469791e+01
      vertex   2.100000e+02 7.597538e+01 5.481834e+01
    endloop
  endfacet
  facet normal 2.750410e-03 7.178619e-01 -6.961801e-01
    outer loop
      vertex   2.100000e+02 7.597538e+01 5.481834e+01
      vertex   2.080000e+02 7.586625e+01 5.469791e+01
      vertex   2.080000e+02 7.687473e+01 5.573780e+01
    endloop
  endfacet
  facet normal -2.500375e-03 7.121541e-01 -7.020187e-01
    outer loop
      vertex   2.100000e+02 7.597538e+01 5.481834e+01
      vertex   2.080000e+02 7.687473e+01 5.573780e+01
      vertex   2.100000e+02 7.698195e+01 5.583945e+01
    endloop
  endfacet
  facet normal 2.529081e-03 6.627366e-01 -7.488483e-01
    outer loop
      vertex   2.100000e+02 7.698195e+01 5.583945e+01
      vertex   2.080000e+02 7.687473e+01 5.573780e+01
      vertex   2.080000e+02 7.795951e+01 5.669784e+01
    endloop
  endfacet
  facet normal -2.276176e-03 6.571869e-01 -7.537242e-01
    outer loop
      vertex   2.100000e+02 7.698195e+01 5.583945e+01
      vertex   2.080000e+02 7.795951e+01 5.669784e+01
      vertex   2.100000e+02 7.806266e+01 5.678175e+01
    endloop
  endfacet
  facet normal 2.302011e-03 6.037589e-01 -7.971636e-01
    outer loop
      vertex   2.100000e+02 7.806266e+01 5.678175e+01
      vertex   2.080000e+02 7.795951e+01 5.669784e+01
      vertex   2.080000e+02 7.911427e+01 5.757244e+01
    endloop
  endfacet
  facet normal -2.046234e-03 5.984770e-01 -8.011374e-01
    outer loop
      vertex   2.100000e+02 7.806266e+01 5.678175e+01
      vertex   2.080000e+02 7.911427e+01 5.757244e+01
      vertex   2.100000e+02 7.921136e+01 5.763986e+01
    endloop
  endfacet
  facet normal 2.069198e-03 5.412716e-01 -8.408452e-01
    outer loop
      vertex   2.100000e+02 7.921136e+01 5.763986e+01
      vertex   2.080000e+02 7.911427e+01 5.757244e+01
      vertex   2.080000e+02 8.033231e+01 5.835652e+01
    endloop
  endfacet
  facet normal -1.810550e-03 5.363588e-01 -8.439881e-01
    outer loop
      vertex   2.100000e+02 7.921136e+01 5.763986e+01
      vertex   2.080000e+02 8.033231e+01 5.835652e+01
      vertex   2.100000e+02 8.042149e+01 5.840890e+01
    endloop
  endfacet
  facet normal 1.830644e-03 4.756380e-01 -8.796392e-01
    outer loop
      vertex   2.100000e+02 8.042149e+01 5.840890e+01
      vertex   2.080000e+02 8.033231e+01 5.835652e+01
      vertex   2.080000e+02 8.160655e+01 5.904553e+01
    endloop
  endfacet
  facet normal -1.569124e-03 4.711860e-01 -8.820325e-01
    outer loop
      vertex   2.100000e+02 8.042149e+01 5.840890e+01
      vertex   2.080000e+02 8.160655e+01 5.904553e+01
      vertex   2.100000e+02 8.168617e+01 5.908450e+01
    endloop
  endfacet
  facet normal 1.586347e-03 4.072395e-01 -9.133200e-01
    outer loop
      vertex   2.100000e+02 8.168617e+01 5.908450e+01
      vertex   2.080000e+02 8.160655e+01 5.904553e+01
      vertex   2.080000e+02 8.292958e+01 5.963545e+01
    endloop
  endfacet
  facet normal -1.321957e-03 4.033297e-01 -9.150538e-01
    outer loop
      vertex   2.100000e+02 8.168617e+01 5.908450e+01
      vertex   2.080000e+02 8.292958e+01 5.963545e+01
      vertex   2.100000e+02 8.299820e+01 5.966281e+01
    endloop
  endfacet
  facet normal 1.336309e-03 3.364737e-01 -9.416919e-01
    outer loop
      vertex   2.100000e+02 8.299820e+01 5.966281e+01
      vertex   2.080000e+02 8.292958e+01 5.963545e+01
      vertex   2.080000e+02 8.429370e+01 6.012286e+01
    endloop
  endfacet
  facet normal -1.069048e-03 3.331765e-01 -9.428639e-01
    outer loop
      vertex   2.100000e+02 8.299820e+01 5.966281e+01
      vertex   2.080000e+02 8.429370e+01 6.012286e+01
      vertex   2.100000e+02 8.435010e+01 6.014053e+01
    endloop
  endfacet
  facet normal 1.080529e-03 2.637520e-01 -9.645899e-01
    outer loop
      vertex   2.100000e+02 8.435010e+01 6.014053e+01
      vertex   2.080000e+02 8.429370e+01 6.012286e+01
      vertex   2.080000e+02 8.569100e+01 6.050493e+01
    endloop
  endfacet
  facet normal -8.103975e-04 2.611258e-01 -9.653044e-01
    outer loop
      vertex   2.100000e+02 8.435010e+01 6.014053e+01
      vertex   2.080000e+02 8.569100e+01 6.050493e+01
      vertex   2.100000e+02 8.573418e+01 6.051493e+01
    endloop
  endfacet
  facet normal 8.190086e-04 1.894971e-01 -9.818809e-01
    outer loop
      vertex   2.100000e+02 8.573418e+01 6.051493e+01
      vertex   2.080000e+02 8.569100e+01 6.050493e+01
      vertex   2.080000e+02 8.711334e+01 6.077944e+01
    endloop
  endfacet
  facet normal -5.460059e-04 1.875880e-01 -9.822477e-01
    outer loop
      vertex   2.100000e+02 8.573418e+01 6.051493e+01
      vertex   2.080000e+02 8.711334e+01 6.077944e+01
      vertex   2.100000e+02 8.714255e+01 6.078390e+01
    endloop
  endfacet
  facet normal 5.517465e-04 1.141407e-01 -9.934644e-01
    outer loop
      vertex   2.100000e+02 8.714255e+01 6.078390e+01
      vertex   2.080000e+02 8.711334e+01 6.077944e+01
      vertex   2.080000e+02 8.855246e+01 6.094478e+01
    endloop
  endfacet
  facet normal -2.758733e-04 1.129818e-01 -9.935970e-01
    outer loop
      vertex   2.100000e+02 8.714255e+01 6.078390e+01
      vertex   2.080000e+02 8.855246e+01 6.094478e+01
      vertex   2.100000e+02 8.856720e+01 6.094590e+01
    endloop
  endfacet
  facet normal 2.787436e-04 3.812077e-02 -9.992731e-01
    outer loop
      vertex   2.100000e+02 8.856720e+01 6.094590e+01
      vertex   2.080000e+02 8.855246e+01 6.094478e+01
      vertex   2.080000e+02 9.000000e+01 6.100000e+01
    endloop
  endfacet
  facet normal 0.000000e+00 3.773224e-02 -9.992879e-01
    outer loop
      vertex   2.100000e+02 8.856720e+01 6.094590e+01
      vertex   2.080000e+02 9.000000e+01 6.100000e+01
      vertex   2.100000e+02 9.000000e+01 6.100000e+01
    endloop
  endfacet
  facet normal -0.000000e+00 -3.773224e-02 -9.992879e-01
    outer loop
      vertex   2.100000e+02 9.000000e+01 6.100000e+01
      vertex   2.080000e+02 9.000000e+01 6.100000e+01
      vertex   2.100000e+02 9.143280e+01 6.094590e+01
    endloop
  endfacet
  facet normal 2.787436e-04 -3.812077e-02 -9.992731e-01
    outer loop
      vertex   2.100000e+02 9.143280e+01 6.094590e+01
      vertex   2.080000e+02 9.000000e+01 6.100000e+01
      vertex   2.080000e+02 9.144754e+01 6.094478e+01
    endloop
  endfacet
  facet normal -2.758733e-04 -1.129818e-01 -9.935970e-01
    outer loop
      vertex   2.100000e+02 9.143280e+01 6.094590e+01
      vertex   2.080000e+02 9.144754e+01 6.094478e+01
      vertex   2.100000e+02 9.285745e+01 6.078390e+01
    endloop
  endfacet
  facet normal 5.517465e-04 -1.141407e-01 -9.934644e-01
    outer loop
      vertex   2.100000e+02 9.285745e+01 6.078390e+01
      vertex   2.080000e+02 9.144754e+01 6.094478e+01
      vertex   2.080000e+02 9.288666e+01 6.077944e+01
    endloop
  endfacet
  facet normal -5.460059e-04 -1.875880e-01 -9.822477e-01
    outer loop
      vertex   2.100000e+02 9.285745e+01 6.078390e+01
      vertex   2.080000e+02 9.288666e+01 6.077944e+01
      vertex   2.100000e+02 9.426582e+01 6.051493e+01
    endloop
  endfacet
  facet normal 8.190086e-04 -1.894971e-01 -9.818809e-01
    outer loop
      vertex   2.100000e+02 9.426582e+01 6.051493e+01
      vertex   2.080000e+02 9.288666e+01 6.077944e+01
      vertex   2.080000e+02 9.430900e+01 6.050493e+01
    endloop
  endfacet
  facet normal -8.103975e-04 -2.611258e-01 -9.653044e-01
    outer loop
      vertex   2.100000e+02 9.426582e+01 6.051493e+01
      vertex   2.080000e+02 9.430900e+01 6.050493e+01
      vertex   2.100000e+02 9.564990e+01 6.014053e+01
    endloop
  endfacet
  facet normal 1.080529e-03 -2.637520e-01 -9.645899e-01
    outer loop
      vertex   2.100000e+02 9.564990e+01 6.014053e+01
      vertex   2.080000e+02 9.430900e+01 6.050493e+01
      vertex   2.080000e+02 9.570630e+01 6.012286e+01
    endloop
  endfacet
  facet normal -1.069048e-03 -3.331765e-01 -9.428639e-01
    outer loop
      vertex   2.100000e+02 9.564990e+01 6.014053e+01
      vertex   2.080000e+02 9.570630e+01 6.012286e+01
      vertex   2.100000e+02 9.700180e+01 5.966281e+01
    endloop
  endfacet
  facet normal 1.336309e-03 -3.364737e-01 -9.416919e-01
    outer loop
      vertex   2.100000e+02 9.700180e+01 5.966281e+01
      vertex   2.080000e+02 9.570630e+01 6.012286e+01
      vertex   2.080000e+02 9.707042e+01 5.963545e+01
    endloop
  endfacet
  facet normal -1.321957e-03 -4.033297e-01 -9.150538e-01
    outer loop
      vertex   2.100000e+02 9.700180e+01 5.966281e+01
      vertex   2.080000e+02 9.707042e+01 5.963545e+01
      vertex   2.100000e+02 9.831383e+01 5.908450e+01
    endloop
  endfacet
  facet normal 1.586347e-03 -4.072395e-01 -9.133200e-01
    outer loop
      vertex   2.100000e+02 9.831383e+01 5.908450e+01
      vertex   2.080000e+02 9.707042e+01 5.963545e+01
      vertex   2.080000e+02 9.839345e+01 5.904553e+01
    endloop
  endfacet
  facet normal -1.569124e-03 -4.711860e-01 -8.820325e-01
    outer loop
      vertex   2.100000e+02 9.831383e+01 5.908450e+01
      vertex   2.080000e+02 9.839345e+01 5.904553e+01
      vertex   2.100000e+02 9.957851e+01 5.840890e+01
    endloop
  endfacet
  facet normal 1.830644e-03 -4.756380e-01 -8.796392e-01
    outer loop
      vertex   2.100000e+02 9.957851e+01 5.840890e+01
      vertex   2.080000e+02 9.839345e+01 5.904553e+01
      vertex   2.080000e+02 9.966769e+01 5.835652e+01
    endloop
  endfacet
  facet normal -1.810550e-03 -5.363588e-01 -8.439881e-01
    outer loop
      vertex   2.100000e+02 9.957851e+01 5.840890e+01
      vertex   2.080000e+02 9.966769e+01 5.835652e+01
      vertex   2.100000e+02 1.007886e+02 5.763986e+01
    endloop
  endfacet
  facet normal 2.069198e-03 -5.412716e-01 -8.408452e-01
    outer loop
      vertex   2.100000e+02 1.007886e+02 5.763986e+01
      vertex   2.080000e+02 9.966769e+01 5.835652e+01
      vertex   2.080000e+02 1.008857e+02 5.757244e+01
    endloop
  endfacet
  facet normal -2.046234e-03 -5.984770e-01 -8.011374e-01
    outer loop
      vertex   2.100000e+02 1.007886e+02 5.763986e+01
      vertex   2.080000e+02 1.008857e+02 5.757244e+01
      vertex   2.100000e+02 1.019373e+02 5.678175e+01
    endloop
  endfacet
  facet normal 2.302011e-03 -6.037589e-01 -7.971636e-01
    outer loop
      vertex   2.100000e+02 1.019373e+02 5.678175e+01
      vertex   2.080000e+02 1.008857e+02 5.757244e+01
      vertex   2.080000e+02 1.020405e+02 5.669784e+01
    endloop
  endfacet
  facet normal -2.276176e-03 -6.571869e-01 -7.537242e-01
    outer loop
      vertex   2.100000e+02 1.019373e+02 5.678175e+01
      vertex   2.080000e+02 1.020405e+02 5.669784e+01
      vertex   2.100000e+02 1.030180e+02 5.583945e+01
    endloop
  endfacet
  facet normal 2.529081e-03 -6.627366e-01 -7.488483e-01
    outer loop
      vertex   2.100000e+02 1.030180e+02 5.583945e+01
      vertex   2.080000e+02 1.020405e+02 5.669784e+01
      vertex   2.080000e+02 1.031253e+02 5.573780e+01
    endloop
  endfacet
  facet normal -2.500375e-03 -7.121541e-01 -7.020187e-01
    outer loop
      vertex   2.100000e+02 1.030180e+02 5.583945e+01
      vertex   2.080000e+02 1.031253e+02 5.573780e+01
      vertex   2.100000e+02 1.040246e+02 5.481834e+01
    endloop
  endfacet
  facet normal 2.750410e-03 -7.178619e-01 -6.961801e-01
    outer loop
      vertex   2.100000e+02 1.040246e+02 5.481834e+01
      vertex   2.080000e+02 1.031253e+02 5.573780e+01
      vertex   2.080000e+02 1.041338e+02 5.469791e+01
    endloop
  endfacet
  facet normal -2.718833e-03 -7.630656e-01 -6.463153e-01
    outer loop
      vertex   2.100000e+02 1.040246e+02 5.481834e+01
      vertex   2.080000e+02 1.041338e+02 5.469791e+01
      vertex   2.100000e+02 1.049513e+02 5.372424e+01
    endloop
  endfacet
  facet normal 2.965995e-03 -7.688143e-01 -6.394653e-01
    outer loop
      vertex   2.100000e+02 1.049513e+02 5.372424e+01
      vertex   2.080000e+02 1.041338e+02 5.469791e+01
      vertex   2.080000e+02 1.050601e+02 5.358421e+01
    endloop
  endfacet
  facet normal -2.931547e-03 -8.096315e-01 -5.869313e-01
    outer loop
      vertex   2.100000e+02 1.049513e+02 5.372424e+01
      vertex   2.080000e+02 1.050601e+02 5.358421e+01
      vertex   2.100000e+02 1.057929e+02 5.256336e+01
    endloop
  endfacet
  facet normal 3.175839e-03 -8.152977e-01 -5.790334e-01
    outer loop
      vertex   2.100000e+02 1.057929e+02 5.256336e+01
      vertex   2.080000e+02 1.050601e+02 5.358421e+01
      vertex   2.080000e+02 1.058989e+02 5.240317e+01
    endloop
  endfacet
  facet normal -3.138519e-03 -8.515865e-01 -5.242048e-01
    outer loop
      vertex   2.100000e+02 1.057929e+02 5.256336e+01
      vertex   2.080000e+02 1.058989e+02 5.240317e+01
      vertex   2.100000e+02 1.065445e+02 5.134233e+01
    endloop
  endfacet
  facet normal 3.379939e-03 -8.570418e-01 -5.152358e-01
    outer loop
      vertex   2.100000e+02 1.065445e+02 5.134233e+01
      vertex   2.080000e+02 1.058989e+02 5.240317e+01
      vertex   2.080000e+02 1.066452e+02 5.116167e+01
    endloop
  endfacet
  facet normal -3.339749e-03 -8.886917e-01 -4.584931e-01
    outer loop
      vertex   2.100000e+02 1.065445e+02 5.134233e+01
      vertex   2.080000e+02 1.066452e+02 5.116167e+01
      vertex   2.100000e+02 1.072019e+02 5.006810e+01
    endloop
  endfacet
  facet normal 3.578297e-03 -8.938041e-01 -4.484433e-01
    outer loop
      vertex   2.100000e+02 1.072019e+02 5.006810e+01
      vertex   2.080000e+02 1.066452e+02 5.116167e+01
      vertex   2.080000e+02 1.072949e+02 4.986690e+01
    endloop
  endfacet
  facet normal -3.535235e-03 -9.207359e-01 -3.901704e-01
    outer loop
      vertex   2.100000e+02 1.072019e+02 5.006810e+01
      vertex   2.080000e+02 1.072949e+02 4.986690e+01
      vertex   2.100000e+02 1.077614e+02 4.874791e+01
    endloop
  endfacet
  facet normal 3.770912e-03 -9.253709e-01 -3.790442e-01
    outer loop
      vertex   2.100000e+02 1.077614e+02 4.874791e+01
      vertex   2.080000e+02 1.072949e+02 4.986690e+01
      vertex   2.080000e+02 1.078439e+02 4.852641e+01
    endloop
  endfacet
  facet normal -3.724979e-03 -9.475365e-01 -3.196258e-01
    outer loop
      vertex   2.100000e+02 1.077614e+02 4.874791e+01
      vertex   2.080000e+02 1.078439e+02 4.852641e+01
      vertex   2.100000e+02 1.082196e+02 4.738930e+01
    endloop
  endfacet
  facet normal 3.957783e-03 -9.515586e-01 -3.074419e-01
    outer loop
      vertex   2.100000e+02 1.082196e+02 4.738930e+01
      vertex   2.080000e+02 1.078439e+02 4.852641e+01
      vertex   2.080000e+02 1.082893e+02 4.714798e+01
    endloop
  endfacet
  facet normal -4.283999e-03 -9.696740e-01 -2.443646e-01
    outer loop
      vertex   2.100000e+02 1.082196e+02 4.738930e+01
      vertex   2.080000e+02 1.082893e+02 4.714798e+01
      vertex   2.090000e+02 1.085742e+02 4.600000e+01
    endloop
  endfacet
  facet normal 8.277611e-03 -9.721901e-01 -2.340466e-01
    outer loop
      vertex   2.090000e+02 1.085742e+02 4.600000e+01
      vertex   2.080000e+02 1.082893e+02 4.714798e+01
      vertex   2.080000e+02 1.086283e+02 4.573963e+01
    endloop
  endfacet
  facet normal -7.539270e-03 -9.843904e-01 -1.758371e-01
    outer loop
      vertex   2.090000e+02 1.085742e+02 4.600000e+01
      vertex   2.080000e+02 1.086283e+02 4.573963e+01
      vertex   2.090000e+02 1.088103e+02 4.467782e+01
    endloop
  endfacet
  facet normal 1.053129e-02 -9.871748e-01 -1.592957e-01
    outer loop
      vertex   2.090000e+02 1.088103e+02 4.467782e+01
      vertex   2.080000e+02 1.086283e+02 4.573963e+01
      vertex   2.080000e+02 1.088591e+02 4.430954e+01
    endloop
  endfacet
  facet normal -9.499876e-03 -9.943364e-01 -1.058532e-01
    outer loop
      vertex   2.090000e+02 1.088103e+02 4.467782e+01
      vertex   2.080000e+02 1.088591e+02 4.430954e+01
      vertex   2.090000e+02 1.089525e+02 4.334227e+01
    endloop
  endfacet
  facet normal 1.219861e-02 -9.964229e-01 -8.362208e-02
    outer loop
      vertex   2.090000e+02 1.089525e+02 4.334227e+01
      vertex   2.080000e+02 1.088591e+02 4.430954e+01
      vertex   2.080000e+02 1.089803e+02 4.286603e+01
    endloop
  endfacet
  facet normal -1.087413e-02 -9.993161e-01 -3.534277e-02
    outer loop
      vertex   2.090000e+02 1.089525e+02 4.334227e+01
      vertex   2.080000e+02 1.089803e+02 4.286603e+01
      vertex   2.090000e+02 1.090000e+02 4.200000e+01
    endloop
  endfacet
  facet normal -0.000000e+00 -9.997401e-01 -2.279607e-02
    outer loop
      vertex   2.090000e+02 1.090000e+02 4.200000e+01
      vertex   2.080000e+02 1.089803e+02 4.286603e+01
      vertex   2.085000e+02 1.090000e+02 4.200000e+01
    endloop
  endfacet
  facet normal 0.000000e+00 -9.689484e-01 -2.472630e-01
    outer loop
      vertex   2.090000e+02 1.085742e+02 4.600000e+01
      vertex   2.100000e+02 1.085742e+02 4.600000e+01
      vertex   2.100000e+02 1.082196e+02 4.738930e+01
    endloop
  endfacet
  facet normal 0.000000e+00 9.961947e-01 -8.715574e-02
    outer loop
      vertex   2.080000e+02 7.242431e+01 5.827784e+01
      vertex   2.100000e+02 7.242431e+01 5.827784e+01
      vertex   2.080000e+02 7.240000e+01 5.800000e+01
    endloop
  endfacet
  facet normal 0.000000e+00 9.961947e-01 -8.715574e-02
    outer loop
      vertex   2.080000e+02 7.240000e+01 5.800000e+01
      vertex   2.100000e+02 7.242431e+01 5.827784e+01
      vertex   2.100000e+02 7.240000e+01 5.800000e+01
    endloop
  endfacet
  facet normal -0.000000e+00 9.961947e-01 8.715574e-02
    outer loop
      vertex   2.080000e+02 7.240000e+01 5.800000e+01
      vertex   2.100000e+02 7.240000e+01 5.800000e+01
      vertex   2.080000e+02 7.242431e+01 5.772216e+01
    endloop
  endfacet
  facet normal -0.000000e+00 9.961947e-01 8.715574e-02
    outer loop
      vertex   2.080000e+02 7.242431e+01 5.772216e+01
      vertex   2.100000e+02 7.240000e+01 5.800000e+01
      vertex   2.100000e+02 7.242431e+01 5.772216e+01
    endloop
  endfacet
  facet normal -0.000000e+00 9.659258e-01 2.588190e-01
    outer loop
      vertex   2.080000e+02 7.242431e+01 5.772216e+01
      vertex   2.100000e+02 7.242431e+01 5.772216e+01
      vertex   2.080000e+02 7.249649e+01 5.745277e+01
    endloop
  endfacet
  facet normal 9.195100e-16 9.659258e-01 2.588190e-01
    outer loop
      vertex   2.080000e+02 7.249649e+01 5.745277e+01
      vertex   2.100000e+02 7.242431e+01 5.772216e+01
      vertex   2.100000e+02 7.249649e+01 5.745277e+01
    endloop
  endfacet
  facet normal 1.501442e-15 9.063078e-01 4.226183e-01
    outer loop
      vertex   2.080000e+02 7.249649e+01 5.745277e+01
      vertex   2.100000e+02 7.249649e+01 5.745277e+01
      vertex   2.080000e+02 7.261436e+01 5.720000e+01
    endloop
  endfacet
  facet normal -0.000000e+00 9.063078e-01 4.226183e-01
    outer loop
      vertex   2.080000e+02 7.261436e+01 5.720000e+01
      vertex   2.100000e+02 7.249649e+01 5.745277e+01
      vertex   2.100000e+02 7.261436e+01 5.720000e+01
    endloop
  endfacet
  facet normal -0.000000e+00 8.191520e-01 5.735764e-01
    outer loop
      vertex   2.080000e+02 7.261436e+01 5.720000e+01
      vertex   2.100000e+02 7.261436e+01 5.720000e+01
      vertex   2.080000e+02 7.277433e+01 5.697154e+01
    endloop
  endfacet
  facet normal -0.000000e+00 8.191520e-01 5.735764e-01
    outer loop
      vertex   2.080000e+02 7.277433e+01 5.697154e+01
      vertex   2.100000e+02 7.261436e+01 5.720000e+01
      vertex   2.100000e+02 7.277433e+01 5.697154e+01
    endloop
  endfacet
  facet normal -0.000000e+00 7.071068e-01 7.071068e-01
    outer loop
      vertex   2.080000e+02 7.277433e+01 5.697154e+01
      vertex   2.100000e+02 7.277433e+01 5.697154e+01
      vertex   2.080000e+02 7.297154e+01 5.677433e+01
    endloop
  endfacet
  facet normal -0.000000e+00 7.071068e-01 7.071068e-01
    outer loop
      vertex   2.080000e+02 7.297154e+01 5.677433e+01
      vertex   2.100000e+02 7.277433e+01 5.697154e+01
      vertex   2.100000e+02 7.297154e+01 5.677433e+01
    endloop
  endfacet
  facet normal -0.000000e+00 5.735764e-01 8.191520e-01
    outer loop
      vertex   2.080000e+02 7.297154e+01 5.677433e+01
      vertex   2.100000e+02 7.297154e+01 5.677433e+01
      vertex   2.080000e+02 7.320000e+01 5.661436e+01
    endloop
  endfacet
  facet normal -0.000000e+00 5.735764e-01 8.191520e-01
    outer loop
      vertex   2.080000e+02 7.320000e+01 5.661436e+01
      vertex   2.100000e+02 7.297154e+01 5.677433e+01
      vertex   2.100000e+02 7.320000e+01 5.661436e+01
    endloop
  endfacet
  facet normal -0.000000e+00 4.226183e-01 9.063078e-01
    outer loop
      vertex   2.080000e+02 7.320000e+01 5.661436e+01
      vertex   2.100000e+02 7.320000e+01 5.661436e+01
      vertex   2.080000e+02 7.345277e+01 5.649649e+01
    endloop
  endfacet
  facet normal -0.000000e+00 4.226183e-01 9.063078e-01
    outer loop
      vertex   2.080000e+02 7.345277e+01 5.649649e+01
      vertex   2.100000e+02 7.320000e+01 5.661436e+01
      vertex   2.100000e+02 7.345277e+01 5.649649e+01
    endloop
  endfacet
  facet normal -0.000000e+00 2.588190e-01 9.659258e-01
    outer loop
      vertex   2.080000e+02 7.345277e+01 5.649649e+01
      vertex   2.100000e+02 7.345277e+01 5.649649e+01
      vertex   2.080000e+02 7.372216e+01 5.642431e+01
    endloop
  endfacet
  facet normal -0.000000e+00 2.588190e-01 9.659258e-01
    outer loop
      vertex   2.080000e+02 7.372216e+01 5.642431e+01
      vertex   2.100000e+02 7.345277e+01 5.649649e+01
      vertex   2.100000e+02 7.372216e+01 5.642431e+01
    endloop
  endfacet
  facet normal -0.000000e+00 8.715574e-02 9.961947e-01
    outer loop
      vertex   2.080000e+02 7.372216e+01 5.642431e+01
      vertex   2.100000e+02 7.372216e+01 5.642431e+01
      vertex   2.080000e+02 7.400000e+01 5.640000e+01
    endloop
  endfacet
  facet normal -0.000000e+00 8.715574e-02 9.961947e-01
    outer loop
      vertex   2.080000e+02 7.400000e+01 5.640000e+01
      vertex   2.100000e+02 7.372216e+01 5.642431e+01
      vertex   2.100000e+02 7.400000e+01 5.640000e+01
    endloop
  endfacet
  facet normal 0.000000e+00 -8.715574e-02 9.961947e-01
    outer loop
      vertex   2.080000e+02 7.400000e+01 5.640000e+01
      vertex   2.100000e+02 7.400000e+01 5.640000e+01
      vertex   2.080000e+02 7.427784e+01 5.642431e+01
    endloop
  endfacet
  facet normal 0.000000e+00 -8.715574e-02 9.961947e-01
    outer loop
      vertex   2.080000e+02 7.427784e+01 5.642431e+01
      vertex   2.100000e+02 7.400000e+01 5.640000e+01
      vertex   2.100000e+02 7.427784e+01 5.642431e+01
    endloop
  endfacet
  facet normal 0.000000e+00 -2.588190e-01 9.659258e-01
    outer loop
      vertex   2.080000e+02 7.427784e+01 5.642431e+01
      vertex   2.100000e+02 7.427784e+01 5.642431e+01
      vertex   2.080000e+02 7.454723e+01 5.649649e+01
    endloop
  endfacet
  facet normal 0.000000e+00 -2.588190e-01 9.659258e-01
    outer loop
      vertex   2.080000e+02 7.454723e+01 5.649649e+01
      vertex   2.100000e+02 7.427784e+01 5.642431e+01
      vertex   2.100000e+02 7.454723e+01 5.649649e+01
    endloop
  endfacet
  facet normal 0.000000e+00 -4.226183e-01 9.063078e-01
    outer loop
      vertex   2.080000e+02 7.454723e+01 5.649649e+01
      vertex   2.100000e+02 7.454723e+01 5.649649e+01
      vertex   2.080000e+02 7.480000e+01 5.661436e+01
    endloop
  endfacet
  facet normal 0.000000e+00 -4.226183e-01 9.063078e-01
    outer loop
      vertex   2.080000e+02 7.480000e+01 5.661436e+01
      vertex   2.100000e+02 7.454723e+01 5.649649e+01
      vertex   2.100000e+02 7.480000e+01 5.661436e+01
    endloop
  endfacet
  facet normal 0.000000e+00 -5.735764e-01 8.191520e-01
    outer loop
      vertex   2.080000e+02 7.480000e+01 5.661436e+01
      vertex   2.100000e+02 7.480000e+01 5.661436e+01
      vertex   2.080000e+02 7.502846e+01 5.677433e+01
    endloop
  endfacet
  facet normal 0.000000e+00 -5.735764e-01 8.191520e-01
    outer loop
      vertex   2.080000e+02 7.502846e+01 5.677433e+01
      vertex   2.100000e+02 7.480000e+01 5.661436e+01
      vertex   2.100000e+02 7.502846e+01 5.677433e+01
    endloop
  endfacet
  facet normal 0.000000e+00 -7.071068e-01 7.071068e-01
    outer loop
      vertex   2.080000e+02 7.502846e+01 5.677433e+01
      vertex   2.100000e+02 7.502846e+01 5.677433e+01
      vertex   2.080000e+02 7.522567e+01 5.697154e+01
    endloop
  endfacet
  facet normal 0.000000e+00 -7.071068e-01 7.071068e-01
    outer loop
      vertex   2.080000e+02 7.522567e+01 5.697154e+01
      vertex   2.100000e+02 7.502846e+01 5.677433e+01
      vertex   2.100000e+02 7.522567e+01 5.697154e+01
    endloop
  endfacet
  facet normal 0.000000e+00 -8.191520e-01 5.735764e-01
    outer loop
      vertex   2.080000e+02 7.522567e+01 5.697154e+01
      vertex   2.100000e+02 7.522567e+01 5.697154e+01
      vertex   2.080000e+02 7.538564e+01 5.720000e+01
    endloop
  endfacet
  facet normal 0.000000e+00 -8.191520e-01 5.735764e-01
    outer loop
      vertex   2.080000e+02 7.538564e+01 5.720000e+01
      vertex   2.100000e+02 7.522567e+01 5.697154e+01
      vertex   2.100000e+02 7.538564e+01 5.720000e+01
    endloop
  endfacet
  facet normal 0.000000e+00 -9.063078e-01 4.226183e-01
    outer loop
      vertex   2.080000e+02 7.538564e+01 5.720000e+01
      vertex   2.100000e+02 7.538564e+01 5.720000e+01
      vertex   2.080000e+02 7.550351e+01 5.745277e+01
    endloop
  endfacet
  facet normal 0.000000e+00 -9.063078e-01 4.226183e-01
    outer loop
      vertex   2.080000e+02 7.550351e+01 5.745277e+01
      vertex   2.100000e+02 7.538564e+01 5.720000e+01
      vertex   2.100000e+02 7.550351e+01 5.745277e+01
    endloop
  endfacet
  facet normal 0.000000e+00 -9.659258e-01 2.588190e-01
    outer loop
      vertex   2.080000e+02 7.550351e+01 5.745277e+01
      vertex   2.100000e+02 7.550351e+01 5.745277e+01
      vertex   2.080000e+02 7.557569e+01 5.772216e+01
    endloop
  endfacet
  facet normal 0.000000e+00 -9.659258e-01 2.588190e-01
    outer loop
      vertex   2.080000e+02 7.557569e+01 5.772216e+01
      vertex   2.100000e+02 7.550351e+01 5.745277e+01
      vertex   2.100000e+02 7.557569e+01 5.772216e+01
    endloop
  endfacet
  facet normal 0.000000e+00 -9.961947e-01 8.715574e-02
    outer loop
      vertex   2.080000e+02 7.557569e+01 5.772216e+01
      vertex   2.100000e+02 7.557569e+01 5.772216e+01
      vertex   2.080000e+02 7.560000e+01 5.800000e+01
    endloop
  endfacet
  facet normal 0.000000e+00 -9.961947e-01 8.715574e-02
    outer loop
      vertex   2.080000e+02 7.560000e+01 5.800000e+01
      vertex   2.100000e+02 7.557569e+01 5.772216e+01
      vertex   2.100000e+02 7.560000e+01 5.800000e+01
    endloop
  endfacet
  facet normal 0.000000e+00 -9.961947e-01 -8.715574e-02
    outer loop
      vertex   2.080000e+02 7.560000e+01 5.800000e+01
      vertex   2.100000e+02 7.560000e+01 5.800000e+01
      vertex   2.080000e+02 7.557569e+01 5.827784e+01
    endloop
  endfacet
  facet normal 0.000000e+00 -9.961947e-01 -8.715574e-02
    outer loop
      vertex   2.080000e+02 7.557569e+01 5.827784e+01
      vertex   2.100000e+02 7.560000e+01 5.800000e+01
      vertex   2.100000e+02 7.557569e+01 5.827784e+01
    endloop
  endfacet
  facet normal 0.000000e+00 -9.659258e-01 -2.588190e-01
    outer loop
      vertex   2.080000e+02 7.557569e+01 5.827784e+01
      vertex   2.100000e+02 7.557569e+01 5.827784e+01
      vertex   2.080000e+02 7.550351e+01 5.854723e+01
    endloop
  endfacet
  facet normal 0.000000e+00 -9.659258e-01 -2.588190e-01
    outer loop
      vertex   2.080000e+02 7.550351e+01 5.854723e+01
      vertex   2.100000e+02 7.557569e+01 5.827784e+01
      vertex   2.100000e+02 7.550351e+01 5.854723e+01
    endloop
  endfacet
  facet normal 0.000000e+00 -9.063078e-01 -4.226183e-01
    outer loop
      vertex   2.080000e+02 7.550351e+01 5.854723e+01
      vertex   2.100000e+02 7.550351e+01 5.854723e+01
      vertex   2.080000e+02 7.538564e+01 5.880000e+01
    endloop
  endfacet
  facet normal 0.000000e+00 -9.063078e-01 -4.226183e-01
    outer loop
      vertex   2.080000e+02 7.538564e+01 5.880000e+01
      vertex   2.100000e+02 7.550351e+01 5.854723e+01
      vertex   2.100000e+02 7.538564e+01 5.880000e+01
    endloop
  endfacet
  facet normal 0.000000e+00 -8.191520e-01 -5.735764e-01
    outer loop
      vertex   2.080000e+02 7.538564e+01 5.880000e+01
      vertex   2.100000e+02 7.538564e+01 5.880000e+01
      vertex   2.080000e+02 7.522567e+01 5.902846e+01
    endloop
  endfacet
  facet normal 0.000000e+00 -8.191520e-01 -5.735764e-01
    outer loop
      vertex   2.080000e+02 7.522567e+01 5.902846e+01
      vertex   2.100000e+02 7.538564e+01 5.880000e+01
      vertex   2.100000e+02 7.522567e+01 5.902846e+01
    endloop
  endfacet
  facet normal 0.000000e+00 -7.071068e-01 -7.071068e-01
    outer loop
      vertex   2.080000e+02 7.522567e+01 5.902846e+01
      vertex   2.100000e+02 7.522567e+01 5.902846e+01
      vertex   2.080000e+02 7.502846e+01 5.922567e+01
    endloop
  endfacet
  facet normal 0.000000e+00 -7.071068e-01 -7.071068e-01
    outer loop
      vertex   2.080000e+02 7.502846e+01 5.922567e+01
      vertex   2.100000e+02 7.522567e+01 5.902846e+01
      vertex   2.100000e+02 7.502846e+01 5.922567e+01
    endloop
  endfacet
  facet normal 0.000000e+00 -5.735764e-01 -8.191520e-01
    outer loop
      vertex   2.080000e+02 7.502846e+01 5.922567e+01
      vertex   2.100000e+02 7.502846e+01 5.922567e+01
      vertex   2.080000e+02 7.480000e+01 5.938564e+01
    endloop
  endfacet
  facet normal 0.000000e+00 -5.735764e-01 -8.191520e-01
    outer loop
      vertex   2.080000e+02 7.480000e+01 5.938564e+01
      vertex   2.100000e+02 7.502846e+01 5.922567e+01
      vertex   2.100000e+02 7.480000e+01 5.938564e+01
    endloop
  endfacet
  facet normal 0.000000e+00 -4.226183e-01 -9.063078e-01
    outer loop
      vertex   2.080000e+02 7.480000e+01 5.938564e+01
      vertex   2.100000e+02 7.480000e+01 5.938564e+01
      vertex   2.080000e+02 7.454723e+01 5.950351e+01
    endloop
  endfacet
  facet normal 0.000000e+00 -4.226183e-01 -9.063078e-01
    outer loop
      vertex   2.080000e+02 7.454723e+01 5.950351e+01
      vertex   2.100000e+02 7.480000e+01 5.938564e+01
      vertex   2.100000e+02 7.454723e+01 5.950351e+01
    endloop
  endfacet
  facet normal 0.000000e+00 -2.588190e-01 -9.659258e-01
    outer loop
      vertex   2.080000e+02 7.454723e+01 5.950351e+01
      vertex   2.100000e+02 7.454723e+01 5.950351e+01
      vertex   2.080000e+02 7.427784e+01 5.957569e+01
    endloop
  endfacet
  facet normal 0.000000e+00 -2.588190e-01 -9.659258e-01
    outer loop
      vertex   2.080000e+02 7.427784e+01 5.957569e+01
      vertex   2.100000e+02 7.454723e+01 5.950351e+01
      vertex   2.100000e+02 7.427784e+01 5.957569e+01
    endloop
  endfacet
  facet normal 0.000000e+00 -8.715574e-02 -9.961947e-01
    outer loop
      vertex   2.080000e+02 7.427784e+01 5.957569e+01
      vertex   2.100000e+02 7.427784e+01 5.957569e+01
      vertex   2.080000e+02 7.400000e+01 5.960000e+01
    endloop
  endfacet
  facet normal 0.000000e+00 -8.715574e-02 -9.961947e-01
    outer loop
      vertex   2.080000e+02 7.400000e+01 5.960000e+01
      vertex   2.100000e+02 7.427784e+01 5.957569e+01
      vertex   2.100000e+02 7.400000e+01 5.960000e+01
    endloop
  endfacet
  facet normal 0.000000e+00 8.715574e-02 -9.961947e-01
    outer loop
      vertex   2.080000e+02 7.400000e+01 5.960000e+01
      vertex   2.100000e+02 7.400000e+01 5.960000e+01
      vertex   2.080000e+02 7.372216e+01 5.957569e+01
    endloop
  endfacet
  facet normal 0.000000e+00 8.715574e-02 -9.961947e-01
    outer loop
      vertex   2.080000e+02 7.372216e+01 5.957569e+01
      vertex   2.100000e+02 7.400000e+01 5.960000e+01
      vertex   2.100000e+02 7.372216e+01 5.957569e+01
    endloop
  endfacet
  facet normal 0.000000e+00 2.588190e-01 -9.659258e-01
    outer loop
      vertex   2.080000e+02 7.372216e+01 5.957569e+01
      vertex   2.100000e+02 7.372216e+01 5.957569e+01
      vertex   2.080000e+02 7.345277e+01 5.950351e+01
    endloop
  endfacet
  facet normal 0.000000e+00 2.588190e-01 -9.659258e-01
    outer loop
      vertex   2.080000e+02 7.345277e+01 5.950351e+01
      vertex   2.100000e+02 7.372216e+01 5.957569e+01
      vertex   2.100000e+02 7.345277e+01 5.950351e+01
    endloop
  endfacet
  facet normal 0.000000e+00 4.226183e-01 -9.063078e-01
    outer loop
      vertex   2.080000e+02 7.345277e+01 5.950351e+01
      vertex   2.100000e+02 7.345277e+01 5.950351e+01
      vertex   2.080000e+02 7.320000e+01 5.938564e+01
    endloop
  endfacet
  facet normal 0.000000e+00 4.226183e-01 -9.063078e-01
    outer loop
      vertex   2.080000e+02 7.320000e+01 5.938564e+01
      vertex   2.100000e+02 7.345277e+01 5.950351e+01
      vertex   2.100000e+02 7.320000e+01 5.938564e+01
    endloop
  endfacet
  facet normal 0.000000e+00 5.735764e-01 -8.191520e-01
    outer loop
      vertex   2.080000e+02 7.320000e+01 5.938564e+01
      vertex   2.100000e+02 7.320000e+01 5.938564e+01
      vertex   2.080000e+02 7.297154e+01 5.922567e+01
    endloop
  endfacet
  facet normal 0.000000e+00 5.735764e-01 -8.191520e-01
    outer loop
      vertex   2.080000e+02 7.297154e+01 5.922567e+01
      vertex   2.100000e+02 7.320000e+01 5.938564e+01
      vertex   2.100000e+02 7.297154e+01 5.922567e+01
    endloop
  endfacet
  facet normal 0.000000e+00 7.071068e-01 -7.071068e-01
    outer loop
      vertex   2.080000e+02 7.297154e+01 5.922567e+01
      vertex   2.100000e+02 7.297154e+01 5.922567e+01
      vertex   2.080000e+02 7.277433e+01 5.902846e+01
    endloop
  endfacet
  facet normal 0.000000e+00 7.071068e-01 -7.071068e-01
    outer loop
      vertex   2.080000e+02 7.277433e+01 5.902846e+01
      vertex   2.100000e+02 7.297154e+01 5.922567e+01
      vertex   2.100000e+02 7.277433e+01 5.902846e+01
    endloop
  endfacet
  facet normal 0.000000e+00 8.191520e-01 -5.735764e-01
    outer loop
      vertex   2.080000e+02 7.277433e+01 5.902846e+01
      vertex   2.100000e+02 7.277433e+01 5.902846e+01
      vertex   2.080000e+02 7.261436e+01 5.880000e+01
    endloop
  endfacet
  facet normal 0.000000e+00 8.191520e-01 -5.735764e-01
    outer loop
      vertex   2.080000e+02 7.261436e+01 5.880000e+01
      vertex   2.100000e+02 7.277433e+01 5.902846e+01
      vertex   2.100000e+02 7.261436e+01 5.880000e+01
    endloop
  endfacet
  facet normal 0.000000e+00 9.063078e-01 -4.226183e-01
    outer loop
      vertex   2.080000e+02 7.261436e+01 5.880000e+01
      vertex   2.100000e+02 7.261436e+01 5.880000e+01
      vertex   2.080000e+02 7.249649e+01 5.854723e+01
    endloop
  endfacet
  facet normal -1.501442e-15 9.063078e-01 -4.226183e-01
    outer loop
      vertex   2.080000e+02 7.249649e+01 5.854723e+01
      vertex   2.100000e+02 7.261436e+01 5.880000e+01
      vertex   2.100000e+02 7.249649e+01 5.854723e+01
    endloop
  endfacet
  facet normal -9.195100e-16 9.659258e-01 -2.588190e-01
    outer loop
      vertex   2.080000e+02 7.249649e+01 5.854723e+01
      vertex   2.100000e+02 7.249649e+01 5.854723e+01
      vertex   2.080000e+02 7.242431e+01 5.827784e+01
    endloop
  endfacet
  facet normal 0.000000e+00 9.659258e-01 -2.588190e-01
    outer loop
      vertex   2.080000e+02 7.242431e+01 5.827784e+01
      vertex   2.100000e+02 7.249649e+01 5.854723e+01
      vertex   2.100000e+02 7.242431e+01 5.827784e+01
    endloop
  endfacet
  facet normal 0.000000e+00 0.000000e+00 -1.000000e+00
    outer loop
      vertex   2.100000e+02 1.085742e+02 4.600000e+01
      vertex   2.090000e+02 1.085742e+02 4.600000e+01
      vertex   2.100000e+02 1.800000e+02 4.600000e+01
    endloop
  endfacet
  facet normal -0.000000e+00 0.000000e+00 -1.000000e+00
    outer loop
      vertex   2.100000e+02 1.800000e+02 4.600000e+01
      vertex   2.090000e+02 1.085742e+02 4.600000e+01
      vertex   2.090000e+02 1.800000e+02 4.600000e+01
    endloop
  endfacet
  facet normal 1.000000e+00 0.000000e+00 -9.888229e-13
    outer loop
      vertex   2.090000e+02 1.085742e+02 4.600000e+01
      vertex   2.090000e+02 1.088103e+02 4.467782e+01
      vertex   2.090000e+02 1.800000e+02 4.600000e+01
    endloop
  endfacet
  facet normal 1.000000e+00 -2.740134e-14 4.865408e-13
    outer loop
      vertex   2.090000e+02 1.800000e+02 4.600000e+01
      vertex   2.090000e+02 1.088103e+02 4.467782e+01
      vertex   2.090000e+02 1.089525e+02 4.334227e+01
    endloop
  endfacet
  facet normal 1.000000e+00 -2.727521e-14 4.831691e-13
    outer loop
      vertex   2.090000e+02 1.800000e+02 4.600000e+01
      vertex   2.090000e+02 1.089525e+02 4.334227e+01
      vertex   2.090000e+02 1.800000e+02 4.200000e+01
    endloop
  endfacet
  facet normal 1.000000e+00 0.000000e+00 1.926874e-12
    outer loop
      vertex   2.090000e+02 1.800000e+02 4.200000e+01
      vertex   2.090000e+02 1.089525e+02 4.334227e+01
      vertex   2.090000e+02 1.090000e+02 4.200000e+01
    endloop
  endfacet
  facet normal 0.000000e+00 0.000000e+00 -1.000000e+00
    outer loop
      vertex   2.090000e+02 1.090000e+02 4.200000e+01
      vertex   2.085000e+02 1.090000e+02 4.200000e+01
      vertex   2.090000e+02 1.800000e+02 4.200000e+01
    endloop
  endfacet
  facet normal -0.000000e+00 0.000000e+00 -1.000000e+00
    outer loop
      vertex   2.090000e+02 1.800000e+02 4.200000e+01
      vertex   2.085000e+02 1.090000e+02 4.200000e+01
      vertex   2.085000e+02 1.800000e+02 4.200000e+01
    endloop
  endfacet
  facet normal -8.660254e-01 0.000000e+00 -5.000000e-01
    outer loop
      vertex   2.080000e+02 1.089803e+02 4.286603e+01
      vertex   2.080000e+02 1.800000e+02 4.286603e+01
      vertex   2.085000e+02 1.090000e+02 4.200000e+01
    endloop
  endfacet
  facet normal -8.660254e-01 0.000000e+00 -5.000000e-01
    outer loop
      vertex   2.085000e+02 1.090000e+02 4.200000e+01
      vertex   2.080000e+02 1.800000e+02 4.286603e+01
      vertex   2.085000e+02 1.800000e+02 4.200000e+01
    endloop
  endfacet
  facet normal 1.000000e+00 1.193758e-14 7.947977e-13
    outer loop
      vertex   2.100000e+02 7.142582e+01 4.600000e+01
      vertex   2.100000e+02 7.178036e+01 4.738930e+01
      vertex   2.100000e+02 0.000000e+00 4.600000e+01
    endloop
  endfacet
  facet normal 1.000000e+00 2.627768e-14 5.389498e-14
    outer loop
      vertex   2.100000e+02 0.000000e+00 4.600000e+01
      vertex   2.100000e+02 7.178036e+01 4.738930e+01
      vertex   2.100000e+02 7.223865e+01 4.874791e+01
    endloop
  endfacet
  facet normal 1.000000e+00 2.712722e-14 3.156184e-14
    outer loop
      vertex   2.100000e+02 0.000000e+00 4.600000e+01
      vertex   2.100000e+02 7.223865e+01 4.874791e+01
      vertex   2.100000e+02 7.279809e+01 5.006810e+01
    endloop
  endfacet
  facet normal 1.000000e+00 2.589830e-14 5.355331e-14
    outer loop
      vertex   2.100000e+02 7.279809e+01 5.006810e+01
      vertex   2.100000e+02 7.345549e+01 5.134233e+01
      vertex   2.100000e+02 0.000000e+00 4.600000e+01
    endloop
  endfacet
  facet normal 1.000000e+00 2.764502e-14 2.953635e-14
    outer loop
      vertex   2.100000e+02 0.000000e+00 4.600000e+01
      vertex   2.100000e+02 7.345549e+01 5.134233e+01
      vertex   2.100000e+02 7.420711e+01 5.256336e+01
    endloop
  endfacet
  facet normal 1.000000e+00 3.001658e-14 2.722901e-15
    outer loop
      vertex   2.100000e+02 0.000000e+00 4.600000e+01
      vertex   2.100000e+02 7.420711e+01 5.256336e+01
      vertex   2.100000e+02 7.504867e+01 5.372424e+01
    endloop
  endfacet
  facet normal 1.000000e+00 2.205236e-13 -1.088519e-13
    outer loop
      vertex   2.100000e+02 7.597538e+01 5.481834e+01
      vertex   2.100000e+02 7.345277e+01 5.649649e+01
      vertex   2.100000e+02 7.504867e+01 5.372424e+01
    endloop
  endfacet
  facet normal 1.000000e+00 -1.503028e-13 -3.223255e-13
    outer loop
      vertex   2.100000e+02 7.504867e+01 5.372424e+01
      vertex   2.100000e+02 7.345277e+01 5.649649e+01
      vertex   2.100000e+02 7.320000e+01 5.661436e+01
    endloop
  endfacet
  facet normal 1.000000e+00 5.026705e-14 -1.940306e-13
    outer loop
      vertex   2.100000e+02 7.504867e+01 5.372424e+01
      vertex   2.100000e+02 7.320000e+01 5.661436e+01
      vertex   2.100000e+02 0.000000e+00 4.600000e+01
    endloop
  endfacet
  facet normal 1.000000e+00 1.833474e-14 2.618473e-14
    outer loop
      vertex   2.100000e+02 0.000000e+00 4.600000e+01
      vertex   2.100000e+02 7.320000e+01 5.661436e+01
      vertex   2.100000e+02 7.297154e+01 5.677433e+01
    endloop
  endfacet
  facet normal 1.000000e+00 1.934468e-14 1.934468e-14
    outer loop
      vertex   2.100000e+02 0.000000e+00 4.600000e+01
      vertex   2.100000e+02 7.297154e+01 5.677433e+01
      vertex   2.100000e+02 7.277433e+01 5.697154e+01
    endloop
  endfacet
  facet normal 1.000000e+00 2.215260e-13 -1.905390e-13
    outer loop
      vertex   2.100000e+02 7.698195e+01 5.583945e+01
      vertex   2.100000e+02 7.400000e+01 5.640000e+01
      vertex   2.100000e+02 7.597538e+01 5.481834e+01
    endloop
  endfacet
  facet normal 1.000000e+00 -4.588978e-14 -5.245226e-13
    outer loop
      vertex   2.100000e+02 7.597538e+01 5.481834e+01
      vertex   2.100000e+02 7.400000e+01 5.640000e+01
      vertex   2.100000e+02 7.372216e+01 5.642431e+01
    endloop
  endfacet
  facet normal 1.000000e+00 -1.975671e-13 -7.373304e-13
    outer loop
      vertex   2.100000e+02 7.597538e+01 5.481834e+01
      vertex   2.100000e+02 7.372216e+01 5.642431e+01
      vertex   2.100000e+02 7.345277e+01 5.649649e+01
    endloop
  endfacet
  facet normal 1.000000e+00 2.593376e-13 -2.069461e-13
    outer loop
      vertex   2.100000e+02 7.806266e+01 5.678175e+01
      vertex   2.100000e+02 7.454723e+01 5.649649e+01
      vertex   2.100000e+02 7.698195e+01 5.583945e+01
    endloop
  endfacet
  facet normal 1.000000e+00 1.570316e-13 -5.860500e-13
    outer loop
      vertex   2.100000e+02 7.698195e+01 5.583945e+01
      vertex   2.100000e+02 7.454723e+01 5.649649e+01
      vertex   2.100000e+02 7.427784e+01 5.642431e+01
    endloop
  endfacet
  facet normal 1.000000e+00 8.173208e-14 -9.342019e-13
    outer loop
      vertex   2.100000e+02 7.698195e+01 5.583945e+01
      vertex   2.100000e+02 7.427784e+01 5.642431e+01
      vertex   2.100000e+02 7.400000e+01 5.640000e+01
    endloop
  endfacet
  facet normal 1.000000e+00 2.589144e-13 -3.134686e-13
    outer loop
      vertex   2.100000e+02 7.921136e+01 5.763986e+01
      vertex   2.100000e+02 7.538564e+01 5.720000e+01
      vertex   2.100000e+02 7.806266e+01 5.678175e+01
    endloop
  endfacet
  facet normal 1.000000e+00 2.950491e-13 -8.219007e-14
    outer loop
      vertex   2.100000e+02 7.806266e+01 5.678175e+01
      vertex   2.100000e+02 7.538564e+01 5.720000e+01
      vertex   2.100000e+02 7.522567e+01 5.697154e+01
    endloop
  endfacet
  facet normal 1.000000e+00 2.817018e-13 -2.817018e-13
    outer loop
      vertex   2.100000e+02 7.806266e+01 5.678175e+01
      vertex   2.100000e+02 7.522567e+01 5.697154e+01
      vertex   2.100000e+02 7.502846e+01 5.677433e+01
    endloop
  endfacet
  facet normal 1.000000e+00 2.004614e-13 -2.784792e-13
    outer loop
      vertex   2.100000e+02 8.042149e+01 5.840890e+01
      vertex   2.100000e+02 7.560000e+01 5.800000e+01
      vertex   2.100000e+02 7.921136e+01 5.763986e+01
    endloop
  endfacet
  facet normal 1.000000e+00 2.262586e-13 -1.979506e-14
    outer loop
      vertex   2.100000e+02 7.921136e+01 5.763986e+01
      vertex   2.100000e+02 7.560000e+01 5.800000e+01
      vertex   2.100000e+02 7.557569e+01 5.772216e+01
    endloop
  endfacet
  facet normal 1.000000e+00 2.277138e-13 4.448620e-14
    outer loop
      vertex   2.100000e+02 7.921136e+01 5.763986e+01
      vertex   2.100000e+02 7.557569e+01 5.772216e+01
      vertex   2.100000e+02 7.550351e+01 5.745277e+01
    endloop
  endfacet
  facet normal 1.000000e+00 1.457505e-13 -2.307674e-13
    outer loop
      vertex   2.100000e+02 8.168617e+01 5.908450e+01
      vertex   2.100000e+02 7.538564e+01 5.880000e+01
      vertex   2.100000e+02 8.042149e+01 5.840890e+01
    endloop
  endfacet
  facet normal 1.000000e+00 1.698224e-13 7.918951e-14
    outer loop
      vertex   2.100000e+02 8.042149e+01 5.840890e+01
      vertex   2.100000e+02 7.538564e+01 5.880000e+01
      vertex   2.100000e+02 7.550351e+01 5.854723e+01
    endloop
  endfacet
  facet normal 1.000000e+00 1.718578e-13 1.515511e-13
    outer loop
      vertex   2.100000e+02 8.042149e+01 5.840890e+01
      vertex   2.100000e+02 7.550351e+01 5.854723e+01
      vertex   2.100000e+02 7.557569e+01 5.827784e+01
    endloop
  endfacet
  facet normal 1.000000e+00 1.090457e-13 -1.491040e-13
    outer loop
      vertex   2.100000e+02 8.299820e+01 5.966281e+01
      vertex   2.100000e+02 7.480000e+01 5.938564e+01
      vertex   2.100000e+02 8.168617e+01 5.908450e+01
    endloop
  endfacet
  facet normal 1.000000e+00 1.232644e-13 1.760398e-13
    outer loop
      vertex   2.100000e+02 8.168617e+01 5.908450e+01
      vertex   2.100000e+02 7.480000e+01 5.938564e+01
      vertex   2.100000e+02 7.502846e+01 5.922567e+01
    endloop
  endfacet
  facet normal 1.000000e+00 1.221212e-13 1.221212e-13
    outer loop
      vertex   2.100000e+02 8.168617e+01 5.908450e+01
      vertex   2.100000e+02 7.502846e+01 5.922567e+01
      vertex   2.100000e+02 7.522567e+01 5.902846e+01
    endloop
  endfacet
  facet normal 1.000000e+00 1.000101e-13 -2.235259e-13
    outer loop
      vertex   2.100000e+02 8.435010e+01 6.014053e+01
      vertex   2.100000e+02 7.427784e+01 5.957569e+01
      vertex   2.100000e+02 8.299820e+01 5.966281e+01
    endloop
  endfacet
  facet normal 1.000000e+00 9.426266e-14 3.517930e-13
    outer loop
      vertex   2.100000e+02 8.299820e+01 5.966281e+01
      vertex   2.100000e+02 7.427784e+01 5.957569e+01
      vertex   2.100000e+02 7.454723e+01 5.950351e+01
    endloop
  endfacet
  facet normal 1.000000e+00 9.697387e-14 2.079611e-13
    outer loop
      vertex   2.100000e+02 8.299820e+01 5.966281e+01
      vertex   2.100000e+02 7.454723e+01 5.950351e+01
      vertex   2.100000e+02 7.480000e+01 5.938564e+01
    endloop
  endfacet
  facet normal 1.000000e+00 5.330682e-14 6.092998e-13
    outer loop
      vertex   2.100000e+02 7.427784e+01 5.957569e+01
      vertex   2.100000e+02 8.435010e+01 6.014053e+01
      vertex   2.100000e+02 7.400000e+01 5.960000e+01
    endloop
  endfacet
  facet normal 1.000000e+00 1.054932e-13 -3.899770e-13
    outer loop
      vertex   2.100000e+02 7.400000e+01 5.960000e+01
      vertex   2.100000e+02 8.435010e+01 6.014053e+01
      vertex   2.100000e+02 8.573418e+01 6.051493e+01
    endloop
  endfacet
  facet normal 1.000000e+00 1.129694e-13 -4.858609e-13
    outer loop
      vertex   2.100000e+02 7.400000e+01 5.960000e+01
      vertex   2.100000e+02 8.573418e+01 6.051493e+01
      vertex   2.100000e+02 8.714255e+01 6.078390e+01
    endloop
  endfacet
  facet normal 1.000000e+00 5.110512e-14 2.008975e-13
    outer loop
      vertex   2.100000e+02 7.400000e+01 5.960000e+01
      vertex   2.100000e+02 8.714255e+01 6.078390e+01
      vertex   2.100000e+02 0.000000e+00 7.800000e+01
    endloop
  endfacet
  facet normal 1.000000e+00 4.170092e-15 -3.667308e-14
    outer loop
      vertex   2.100000e+02 0.000000e+00 7.800000e+01
      vertex   2.100000e+02 8.714255e+01 6.078390e+01
      vertex   2.100000e+02 8.856720e+01 6.094590e+01
    endloop
  endfacet
  facet normal 1.000000e+00 1.841390e-15 -4.876675e-14
    outer loop
      vertex   2.100000e+02 0.000000e+00 7.800000e+01
      vertex   2.100000e+02 8.856720e+01 6.094590e+01
      vertex   2.100000e+02 9.000000e+01 6.100000e+01
    endloop
  endfacet
  facet normal 1.000000e+00 0.000000e+00 -5.851528e-14
    outer loop
      vertex   2.100000e+02 0.000000e+00 7.800000e+01
      vertex   2.100000e+02 9.000000e+01 6.100000e+01
      vertex   2.100000e+02 1.800000e+02 7.800000e+01
    endloop
  endfacet
  facet normal 1.000000e+00 -1.841390e-15 -4.876675e-14
    outer loop
      vertex   2.100000e+02 1.800000e+02 7.800000e+01
      vertex   2.100000e+02 9.000000e+01 6.100000e+01
      vertex   2.100000e+02 9.143280e+01 6.094590e+01
    endloop
  endfacet
  facet normal 1.000000e+00 -4.170092e-15 -3.667308e-14
    outer loop
      vertex   2.100000e+02 1.800000e+02 7.800000e+01
      vertex   2.100000e+02 9.143280e+01 6.094590e+01
      vertex   2.100000e+02 9.285745e+01 6.078390e+01
    endloop
  endfacet
  facet normal 1.000000e+00 -5.110512e-14 2.008975e-13
    outer loop
      vertex   2.100000e+02 1.800000e+02 7.800000e+01
      vertex   2.100000e+02 9.285745e+01 6.078390e+01
      vertex   2.100000e+02 1.060000e+02 5.960000e+01
    endloop
  endfacet
  facet normal 1.000000e+00 -1.129694e-13 -4.858609e-13
    outer loop
      vertex   2.100000e+02 1.060000e+02 5.960000e+01
      vertex   2.100000e+02 9.285745e+01 6.078390e+01
      vertex   2.100000e+02 9.426582e+01 6.051493e+01
    endloop
  endfacet
  facet normal 1.000000e+00 -1.054932e-13 -3.899770e-13
    outer loop
      vertex   2.100000e+02 1.060000e+02 5.960000e+01
      vertex   2.100000e+02 9.426582e+01 6.051493e+01
      vertex   2.100000e+02 9.564990e+01 6.014053e+01
    endloop
  endfacet
  facet normal 1.000000e+00 -5.330682e-14 6.092998e-13
    outer loop
      vertex   2.100000e+02 1.060000e+02 5.960000e+01
      vertex   2.100000e+02 9.564990e+01 6.014053e+01
      vertex   2.100000e+02 1.057222e+02 5.957569e+01
    endloop
  endfacet
  facet normal 1.000000e+00 -1.000101e-13 -2.235259e-13
    outer loop
      vertex   2.100000e+02 1.057222e+02 5.957569e+01
      vertex   2.100000e+02 9.564990e+01 6.014053e+01
      vertex   2.100000e+02 9.700180e+01 5.966281e+01
    endloop
  endfacet
  facet normal 1.000000e+00 -9.426266e-14 3.517930e-13
    outer loop
      vertex   2.100000e+02 1.057222e+02 5.957569e+01
      vertex   2.100000e+02 9.700180e+01 5.966281e+01
      vertex   2.100000e+02 1.054528e+02 5.950351e+01
    endloop
  endfacet
  facet normal 1.000000e+00 -9.697387e-14 2.079611e-13
    outer loop
      vertex   2.100000e+02 1.054528e+02 5.950351e+01
      vertex   2.100000e+02 9.700180e+01 5.966281e+01
      vertex   2.100000e+02 1.052000e+02 5.938564e+01
    endloop
  endfacet
  facet normal 1.000000e+00 -1.090457e-13 -1.491040e-13
    outer loop
      vertex   2.100000e+02 1.052000e+02 5.938564e+01
      vertex   2.100000e+02 9.700180e+01 5.966281e+01
      vertex   2.100000e+02 9.831383e+01 5.908450e+01
    endloop
  endfacet
  facet normal 1.000000e+00 -1.232644e-13 1.760398e-13
    outer loop
      vertex   2.100000e+02 1.052000e+02 5.938564e+01
      vertex   2.100000e+02 9.831383e+01 5.908450e+01
      vertex   2.100000e+02 1.049715e+02 5.922567e+01
    endloop
  endfacet
  facet normal 1.000000e+00 -1.221212e-13 1.221212e-13
    outer loop
      vertex   2.100000e+02 1.049715e+02 5.922567e+01
      vertex   2.100000e+02 9.831383e+01 5.908450e+01
      vertex   2.100000e+02 1.047743e+02 5.902846e+01
    endloop
  endfacet
  facet normal 1.000000e+00 -1.202915e-13 3.330401e-13
    outer loop
      vertex   2.100000e+02 1.047743e+02 5.902846e+01
      vertex   2.100000e+02 9.831383e+01 5.908450e+01
      vertex   2.100000e+02 1.046144e+02 5.880000e+01
    endloop
  endfacet
  facet normal 1.000000e+00 -1.457505e-13 -2.307674e-13
    outer loop
      vertex   2.100000e+02 1.046144e+02 5.880000e+01
      vertex   2.100000e+02 9.831383e+01 5.908450e+01
      vertex   2.100000e+02 9.957851e+01 5.840890e+01
    endloop
  endfacet
  facet normal 1.000000e+00 -1.698224e-13 7.918951e-14
    outer loop
      vertex   2.100000e+02 1.046144e+02 5.880000e+01
      vertex   2.100000e+02 9.957851e+01 5.840890e+01
      vertex   2.100000e+02 1.044965e+02 5.854723e+01
    endloop
  endfacet
  facet normal 1.000000e+00 -1.718578e-13 1.515511e-13
    outer loop
      vertex   2.100000e+02 1.044965e+02 5.854723e+01
      vertex   2.100000e+02 9.957851e+01 5.840890e+01
      vertex   2.100000e+02 1.044243e+02 5.827784e+01
    endloop
  endfacet
  facet normal 1.000000e+00 -9.549154e-14 2.974948e-12
    outer loop
      vertex   2.100000e+02 1.044243e+02 5.827784e+01
      vertex   2.100000e+02 9.957851e+01 5.840890e+01
      vertex   2.100000e+02 1.044000e+02 5.800000e+01
    endloop
  endfacet
  facet normal 1.000000e+00 -3.977372e-13 -5.889028e-13
    outer loop
      vertex   2.100000e+02 1.044000e+02 5.800000e+01
      vertex   2.100000e+02 9.957851e+01 5.840890e+01
      vertex   2.100000e+02 1.007886e+02 5.763986e+01
    endloop
  endfacet
  facet normal 1.000000e+00 -1.592335e-13 -2.980524e-12
    outer loop
      vertex   2.100000e+02 1.044000e+02 5.800000e+01
      vertex   2.100000e+02 1.007886e+02 5.763986e+01
      vertex   2.100000e+02 1.044243e+02 5.772216e+01
    endloop
  endfacet
  facet normal 1.000000e+00 -2.277138e-13 4.448620e-14
    outer loop
      vertex   2.100000e+02 1.044243e+02 5.772216e+01
      vertex   2.100000e+02 1.007886e+02 5.763986e+01
      vertex   2.100000e+02 1.044965e+02 5.745277e+01
    endloop
  endfacet
  facet normal 1.000000e+00 -2.354996e-13 -1.098152e-13
    outer loop
      vertex   2.100000e+02 1.044965e+02 5.745277e+01
      vertex   2.100000e+02 1.007886e+02 5.763986e+01
      vertex   2.100000e+02 1.046144e+02 5.720000e+01
    endloop
  endfacet
  facet normal 1.000000e+00 -2.589144e-13 -3.134686e-13
    outer loop
      vertex   2.100000e+02 1.046144e+02 5.720000e+01
      vertex   2.100000e+02 1.007886e+02 5.763986e+01
      vertex   2.100000e+02 1.019373e+02 5.678175e+01
    endloop
  endfacet
  facet normal 1.000000e+00 -2.950491e-13 -8.219007e-14
    outer loop
      vertex   2.100000e+02 1.046144e+02 5.720000e+01
      vertex   2.100000e+02 1.019373e+02 5.678175e+01
      vertex   2.100000e+02 1.047743e+02 5.697154e+01
    endloop
  endfacet
  facet normal 1.000000e+00 -2.817018e-13 -2.817018e-13
    outer loop
      vertex   2.100000e+02 1.047743e+02 5.697154e+01
      vertex   2.100000e+02 1.019373e+02 5.678175e+01
      vertex   2.100000e+02 1.049715e+02 5.677433e+01
    endloop
  endfacet
  facet normal 1.000000e+00 -2.819976e-13 -4.027344e-13
    outer loop
      vertex   2.100000e+02 1.049715e+02 5.677433e+01
      vertex   2.100000e+02 1.019373e+02 5.678175e+01
      vertex   2.100000e+02 1.052000e+02 5.661436e+01
    endloop
  endfacet
  facet normal 1.000000e+00 -2.936427e-13 -6.297189e-13
    outer loop
      vertex   2.100000e+02 1.052000e+02 5.661436e+01
      vertex   2.100000e+02 1.019373e+02 5.678175e+01
      vertex   2.100000e+02 1.054528e+02 5.649649e+01
    endloop
  endfacet
  facet normal 1.000000e+00 -2.593376e-13 -2.069461e-13
    outer loop
      vertex   2.100000e+02 1.054528e+02 5.649649e+01
      vertex   2.100000e+02 1.019373e+02 5.678175e+01
      vertex   2.100000e+02 1.030180e+02 5.583945e+01
    endloop
  endfacet
  facet normal 1.000000e+00 -1.570316e-13 -5.860500e-13
    outer loop
      vertex   2.100000e+02 1.054528e+02 5.649649e+01
      vertex   2.100000e+02 1.030180e+02 5.583945e+01
      vertex   2.100000e+02 1.057222e+02 5.642431e+01
    endloop
  endfacet
  facet normal 1.000000e+00 -8.173208e-14 -9.342019e-13
    outer loop
      vertex   2.100000e+02 1.057222e+02 5.642431e+01
      vertex   2.100000e+02 1.030180e+02 5.583945e+01
      vertex   2.100000e+02 1.060000e+02 5.640000e+01
    endloop
  endfacet
  facet normal 1.000000e+00 -2.215260e-13 -1.905390e-13
    outer loop
      vertex   2.100000e+02 1.060000e+02 5.640000e+01
      vertex   2.100000e+02 1.030180e+02 5.583945e+01
      vertex   2.100000e+02 1.040246e+02 5.481834e+01
    endloop
  endfacet
  facet normal 1.000000e+00 4.588978e-14 -5.245226e-13
    outer loop
      vertex   2.100000e+02 1.060000e+02 5.640000e+01
      vertex   2.100000e+02 1.040246e+02 5.481834e+01
      vertex   2.100000e+02 1.062778e+02 5.642431e+01
    endloop
  endfacet
  facet normal 1.000000e+00 1.975671e-13 -7.373304e-13
    outer loop
      vertex   2.100000e+02 1.062778e+02 5.642431e+01
      vertex   2.100000e+02 1.040246e+02 5.481834e+01
      vertex   2.100000e+02 1.065472e+02 5.649649e+01
    endloop
  endfacet
  facet normal 1.000000e+00 -2.205236e-13 -1.088519e-13
    outer loop
      vertex   2.100000e+02 1.065472e+02 5.649649e+01
      vertex   2.100000e+02 1.040246e+02 5.481834e+01
      vertex   2.100000e+02 1.049513e+02 5.372424e+01
    endloop
  endfacet
  facet normal 1.000000e+00 1.503028e-13 -3.223255e-13
    outer loop
      vertex   2.100000e+02 1.065472e+02 5.649649e+01
      vertex   2.100000e+02 1.049513e+02 5.372424e+01
      vertex   2.100000e+02 1.068000e+02 5.661436e+01
    endloop
  endfacet
  facet normal 1.000000e+00 -5.026705e-14 -1.940306e-13
    outer loop
      vertex   2.100000e+02 1.068000e+02 5.661436e+01
      vertex   2.100000e+02 1.049513e+02 5.372424e+01
      vertex   2.100000e+02 1.800000e+02 4.600000e+01
    endloop
  endfacet
  facet normal 1.000000e+00 -1.833474e-14 2.618473e-14
    outer loop
      vertex   2.100000e+02 1.068000e+02 5.661436e+01
      vertex   2.100000e+02 1.800000e+02 4.600000e+01
      vertex   2.100000e+02 1.070285e+02 5.677433e+01
    endloop
  endfacet
  facet normal 1.000000e+00 -1.934468e-14 1.934468e-14
    outer loop
      vertex   2.100000e+02 1.070285e+02 5.677433e+01
      vertex   2.100000e+02 1.800000e+02 4.600000e+01
      vertex   2.100000e+02 1.072257e+02 5.697154e+01
    endloop
  endfacet
  facet normal 1.000000e+00 -3.170864e-15 1.266258e-13
    outer loop
      vertex   2.100000e+02 1.072257e+02 5.697154e+01
      vertex   2.100000e+02 1.800000e+02 4.600000e+01
      vertex   2.100000e+02 1.073856e+02 5.720000e+01
    endloop
  endfacet
  facet normal 1.000000e+00 -2.117835e-14 9.875626e-15
    outer loop
      vertex   2.100000e+02 1.073856e+02 5.720000e+01
      vertex   2.100000e+02 1.800000e+02 4.600000e+01
      vertex   2.100000e+02 1.075035e+02 5.745277e+01
    endloop
  endfacet
  facet normal 1.000000e+00 -5.825031e-15 1.070627e-13
    outer loop
      vertex   2.100000e+02 1.075035e+02 5.745277e+01
      vertex   2.100000e+02 1.800000e+02 4.600000e+01
      vertex   2.100000e+02 1.075757e+02 5.772216e+01
    endloop
  endfacet
  facet normal 1.000000e+00 -2.283028e-14 1.997391e-15
    outer loop
      vertex   2.100000e+02 1.075757e+02 5.772216e+01
      vertex   2.100000e+02 1.800000e+02 4.600000e+01
      vertex   2.100000e+02 1.076000e+02 5.800000e+01
    endloop
  endfacet
  facet normal 1.000000e+00 -2.350214e-14 -2.056171e-15
    outer loop
      vertex   2.100000e+02 1.076000e+02 5.800000e+01
      vertex   2.100000e+02 1.800000e+02 4.600000e+01
      vertex   2.100000e+02 1.075757e+02 5.827784e+01
    endloop
  endfacet
  facet normal 1.000000e+00 -5.518886e-15 1.040232e-13
    outer loop
      vertex   2.100000e+02 1.075757e+02 5.827784e+01
      vertex   2.100000e+02 1.800000e+02 4.600000e+01
      vertex   2.100000e+02 1.075035e+02 5.854723e+01
    endloop
  endfacet
  facet normal 1.000000e+00 -2.558762e-14 -1.193170e-14
    outer loop
      vertex   2.100000e+02 1.075035e+02 5.854723e+01
      vertex   2.100000e+02 1.800000e+02 4.600000e+01
      vertex   2.100000e+02 1.073856e+02 5.880000e+01
    endloop
  endfacet
  facet normal 1.000000e+00 2.324335e-14 2.650862e-13
    outer loop
      vertex   2.100000e+02 1.073856e+02 5.880000e+01
      vertex   2.100000e+02 1.800000e+02 4.600000e+01
      vertex   2.100000e+02 1.072257e+02 5.902846e+01
    endloop
  endfacet
  facet normal 1.000000e+00 -2.949402e-14 -2.949402e-14
    outer loop
      vertex   2.100000e+02 1.072257e+02 5.902846e+01
      vertex   2.100000e+02 1.800000e+02 4.600000e+01
      vertex   2.100000e+02 1.070285e+02 5.922567e+01
    endloop
  endfacet
  facet normal 1.000000e+00 -1.465074e-14 5.240253e-14
    outer loop
      vertex   2.100000e+02 1.070285e+02 5.922567e+01
      vertex   2.100000e+02 1.800000e+02 4.600000e+01
      vertex   2.100000e+02 1.800000e+02 7.800000e+01
    endloop
  endfacet
  facet normal 1.000000e+00 -8.544965e-16 -1.220347e-15
    outer loop
      vertex   2.100000e+02 1.070285e+02 5.922567e+01
      vertex   2.100000e+02 1.800000e+02 7.800000e+01
      vertex   2.100000e+02 1.068000e+02 5.938564e+01
    endloop
  endfacet
  facet normal 1.000000e+00 -7.537674e-16 -1.616459e-15
    outer loop
      vertex   2.100000e+02 1.068000e+02 5.938564e+01
      vertex   2.100000e+02 1.800000e+02 7.800000e+01
      vertex   2.100000e+02 1.065472e+02 5.950351e+01
    endloop
  endfacet
  facet normal 1.000000e+00 -5.984248e-16 -2.233352e-15
    outer loop
      vertex   2.100000e+02 1.065472e+02 5.950351e+01
      vertex   2.100000e+02 1.800000e+02 7.800000e+01
      vertex   2.100000e+02 1.062778e+02 5.957569e+01
    endloop
  endfacet
  facet normal 1.000000e+00 -2.998988e-16 -3.427859e-15
    outer loop
      vertex   2.100000e+02 1.062778e+02 5.957569e+01
      vertex   2.100000e+02 1.800000e+02 7.800000e+01
      vertex   2.100000e+02 1.060000e+02 5.960000e+01
    endloop
  endfacet
  facet normal 1.000000e+00 -3.001658e-14 2.722901e-15
    outer loop
      vertex   2.100000e+02 1.049513e+02 5.372424e+01
      vertex   2.100000e+02 1.057929e+02 5.256336e+01
      vertex   2.100000e+02 1.800000e+02 4.600000e+01
    endloop
  endfacet
  facet normal 1.000000e+00 -2.764502e-14 2.953635e-14
    outer loop
      vertex   2.100000e+02 1.800000e+02 4.600000e+01
      vertex   2.100000e+02 1.057929e+02 5.256336e+01
      vertex   2.100000e+02 1.065445e+02 5.134233e+01
    endloop
  endfacet
  facet normal 1.000000e+00 -2.589830e-14 5.355331e-14
    outer loop
      vertex   2.100000e+02 1.800000e+02 4.600000e+01
      vertex   2.100000e+02 1.065445e+02 5.134233e+01
      vertex   2.100000e+02 1.072019e+02 5.006810e+01
    endloop
  endfacet
  facet normal 1.000000e+00 -2.712722e-14 3.156184e-14
    outer loop
      vertex   2.100000e+02 1.072019e+02 5.006810e+01
      vertex   2.100000e+02 1.077614e+02 4.874791e+01
      vertex   2.100000e+02 1.800000e+02 4.600000e+01
    endloop
  endfacet
  facet normal 1.000000e+00 -2.627768e-14 5.389498e-14
    outer loop
      vertex   2.100000e+02 1.800000e+02 4.600000e+01
      vertex   2.100000e+02 1.077614e+02 4.874791e+01
      vertex   2.100000e+02 1.082196e+02 4.738930e+01
    endloop
  endfacet
  facet normal 1.000000e+00 -1.193758e-14 7.947977e-13
    outer loop
      vertex   2.100000e+02 1.800000e+02 4.600000e+01
      vertex   2.100000e+02 1.082196e+02 4.738930e+01
      vertex   2.100000e+02 1.085742e+02 4.600000e+01
    endloop
  endfacet
  facet normal 1.000000e+00 1.465074e-14 5.240253e-14
    outer loop
      vertex   2.100000e+02 0.000000e+00 4.600000e+01
      vertex   2.100000e+02 7.297154e+01 5.922567e+01
      vertex   2.100000e+02 0.000000e+00 7.800000e+01
    endloop
  endfacet
  facet normal 1.000000e+00 8.544965e-16 -1.220347e-15
    outer loop
      vertex   2.100000e+02 0.000000e+00 7.800000e+01
      vertex   2.100000e+02 7.297154e+01 5.922567e+01
      vertex   2.100000e+02 7.320000e+01 5.938564e+01
    endloop
  endfacet
  facet normal 1.000000e+00 7.537674e-16 -1.616459e-15
    outer loop
      vertex   2.100000e+02 0.000000e+00 7.800000e+01
      vertex   2.100000e+02 7.320000e+01 5.938564e+01
      vertex   2.100000e+02 7.345277e+01 5.950351e+01
    endloop
  endfacet
  facet normal 1.000000e+00 4.962810e-13 -2.923174e-12
    outer loop
      vertex   2.100000e+02 7.242431e+01 5.772216e+01
      vertex   2.100000e+02 7.240000e+01 5.800000e+01
      vertex   2.100000e+02 0.000000e+00 4.600000e+01
    endloop
  endfacet
  facet normal 1.000000e+00 -4.869853e-13 3.009199e-12
    outer loop
      vertex   2.100000e+02 0.000000e+00 4.600000e+01
      vertex   2.100000e+02 7.240000e+01 5.800000e+01
      vertex   2.100000e+02 7.242431e+01 5.827784e+01
    endloop
  endfacet
  facet normal 1.000000e+00 5.518886e-15 1.040232e-13
    outer loop
      vertex   2.100000e+02 0.000000e+00 4.600000e+01
      vertex   2.100000e+02 7.242431e+01 5.827784e+01
      vertex   2.100000e+02 7.249649e+01 5.854723e+01
    endloop
  endfacet
  facet normal 1.000000e+00 2.558762e-14 -1.193170e-14
    outer loop
      vertex   2.100000e+02 7.249649e+01 5.854723e+01
      vertex   2.100000e+02 7.261436e+01 5.880000e+01
      vertex   2.100000e+02 0.000000e+00 4.600000e+01
    endloop
  endfacet
  facet normal 1.000000e+00 -2.324335e-14 2.650862e-13
    outer loop
      vertex   2.100000e+02 0.000000e+00 4.600000e+01
      vertex   2.100000e+02 7.261436e+01 5.880000e+01
      vertex   2.100000e+02 7.277433e+01 5.902846e+01
    endloop
  endfacet
  facet normal 1.000000e+00 2.949402e-14 -2.949402e-14
    outer loop
      vertex   2.100000e+02 0.000000e+00 4.600000e+01
      vertex   2.100000e+02 7.277433e+01 5.902846e+01
      vertex   2.100000e+02 7.297154e+01 5.922567e+01
    endloop
  endfacet
  facet normal 1.000000e+00 5.984248e-16 -2.233352e-15
    outer loop
      vertex   2.100000e+02 7.345277e+01 5.950351e+01
      vertex   2.100000e+02 7.372216e+01 5.957569e+01
      vertex   2.100000e+02 0.000000e+00 7.800000e+01
    endloop
  endfacet
  facet normal 1.000000e+00 2.998988e-16 -3.427859e-15
    outer loop
      vertex   2.100000e+02 0.000000e+00 7.800000e+01
      vertex   2.100000e+02 7.372216e+01 5.957569e+01
      vertex   2.100000e+02 7.400000e+01 5.960000e+01
    endloop
  endfacet
  facet normal 1.000000e+00 1.202915e-13 3.330401e-13
    outer loop
      vertex   2.100000e+02 7.522567e+01 5.902846e+01
      vertex   2.100000e+02 7.538564e+01 5.880000e+01
      vertex   2.100000e+02 8.168617e+01 5.908450e+01
    endloop
  endfacet
  facet normal 1.000000e+00 1.755415e-13 1.535789e-14
    outer loop
      vertex   2.100000e+02 7.557569e+01 5.827784e+01
      vertex   2.100000e+02 7.560000e+01 5.800000e+01
      vertex   2.100000e+02 8.042149e+01 5.840890e+01
    endloop
  endfacet
  facet normal 1.000000e+00 2.354996e-13 -1.098152e-13
    outer loop
      vertex   2.100000e+02 7.550351e+01 5.745277e+01
      vertex   2.100000e+02 7.538564e+01 5.720000e+01
      vertex   2.100000e+02 7.921136e+01 5.763986e+01
    endloop
  endfacet
  facet normal 1.000000e+00 2.819976e-13 -4.027344e-13
    outer loop
      vertex   2.100000e+02 7.502846e+01 5.677433e+01
      vertex   2.100000e+02 7.480000e+01 5.661436e+01
      vertex   2.100000e+02 7.806266e+01 5.678175e+01
    endloop
  endfacet
  facet normal 1.000000e+00 2.936427e-13 -6.297189e-13
    outer loop
      vertex   2.100000e+02 7.806266e+01 5.678175e+01
      vertex   2.100000e+02 7.480000e+01 5.661436e+01
      vertex   2.100000e+02 7.454723e+01 5.649649e+01
    endloop
  endfacet
  facet normal 1.000000e+00 3.170864e-15 1.266258e-13
    outer loop
      vertex   2.100000e+02 7.277433e+01 5.697154e+01
      vertex   2.100000e+02 7.261436e+01 5.720000e+01
      vertex   2.100000e+02 0.000000e+00 4.600000e+01
    endloop
  endfacet
  facet normal 1.000000e+00 2.117835e-14 9.875626e-15
    outer loop
      vertex   2.100000e+02 0.000000e+00 4.600000e+01
      vertex   2.100000e+02 7.261436e+01 5.720000e+01
      vertex   2.100000e+02 7.249649e+01 5.745277e+01
    endloop
  endfacet
  facet normal 1.000000e+00 5.825031e-15 1.070627e-13
    outer loop
      vertex   2.100000e+02 0.000000e+00 4.600000e+01
      vertex   2.100000e+02 7.249649e+01 5.745277e+01
      vertex   2.100000e+02 7.242431e+01 5.772216e+01
    endloop
  endfacet
  facet normal 0.000000e+00 1.000000e+00 0.000000e+00
    outer loop
      vertex   1.029811e+02 1.775000e+02 7.739402e+01
      vertex   1.010546e+02 1.775000e+02 7.709162e+01
      vertex   1.029500e+02 1.775000e+02 7.775000e+01
    endloop
  endfacet
  facet normal 0.000000e+00 1.000000e+00 0.000000e+00
    outer loop
      vertex   1.029500e+02 1.775000e+02 7.775000e+01
      vertex   1.010546e+02 1.775000e+02 7.709162e+01
      vertex   1.010000e+02 1.775000e+02 7.775000e+01
    endloop
  endfacet
  facet normal 0.000000e+00 1.000000e+00 -0.000000e+00
    outer loop
      vertex   1.029500e+02 1.775000e+02 7.775000e+01
      vertex   1.010000e+02 1.775000e+02 7.775000e+01
      vertex   1.029811e+02 1.775000e+02 7.810598e+01
    endloop
  endfacet
  facet normal 0.000000e+00 1.000000e+00 -0.000000e+00
    outer loop
      vertex   1.029811e+02 1.775000e+02 7.810598e+01
      vertex   1.010000e+02 1.775000e+02 7.775000e+01
      vertex   1.030736e+02 1.775000e+02 7.845114e+01
    endloop
  endfacet
  facet normal 0.000000e+00 1.000000e+00 -0.000000e+00
    outer loop
      vertex   1.030736e+02 1.775000e+02 7.845114e+01
      vertex   1.010000e+02 1.775000e+02 7.775000e+01
      vertex   1.032246e+02 1.775000e+02 7.877500e+01
    endloop
  endfacet
  facet normal 0.000000e+00 1.000000e+00 0.000000e+00
    outer loop
      vertex   1.032246e+02 1.775000e+02 7.877500e+01
      vertex   1.010000e+02 1.775000e+02 7.775000e+01
      vertex   1.010000e+02 1.775000e+02 8.200000e+01
    endloop
  endfacet
  facet normal 0.000000e+00 1.000000e+00 -0.000000e+00
    outer loop
      vertex   1.032246e+02 1.775000e+02 7.877500e+01
      vertex   1.010000e+02 1.775000e+02 8.200000e+01
      vertex   1.034296e+02 1.775000e+02 7.906771e+01
    endloop
  endfacet
  facet normal 0.000000e+00 1.000000e+00 -0.000000e+00
    outer loop
      vertex   1.034296e+02 1.775000e+02 7.906771e+01
      vertex   1.010000e+02 1.775000e+02 8.200000e+01
      vertex   1.036823e+02 1.775000e+02 7.932039e+01
    endloop
  endfacet
  facet normal 0.000000e+00 1.000000e+00 -0.000000e+00
    outer loop
      vertex   1.036823e+02 1.775000e+02 7.932039e+01
      vertex   1.010000e+02 1.775000e+02 8.200000e+01
      vertex   1.039750e+02 1.775000e+02 7.952535e+01
    endloop
  endfacet
  facet normal 0.000000e+00 1.000000e+00 -0.000000e+00
    outer loop
      vertex   1.039750e+02 1.775000e+02 7.952535e+01
      vertex   1.010000e+02 1.775000e+02 8.200000e+01
      vertex   1.042989e+02 1.775000e+02 7.967637e+01
    endloop
  endfacet
  facet normal 0.000000e+00 1.000000e+00 -0.000000e+00
    outer loop
      vertex   1.042989e+02 1.775000e+02 7.967637e+01
      vertex   1.010000e+02 1.775000e+02 8.200000e+01
      vertex   1.046440e+02 1.775000e+02 7.976886e+01
    endloop
  endfacet
  facet normal 0.000000e+00 1.000000e+00 -0.000000e+00
    outer loop
      vertex   1.046440e+02 1.775000e+02 7.976886e+01
      vertex   1.010000e+02 1.775000e+02 8.200000e+01
      vertex   1.050000e+02 1.775000e+02 7.980000e+01
    endloop
  endfacet
  facet normal 0.000000e+00 1.000000e+00 -0.000000e+00
    outer loop
      vertex   1.050000e+02 1.775000e+02 7.980000e+01
      vertex   1.010000e+02 1.775000e+02 8.200000e+01
      vertex   1.090000e+02 1.775000e+02 8.200000e+01
    endloop
  endfacet
  facet normal -0.000000e+00 1.000000e+00 0.000000e+00
    outer loop
      vertex   1.050000e+02 1.775000e+02 7.980000e+01
      vertex   1.090000e+02 1.775000e+02 8.200000e+01
      vertex   1.053560e+02 1.775000e+02 7.976886e+01
    endloop
  endfacet
  facet normal -0.000000e+00 1.000000e+00 0.000000e+00
    outer loop
      vertex   1.053560e+02 1.775000e+02 7.976886e+01
      vertex   1.090000e+02 1.775000e+02 8.200000e+01
      vertex   1.057011e+02 1.775000e+02 7.967637e+01
    endloop
  endfacet
  facet normal -0.000000e+00 1.000000e+00 0.000000e+00
    outer loop
      vertex   1.057011e+02 1.775000e+02 7.967637e+01
      vertex   1.090000e+02 1.775000e+02 8.200000e+01
      vertex   1.060250e+02 1.775000e+02 7.952535e+01
    endloop
  endfacet
  facet normal -0.000000e+00 1.000000e+00 0.000000e+00
    outer loop
      vertex   1.060250e+02 1.775000e+02 7.952535e+01
      vertex   1.090000e+02 1.775000e+02 8.200000e+01
      vertex   1.063177e+02 1.775000e+02 7.932039e+01
    endloop
  endfacet
  facet normal -0.000000e+00 1.000000e+00 0.000000e+00
    outer loop
      vertex   1.063177e+02 1.775000e+02 7.932039e+01
      vertex   1.090000e+02 1.775000e+02 8.200000e+01
      vertex   1.065704e+02 1.775000e+02 7.906771e+01
    endloop
  endfacet
  facet normal -0.000000e+00 1.000000e+00 0.000000e+00
    outer loop
      vertex   1.065704e+02 1.775000e+02 7.906771e+01
      vertex   1.090000e+02 1.775000e+02 8.200000e+01
      vertex   1.067754e+02 1.775000e+02 7.877500e+01
    endloop
  endfacet
  facet normal -0.000000e+00 1.000000e+00 0.000000e+00
    outer loop
      vertex   1.067754e+02 1.775000e+02 7.877500e+01
      vertex   1.090000e+02 1.775000e+02 8.200000e+01
      vertex   1.090000e+02 1.775000e+02 7.775000e+01
    endloop
  endfacet
  facet normal 0.000000e+00 1.000000e+00 0.000000e+00
    outer loop
      vertex   1.067754e+02 1.775000e+02 7.877500e+01
      vertex   1.090000e+02 1.775000e+02 7.775000e+01
      vertex   1.069264e+02 1.775000e+02 7.845114e+01
    endloop
  endfacet
  facet normal 0.000000e+00 1.000000e+00 0.000000e+00
    outer loop
      vertex   1.069264e+02 1.775000e+02 7.845114e+01
      vertex   1.090000e+02 1.775000e+02 7.775000e+01
      vertex   1.070189e+02 1.775000e+02 7.810598e+01
    endloop
  endfacet
  facet normal 0.000000e+00 1.000000e+00 0.000000e+00
    outer loop
      vertex   1.070189e+02 1.775000e+02 7.810598e+01
      vertex   1.090000e+02 1.775000e+02 7.775000e+01
      vertex   1.070500e+02 1.775000e+02 7.775000e+01
    endloop
  endfacet
  facet normal 0.000000e+00 1.000000e+00 0.000000e+00
    outer loop
      vertex   1.070500e+02 1.775000e+02 7.775000e+01
      vertex   1.090000e+02 1.775000e+02 7.775000e+01
      vertex   1.089454e+02 1.775000e+02 7.709162e+01
    endloop
  endfacet
  facet normal 0.000000e+00 1.000000e+00 0.000000e+00
    outer loop
      vertex   1.070500e+02 1.775000e+02 7.775000e+01
      vertex   1.089454e+02 1.775000e+02 7.709162e+01
      vertex   1.070189e+02 1.775000e+02 7.739402e+01
    endloop
  endfacet
  facet normal 0.000000e+00 1.000000e+00 0.000000e+00
    outer loop
      vertex   1.070189e+02 1.775000e+02 7.739402e+01
      vertex   1.089454e+02 1.775000e+02 7.709162e+01
      vertex   1.087833e+02 1.775000e+02 7.645120e+01
    endloop
  endfacet
  facet normal 0.000000e+00 1.000000e+00 0.000000e+00
    outer loop
      vertex   1.070189e+02 1.775000e+02 7.739402e+01
      vertex   1.087833e+02 1.775000e+02 7.645120e+01
      vertex   1.069264e+02 1.775000e+02 7.704886e+01
    endloop
  endfacet
  facet normal 0.000000e+00 1.000000e+00 0.000000e+00
    outer loop
      vertex   1.069264e+02 1.775000e+02 7.704886e+01
      vertex   1.087833e+02 1.775000e+02 7.645120e+01
      vertex   1.085179e+02 1.775000e+02 7.584621e+01
    endloop
  endfacet
  facet normal 0.000000e+00 1.000000e+00 0.000000e+00
    outer loop
      vertex   1.069264e+02 1.775000e+02 7.704886e+01
      vertex   1.085179e+02 1.775000e+02 7.584621e+01
      vertex   1.067754e+02 1.775000e+02 7.672500e+01
    endloop
  endfacet
  facet normal 0.000000e+00 1.000000e+00 0.000000e+00
    outer loop
      vertex   1.067754e+02 1.775000e+02 7.672500e+01
      vertex   1.085179e+02 1.775000e+02 7.584621e+01
      vertex   1.081566e+02 1.775000e+02 7.529315e+01
    endloop
  endfacet
  facet normal 0.000000e+00 1.000000e+00 0.000000e+00
    outer loop
      vertex   1.067754e+02 1.775000e+02 7.672500e+01
      vertex   1.081566e+02 1.775000e+02 7.529315e+01
      vertex   1.065704e+02 1.775000e+02 7.643229e+01
    endloop
  endfacet
  facet normal 0.000000e+00 1.000000e+00 0.000000e+00
    outer loop
      vertex   1.065704e+02 1.775000e+02 7.643229e+01
      vertex   1.081566e+02 1.775000e+02 7.529315e+01
      vertex   1.077091e+02 1.775000e+02 7.480710e+01
    endloop
  endfacet
  facet normal 0.000000e+00 1.000000e+00 0.000000e+00
    outer loop
      vertex   1.065704e+02 1.775000e+02 7.643229e+01
      vertex   1.077091e+02 1.775000e+02 7.480710e+01
      vertex   1.063177e+02 1.775000e+02 7.617961e+01
    endloop
  endfacet
  facet normal 0.000000e+00 1.000000e+00 0.000000e+00
    outer loop
      vertex   1.063177e+02 1.775000e+02 7.617961e+01
      vertex   1.077091e+02 1.775000e+02 7.480710e+01
      vertex   1.071878e+02 1.775000e+02 7.440133e+01
    endloop
  endfacet
  facet normal 0.000000e+00 1.000000e+00 0.000000e+00
    outer loop
      vertex   1.063177e+02 1.775000e+02 7.617961e+01
      vertex   1.071878e+02 1.775000e+02 7.440133e+01
      vertex   1.060250e+02 1.775000e+02 7.597465e+01
    endloop
  endfacet
  facet normal 0.000000e+00 1.000000e+00 0.000000e+00
    outer loop
      vertex   1.060250e+02 1.775000e+02 7.597465e+01
      vertex   1.071878e+02 1.775000e+02 7.440133e+01
      vertex   1.066068e+02 1.775000e+02 7.408691e+01
    endloop
  endfacet
  facet normal 0.000000e+00 1.000000e+00 0.000000e+00
    outer loop
      vertex   1.060250e+02 1.775000e+02 7.597465e+01
      vertex   1.066068e+02 1.775000e+02 7.408691e+01
      vertex   1.057011e+02 1.775000e+02 7.582363e+01
    endloop
  endfacet
  facet normal 0.000000e+00 1.000000e+00 0.000000e+00
    outer loop
      vertex   1.057011e+02 1.775000e+02 7.582363e+01
      vertex   1.066068e+02 1.775000e+02 7.408691e+01
      vertex   1.059819e+02 1.775000e+02 7.387240e+01
    endloop
  endfacet
  facet normal 0.000000e+00 1.000000e+00 0.000000e+00
    outer loop
      vertex   1.057011e+02 1.775000e+02 7.582363e+01
      vertex   1.059819e+02 1.775000e+02 7.387240e+01
      vertex   1.053560e+02 1.775000e+02 7.573114e+01
    endloop
  endfacet
  facet normal 0.000000e+00 1.000000e+00 0.000000e+00
    outer loop
      vertex   1.053560e+02 1.775000e+02 7.573114e+01
      vertex   1.059819e+02 1.775000e+02 7.387240e+01
      vertex   1.053303e+02 1.775000e+02 7.376366e+01
    endloop
  endfacet
  facet normal 0.000000e+00 1.000000e+00 0.000000e+00
    outer loop
      vertex   1.053560e+02 1.775000e+02 7.573114e+01
      vertex   1.053303e+02 1.775000e+02 7.376366e+01
      vertex   1.050000e+02 1.775000e+02 7.570000e+01
    endloop
  endfacet
  facet normal 0.000000e+00 1.000000e+00 0.000000e+00
    outer loop
      vertex   1.050000e+02 1.775000e+02 7.570000e+01
      vertex   1.053303e+02 1.775000e+02 7.376366e+01
      vertex   1.046697e+02 1.775000e+02 7.376366e+01
    endloop
  endfacet
  facet normal 0.000000e+00 1.000000e+00 0.000000e+00
    outer loop
      vertex   1.050000e+02 1.775000e+02 7.570000e+01
      vertex   1.046697e+02 1.775000e+02 7.376366e+01
      vertex   1.046440e+02 1.775000e+02 7.573114e+01
    endloop
  endfacet
  facet normal 0.000000e+00 1.000000e+00 0.000000e+00
    outer loop
      vertex   1.046440e+02 1.775000e+02 7.573114e+01
      vertex   1.046697e+02 1.775000e+02 7.376366e+01
      vertex   1.040181e+02 1.775000e+02 7.387240e+01
    endloop
  endfacet
  facet normal 0.000000e+00 1.000000e+00 0.000000e+00
    outer loop
      vertex   1.046440e+02 1.775000e+02 7.573114e+01
      vertex   1.040181e+02 1.775000e+02 7.387240e+01
      vertex   1.042989e+02 1.775000e+02 7.582363e+01
    endloop
  endfacet
  facet normal 0.000000e+00 1.000000e+00 0.000000e+00
    outer loop
      vertex   1.042989e+02 1.775000e+02 7.582363e+01
      vertex   1.040181e+02 1.775000e+02 7.387240e+01
      vertex   1.033932e+02 1.775000e+02 7.408691e+01
    endloop
  endfacet
  facet normal 0.000000e+00 1.000000e+00 0.000000e+00
    outer loop
      vertex   1.042989e+02 1.775000e+02 7.582363e+01
      vertex   1.033932e+02 1.775000e+02 7.408691e+01
      vertex   1.039750e+02 1.775000e+02 7.597465e+01
    endloop
  endfacet
  facet normal 0.000000e+00 1.000000e+00 0.000000e+00
    outer loop
      vertex   1.039750e+02 1.775000e+02 7.597465e+01
      vertex   1.033932e+02 1.775000e+02 7.408691e+01
      vertex   1.028122e+02 1.775000e+02 7.440133e+01
    endloop
  endfacet
  facet normal 0.000000e+00 1.000000e+00 0.000000e+00
    outer loop
      vertex   1.039750e+02 1.775000e+02 7.597465e+01
      vertex   1.028122e+02 1.775000e+02 7.440133e+01
      vertex   1.036823e+02 1.775000e+02 7.617961e+01
    endloop
  endfacet
  facet normal 0.000000e+00 1.000000e+00 0.000000e+00
    outer loop
      vertex   1.036823e+02 1.775000e+02 7.617961e+01
      vertex   1.028122e+02 1.775000e+02 7.440133e+01
      vertex   1.022909e+02 1.775000e+02 7.480710e+01
    endloop
  endfacet
  facet normal 0.000000e+00 1.000000e+00 0.000000e+00
    outer loop
      vertex   1.036823e+02 1.775000e+02 7.617961e+01
      vertex   1.022909e+02 1.775000e+02 7.480710e+01
      vertex   1.034296e+02 1.775000e+02 7.643229e+01
    endloop
  endfacet
  facet normal 0.000000e+00 1.000000e+00 0.000000e+00
    outer loop
      vertex   1.034296e+02 1.775000e+02 7.643229e+01
      vertex   1.022909e+02 1.775000e+02 7.480710e+01
      vertex   1.018434e+02 1.775000e+02 7.529315e+01
    endloop
  endfacet
  facet normal 0.000000e+00 1.000000e+00 0.000000e+00
    outer loop
      vertex   1.034296e+02 1.775000e+02 7.643229e+01
      vertex   1.018434e+02 1.775000e+02 7.529315e+01
      vertex   1.032246e+02 1.775000e+02 7.672500e+01
    endloop
  endfacet
  facet normal 0.000000e+00 1.000000e+00 0.000000e+00
    outer loop
      vertex   1.032246e+02 1.775000e+02 7.672500e+01
      vertex   1.018434e+02 1.775000e+02 7.529315e+01
      vertex   1.014821e+02 1.775000e+02 7.584621e+01
    endloop
  endfacet
  facet normal 0.000000e+00 1.000000e+00 0.000000e+00
    outer loop
      vertex   1.032246e+02 1.775000e+02 7.672500e+01
      vertex   1.014821e+02 1.775000e+02 7.584621e+01
      vertex   1.030736e+02 1.775000e+02 7.704886e+01
    endloop
  endfacet
  facet normal 0.000000e+00 1.000000e+00 0.000000e+00
    outer loop
      vertex   1.030736e+02 1.775000e+02 7.704886e+01
      vertex   1.014821e+02 1.775000e+02 7.584621e+01
      vertex   1.012167e+02 1.775000e+02 7.645120e+01
    endloop
  endfacet
  facet normal 0.000000e+00 1.000000e+00 0.000000e+00
    outer loop
      vertex   1.030736e+02 1.775000e+02 7.704886e+01
      vertex   1.012167e+02 1.775000e+02 7.645120e+01
      vertex   1.029811e+02 1.775000e+02 7.739402e+01
    endloop
  endfacet
  facet normal 0.000000e+00 1.000000e+00 0.000000e+00
    outer loop
      vertex   1.029811e+02 1.775000e+02 7.739402e+01
      vertex   1.012167e+02 1.775000e+02 7.645120e+01
      vertex   1.010546e+02 1.775000e+02 7.709162e+01
    endloop
  endfacet
  facet normal -7.071068e-01 1.246025e-13 -7.071068e-01
    outer loop
      vertex   2.031716e+02 1.800000e+02 8.200000e+01
      vertex   2.080000e+02 1.800000e+02 7.717157e+01
      vertex   2.031716e+02 1.775000e+02 8.200000e+01
    endloop
  endfacet
  facet normal -7.071068e-01 1.204975e-13 -7.071068e-01
    outer loop
      vertex   2.031716e+02 1.775000e+02 8.200000e+01
      vertex   2.080000e+02 1.800000e+02 7.717157e+01
      vertex   2.080000e+02 1.775000e+02 7.717157e+01
    endloop
  endfacet
  facet normal 1.304937e-13 1.000000e+00 1.141672e-14
    outer loop
      vertex   2.009811e+02 1.775000e+02 7.664402e+01
      vertex   1.990027e+02 1.775000e+02 7.685195e+01
      vertex   2.009500e+02 1.775000e+02 7.700000e+01
    endloop
  endfacet
  facet normal 1.220229e-13 1.000000e+00 1.228267e-13
    outer loop
      vertex   2.009500e+02 1.775000e+02 7.700000e+01
      vertex   1.990027e+02 1.775000e+02 7.685195e+01
      vertex   1.990334e+02 1.775000e+02 7.751569e+01
    endloop
  endfacet
  facet normal 1.918701e-13 1.000000e+00 3.824187e-13
    outer loop
      vertex   2.009500e+02 1.775000e+02 7.700000e+01
      vertex   1.990334e+02 1.775000e+02 7.751569e+01
      vertex   2.009811e+02 1.775000e+02 7.735598e+01
    endloop
  endfacet
  facet normal 1.647738e-13 1.000000e+00 5.197585e-14
    outer loop
      vertex   2.009811e+02 1.775000e+02 7.735598e+01
      vertex   1.990334e+02 1.775000e+02 7.751569e+01
      vertex   1.991735e+02 1.775000e+02 7.816521e+01
    endloop
  endfacet
  facet normal 1.592641e-13 1.000000e+00 3.966829e-14
    outer loop
      vertex   2.009811e+02 1.775000e+02 7.735598e+01
      vertex   1.991735e+02 1.775000e+02 7.816521e+01
      vertex   2.010736e+02 1.775000e+02 7.770114e+01
    endloop
  endfacet
  facet normal 1.773165e-13 1.000000e+00 1.135839e-13
    outer loop
      vertex   2.010736e+02 1.775000e+02 7.770114e+01
      vertex   1.991735e+02 1.775000e+02 7.816521e+01
      vertex   1.994192e+02 1.775000e+02 7.878258e+01
    endloop
  endfacet
  facet normal 1.229585e-13 1.000000e+00 3.042309e-14
    outer loop
      vertex   2.010736e+02 1.775000e+02 7.770114e+01
      vertex   1.994192e+02 1.775000e+02 7.878258e+01
      vertex   2.012246e+02 1.775000e+02 7.802500e+01
    endloop
  endfacet
  facet normal 1.380422e-13 1.000000e+00 6.637080e-14
    outer loop
      vertex   2.012246e+02 1.775000e+02 7.802500e+01
      vertex   1.994192e+02 1.775000e+02 7.878258e+01
      vertex   1.997637e+02 1.775000e+02 7.935076e+01
    endloop
  endfacet
  facet normal 2.092115e-13 1.000000e+00 1.447996e-13
    outer loop
      vertex   2.012246e+02 1.775000e+02 7.802500e+01
      vertex   1.997637e+02 1.775000e+02 7.935076e+01
      vertex   2.014296e+02 1.775000e+02 7.831771e+01
    endloop
  endfacet
  facet normal 1.462877e-13 1.000000e+00 4.332489e-14
    outer loop
      vertex   2.014296e+02 1.775000e+02 7.831771e+01
      vertex   1.997637e+02 1.775000e+02 7.935076e+01
      vertex   2.001975e+02 1.775000e+02 7.985407e+01
    endloop
  endfacet
  facet normal 1.034852e-13 1.000000e+00 8.997354e-15
    outer loop
      vertex   2.014296e+02 1.775000e+02 7.831771e+01
      vertex   2.001975e+02 1.775000e+02 7.985407e+01
      vertex   2.016823e+02 1.775000e+02 7.857039e+01
    endloop
  endfacet
  facet normal -4.068461e-13 1.000000e+00 -5.813025e-13
    outer loop
      vertex   2.016823e+02 1.775000e+02 7.857039e+01
      vertex   2.001975e+02 1.775000e+02 7.985407e+01
      vertex   2.007086e+02 1.775000e+02 8.027863e+01
    endloop
  endfacet
  facet normal 3.136580e-13 1.000000e+00 -1.706123e-13
    outer loop
      vertex   2.016823e+02 1.775000e+02 7.857039e+01
      vertex   2.007086e+02 1.775000e+02 8.027863e+01
      vertex   2.019750e+02 1.775000e+02 7.877535e+01
    endloop
  endfacet
  facet normal 1.455834e-13 1.000000e+00 -3.122046e-13
    outer loop
      vertex   2.019750e+02 1.775000e+02 7.877535e+01
      vertex   2.007086e+02 1.775000e+02 8.027863e+01
      vertex   2.022989e+02 1.775000e+02 7.892637e+01
    endloop
  endfacet
  facet normal 1.611065e-13 1.000000e+00 -2.939493e-13
    outer loop
      vertex   2.022989e+02 1.775000e+02 7.892637e+01
      vertex   2.007086e+02 1.775000e+02 8.027863e+01
      vertex   2.026440e+02 1.775000e+02 7.901886e+01
    endloop
  endfacet
  facet normal 2.103078e-13 1.000000e+00 -2.183594e-13
    outer loop
      vertex   2.026440e+02 1.775000e+02 7.901886e+01
      vertex   2.007086e+02 1.775000e+02 8.027863e+01
      vertex   2.031716e+02 1.775000e+02 8.200000e+01
    endloop
  endfacet
  facet normal 1.609715e-14 1.000000e+00 -1.839913e-13
    outer loop
      vertex   2.026440e+02 1.775000e+02 7.901886e+01
      vertex   2.031716e+02 1.775000e+02 8.200000e+01
      vertex   2.030000e+02 1.775000e+02 7.905000e+01
    endloop
  endfacet
  facet normal -1.593417e-14 1.000000e+00 -1.821283e-13
    outer loop
      vertex   2.030000e+02 1.775000e+02 7.905000e+01
      vertex   2.031716e+02 1.775000e+02 8.200000e+01
      vertex   2.033560e+02 1.775000e+02 7.901886e+01
    endloop
  endfacet
  facet normal -1.330859e-13 1.000000e+00 -1.893750e-13
    outer loop
      vertex   2.033560e+02 1.775000e+02 7.901886e+01
      vertex   2.031716e+02 1.775000e+02 8.200000e+01
      vertex   2.037011e+02 1.775000e+02 7.892637e+01
    endloop
  endfacet
  facet normal -8.439512e-14 1.000000e+00 -1.809859e-13
    outer loop
      vertex   2.037011e+02 1.775000e+02 7.892637e+01
      vertex   2.031716e+02 1.775000e+02 8.200000e+01
      vertex   2.040250e+02 1.775000e+02 7.877535e+01
    endloop
  endfacet
  facet normal -3.747240e-13 1.000000e+00 -2.578236e-13
    outer loop
      vertex   2.040250e+02 1.775000e+02 7.877535e+01
      vertex   2.031716e+02 1.775000e+02 8.200000e+01
      vertex   2.043177e+02 1.775000e+02 7.857039e+01
    endloop
  endfacet
  facet normal -3.680888e-13 1.000000e+00 -2.556062e-13
    outer loop
      vertex   2.043177e+02 1.775000e+02 7.857039e+01
      vertex   2.031716e+02 1.775000e+02 8.200000e+01
      vertex   2.045704e+02 1.775000e+02 7.831771e+01
    endloop
  endfacet
  facet normal -1.867010e-13 1.000000e+00 -1.867010e-13
    outer loop
      vertex   2.045704e+02 1.775000e+02 7.831771e+01
      vertex   2.031716e+02 1.775000e+02 8.200000e+01
      vertex   2.080000e+02 1.775000e+02 7.717157e+01
    endloop
  endfacet
  facet normal -3.519693e-14 1.000000e+00 2.666458e-13
    outer loop
      vertex   2.045704e+02 1.775000e+02 7.831771e+01
      vertex   2.080000e+02 1.775000e+02 7.717157e+01
      vertex   2.047754e+02 1.775000e+02 7.802500e+01
    endloop
  endfacet
  facet normal -9.416110e-14 1.000000e+00 4.385155e-14
    outer loop
      vertex   2.047754e+02 1.775000e+02 7.802500e+01
      vertex   2.080000e+02 1.775000e+02 7.717157e+01
      vertex   2.049264e+02 1.775000e+02 7.770114e+01
    endloop
  endfacet
  facet normal -9.176572e-14 1.000000e+00 5.775442e-14
    outer loop
      vertex   2.049264e+02 1.775000e+02 7.770114e+01
      vertex   2.080000e+02 1.775000e+02 7.717157e+01
      vertex   2.050189e+02 1.775000e+02 7.735598e+01
    endloop
  endfacet
  facet normal -8.592576e-14 1.000000e+00 1.521645e-13
    outer loop
      vertex   2.050189e+02 1.775000e+02 7.735598e+01
      vertex   2.080000e+02 1.775000e+02 7.717157e+01
      vertex   2.050500e+02 1.775000e+02 7.700000e+01
    endloop
  endfacet
  facet normal -9.147200e-14 1.000000e+00 2.475258e-13
    outer loop
      vertex   2.050500e+02 1.775000e+02 7.700000e+01
      vertex   2.080000e+02 1.775000e+02 7.717157e+01
      vertex   2.050189e+02 1.775000e+02 7.664402e+01
    endloop
  endfacet
  facet normal -6.604819e-14 1.000000e+00 1.038583e-13
    outer loop
      vertex   2.050189e+02 1.775000e+02 7.664402e+01
      vertex   2.080000e+02 1.775000e+02 7.717157e+01
      vertex   2.062786e+02 1.775000e+02 7.470858e+01
    endloop
  endfacet
  facet normal -7.020316e-14 1.000000e+00 1.011539e-13
    outer loop
      vertex   2.050189e+02 1.775000e+02 7.664402e+01
      vertex   2.062786e+02 1.775000e+02 7.470858e+01
      vertex   2.049264e+02 1.775000e+02 7.629886e+01
    endloop
  endfacet
  facet normal 1.114163e-14 1.000000e+00 1.703238e-13
    outer loop
      vertex   2.049264e+02 1.775000e+02 7.629886e+01
      vertex   2.062786e+02 1.775000e+02 7.470858e+01
      vertex   2.047754e+02 1.775000e+02 7.597500e+01
    endloop
  endfacet
  facet normal 1.965606e-14 1.000000e+00 1.804307e-13
    outer loop
      vertex   2.047754e+02 1.775000e+02 7.597500e+01
      vertex   2.062786e+02 1.775000e+02 7.470858e+01
      vertex   2.045704e+02 1.775000e+02 7.568229e+01
    endloop
  endfacet
  facet normal -2.500571e-13 1.000000e+00 -2.927471e-13
    outer loop
      vertex   2.045704e+02 1.775000e+02 7.568229e+01
      vertex   2.062786e+02 1.775000e+02 7.470858e+01
      vertex   2.058541e+02 1.775000e+02 7.419745e+01
    endloop
  endfacet
  facet normal 1.013918e-13 1.000000e+00 1.109077e-14
    outer loop
      vertex   2.045704e+02 1.775000e+02 7.568229e+01
      vertex   2.058541e+02 1.775000e+02 7.419745e+01
      vertex   2.043177e+02 1.775000e+02 7.542961e+01
    endloop
  endfacet
  facet normal 1.295685e-13 1.000000e+00 4.622384e-14
    outer loop
      vertex   2.043177e+02 1.775000e+02 7.542961e+01
      vertex   2.058541e+02 1.775000e+02 7.419745e+01
      vertex   2.053508e+02 1.775000e+02 7.376366e+01
    endloop
  endfacet
  facet normal 8.435997e-14 1.000000e+00 1.819036e-14
    outer loop
      vertex   2.043177e+02 1.775000e+02 7.542961e+01
      vertex   2.053508e+02 1.775000e+02 7.376366e+01
      vertex   2.040250e+02 1.775000e+02 7.522465e+01
    endloop
  endfacet
  facet normal 8.736346e-14 1.000000e+00 2.091584e-14
    outer loop
      vertex   2.040250e+02 1.775000e+02 7.522465e+01
      vertex   2.053508e+02 1.775000e+02 7.376366e+01
      vertex   2.047826e+02 1.775000e+02 7.341916e+01
    endloop
  endfacet
  facet normal 6.139315e-15 1.000000e+00 -1.316580e-14
    outer loop
      vertex   2.040250e+02 1.775000e+02 7.522465e+01
      vertex   2.047826e+02 1.775000e+02 7.341916e+01
      vertex   2.037011e+02 1.775000e+02 7.507363e+01
    endloop
  endfacet
  facet normal 1.515601e-13 1.000000e+00 8.188823e-14
    outer loop
      vertex   2.037011e+02 1.775000e+02 7.507363e+01
      vertex   2.047826e+02 1.775000e+02 7.341916e+01
      vertex   2.041652e+02 1.775000e+02 7.317348e+01
    endloop
  endfacet
  facet normal 1.432856e-13 1.000000e+00 7.986735e-14
    outer loop
      vertex   2.037011e+02 1.775000e+02 7.507363e+01
      vertex   2.041652e+02 1.775000e+02 7.317348e+01
      vertex   2.033560e+02 1.775000e+02 7.498114e+01
    endloop
  endfacet
  facet normal 1.166220e-13 1.000000e+00 6.793091e-14
    outer loop
      vertex   2.033560e+02 1.775000e+02 7.498114e+01
      vertex   2.041652e+02 1.775000e+02 7.317348e+01
      vertex   2.035157e+02 1.775000e+02 7.303338e+01
    endloop
  endfacet
  facet normal -5.070158e-15 1.000000e+00 5.795217e-14
    outer loop
      vertex   2.033560e+02 1.775000e+02 7.498114e+01
      vertex   2.035157e+02 1.775000e+02 7.303338e+01
      vertex   2.030000e+02 1.775000e+02 7.495000e+01
    endloop
  endfacet
  facet normal 3.958992e-14 1.000000e+00 6.996864e-14
    outer loop
      vertex   2.030000e+02 1.775000e+02 7.495000e+01
      vertex   2.035157e+02 1.775000e+02 7.303338e+01
      vertex   2.028519e+02 1.775000e+02 7.300274e+01
    endloop
  endfacet
  facet normal 6.342623e-15 1.000000e+00 7.249651e-14
    outer loop
      vertex   2.030000e+02 1.775000e+02 7.495000e+01
      vertex   2.028519e+02 1.775000e+02 7.300274e+01
      vertex   2.026440e+02 1.775000e+02 7.498114e+01
    endloop
  endfacet
  facet normal 5.242439e-14 1.000000e+00 7.733956e-14
    outer loop
      vertex   2.026440e+02 1.775000e+02 7.498114e+01
      vertex   2.028519e+02 1.775000e+02 7.300274e+01
      vertex   2.021923e+02 1.775000e+02 7.308240e+01
    endloop
  endfacet
  facet normal -1.321936e-13 1.000000e+00 1.212630e-13
    outer loop
      vertex   2.026440e+02 1.775000e+02 7.498114e+01
      vertex   2.021923e+02 1.775000e+02 7.308240e+01
      vertex   2.022989e+02 1.775000e+02 7.507363e+01
    endloop
  endfacet
  facet normal 7.701526e-14 1.000000e+00 1.100654e-13
    outer loop
      vertex   2.022989e+02 1.775000e+02 7.507363e+01
      vertex   2.021923e+02 1.775000e+02 7.308240e+01
      vertex   2.015549e+02 1.775000e+02 7.327016e+01
    endloop
  endfacet
  facet normal 5.546894e-14 1.000000e+00 1.189535e-13
    outer loop
      vertex   2.022989e+02 1.775000e+02 7.507363e+01
      vertex   2.015549e+02 1.775000e+02 7.327016e+01
      vertex   2.019750e+02 1.775000e+02 7.522465e+01
    endloop
  endfacet
  facet normal 1.007077e-13 1.000000e+00 1.092300e-13
    outer loop
      vertex   2.019750e+02 1.775000e+02 7.522465e+01
      vertex   2.015549e+02 1.775000e+02 7.327016e+01
      vertex   2.009574e+02 1.775000e+02 7.356084e+01
    endloop
  endfacet
  facet normal 1.576399e-14 1.000000e+00 1.611822e-13
    outer loop
      vertex   2.019750e+02 1.775000e+02 7.522465e+01
      vertex   2.009574e+02 1.775000e+02 7.356084e+01
      vertex   2.016823e+02 1.775000e+02 7.542961e+01
    endloop
  endfacet
  facet normal 9.339291e-14 1.000000e+00 1.310705e-13
    outer loop
      vertex   2.016823e+02 1.775000e+02 7.542961e+01
      vertex   2.009574e+02 1.775000e+02 7.356084e+01
      vertex   2.004163e+02 1.775000e+02 7.394642e+01
    endloop
  endfacet
  facet normal 8.108456e-14 1.000000e+00 1.415766e-13
    outer loop
      vertex   2.016823e+02 1.775000e+02 7.542961e+01
      vertex   2.004163e+02 1.775000e+02 7.394642e+01
      vertex   1.999464e+02 1.775000e+02 7.441627e+01
    endloop
  endfacet
  facet normal 1.401285e-13 1.000000e+00 1.030917e-13
    outer loop
      vertex   1.990027e+02 1.775000e+02 7.685195e+01
      vertex   2.009811e+02 1.775000e+02 7.664402e+01
      vertex   1.990824e+02 1.775000e+02 7.619228e+01
    endloop
  endfacet
  facet normal 1.363713e-13 1.000000e+00 1.188836e-13
    outer loop
      vertex   1.990824e+02 1.775000e+02 7.619228e+01
      vertex   2.009811e+02 1.775000e+02 7.664402e+01
      vertex   2.010736e+02 1.775000e+02 7.629886e+01
    endloop
  endfacet
  facet normal 1.334698e-13 1.000000e+00 1.730933e-13
    outer loop
      vertex   1.990824e+02 1.775000e+02 7.619228e+01
      vertex   2.010736e+02 1.775000e+02 7.629886e+01
      vertex   1.992702e+02 1.775000e+02 7.555490e+01
    endloop
  endfacet
  facet normal 1.110984e-13 1.000000e+00 2.273252e-13
    outer loop
      vertex   1.992702e+02 1.775000e+02 7.555490e+01
      vertex   2.010736e+02 1.775000e+02 7.629886e+01
      vertex   2.012246e+02 1.775000e+02 7.597500e+01
    endloop
  endfacet
  facet normal 1.355602e-13 1.000000e+00 1.135173e-13
    outer loop
      vertex   1.992702e+02 1.775000e+02 7.555490e+01
      vertex   2.012246e+02 1.775000e+02 7.597500e+01
      vertex   1.995608e+02 1.775000e+02 7.495740e+01
    endloop
  endfacet
  facet normal 6.036587e-14 1.000000e+00 2.364626e-13
    outer loop
      vertex   1.995608e+02 1.775000e+02 7.495740e+01
      vertex   2.012246e+02 1.775000e+02 7.597500e+01
      vertex   2.014296e+02 1.775000e+02 7.568229e+01
    endloop
  endfacet
  facet normal 1.031935e-13 1.000000e+00 1.260517e-13
    outer loop
      vertex   1.995608e+02 1.775000e+02 7.495740e+01
      vertex   2.014296e+02 1.775000e+02 7.568229e+01
      vertex   1.999464e+02 1.775000e+02 7.441627e+01
    endloop
  endfacet
  facet normal 6.192112e-14 1.000000e+00 1.744037e-13
    outer loop
      vertex   1.999464e+02 1.775000e+02 7.441627e+01
      vertex   2.014296e+02 1.775000e+02 7.568229e+01
      vertex   2.016823e+02 1.775000e+02 7.542961e+01
    endloop
  endfacet
  facet normal 7.071068e-01 9.778536e-14 -7.071068e-01
    outer loop
      vertex   2.000000e+00 1.800000e+02 7.717157e+01
      vertex   6.828427e+00 1.800000e+02 8.200000e+01
      vertex   2.000000e+00 1.775000e+02 7.717157e+01
    endloop
  endfacet
  facet normal 7.071068e-01 9.365092e-14 -7.071068e-01
    outer loop
      vertex   2.000000e+00 1.775000e+02 7.717157e+01
      vertex   6.828427e+00 1.800000e+02 8.200000e+01
      vertex   6.828427e+00 1.775000e+02 8.200000e+01
    endloop
  endfacet
  facet normal 0.000000e+00 1.000000e+00 0.000000e+00
    outer loop
      vertex   4.981144e+00 1.775000e+02 7.735598e+01
      vertex   4.950000e+00 1.775000e+02 7.700000e+01
      vertex   2.000000e+00 1.775000e+02 7.717157e+01
    endloop
  endfacet
  facet normal 0.000000e+00 1.000000e+00 0.000000e+00
    outer loop
      vertex   2.000000e+00 1.775000e+02 7.717157e+01
      vertex   4.950000e+00 1.775000e+02 7.700000e+01
      vertex   4.981144e+00 1.775000e+02 7.664402e+01
    endloop
  endfacet
  facet normal 0.000000e+00 1.000000e+00 0.000000e+00
    outer loop
      vertex   2.000000e+00 1.775000e+02 7.717157e+01
      vertex   4.981144e+00 1.775000e+02 7.664402e+01
      vertex   3.721371e+00 1.775000e+02 7.470858e+01
    endloop
  endfacet
  facet normal 0.000000e+00 1.000000e+00 0.000000e+00
    outer loop
      vertex   3.721371e+00 1.775000e+02 7.470858e+01
      vertex   4.981144e+00 1.775000e+02 7.664402e+01
      vertex   5.073630e+00 1.775000e+02 7.629886e+01
    endloop
  endfacet
  facet normal 0.000000e+00 1.000000e+00 0.000000e+00
    outer loop
      vertex   3.721371e+00 1.775000e+02 7.470858e+01
      vertex   5.073630e+00 1.775000e+02 7.629886e+01
      vertex   5.224648e+00 1.775000e+02 7.597500e+01
    endloop
  endfacet
  facet normal 0.000000e+00 1.000000e+00 0.000000e+00
    outer loop
      vertex   5.224648e+00 1.775000e+02 7.597500e+01
      vertex   5.429609e+00 1.775000e+02 7.568229e+01
      vertex   3.721371e+00 1.775000e+02 7.470858e+01
    endloop
  endfacet
  facet normal -0.000000e+00 1.000000e+00 0.000000e+00
    outer loop
      vertex   3.721371e+00 1.775000e+02 7.470858e+01
      vertex   5.429609e+00 1.775000e+02 7.568229e+01
      vertex   4.145928e+00 1.775000e+02 7.419745e+01
    endloop
  endfacet
  facet normal 0.000000e+00 1.000000e+00 0.000000e+00
    outer loop
      vertex   4.145928e+00 1.775000e+02 7.419745e+01
      vertex   5.429609e+00 1.775000e+02 7.568229e+01
      vertex   5.682285e+00 1.775000e+02 7.542961e+01
    endloop
  endfacet
  facet normal -0.000000e+00 1.000000e+00 0.000000e+00
    outer loop
      vertex   4.145928e+00 1.775000e+02 7.419745e+01
      vertex   5.682285e+00 1.775000e+02 7.542961e+01
      vertex   4.649240e+00 1.775000e+02 7.376366e+01
    endloop
  endfacet
  facet normal 0.000000e+00 1.000000e+00 0.000000e+00
    outer loop
      vertex   4.649240e+00 1.775000e+02 7.376366e+01
      vertex   5.682285e+00 1.775000e+02 7.542961e+01
      vertex   5.975000e+00 1.775000e+02 7.522465e+01
    endloop
  endfacet
  facet normal -0.000000e+00 1.000000e+00 0.000000e+00
    outer loop
      vertex   4.649240e+00 1.775000e+02 7.376366e+01
      vertex   5.975000e+00 1.775000e+02 7.522465e+01
      vertex   5.217418e+00 1.775000e+02 7.341916e+01
    endloop
  endfacet
  facet normal 0.000000e+00 1.000000e+00 0.000000e+00
    outer loop
      vertex   5.217418e+00 1.775000e+02 7.341916e+01
      vertex   5.975000e+00 1.775000e+02 7.522465e+01
      vertex   6.298859e+00 1.775000e+02 7.507363e+01
    endloop
  endfacet
  facet normal -0.000000e+00 1.000000e+00 0.000000e+00
    outer loop
      vertex   5.217418e+00 1.775000e+02 7.341916e+01
      vertex   6.298859e+00 1.775000e+02 7.507363e+01
      vertex   5.834785e+00 1.775000e+02 7.317348e+01
    endloop
  endfacet
  facet normal 0.000000e+00 1.000000e+00 0.000000e+00
    outer loop
      vertex   5.834785e+00 1.775000e+02 7.317348e+01
      vertex   6.298859e+00 1.775000e+02 7.507363e+01
      vertex   6.644021e+00 1.775000e+02 7.498114e+01
    endloop
  endfacet
  facet normal -0.000000e+00 1.000000e+00 0.000000e+00
    outer loop
      vertex   5.834785e+00 1.775000e+02 7.317348e+01
      vertex   6.644021e+00 1.775000e+02 7.498114e+01
      vertex   6.484305e+00 1.775000e+02 7.303338e+01
    endloop
  endfacet
  facet normal 0.000000e+00 1.000000e+00 0.000000e+00
    outer loop
      vertex   6.484305e+00 1.775000e+02 7.303338e+01
      vertex   6.644021e+00 1.775000e+02 7.498114e+01
      vertex   7.000000e+00 1.775000e+02 7.495000e+01
    endloop
  endfacet
  facet normal -0.000000e+00 1.000000e+00 0.000000e+00
    outer loop
      vertex   6.484305e+00 1.775000e+02 7.303338e+01
      vertex   7.000000e+00 1.775000e+02 7.495000e+01
      vertex   7.148055e+00 1.775000e+02 7.300274e+01
    endloop
  endfacet
  facet normal 0.000000e+00 1.000000e+00 -0.000000e+00
    outer loop
      vertex   7.148055e+00 1.775000e+02 7.300274e+01
      vertex   7.000000e+00 1.775000e+02 7.495000e+01
      vertex   7.355979e+00 1.775000e+02 7.498114e+01
    endloop
  endfacet
  facet normal 0.000000e+00 1.000000e+00 0.000000e+00
    outer loop
      vertex   7.148055e+00 1.775000e+02 7.300274e+01
      vertex   7.355979e+00 1.775000e+02 7.498114e+01
      vertex   7.807719e+00 1.775000e+02 7.308240e+01
    endloop
  endfacet
  facet normal 0.000000e+00 1.000000e+00 0.000000e+00
    outer loop
      vertex   7.807719e+00 1.775000e+02 7.308240e+01
      vertex   7.355979e+00 1.775000e+02 7.498114e+01
      vertex   7.701141e+00 1.775000e+02 7.507363e+01
    endloop
  endfacet
  facet normal 0.000000e+00 1.000000e+00 -0.000000e+00
    outer loop
      vertex   7.807719e+00 1.775000e+02 7.308240e+01
      vertex   7.701141e+00 1.775000e+02 7.507363e+01
      vertex   8.445096e+00 1.775000e+02 7.327016e+01
    endloop
  endfacet
  facet normal 0.000000e+00 1.000000e+00 0.000000e+00
    outer loop
      vertex   8.445096e+00 1.775000e+02 7.327016e+01
      vertex   7.701141e+00 1.775000e+02 7.507363e+01
      vertex   8.025000e+00 1.775000e+02 7.522465e+01
    endloop
  endfacet
  facet normal 0.000000e+00 1.000000e+00 -0.000000e+00
    outer loop
      vertex   8.445096e+00 1.775000e+02 7.327016e+01
      vertex   8.025000e+00 1.775000e+02 7.522465e+01
      vertex   9.042596e+00 1.775000e+02 7.356084e+01
    endloop
  endfacet
  facet normal 0.000000e+00 1.000000e+00 0.000000e+00
    outer loop
      vertex   9.042596e+00 1.775000e+02 7.356084e+01
      vertex   8.025000e+00 1.775000e+02 7.522465e+01
      vertex   8.317715e+00 1.775000e+02 7.542961e+01
    endloop
  endfacet
  facet normal 0.000000e+00 1.000000e+00 -0.000000e+00
    outer loop
      vertex   9.042596e+00 1.775000e+02 7.356084e+01
      vertex   8.317715e+00 1.775000e+02 7.542961e+01
      vertex   9.583733e+00 1.775000e+02 7.394642e+01
    endloop
  endfacet
  facet normal 0.000000e+00 1.000000e+00 -0.000000e+00
    outer loop
      vertex   9.583733e+00 1.775000e+02 7.394642e+01
      vertex   8.317715e+00 1.775000e+02 7.542961e+01
      vertex   1.005358e+01 1.775000e+02 7.441627e+01
    endloop
  endfacet
  facet normal 0.000000e+00 1.000000e+00 0.000000e+00
    outer loop
      vertex   1.005358e+01 1.775000e+02 7.441627e+01
      vertex   8.317715e+00 1.775000e+02 7.542961e+01
      vertex   8.570391e+00 1.775000e+02 7.568229e+01
    endloop
  endfacet
  facet normal 0.000000e+00 1.000000e+00 -0.000000e+00
    outer loop
      vertex   1.005358e+01 1.775000e+02 7.441627e+01
      vertex   8.570391e+00 1.775000e+02 7.568229e+01
      vertex   1.043916e+01 1.775000e+02 7.495740e+01
    endloop
  endfacet
  facet normal 0.000000e+00 1.000000e+00 0.000000e+00
    outer loop
      vertex   1.043916e+01 1.775000e+02 7.495740e+01
      vertex   8.570391e+00 1.775000e+02 7.568229e+01
      vertex   8.775352e+00 1.775000e+02 7.597500e+01
    endloop
  endfacet
  facet normal 0.000000e+00 1.000000e+00 -0.000000e+00
    outer loop
      vertex   1.043916e+01 1.775000e+02 7.495740e+01
      vertex   8.775352e+00 1.775000e+02 7.597500e+01
      vertex   1.072984e+01 1.775000e+02 7.555490e+01
    endloop
  endfacet
  facet normal 0.000000e+00 1.000000e+00 0.000000e+00
    outer loop
      vertex   1.072984e+01 1.775000e+02 7.555490e+01
      vertex   8.775352e+00 1.775000e+02 7.597500e+01
      vertex   8.926370e+00 1.775000e+02 7.629886e+01
    endloop
  endfacet
  facet normal 0.000000e+00 1.000000e+00 -0.000000e+00
    outer loop
      vertex   1.072984e+01 1.775000e+02 7.555490e+01
      vertex   8.926370e+00 1.775000e+02 7.629886e+01
      vertex   1.091760e+01 1.775000e+02 7.619228e+01
    endloop
  endfacet
  facet normal 0.000000e+00 1.000000e+00 0.000000e+00
    outer loop
      vertex   1.091760e+01 1.775000e+02 7.619228e+01
      vertex   8.926370e+00 1.775000e+02 7.629886e+01
      vertex   9.018856e+00 1.775000e+02 7.664402e+01
    endloop
  endfacet
  facet normal 0.000000e+00 1.000000e+00 -0.000000e+00
    outer loop
      vertex   1.091760e+01 1.775000e+02 7.619228e+01
      vertex   9.018856e+00 1.775000e+02 7.664402e+01
      vertex   1.099726e+01 1.775000e+02 7.685195e+01
    endloop
  endfacet
  facet normal 0.000000e+00 1.000000e+00 0.000000e+00
    outer loop
      vertex   1.099726e+01 1.775000e+02 7.685195e+01
      vertex   9.018856e+00 1.775000e+02 7.664402e+01
      vertex   9.050000e+00 1.775000e+02 7.700000e+01
    endloop
  endfacet
  facet normal 0.000000e+00 1.000000e+00 0.000000e+00
    outer loop
      vertex   1.099726e+01 1.775000e+02 7.685195e+01
      vertex   9.050000e+00 1.775000e+02 7.700000e+01
      vertex   1.096662e+01 1.775000e+02 7.751569e+01
    endloop
  endfacet
  facet normal 0.000000e+00 1.000000e+00 0.000000e+00
    outer loop
      vertex   1.096662e+01 1.775000e+02 7.751569e+01
      vertex   9.050000e+00 1.775000e+02 7.700000e+01
      vertex   9.018856e+00 1.775000e+02 7.735598e+01
    endloop
  endfacet
  facet normal 0.000000e+00 1.000000e+00 0.000000e+00
    outer loop
      vertex   1.096662e+01 1.775000e+02 7.751569e+01
      vertex   9.018856e+00 1.775000e+02 7.735598e+01
      vertex   1.082652e+01 1.775000e+02 7.816521e+01
    endloop
  endfacet
  facet normal 0.000000e+00 1.000000e+00 0.000000e+00
    outer loop
      vertex   1.082652e+01 1.775000e+02 7.816521e+01
      vertex   9.018856e+00 1.775000e+02 7.735598e+01
      vertex   8.926370e+00 1.775000e+02 7.770114e+01
    endloop
  endfacet
  facet normal 0.000000e+00 1.000000e+00 0.000000e+00
    outer loop
      vertex   1.082652e+01 1.775000e+02 7.816521e+01
      vertex   8.926370e+00 1.775000e+02 7.770114e+01
      vertex   1.058084e+01 1.775000e+02 7.878258e+01
    endloop
  endfacet
  facet normal 0.000000e+00 1.000000e+00 0.000000e+00
    outer loop
      vertex   1.058084e+01 1.775000e+02 7.878258e+01
      vertex   8.926370e+00 1.775000e+02 7.770114e+01
      vertex   8.775352e+00 1.775000e+02 7.802500e+01
    endloop
  endfacet
  facet normal 0.000000e+00 1.000000e+00 0.000000e+00
    outer loop
      vertex   1.058084e+01 1.775000e+02 7.878258e+01
      vertex   8.775352e+00 1.775000e+02 7.802500e+01
      vertex   1.023634e+01 1.775000e+02 7.935076e+01
    endloop
  endfacet
  facet normal 0.000000e+00 1.000000e+00 0.000000e+00
    outer loop
      vertex   1.023634e+01 1.775000e+02 7.935076e+01
      vertex   8.775352e+00 1.775000e+02 7.802500e+01
      vertex   8.570391e+00 1.775000e+02 7.831771e+01
    endloop
  endfacet
  facet normal 0.000000e+00 1.000000e+00 0.000000e+00
    outer loop
      vertex   1.023634e+01 1.775000e+02 7.935076e+01
      vertex   8.570391e+00 1.775000e+02 7.831771e+01
      vertex   9.802547e+00 1.775000e+02 7.985407e+01
    endloop
  endfacet
  facet normal 0.000000e+00 1.000000e+00 0.000000e+00
    outer loop
      vertex   9.802547e+00 1.775000e+02 7.985407e+01
      vertex   8.570391e+00 1.775000e+02 7.831771e+01
      vertex   8.317715e+00 1.775000e+02 7.857039e+01
    endloop
  endfacet
  facet normal 0.000000e+00 1.000000e+00 0.000000e+00
    outer loop
      vertex   9.802547e+00 1.775000e+02 7.985407e+01
      vertex   8.317715e+00 1.775000e+02 7.857039e+01
      vertex   9.291417e+00 1.775000e+02 8.027863e+01
    endloop
  endfacet
  facet normal 0.000000e+00 1.000000e+00 0.000000e+00
    outer loop
      vertex   9.291417e+00 1.775000e+02 8.027863e+01
      vertex   8.317715e+00 1.775000e+02 7.857039e+01
      vertex   8.025000e+00 1.775000e+02 7.877535e+01
    endloop
  endfacet
  facet normal 0.000000e+00 1.000000e+00 0.000000e+00
    outer loop
      vertex   9.291417e+00 1.775000e+02 8.027863e+01
      vertex   8.025000e+00 1.775000e+02 7.877535e+01
      vertex   7.701141e+00 1.775000e+02 7.892637e+01
    endloop
  endfacet
  facet normal 0.000000e+00 1.000000e+00 -0.000000e+00
    outer loop
      vertex   7.701141e+00 1.775000e+02 7.892637e+01
      vertex   7.355979e+00 1.775000e+02 7.901886e+01
      vertex   9.291417e+00 1.775000e+02 8.027863e+01
    endloop
  endfacet
  facet normal 0.000000e+00 1.000000e+00 0.000000e+00
    outer loop
      vertex   9.291417e+00 1.775000e+02 8.027863e+01
      vertex   7.355979e+00 1.775000e+02 7.901886e+01
      vertex   6.828427e+00 1.775000e+02 8.200000e+01
    endloop
  endfacet
  facet normal 0.000000e+00 1.000000e+00 0.000000e+00
    outer loop
      vertex   6.828427e+00 1.775000e+02 8.200000e+01
      vertex   7.355979e+00 1.775000e+02 7.901886e+01
      vertex   7.000000e+00 1.775000e+02 7.905000e+01
    endloop
  endfacet
  facet normal 0.000000e+00 1.000000e+00 0.000000e+00
    outer loop
      vertex   6.828427e+00 1.775000e+02 8.200000e+01
      vertex   7.000000e+00 1.775000e+02 7.905000e+01
      vertex   6.644021e+00 1.775000e+02 7.901886e+01
    endloop
  endfacet
  facet normal 0.000000e+00 1.000000e+00 -0.000000e+00
    outer loop
      vertex   6.644021e+00 1.775000e+02 7.901886e+01
      vertex   6.298859e+00 1.775000e+02 7.892637e+01
      vertex   6.828427e+00 1.775000e+02 8.200000e+01
    endloop
  endfacet
  facet normal 0.000000e+00 1.000000e+00 0.000000e+00
    outer loop
      vertex   6.828427e+00 1.775000e+02 8.200000e+01
      vertex   6.298859e+00 1.775000e+02 7.892637e+01
      vertex   5.975000e+00 1.775000e+02 7.877535e+01
    endloop
  endfacet
  facet normal 0.000000e+00 1.000000e+00 0.000000e+00
    outer loop
      vertex   6.828427e+00 1.775000e+02 8.200000e+01
      vertex   5.975000e+00 1.775000e+02 7.877535e+01
      vertex   5.682285e+00 1.775000e+02 7.857039e+01
    endloop
  endfacet
  facet normal 0.000000e+00 1.000000e+00 -0.000000e+00
    outer loop
      vertex   5.682285e+00 1.775000e+02 7.857039e+01
      vertex   5.429609e+00 1.775000e+02 7.831771e+01
      vertex   6.828427e+00 1.775000e+02 8.200000e+01
    endloop
  endfacet
  facet normal 0.000000e+00 1.000000e+00 0.000000e+00
    outer loop
      vertex   6.828427e+00 1.775000e+02 8.200000e+01
      vertex   5.429609e+00 1.775000e+02 7.831771e+01
      vertex   2.000000e+00 1.775000e+02 7.717157e+01
    endloop
  endfacet
  facet normal 0.000000e+00 1.000000e+00 0.000000e+00
    outer loop
      vertex   2.000000e+00 1.775000e+02 7.717157e+01
      vertex   5.429609e+00 1.775000e+02 7.831771e+01
      vertex   5.224648e+00 1.775000e+02 7.802500e+01
    endloop
  endfacet
  facet normal 0.000000e+00 1.000000e+00 0.000000e+00
    outer loop
      vertex   2.000000e+00 1.775000e+02 7.717157e+01
      vertex   5.224648e+00 1.775000e+02 7.802500e+01
      vertex   5.073630e+00 1.775000e+02 7.770114e+01
    endloop
  endfacet
  facet normal 0.000000e+00 1.000000e+00 0.000000e+00
    outer loop
      vertex   5.073630e+00 1.775000e+02 7.770114e+01
      vertex   4.981144e+00 1.775000e+02 7.735598e+01
      vertex   2.000000e+00 1.775000e+02 7.717157e+01
    endloop
  endfacet
  facet normal 8.196573e-01 -3.930083e-14 -5.728543e-01
    outer loop
      vertex   2.062786e+02 1.775000e+02 7.470858e+01
      vertex   2.080000e+02 1.775000e+02 7.717157e+01
      vertex   2.062786e+02 1.725000e+02 7.470858e+01
    endloop
  endfacet
  facet normal 8.196573e-01 -4.096690e-14 -5.728543e-01
    outer loop
      vertex   2.062786e+02 1.725000e+02 7.470858e+01
      vertex   2.080000e+02 1.775000e+02 7.717157e+01
      vertex   2.080000e+02 1.725000e+02 7.717157e+01
    endloop
  endfacet
  facet normal -6.389533e-01 5.539881e-14 7.692456e-01
    outer loop
      vertex   2.007086e+02 1.725000e+02 8.027863e+01
      vertex   2.007086e+02 1.775000e+02 8.027863e+01
      vertex   2.001975e+02 1.725000e+02 7.985407e+01
    endloop
  endfacet
  facet normal -6.389533e-01 7.110065e-17 7.692456e-01
    outer loop
      vertex   2.001975e+02 1.725000e+02 7.985407e+01
      vertex   2.007086e+02 1.775000e+02 8.027863e+01
      vertex   2.001975e+02 1.775000e+02 7.985407e+01
    endloop
  endfacet
  facet normal -7.574787e-01 -7.279216e-15 6.528598e-01
    outer loop
      vertex   2.001975e+02 1.725000e+02 7.985407e+01
      vertex   2.001975e+02 1.775000e+02 7.985407e+01
      vertex   1.997637e+02 1.725000e+02 7.935076e+01
    endloop
  endfacet
  facet normal -7.574787e-01 1.332320e-15 6.528598e-01
    outer loop
      vertex   1.997637e+02 1.725000e+02 7.935076e+01
      vertex   2.001975e+02 1.775000e+02 7.985407e+01
      vertex   1.997637e+02 1.775000e+02 7.935076e+01
    endloop
  endfacet
  facet normal -8.551024e-01 -4.707282e-15 5.184591e-01
    outer loop
      vertex   1.997637e+02 1.725000e+02 7.935076e+01
      vertex   1.997637e+02 1.775000e+02 7.935076e+01
      vertex   1.994192e+02 1.725000e+02 7.878258e+01
    endloop
  endfacet
  facet normal -8.551024e-01 5.014106e-15 5.184591e-01
    outer loop
      vertex   1.994192e+02 1.725000e+02 7.878258e+01
      vertex   1.997637e+02 1.775000e+02 7.935076e+01
      vertex   1.994192e+02 1.775000e+02 7.878258e+01
    endloop
  endfacet
  facet normal -9.291304e-01 -5.400216e-17 3.697521e-01
    outer loop
      vertex   1.994192e+02 1.725000e+02 7.878258e+01
      vertex   1.994192e+02 1.775000e+02 7.878258e+01
      vertex   1.991735e+02 1.725000e+02 7.816521e+01
    endloop
  endfacet
  facet normal -9.291304e-01 4.176594e-15 3.697521e-01
    outer loop
      vertex   1.991735e+02 1.725000e+02 7.816521e+01
      vertex   1.994192e+02 1.775000e+02 7.878258e+01
      vertex   1.991735e+02 1.775000e+02 7.816521e+01
    endloop
  endfacet
  facet normal -9.775201e-01 -1.633118e-16 2.108422e-01
    outer loop
      vertex   1.991735e+02 1.725000e+02 7.816521e+01
      vertex   1.991735e+02 1.775000e+02 7.816521e+01
      vertex   1.990334e+02 1.725000e+02 7.751569e+01
    endloop
  endfacet
  facet normal -9.775201e-01 -1.361811e-15 2.108422e-01
    outer loop
      vertex   1.990334e+02 1.725000e+02 7.751569e+01
      vertex   1.991735e+02 1.775000e+02 7.816521e+01
      vertex   1.990334e+02 1.775000e+02 7.751569e+01
    endloop
  endfacet
  facet normal -9.989362e-01 -4.760841e-15 4.611434e-02
    outer loop
      vertex   1.990334e+02 1.725000e+02 7.751569e+01
      vertex   1.990334e+02 1.775000e+02 7.751569e+01
      vertex   1.990027e+02 1.725000e+02 7.685195e+01
    endloop
  endfacet
  facet normal -9.989362e-01 6.333619e-15 4.611434e-02
    outer loop
      vertex   1.990027e+02 1.725000e+02 7.685195e+01
      vertex   1.990334e+02 1.775000e+02 7.751569e+01
      vertex   1.990027e+02 1.775000e+02 7.685195e+01
    endloop
  endfacet
  facet normal -9.927877e-01 3.939662e-15 -1.198860e-01
    outer loop
      vertex   1.990027e+02 1.725000e+02 7.685195e+01
      vertex   1.990027e+02 1.775000e+02 7.685195e+01
      vertex   1.990824e+02 1.725000e+02 7.619228e+01
    endloop
  endfacet
  facet normal -9.927877e-01 1.026448e-14 -1.198860e-01
    outer loop
      vertex   1.990824e+02 1.725000e+02 7.619228e+01
      vertex   1.990027e+02 1.775000e+02 7.685195e+01
      vertex   1.990824e+02 1.775000e+02 7.619228e+01
    endloop
  endfacet
  facet normal -9.592442e-01 8.495937e-15 -2.825783e-01
    outer loop
      vertex   1.990824e+02 1.725000e+02 7.619228e+01
      vertex   1.990824e+02 1.775000e+02 7.619228e+01
      vertex   1.992702e+02 1.725000e+02 7.555490e+01
    endloop
  endfacet
  facet normal -9.592442e-01 4.649537e-15 -2.825783e-01
    outer loop
      vertex   1.992702e+02 1.725000e+02 7.555490e+01
      vertex   1.990824e+02 1.775000e+02 7.619228e+01
      vertex   1.992702e+02 1.775000e+02 7.555490e+01
    endloop
  endfacet
  facet normal -8.992315e-01 3.868166e-15 -4.374730e-01
    outer loop
      vertex   1.992702e+02 1.725000e+02 7.555490e+01
      vertex   1.992702e+02 1.775000e+02 7.555490e+01
      vertex   1.995608e+02 1.725000e+02 7.495740e+01
    endloop
  endfacet
  facet normal -8.992315e-01 -5.111539e-15 -4.374730e-01
    outer loop
      vertex   1.995608e+02 1.725000e+02 7.495740e+01
      vertex   1.992702e+02 1.775000e+02 7.555490e+01
      vertex   1.995608e+02 1.775000e+02 7.495740e+01
    endloop
  endfacet
  facet normal -8.144055e-01 -4.629359e-15 -5.802962e-01
    outer loop
      vertex   1.995608e+02 1.725000e+02 7.495740e+01
      vertex   1.995608e+02 1.775000e+02 7.495740e+01
      vertex   1.999464e+02 1.725000e+02 7.441627e+01
    endloop
  endfacet
  facet normal -8.144055e-01 -1.330757e-15 -5.802962e-01
    outer loop
      vertex   1.999464e+02 1.725000e+02 7.441627e+01
      vertex   1.995608e+02 1.775000e+02 7.495740e+01
      vertex   1.999464e+02 1.775000e+02 7.441627e+01
    endloop
  endfacet
  facet normal -7.071068e-01 0.000000e+00 -7.071068e-01
    outer loop
      vertex   1.999464e+02 1.725000e+02 7.441627e+01
      vertex   1.999464e+02 1.775000e+02 7.441627e+01
      vertex   2.004163e+02 1.725000e+02 7.394642e+01
    endloop
  endfacet
  facet normal -7.071068e-01 -2.009718e-15 -7.071068e-01
    outer loop
      vertex   2.004163e+02 1.725000e+02 7.394642e+01
      vertex   1.999464e+02 1.775000e+02 7.441627e+01
      vertex   2.004163e+02 1.775000e+02 7.394642e+01
    endloop
  endfacet
  facet normal -5.802962e-01 3.468343e-16 -8.144055e-01
    outer loop
      vertex   2.004163e+02 1.725000e+02 7.394642e+01
      vertex   2.004163e+02 1.775000e+02 7.394642e+01
      vertex   2.009574e+02 1.725000e+02 7.356084e+01
    endloop
  endfacet
  facet normal -5.802962e-01 -2.951768e-15 -8.144055e-01
    outer loop
      vertex   2.009574e+02 1.725000e+02 7.356084e+01
      vertex   2.004163e+02 1.775000e+02 7.394642e+01
      vertex   2.009574e+02 1.775000e+02 7.356084e+01
    endloop
  endfacet
  facet normal -4.374730e-01 2.070701e-16 -8.992315e-01
    outer loop
      vertex   2.009574e+02 1.725000e+02 7.356084e+01
      vertex   2.009574e+02 1.775000e+02 7.356084e+01
      vertex   2.015549e+02 1.725000e+02 7.327016e+01
    endloop
  endfacet
  facet normal -4.374730e-01 -7.253169e-15 -8.992315e-01
    outer loop
      vertex   2.015549e+02 1.725000e+02 7.327016e+01
      vertex   2.009574e+02 1.775000e+02 7.356084e+01
      vertex   2.015549e+02 1.775000e+02 7.327016e+01
    endloop
  endfacet
  facet normal -2.825783e-01 -1.458620e-15 -9.592442e-01
    outer loop
      vertex   2.015549e+02 1.725000e+02 7.327016e+01
      vertex   2.015549e+02 1.775000e+02 7.327016e+01
      vertex   2.021923e+02 1.725000e+02 7.308240e+01
    endloop
  endfacet
  facet normal -2.825783e-01 -2.578685e-15 -9.592442e-01
    outer loop
      vertex   2.021923e+02 1.725000e+02 7.308240e+01
      vertex   2.015549e+02 1.775000e+02 7.327016e+01
      vertex   2.021923e+02 1.775000e+02 7.308240e+01
    endloop
  endfacet
  facet normal -1.198860e-01 2.235979e-15 -9.927877e-01
    outer loop
      vertex   2.021923e+02 1.725000e+02 7.308240e+01
      vertex   2.021923e+02 1.775000e+02 7.308240e+01
      vertex   2.028519e+02 1.725000e+02 7.300274e+01
    endloop
  endfacet
  facet normal -1.198860e-01 -1.267167e-15 -9.927877e-01
    outer loop
      vertex   2.028519e+02 1.725000e+02 7.300274e+01
      vertex   2.021923e+02 1.775000e+02 7.308240e+01
      vertex   2.028519e+02 1.775000e+02 7.300274e+01
    endloop
  endfacet
  facet normal 4.611434e-02 4.411925e-15 -9.989362e-01
    outer loop
      vertex   2.028519e+02 1.725000e+02 7.300274e+01
      vertex   2.028519e+02 1.775000e+02 7.300274e+01
      vertex   2.035157e+02 1.725000e+02 7.303338e+01
    endloop
  endfacet
  facet normal 4.611434e-02 -1.004240e-15 -9.989362e-01
    outer loop
      vertex   2.035157e+02 1.725000e+02 7.303338e+01
      vertex   2.028519e+02 1.775000e+02 7.300274e+01
      vertex   2.035157e+02 1.775000e+02 7.303338e+01
    endloop
  endfacet
  facet normal 2.108422e-01 5.611216e-15 -9.775201e-01
    outer loop
      vertex   2.035157e+02 1.725000e+02 7.303338e+01
      vertex   2.035157e+02 1.775000e+02 7.303338e+01
      vertex   2.041652e+02 1.725000e+02 7.317348e+01
    endloop
  endfacet
  facet normal 2.108422e-01 -4.303402e-15 -9.775201e-01
    outer loop
      vertex   2.041652e+02 1.725000e+02 7.317348e+01
      vertex   2.035157e+02 1.775000e+02 7.303338e+01
      vertex   2.041652e+02 1.775000e+02 7.317348e+01
    endloop
  endfacet
  facet normal 3.697521e-01 3.610643e-15 -9.291304e-01
    outer loop
      vertex   2.041652e+02 1.725000e+02 7.317348e+01
      vertex   2.041652e+02 1.775000e+02 7.317348e+01
      vertex   2.047826e+02 1.725000e+02 7.341916e+01
    endloop
  endfacet
  facet normal 3.697521e-01 -2.209802e-15 -9.291304e-01
    outer loop
      vertex   2.047826e+02 1.725000e+02 7.341916e+01
      vertex   2.041652e+02 1.775000e+02 7.317348e+01
      vertex   2.047826e+02 1.775000e+02 7.341916e+01
    endloop
  endfacet
  facet normal 5.184591e-01 7.081114e-15 -8.551024e-01
    outer loop
      vertex   2.047826e+02 1.725000e+02 7.341916e+01
      vertex   2.047826e+02 1.775000e+02 7.341916e+01
      vertex   2.053508e+02 1.725000e+02 7.376366e+01
    endloop
  endfacet
  facet normal 5.184591e-01 -2.640275e-15 -8.551024e-01
    outer loop
      vertex   2.053508e+02 1.725000e+02 7.376366e+01
      vertex   2.047826e+02 1.775000e+02 7.341916e+01
      vertex   2.053508e+02 1.775000e+02 7.376366e+01
    endloop
  endfacet
  facet normal 6.528598e-01 7.565098e-15 -7.574787e-01
    outer loop
      vertex   2.053508e+02 1.725000e+02 7.376366e+01
      vertex   2.053508e+02 1.775000e+02 7.376366e+01
      vertex   2.058541e+02 1.725000e+02 7.419745e+01
    endloop
  endfacet
  facet normal 6.528598e-01 -6.910401e-15 -7.574787e-01
    outer loop
      vertex   2.058541e+02 1.725000e+02 7.419745e+01
      vertex   2.053508e+02 1.775000e+02 7.376366e+01
      vertex   2.058541e+02 1.775000e+02 7.419745e+01
    endloop
  endfacet
  facet normal 7.692456e-01 4.108993e-15 -6.389533e-01
    outer loop
      vertex   2.058541e+02 1.725000e+02 7.419745e+01
      vertex   2.058541e+02 1.775000e+02 7.419745e+01
      vertex   2.062786e+02 1.725000e+02 7.470858e+01
    endloop
  endfacet
  facet normal 7.692456e-01 -4.465973e-14 -6.389533e-01
    outer loop
      vertex   2.062786e+02 1.725000e+02 7.470858e+01
      vertex   2.058541e+02 1.775000e+02 7.419745e+01
      vertex   2.062786e+02 1.775000e+02 7.470858e+01
    endloop
  endfacet
  facet normal 0.000000e+00 1.000000e+00 0.000000e+00
    outer loop
      vertex   6.828427e+00 1.800000e+02 8.200000e+01
      vertex   2.040000e+02 1.800000e+02 8.400000e+01
      vertex   2.031716e+02 1.800000e+02 8.200000e+01
    endloop
  endfacet
  facet normal -0.000000e+00 1.000000e+00 0.000000e+00
    outer loop
      vertex   2.031716e+02 1.800000e+02 8.200000e+01
      vertex   2.040000e+02 1.800000e+02 8.400000e+01
      vertex   2.100000e+02 1.800000e+02 7.800000e+01
    endloop
  endfacet
  facet normal 0.000000e+00 1.000000e+00 0.000000e+00
    outer loop
      vertex   2.031716e+02 1.800000e+02 8.200000e+01
      vertex   2.100000e+02 1.800000e+02 7.800000e+01
      vertex   2.080000e+02 1.800000e+02 7.717157e+01
    endloop
  endfacet
  facet normal -0.000000e+00 1.000000e+00 0.000000e+00
    outer loop
      vertex   2.080000e+02 1.800000e+02 7.717157e+01
      vertex   2.100000e+02 1.800000e+02 7.800000e+01
      vertex   2.100000e+02 1.800000e+02 4.600000e+01
    endloop
  endfacet
  facet normal 0.000000e+00 1.000000e+00 0.000000e+00
    outer loop
      vertex   2.080000e+02 1.800000e+02 7.717157e+01
      vertex   2.100000e+02 1.800000e+02 4.600000e+01
      vertex   2.090000e+02 1.800000e+02 4.600000e+01
    endloop
  endfacet
  facet normal 0.000000e+00 1.000000e+00 -0.000000e+00
    outer loop
      vertex   2.000000e+00 1.800000e+02 7.717157e+01
      vertex   -3.325730e-11 1.800000e+02 7.800000e+01
      vertex   6.828427e+00 1.800000e+02 8.200000e+01
    endloop
  endfacet
  facet normal 0.000000e+00 1.000000e+00 0.000000e+00
    outer loop
      vertex   6.828427e+00 1.800000e+02 8.200000e+01
      vertex   -3.325730e-11 1.800000e+02 7.800000e+01
      vertex   6.000000e+00 1.800000e+02 8.400000e+01
    endloop
  endfacet
  facet normal 0.000000e+00 1.000000e+00 -0.000000e+00
    outer loop
      vertex   6.828427e+00 1.800000e+02 8.200000e+01
      vertex   6.000000e+00 1.800000e+02 8.400000e+01
      vertex   2.040000e+02 1.800000e+02 8.400000e+01
    endloop
  endfacet
  facet normal 0.000000e+00 1.000000e+00 0.000000e+00
    outer loop
      vertex   2.000000e+00 1.800000e+02 4.286603e+01
      vertex   1.000000e+00 1.800000e+02 4.600000e+01
      vertex   2.000000e+00 1.800000e+02 7.717157e+01
    endloop
  endfacet
  facet normal 0.000000e+00 1.000000e+00 0.000000e+00
    outer loop
      vertex   2.000000e+00 1.800000e+02 7.717157e+01
      vertex   1.000000e+00 1.800000e+02 4.600000e+01
      vertex   -2.988369e-11 1.800000e+02 4.600000e+01
    endloop
  endfacet
  facet normal 0.000000e+00 1.000000e+00 0.000000e+00
    outer loop
      vertex   2.000000e+00 1.800000e+02 7.717157e+01
      vertex   -2.988369e-11 1.800000e+02 4.600000e+01
      vertex   -3.325730e-11 1.800000e+02 7.800000e+01
    endloop
  endfacet
  facet normal 0.000000e+00 1.000000e+00 -0.000000e+00
    outer loop
      vertex   1.500000e+00 1.800000e+02 4.200000e+01
      vertex   1.000000e+00 1.800000e+02 4.200000e+01
      vertex   2.000000e+00 1.800000e+02 4.286603e+01
    endloop
  endfacet
  facet normal 0.000000e+00 1.000000e+00 0.000000e+00
    outer loop
      vertex   2.000000e+00 1.800000e+02 4.286603e+01
      vertex   1.000000e+00 1.800000e+02 4.200000e+01
      vertex   1.000000e+00 1.800000e+02 4.600000e+01
    endloop
  endfacet
  facet normal 0.000000e+00 1.000000e+00 0.000000e+00
    outer loop
      vertex   2.080000e+02 1.800000e+02 7.717157e+01
      vertex   2.090000e+02 1.800000e+02 4.600000e+01
      vertex   2.080000e+02 1.800000e+02 4.286603e+01
    endloop
  endfacet
  facet normal -0.000000e+00 1.000000e+00 0.000000e+00
    outer loop
      vertex   2.080000e+02 1.800000e+02 4.286603e+01
      vertex   2.090000e+02 1.800000e+02 4.600000e+01
      vertex   2.090000e+02 1.800000e+02 4.200000e+01
    endloop
  endfacet
  facet normal 0.000000e+00 1.000000e+00 0.000000e+00
    outer loop
      vertex   2.080000e+02 1.800000e+02 4.286603e+01
      vertex   2.090000e+02 1.800000e+02 4.200000e+01
      vertex   2.085000e+02 1.800000e+02 4.200000e+01
    endloop
  endfacet
  facet normal 5.728543e-01 7.113101e-14 8.196573e-01
    outer loop
      vertex   9.291417e+00 1.775000e+02 8.027863e+01
      vertex   6.828427e+00 1.775000e+02 8.200000e+01
      vertex   9.291417e+00 1.725000e+02 8.027863e+01
    endloop
  endfacet
  facet normal 5.728543e-01 6.886932e-14 8.196573e-01
    outer loop
      vertex   9.291417e+00 1.725000e+02 8.027863e+01
      vertex   6.828427e+00 1.775000e+02 8.200000e+01
      vertex   6.828427e+00 1.725000e+02 8.200000e+01
    endloop
  endfacet
  facet normal 9.961947e-01 4.389500e-15 -8.715574e-02
    outer loop
      vertex   1.029811e+02 1.775000e+02 7.810598e+01
      vertex   1.029811e+02 1.725000e+02 7.810598e+01
      vertex   1.029500e+02 1.775000e+02 7.775000e+01
    endloop
  endfacet
  facet normal 9.961947e-01 4.389500e-15 -8.715574e-02
    outer loop
      vertex   1.029500e+02 1.775000e+02 7.775000e+01
      vertex   1.029811e+02 1.725000e+02 7.810598e+01
      vertex   1.029500e+02 1.725000e+02 7.775000e+01
    endloop
  endfacet
  facet normal 9.961947e-01 1.826135e-14 8.715574e-02
    outer loop
      vertex   1.029500e+02 1.775000e+02 7.775000e+01
      vertex   1.029500e+02 1.725000e+02 7.775000e+01
      vertex   1.029811e+02 1.775000e+02 7.739402e+01
    endloop
  endfacet
  facet normal 9.961947e-01 -1.029992e-14 8.715574e-02
    outer loop
      vertex   1.029811e+02 1.775000e+02 7.739402e+01
      vertex   1.029500e+02 1.725000e+02 7.775000e+01
      vertex   1.029811e+02 1.725000e+02 7.739402e+01
    endloop
  endfacet
  facet normal 9.659258e-01 3.389457e-15 2.588190e-01
    outer loop
      vertex   1.029811e+02 1.775000e+02 7.739402e+01
      vertex   1.029811e+02 1.725000e+02 7.739402e+01
      vertex   1.030736e+02 1.775000e+02 7.704886e+01
    endloop
  endfacet
  facet normal 9.659258e-01 -6.317738e-15 2.588190e-01
    outer loop
      vertex   1.030736e+02 1.775000e+02 7.704886e+01
      vertex   1.029811e+02 1.725000e+02 7.739402e+01
      vertex   1.030736e+02 1.725000e+02 7.704886e+01
    endloop
  endfacet
  facet normal 9.063078e-01 6.845899e-15 4.226183e-01
    outer loop
      vertex   1.030736e+02 1.775000e+02 7.704886e+01
      vertex   1.030736e+02 1.725000e+02 7.704886e+01
      vertex   1.032246e+02 1.775000e+02 7.672500e+01
    endloop
  endfacet
  facet normal 9.063078e-01 -8.435816e-15 4.226183e-01
    outer loop
      vertex   1.032246e+02 1.775000e+02 7.672500e+01
      vertex   1.030736e+02 1.725000e+02 7.704886e+01
      vertex   1.032246e+02 1.725000e+02 7.672500e+01
    endloop
  endfacet
  facet normal 8.191520e-01 4.900271e-15 5.735764e-01
    outer loop
      vertex   1.032246e+02 1.775000e+02 7.672500e+01
      vertex   1.032246e+02 1.725000e+02 7.672500e+01
      vertex   1.034296e+02 1.775000e+02 7.643229e+01
    endloop
  endfacet
  facet normal 8.191520e-01 -7.672815e-15 5.735764e-01
    outer loop
      vertex   1.034296e+02 1.775000e+02 7.643229e+01
      vertex   1.032246e+02 1.725000e+02 7.672500e+01
      vertex   1.034296e+02 1.725000e+02 7.643229e+01
    endloop
  endfacet
  facet normal 7.071068e-01 6.029155e-15 7.071068e-01
    outer loop
      vertex   1.034296e+02 1.775000e+02 7.643229e+01
      vertex   1.034296e+02 1.725000e+02 7.643229e+01
      vertex   1.036823e+02 1.775000e+02 7.617961e+01
    endloop
  endfacet
  facet normal 7.071068e-01 -6.029155e-15 7.071068e-01
    outer loop
      vertex   1.036823e+02 1.775000e+02 7.617961e+01
      vertex   1.034296e+02 1.725000e+02 7.643229e+01
      vertex   1.036823e+02 1.725000e+02 7.617961e+01
    endloop
  endfacet
  facet normal 5.735764e-01 7.672815e-15 8.191520e-01
    outer loop
      vertex   1.036823e+02 1.775000e+02 7.617961e+01
      vertex   1.036823e+02 1.725000e+02 7.617961e+01
      vertex   1.039750e+02 1.775000e+02 7.597465e+01
    endloop
  endfacet
  facet normal 5.735764e-01 -8.160675e-15 8.191520e-01
    outer loop
      vertex   1.039750e+02 1.775000e+02 7.597465e+01
      vertex   1.036823e+02 1.725000e+02 7.617961e+01
      vertex   1.039750e+02 1.725000e+02 7.597465e+01
    endloop
  endfacet
  facet normal 4.226183e-01 6.033510e-15 9.063078e-01
    outer loop
      vertex   1.039750e+02 1.775000e+02 7.597465e+01
      vertex   1.039750e+02 1.725000e+02 7.597465e+01
      vertex   1.042989e+02 1.775000e+02 7.582363e+01
    endloop
  endfacet
  facet normal 4.226183e-01 -9.248205e-15 9.063078e-01
    outer loop
      vertex   1.042989e+02 1.775000e+02 7.582363e+01
      vertex   1.039750e+02 1.725000e+02 7.597465e+01
      vertex   1.042989e+02 1.725000e+02 7.582363e+01
    endloop
  endfacet
  facet normal 2.588190e-01 4.846522e-15 9.659258e-01
    outer loop
      vertex   1.042989e+02 1.775000e+02 7.582363e+01
      vertex   1.042989e+02 1.725000e+02 7.582363e+01
      vertex   1.046440e+02 1.775000e+02 7.573114e+01
    endloop
  endfacet
  facet normal 2.588190e-01 -8.144502e-15 9.659258e-01
    outer loop
      vertex   1.046440e+02 1.775000e+02 7.573114e+01
      vertex   1.042989e+02 1.725000e+02 7.582363e+01
      vertex   1.046440e+02 1.725000e+02 7.573114e+01
    endloop
  endfacet
  facet normal 8.715574e-02 4.884923e-15 9.961947e-01
    outer loop
      vertex   1.046440e+02 1.775000e+02 7.573114e+01
      vertex   1.046440e+02 1.725000e+02 7.573114e+01
      vertex   1.050000e+02 1.775000e+02 7.570000e+01
    endloop
  endfacet
  facet normal 8.715574e-02 -6.935923e-15 9.961947e-01
    outer loop
      vertex   1.050000e+02 1.775000e+02 7.570000e+01
      vertex   1.046440e+02 1.725000e+02 7.573114e+01
      vertex   1.050000e+02 1.725000e+02 7.570000e+01
    endloop
  endfacet
  facet normal -8.715574e-02 6.935923e-15 9.961947e-01
    outer loop
      vertex   1.050000e+02 1.775000e+02 7.570000e+01
      vertex   1.050000e+02 1.725000e+02 7.570000e+01
      vertex   1.053560e+02 1.775000e+02 7.573114e+01
    endloop
  endfacet
  facet normal -8.715574e-02 -1.005221e-14 9.961947e-01
    outer loop
      vertex   1.053560e+02 1.775000e+02 7.573114e+01
      vertex   1.050000e+02 1.725000e+02 7.570000e+01
      vertex   1.053560e+02 1.725000e+02 7.573114e+01
    endloop
  endfacet
  facet normal -2.588190e-01 4.125065e-15 9.659258e-01
    outer loop
      vertex   1.053560e+02 1.775000e+02 7.573114e+01
      vertex   1.053560e+02 1.725000e+02 7.573114e+01
      vertex   1.057011e+02 1.775000e+02 7.582363e+01
    endloop
  endfacet
  facet normal -2.588190e-01 -8.327456e-15 9.659258e-01
    outer loop
      vertex   1.057011e+02 1.775000e+02 7.582363e+01
      vertex   1.053560e+02 1.725000e+02 7.573114e+01
      vertex   1.057011e+02 1.725000e+02 7.582363e+01
    endloop
  endfacet
  facet normal -4.226183e-01 5.471170e-15 9.063078e-01
    outer loop
      vertex   1.057011e+02 1.775000e+02 7.582363e+01
      vertex   1.057011e+02 1.725000e+02 7.582363e+01
      vertex   1.060250e+02 1.775000e+02 7.597465e+01
    endloop
  endfacet
  facet normal -4.226183e-01 -6.033510e-15 9.063078e-01
    outer loop
      vertex   1.060250e+02 1.775000e+02 7.597465e+01
      vertex   1.057011e+02 1.725000e+02 7.582363e+01
      vertex   1.060250e+02 1.725000e+02 7.597465e+01
    endloop
  endfacet
  facet normal -5.735764e-01 8.160675e-15 8.191520e-01
    outer loop
      vertex   1.060250e+02 1.775000e+02 7.597465e+01
      vertex   1.060250e+02 1.725000e+02 7.597465e+01
      vertex   1.063177e+02 1.775000e+02 7.617961e+01
    endloop
  endfacet
  facet normal -5.735764e-01 -7.672815e-15 8.191520e-01
    outer loop
      vertex   1.063177e+02 1.775000e+02 7.617961e+01
      vertex   1.060250e+02 1.725000e+02 7.597465e+01
      vertex   1.063177e+02 1.725000e+02 7.617961e+01
    endloop
  endfacet
  facet normal -7.071068e-01 6.029155e-15 7.071068e-01
    outer loop
      vertex   1.063177e+02 1.775000e+02 7.617961e+01
      vertex   1.063177e+02 1.725000e+02 7.617961e+01
      vertex   1.065704e+02 1.775000e+02 7.643229e+01
    endloop
  endfacet
  facet normal -7.071068e-01 -8.038873e-15 7.071068e-01
    outer loop
      vertex   1.065704e+02 1.775000e+02 7.643229e+01
      vertex   1.063177e+02 1.725000e+02 7.617961e+01
      vertex   1.065704e+02 1.725000e+02 7.643229e+01
    endloop
  endfacet
  facet normal -8.191520e-01 5.344644e-15 5.735764e-01
    outer loop
      vertex   1.065704e+02 1.775000e+02 7.643229e+01
      vertex   1.065704e+02 1.725000e+02 7.643229e+01
      vertex   1.067754e+02 1.775000e+02 7.672500e+01
    endloop
  endfacet
  facet normal -8.191520e-01 -6.530473e-15 5.735764e-01
    outer loop
      vertex   1.067754e+02 1.775000e+02 7.672500e+01
      vertex   1.065704e+02 1.725000e+02 7.643229e+01
      vertex   1.067754e+02 1.725000e+02 7.672500e+01
    endloop
  endfacet
  facet normal -9.063078e-01 7.234663e-15 4.226183e-01
    outer loop
      vertex   1.067754e+02 1.775000e+02 7.672500e+01
      vertex   1.067754e+02 1.725000e+02 7.672500e+01
      vertex   1.069264e+02 1.775000e+02 7.704886e+01
    endloop
  endfacet
  facet normal -9.063078e-01 -6.672324e-15 4.226183e-01
    outer loop
      vertex   1.069264e+02 1.775000e+02 7.704886e+01
      vertex   1.067754e+02 1.725000e+02 7.672500e+01
      vertex   1.069264e+02 1.725000e+02 7.704886e+01
    endloop
  endfacet
  facet normal -9.659258e-01 7.591848e-15 2.588190e-01
    outer loop
      vertex   1.069264e+02 1.775000e+02 7.704886e+01
      vertex   1.069264e+02 1.725000e+02 7.704886e+01
      vertex   1.070189e+02 1.775000e+02 7.739402e+01
    endloop
  endfacet
  facet normal -9.659258e-01 -9.615718e-15 2.588190e-01
    outer loop
      vertex   1.070189e+02 1.775000e+02 7.739402e+01
      vertex   1.069264e+02 1.725000e+02 7.704886e+01
      vertex   1.070189e+02 1.725000e+02 7.739402e+01
    endloop
  endfacet
  facet normal -9.961947e-01 4.389500e-15 8.715574e-02
    outer loop
      vertex   1.070189e+02 1.775000e+02 7.739402e+01
      vertex   1.070189e+02 1.725000e+02 7.739402e+01
      vertex   1.070500e+02 1.775000e+02 7.775000e+01
    endloop
  endfacet
  facet normal -9.961947e-01 -6.935923e-15 8.715574e-02
    outer loop
      vertex   1.070500e+02 1.775000e+02 7.775000e+01
      vertex   1.070189e+02 1.725000e+02 7.739402e+01
      vertex   1.070500e+02 1.725000e+02 7.775000e+01
    endloop
  endfacet
  facet normal -9.961947e-01 6.935923e-15 -8.715574e-02
    outer loop
      vertex   1.070500e+02 1.775000e+02 7.775000e+01
      vertex   1.070500e+02 1.725000e+02 7.775000e+01
      vertex   1.070189e+02 1.775000e+02 7.810598e+01
    endloop
  endfacet
  facet normal -9.961947e-01 -1.029992e-14 -8.715574e-02
    outer loop
      vertex   1.070189e+02 1.775000e+02 7.810598e+01
      vertex   1.070500e+02 1.725000e+02 7.775000e+01
      vertex   1.070189e+02 1.725000e+02 7.810598e+01
    endloop
  endfacet
  facet normal -9.659258e-01 3.389457e-15 -2.588190e-01
    outer loop
      vertex   1.070189e+02 1.775000e+02 7.810598e+01
      vertex   1.070189e+02 1.725000e+02 7.810598e+01
      vertex   1.069264e+02 1.775000e+02 7.845114e+01
    endloop
  endfacet
  facet normal -9.659258e-01 -6.317738e-15 -2.588190e-01
    outer loop
      vertex   1.069264e+02 1.775000e+02 7.845114e+01
      vertex   1.070189e+02 1.725000e+02 7.810598e+01
      vertex   1.069264e+02 1.725000e+02 7.845114e+01
    endloop
  endfacet
  facet normal -9.063078e-01 6.845899e-15 -4.226183e-01
    outer loop
      vertex   1.069264e+02 1.775000e+02 7.845114e+01
      vertex   1.069264e+02 1.725000e+02 7.845114e+01
      vertex   1.067754e+02 1.775000e+02 7.877500e+01
    endloop
  endfacet
  facet normal -9.063078e-01 -8.435816e-15 -4.226183e-01
    outer loop
      vertex   1.067754e+02 1.775000e+02 7.877500e+01
      vertex   1.069264e+02 1.725000e+02 7.845114e+01
      vertex   1.067754e+02 1.725000e+02 7.877500e+01
    endloop
  endfacet
  facet normal -8.191520e-01 4.900271e-15 -5.735764e-01
    outer loop
      vertex   1.067754e+02 1.775000e+02 7.877500e+01
      vertex   1.067754e+02 1.725000e+02 7.877500e+01
      vertex   1.065704e+02 1.775000e+02 7.906771e+01
    endloop
  endfacet
  facet normal -8.191520e-01 -7.672815e-15 -5.735764e-01
    outer loop
      vertex   1.065704e+02 1.775000e+02 7.906771e+01
      vertex   1.067754e+02 1.725000e+02 7.877500e+01
      vertex   1.065704e+02 1.725000e+02 7.906771e+01
    endloop
  endfacet
  facet normal -7.071068e-01 6.029155e-15 -7.071068e-01
    outer loop
      vertex   1.065704e+02 1.775000e+02 7.906771e+01
      vertex   1.065704e+02 1.725000e+02 7.906771e+01
      vertex   1.063177e+02 1.775000e+02 7.932039e+01
    endloop
  endfacet
  facet normal -7.071068e-01 -6.029155e-15 -7.071068e-01
    outer loop
      vertex   1.063177e+02 1.775000e+02 7.932039e+01
      vertex   1.065704e+02 1.725000e+02 7.906771e+01
      vertex   1.063177e+02 1.725000e+02 7.932039e+01
    endloop
  endfacet
  facet normal -5.735764e-01 7.672815e-15 -8.191520e-01
    outer loop
      vertex   1.063177e+02 1.775000e+02 7.932039e+01
      vertex   1.063177e+02 1.725000e+02 7.932039e+01
      vertex   1.060250e+02 1.775000e+02 7.952535e+01
    endloop
  endfacet
  facet normal -5.735764e-01 -8.160675e-15 -8.191520e-01
    outer loop
      vertex   1.060250e+02 1.775000e+02 7.952535e+01
      vertex   1.063177e+02 1.725000e+02 7.932039e+01
      vertex   1.060250e+02 1.725000e+02 7.952535e+01
    endloop
  endfacet
  facet normal -4.226183e-01 6.033510e-15 -9.063078e-01
    outer loop
      vertex   1.060250e+02 1.775000e+02 7.952535e+01
      vertex   1.060250e+02 1.725000e+02 7.952535e+01
      vertex   1.057011e+02 1.775000e+02 7.967637e+01
    endloop
  endfacet
  facet normal -4.226183e-01 -9.248205e-15 -9.063078e-01
    outer loop
      vertex   1.057011e+02 1.775000e+02 7.967637e+01
      vertex   1.060250e+02 1.725000e+02 7.952535e+01
      vertex   1.057011e+02 1.725000e+02 7.967637e+01
    endloop
  endfacet
  facet normal -2.588190e-01 4.846522e-15 -9.659258e-01
    outer loop
      vertex   1.057011e+02 1.775000e+02 7.967637e+01
      vertex   1.057011e+02 1.725000e+02 7.967637e+01
      vertex   1.053560e+02 1.775000e+02 7.976886e+01
    endloop
  endfacet
  facet normal -2.588190e-01 -8.144502e-15 -9.659258e-01
    outer loop
      vertex   1.053560e+02 1.775000e+02 7.976886e+01
      vertex   1.057011e+02 1.725000e+02 7.967637e+01
      vertex   1.053560e+02 1.725000e+02 7.976886e+01
    endloop
  endfacet
  facet normal -8.715574e-02 4.884923e-15 -9.961947e-01
    outer loop
      vertex   1.053560e+02 1.775000e+02 7.976886e+01
      vertex   1.053560e+02 1.725000e+02 7.976886e+01
      vertex   1.050000e+02 1.775000e+02 7.980000e+01
    endloop
  endfacet
  facet normal -8.715574e-02 -6.935923e-15 -9.961947e-01
    outer loop
      vertex   1.050000e+02 1.775000e+02 7.980000e+01
      vertex   1.053560e+02 1.725000e+02 7.976886e+01
      vertex   1.050000e+02 1.725000e+02 7.980000e+01
    endloop
  endfacet
  facet normal 8.715574e-02 6.935923e-15 -9.961947e-01
    outer loop
      vertex   1.050000e+02 1.775000e+02 7.980000e+01
      vertex   1.050000e+02 1.725000e+02 7.980000e+01
      vertex   1.046440e+02 1.775000e+02 7.976886e+01
    endloop
  endfacet
  facet normal 8.715574e-02 -1.005221e-14 -9.961947e-01
    outer loop
      vertex   1.046440e+02 1.775000e+02 7.976886e+01
      vertex   1.050000e+02 1.725000e+02 7.980000e+01
      vertex   1.046440e+02 1.725000e+02 7.976886e+01
    endloop
  endfacet
  facet normal 2.588190e-01 4.125065e-15 -9.659258e-01
    outer loop
      vertex   1.046440e+02 1.775000e+02 7.976886e+01
      vertex   1.046440e+02 1.725000e+02 7.976886e+01
      vertex   1.042989e+02 1.775000e+02 7.967637e+01
    endloop
  endfacet
  facet normal 2.588190e-01 -9.063064e-15 -9.659258e-01
    outer loop
      vertex   1.042989e+02 1.775000e+02 7.967637e+01
      vertex   1.046440e+02 1.725000e+02 7.976886e+01
      vertex   1.042989e+02 1.725000e+02 7.967637e+01
    endloop
  endfacet
  facet normal 4.226183e-01 4.270017e-15 -9.063078e-01
    outer loop
      vertex   1.042989e+02 1.775000e+02 7.967637e+01
      vertex   1.042989e+02 1.725000e+02 7.967637e+01
      vertex   1.039750e+02 1.775000e+02 7.952535e+01
    endloop
  endfacet
  facet normal 4.226183e-01 -7.234663e-15 -9.063078e-01
    outer loop
      vertex   1.039750e+02 1.775000e+02 7.952535e+01
      vertex   1.042989e+02 1.725000e+02 7.967637e+01
      vertex   1.039750e+02 1.725000e+02 7.952535e+01
    endloop
  endfacet
  facet normal 5.735764e-01 6.530473e-15 -8.191520e-01
    outer loop
      vertex   1.039750e+02 1.775000e+02 7.952535e+01
      vertex   1.039750e+02 1.725000e+02 7.952535e+01
      vertex   1.036823e+02 1.775000e+02 7.932039e+01
    endloop
  endfacet
  facet normal 5.735764e-01 -7.672815e-15 -8.191520e-01
    outer loop
      vertex   1.036823e+02 1.775000e+02 7.932039e+01
      vertex   1.039750e+02 1.725000e+02 7.952535e+01
      vertex   1.036823e+02 1.725000e+02 7.932039e+01
    endloop
  endfacet
  facet normal 7.071068e-01 6.029155e-15 -7.071068e-01
    outer loop
      vertex   1.036823e+02 1.775000e+02 7.932039e+01
      vertex   1.036823e+02 1.725000e+02 7.932039e+01
      vertex   1.034296e+02 1.775000e+02 7.906771e+01
    endloop
  endfacet
  facet normal 7.071068e-01 -8.038873e-15 -7.071068e-01
    outer loop
      vertex   1.034296e+02 1.775000e+02 7.906771e+01
      vertex   1.036823e+02 1.725000e+02 7.932039e+01
      vertex   1.034296e+02 1.725000e+02 7.906771e+01
    endloop
  endfacet
  facet normal 8.191520e-01 5.344644e-15 -5.735764e-01
    outer loop
      vertex   1.034296e+02 1.775000e+02 7.906771e+01
      vertex   1.034296e+02 1.725000e+02 7.906771e+01
      vertex   1.032246e+02 1.775000e+02 7.877500e+01
    endloop
  endfacet
  facet normal 8.191520e-01 -6.530473e-15 -5.735764e-01
    outer loop
      vertex   1.032246e+02 1.775000e+02 7.877500e+01
      vertex   1.034296e+02 1.725000e+02 7.906771e+01
      vertex   1.032246e+02 1.725000e+02 7.877500e+01
    endloop
  endfacet
  facet normal 9.063078e-01 7.234663e-15 -4.226183e-01
    outer loop
      vertex   1.032246e+02 1.775000e+02 7.877500e+01
      vertex   1.032246e+02 1.725000e+02 7.877500e+01
      vertex   1.030736e+02 1.775000e+02 7.845114e+01
    endloop
  endfacet
  facet normal 9.063078e-01 -6.672324e-15 -4.226183e-01
    outer loop
      vertex   1.030736e+02 1.775000e+02 7.845114e+01
      vertex   1.032246e+02 1.725000e+02 7.877500e+01
      vertex   1.030736e+02 1.725000e+02 7.845114e+01
    endloop
  endfacet
  facet normal 9.659258e-01 7.591848e-15 -2.588190e-01
    outer loop
      vertex   1.030736e+02 1.775000e+02 7.845114e+01
      vertex   1.030736e+02 1.725000e+02 7.845114e+01
      vertex   1.029811e+02 1.775000e+02 7.810598e+01
    endloop
  endfacet
  facet normal 9.659258e-01 -9.615718e-15 -2.588190e-01
    outer loop
      vertex   1.029811e+02 1.775000e+02 7.810598e+01
      vertex   1.030736e+02 1.725000e+02 7.845114e+01
      vertex   1.029811e+02 1.725000e+02 7.810598e+01
    endloop
  endfacet
  facet normal -1.000000e+00 -1.136868e-14 -6.687461e-15
    outer loop
      vertex   1.010000e+02 1.775000e+02 8.200000e+01
      vertex   1.010000e+02 1.775000e+02 7.775000e+01
      vertex   1.010000e+02 1.725000e+02 8.200000e+01
    endloop
  endfacet
  facet normal -1.000000e+00 -1.136868e-14 -6.687461e-15
    outer loop
      vertex   1.010000e+02 1.725000e+02 8.200000e+01
      vertex   1.010000e+02 1.775000e+02 7.775000e+01
      vertex   1.010000e+02 1.725000e+02 7.775000e+01
    endloop
  endfacet
  facet normal -9.965845e-01 -1.790158e-14 -8.257935e-02
    outer loop
      vertex   1.010000e+02 1.725000e+02 7.775000e+01
      vertex   1.010000e+02 1.775000e+02 7.775000e+01
      vertex   1.010546e+02 1.725000e+02 7.709162e+01
    endloop
  endfacet
  facet normal -9.965845e-01 5.696943e-15 -8.257935e-02
    outer loop
      vertex   1.010546e+02 1.725000e+02 7.709162e+01
      vertex   1.010000e+02 1.775000e+02 7.775000e+01
      vertex   1.010546e+02 1.775000e+02 7.709162e+01
    endloop
  endfacet
  facet normal -9.694003e-01 -5.724276e-15 -2.454855e-01
    outer loop
      vertex   1.010546e+02 1.725000e+02 7.709162e+01
      vertex   1.010546e+02 1.775000e+02 7.709162e+01
      vertex   1.012167e+02 1.725000e+02 7.645120e+01
    endloop
  endfacet
  facet normal -9.694003e-01 5.332175e-15 -2.454855e-01
    outer loop
      vertex   1.012167e+02 1.725000e+02 7.645120e+01
      vertex   1.010546e+02 1.775000e+02 7.709162e+01
      vertex   1.012167e+02 1.775000e+02 7.645120e+01
    endloop
  endfacet
  facet normal -9.157733e-01 -4.614251e-15 -4.016954e-01
    outer loop
      vertex   1.012167e+02 1.725000e+02 7.645120e+01
      vertex   1.012167e+02 1.775000e+02 7.645120e+01
      vertex   1.014821e+02 1.725000e+02 7.584621e+01
    endloop
  endfacet
  facet normal -9.157733e-01 4.016379e-15 -4.016954e-01
    outer loop
      vertex   1.014821e+02 1.725000e+02 7.584621e+01
      vertex   1.012167e+02 1.775000e+02 7.645120e+01
      vertex   1.014821e+02 1.775000e+02 7.584621e+01
    endloop
  endfacet
  facet normal -8.371665e-01 -5.012511e-15 -5.469482e-01
    outer loop
      vertex   1.014821e+02 1.725000e+02 7.584621e+01
      vertex   1.014821e+02 1.775000e+02 7.584621e+01
      vertex   1.018434e+02 1.725000e+02 7.529315e+01
    endloop
  endfacet
  facet normal -8.371665e-01 3.584940e-15 -5.469482e-01
    outer loop
      vertex   1.018434e+02 1.725000e+02 7.529315e+01
      vertex   1.014821e+02 1.775000e+02 7.584621e+01
      vertex   1.018434e+02 1.775000e+02 7.529315e+01
    endloop
  endfacet
  facet normal -7.357239e-01 -4.113819e-15 -6.772816e-01
    outer loop
      vertex   1.018434e+02 1.725000e+02 7.529315e+01
      vertex   1.018434e+02 1.775000e+02 7.529315e+01
      vertex   1.022909e+02 1.725000e+02 7.480710e+01
    endloop
  endfacet
  facet normal -7.357239e-01 5.510931e-15 -6.772816e-01
    outer loop
      vertex   1.022909e+02 1.725000e+02 7.480710e+01
      vertex   1.018434e+02 1.775000e+02 7.529315e+01
      vertex   1.022909e+02 1.775000e+02 7.480710e+01
    endloop
  endfacet
  facet normal -6.142127e-01 -4.860026e-16 -7.891405e-01
    outer loop
      vertex   1.022909e+02 1.725000e+02 7.480710e+01
      vertex   1.022909e+02 1.775000e+02 7.480710e+01
      vertex   1.028122e+02 1.725000e+02 7.440133e+01
    endloop
  endfacet
  facet normal -6.142127e-01 2.751219e-15 -7.891405e-01
    outer loop
      vertex   1.028122e+02 1.725000e+02 7.440133e+01
      vertex   1.022909e+02 1.775000e+02 7.480710e+01
      vertex   1.028122e+02 1.775000e+02 7.440133e+01
    endloop
  endfacet
  facet normal -4.759474e-01 -1.676283e-15 -8.794738e-01
    outer loop
      vertex   1.028122e+02 1.725000e+02 7.440133e+01
      vertex   1.028122e+02 1.775000e+02 7.440133e+01
      vertex   1.033932e+02 1.725000e+02 7.408691e+01
    endloop
  endfacet
  facet normal -4.759474e-01 1.970223e-15 -8.794738e-01
    outer loop
      vertex   1.033932e+02 1.725000e+02 7.408691e+01
      vertex   1.028122e+02 1.775000e+02 7.440133e+01
      vertex   1.033932e+02 1.775000e+02 7.408691e+01
    endloop
  endfacet
  facet normal -3.246995e-01 -1.604563e-15 -9.458172e-01
    outer loop
      vertex   1.033932e+02 1.725000e+02 7.408691e+01
      vertex   1.033932e+02 1.775000e+02 7.408691e+01
      vertex   1.040181e+02 1.725000e+02 7.387240e+01
    endloop
  endfacet
  facet normal -3.246995e-01 1.003231e-15 -9.458172e-01
    outer loop
      vertex   1.040181e+02 1.725000e+02 7.387240e+01
      vertex   1.033932e+02 1.775000e+02 7.408691e+01
      vertex   1.040181e+02 1.775000e+02 7.387240e+01
    endloop
  endfacet
  facet normal -1.645946e-01 -9.321836e-16 -9.863613e-01
    outer loop
      vertex   1.040181e+02 1.725000e+02 7.387240e+01
      vertex   1.040181e+02 1.775000e+02 7.387240e+01
      vertex   1.046697e+02 1.725000e+02 7.376366e+01
    endloop
  endfacet
  facet normal -1.645946e-01 4.678060e-16 -9.863613e-01
    outer loop
      vertex   1.046697e+02 1.725000e+02 7.376366e+01
      vertex   1.040181e+02 1.775000e+02 7.387240e+01
      vertex   1.046697e+02 1.775000e+02 7.376366e+01
    endloop
  endfacet
  facet normal 0.000000e+00 0.000000e+00 -1.000000e+00
    outer loop
      vertex   1.046697e+02 1.725000e+02 7.376366e+01
      vertex   1.046697e+02 1.775000e+02 7.376366e+01
      vertex   1.053303e+02 1.725000e+02 7.376366e+01
    endloop
  endfacet
  facet normal 0.000000e+00 0.000000e+00 -1.000000e+00
    outer loop
      vertex   1.053303e+02 1.725000e+02 7.376366e+01
      vertex   1.046697e+02 1.775000e+02 7.376366e+01
      vertex   1.053303e+02 1.775000e+02 7.376366e+01
    endloop
  endfacet
  facet normal 1.645946e-01 4.678060e-16 -9.863613e-01
    outer loop
      vertex   1.053303e+02 1.725000e+02 7.376366e+01
      vertex   1.053303e+02 1.775000e+02 7.376366e+01
      vertex   1.059819e+02 1.725000e+02 7.387240e+01
    endloop
  endfacet
  facet normal 1.645946e-01 -4.643776e-16 -9.863613e-01
    outer loop
      vertex   1.059819e+02 1.725000e+02 7.387240e+01
      vertex   1.053303e+02 1.775000e+02 7.376366e+01
      vertex   1.059819e+02 1.775000e+02 7.387240e+01
    endloop
  endfacet
  facet normal 3.246995e-01 1.926083e-15 -9.458172e-01
    outer loop
      vertex   1.059819e+02 1.725000e+02 7.387240e+01
      vertex   1.059819e+02 1.775000e+02 7.387240e+01
      vertex   1.066068e+02 1.725000e+02 7.408691e+01
    endloop
  endfacet
  facet normal 3.246995e-01 -1.604563e-15 -9.458172e-01
    outer loop
      vertex   1.066068e+02 1.725000e+02 7.408691e+01
      vertex   1.059819e+02 1.775000e+02 7.387240e+01
      vertex   1.066068e+02 1.775000e+02 7.408691e+01
    endloop
  endfacet
  facet normal 4.759474e-01 1.970223e-15 -8.794738e-01
    outer loop
      vertex   1.066068e+02 1.725000e+02 7.408691e+01
      vertex   1.066068e+02 1.775000e+02 7.408691e+01
      vertex   1.071878e+02 1.725000e+02 7.440133e+01
    endloop
  endfacet
  facet normal 4.759474e-01 -1.676283e-15 -8.794738e-01
    outer loop
      vertex   1.071878e+02 1.725000e+02 7.440133e+01
      vertex   1.066068e+02 1.775000e+02 7.408691e+01
      vertex   1.071878e+02 1.775000e+02 7.440133e+01
    endloop
  endfacet
  facet normal 6.142127e-01 2.751219e-15 -7.891405e-01
    outer loop
      vertex   1.071878e+02 1.725000e+02 7.440133e+01
      vertex   1.071878e+02 1.775000e+02 7.440133e+01
      vertex   1.077091e+02 1.725000e+02 7.480710e+01
    endloop
  endfacet
  facet normal 6.142127e-01 -4.860026e-16 -7.891405e-01
    outer loop
      vertex   1.077091e+02 1.725000e+02 7.480710e+01
      vertex   1.071878e+02 1.775000e+02 7.440133e+01
      vertex   1.077091e+02 1.775000e+02 7.480710e+01
    endloop
  endfacet
  facet normal 7.357239e-01 5.510931e-15 -6.772816e-01
    outer loop
      vertex   1.077091e+02 1.725000e+02 7.480710e+01
      vertex   1.077091e+02 1.775000e+02 7.480710e+01
      vertex   1.081566e+02 1.725000e+02 7.529315e+01
    endloop
  endfacet
  facet normal 7.357239e-01 -4.113819e-15 -6.772816e-01
    outer loop
      vertex   1.081566e+02 1.725000e+02 7.529315e+01
      vertex   1.077091e+02 1.775000e+02 7.480710e+01
      vertex   1.081566e+02 1.775000e+02 7.529315e+01
    endloop
  endfacet
  facet normal 8.371665e-01 3.584940e-15 -5.469482e-01
    outer loop
      vertex   1.081566e+02 1.725000e+02 7.529315e+01
      vertex   1.081566e+02 1.775000e+02 7.529315e+01
      vertex   1.085179e+02 1.725000e+02 7.584621e+01
    endloop
  endfacet
  facet normal 8.371665e-01 -5.012511e-15 -5.469482e-01
    outer loop
      vertex   1.085179e+02 1.725000e+02 7.584621e+01
      vertex   1.081566e+02 1.775000e+02 7.529315e+01
      vertex   1.085179e+02 1.775000e+02 7.584621e+01
    endloop
  endfacet
  facet normal 9.157733e-01 4.016379e-15 -4.016954e-01
    outer loop
      vertex   1.085179e+02 1.725000e+02 7.584621e+01
      vertex   1.085179e+02 1.775000e+02 7.584621e+01
      vertex   1.087833e+02 1.725000e+02 7.645120e+01
    endloop
  endfacet
  facet normal 9.157733e-01 -4.614251e-15 -4.016954e-01
    outer loop
      vertex   1.087833e+02 1.725000e+02 7.645120e+01
      vertex   1.085179e+02 1.775000e+02 7.584621e+01
      vertex   1.087833e+02 1.775000e+02 7.645120e+01
    endloop
  endfacet
  facet normal 9.694003e-01 5.332175e-15 -2.454855e-01
    outer loop
      vertex   1.087833e+02 1.725000e+02 7.645120e+01
      vertex   1.087833e+02 1.775000e+02 7.645120e+01
      vertex   1.089454e+02 1.725000e+02 7.709162e+01
    endloop
  endfacet
  facet normal 9.694003e-01 -5.724276e-15 -2.454855e-01
    outer loop
      vertex   1.089454e+02 1.725000e+02 7.709162e+01
      vertex   1.087833e+02 1.775000e+02 7.645120e+01
      vertex   1.089454e+02 1.775000e+02 7.709162e+01
    endloop
  endfacet
  facet normal 9.965845e-01 5.696943e-15 -8.257935e-02
    outer loop
      vertex   1.089454e+02 1.725000e+02 7.709162e+01
      vertex   1.089454e+02 1.775000e+02 7.709162e+01
      vertex   1.090000e+02 1.725000e+02 7.775000e+01
    endloop
  endfacet
  facet normal 9.965845e-01 4.758125e-15 -8.257935e-02
    outer loop
      vertex   1.090000e+02 1.725000e+02 7.775000e+01
      vertex   1.089454e+02 1.775000e+02 7.709162e+01
      vertex   1.090000e+02 1.775000e+02 7.775000e+01
    endloop
  endfacet
  facet normal 1.000000e+00 1.136868e-14 3.343731e-15
    outer loop
      vertex   1.090000e+02 1.775000e+02 7.775000e+01
      vertex   1.090000e+02 1.775000e+02 8.200000e+01
      vertex   1.090000e+02 1.725000e+02 7.775000e+01
    endloop
  endfacet
  facet normal 1.000000e+00 8.526513e-15 6.687461e-15
    outer loop
      vertex   1.090000e+02 1.725000e+02 7.775000e+01
      vertex   1.090000e+02 1.775000e+02 8.200000e+01
      vertex   1.090000e+02 1.725000e+02 8.200000e+01
    endloop
  endfacet
  facet normal 0.000000e+00 -1.000000e+00 0.000000e+00
    outer loop
      vertex   1.029811e+02 1.725000e+02 7.810598e+01
      vertex   1.010000e+02 1.725000e+02 7.775000e+01
      vertex   1.029500e+02 1.725000e+02 7.775000e+01
    endloop
  endfacet
  facet normal -0.000000e+00 -1.000000e+00 0.000000e+00
    outer loop
      vertex   1.029500e+02 1.725000e+02 7.775000e+01
      vertex   1.010000e+02 1.725000e+02 7.775000e+01
      vertex   1.010546e+02 1.725000e+02 7.709162e+01
    endloop
  endfacet
  facet normal 0.000000e+00 -1.000000e+00 -0.000000e+00
    outer loop
      vertex   1.029500e+02 1.725000e+02 7.775000e+01
      vertex   1.010546e+02 1.725000e+02 7.709162e+01
      vertex   1.029811e+02 1.725000e+02 7.739402e+01
    endloop
  endfacet
  facet normal 0.000000e+00 -1.000000e+00 0.000000e+00
    outer loop
      vertex   1.029811e+02 1.725000e+02 7.739402e+01
      vertex   1.010546e+02 1.725000e+02 7.709162e+01
      vertex   1.012167e+02 1.725000e+02 7.645120e+01
    endloop
  endfacet
  facet normal 0.000000e+00 -1.000000e+00 -0.000000e+00
    outer loop
      vertex   1.029811e+02 1.725000e+02 7.739402e+01
      vertex   1.012167e+02 1.725000e+02 7.645120e+01
      vertex   1.030736e+02 1.725000e+02 7.704886e+01
    endloop
  endfacet
  facet normal 0.000000e+00 -1.000000e+00 0.000000e+00
    outer loop
      vertex   1.030736e+02 1.725000e+02 7.704886e+01
      vertex   1.012167e+02 1.725000e+02 7.645120e+01
      vertex   1.014821e+02 1.725000e+02 7.584621e+01
    endloop
  endfacet
  facet normal 0.000000e+00 -1.000000e+00 -0.000000e+00
    outer loop
      vertex   1.030736e+02 1.725000e+02 7.704886e+01
      vertex   1.014821e+02 1.725000e+02 7.584621e+01
      vertex   1.032246e+02 1.725000e+02 7.672500e+01
    endloop
  endfacet
  facet normal 0.000000e+00 -1.000000e+00 0.000000e+00
    outer loop
      vertex   1.032246e+02 1.725000e+02 7.672500e+01
      vertex   1.014821e+02 1.725000e+02 7.584621e+01
      vertex   1.018434e+02 1.725000e+02 7.529315e+01
    endloop
  endfacet
  facet normal 0.000000e+00 -1.000000e+00 -0.000000e+00
    outer loop
      vertex   1.032246e+02 1.725000e+02 7.672500e+01
      vertex   1.018434e+02 1.725000e+02 7.529315e+01
      vertex   1.034296e+02 1.725000e+02 7.643229e+01
    endloop
  endfacet
  facet normal 0.000000e+00 -1.000000e+00 0.000000e+00
    outer loop
      vertex   1.034296e+02 1.725000e+02 7.643229e+01
      vertex   1.018434e+02 1.725000e+02 7.529315e+01
      vertex   1.022909e+02 1.725000e+02 7.480710e+01
    endloop
  endfacet
  facet normal 0.000000e+00 -1.000000e+00 -0.000000e+00
    outer loop
      vertex   1.034296e+02 1.725000e+02 7.643229e+01
      vertex   1.022909e+02 1.725000e+02 7.480710e+01
      vertex   1.036823e+02 1.725000e+02 7.617961e+01
    endloop
  endfacet
  facet normal 0.000000e+00 -1.000000e+00 0.000000e+00
    outer loop
      vertex   1.036823e+02 1.725000e+02 7.617961e+01
      vertex   1.022909e+02 1.725000e+02 7.480710e+01
      vertex   1.028122e+02 1.725000e+02 7.440133e+01
    endloop
  endfacet
  facet normal 0.000000e+00 -1.000000e+00 -0.000000e+00
    outer loop
      vertex   1.036823e+02 1.725000e+02 7.617961e+01
      vertex   1.028122e+02 1.725000e+02 7.440133e+01
      vertex   1.039750e+02 1.725000e+02 7.597465e+01
    endloop
  endfacet
  facet normal 0.000000e+00 -1.000000e+00 0.000000e+00
    outer loop
      vertex   1.039750e+02 1.725000e+02 7.597465e+01
      vertex   1.028122e+02 1.725000e+02 7.440133e+01
      vertex   1.033932e+02 1.725000e+02 7.408691e+01
    endloop
  endfacet
  facet normal 0.000000e+00 -1.000000e+00 -0.000000e+00
    outer loop
      vertex   1.039750e+02 1.725000e+02 7.597465e+01
      vertex   1.033932e+02 1.725000e+02 7.408691e+01
      vertex   1.042989e+02 1.725000e+02 7.582363e+01
    endloop
  endfacet
  facet normal 0.000000e+00 -1.000000e+00 0.000000e+00
    outer loop
      vertex   1.042989e+02 1.725000e+02 7.582363e+01
      vertex   1.033932e+02 1.725000e+02 7.408691e+01
      vertex   1.040181e+02 1.725000e+02 7.387240e+01
    endloop
  endfacet
  facet normal 0.000000e+00 -1.000000e+00 -0.000000e+00
    outer loop
      vertex   1.042989e+02 1.725000e+02 7.582363e+01
      vertex   1.040181e+02 1.725000e+02 7.387240e+01
      vertex   1.046440e+02 1.725000e+02 7.573114e+01
    endloop
  endfacet
  facet normal 0.000000e+00 -1.000000e+00 -0.000000e+00
    outer loop
      vertex   1.046440e+02 1.725000e+02 7.573114e+01
      vertex   1.040181e+02 1.725000e+02 7.387240e+01
      vertex   1.046697e+02 1.725000e+02 7.376366e+01
    endloop
  endfacet
  facet normal 0.000000e+00 -1.000000e+00 0.000000e+00
    outer loop
      vertex   1.046440e+02 1.725000e+02 7.573114e+01
      vertex   1.046697e+02 1.725000e+02 7.376366e+01
      vertex   1.050000e+02 1.725000e+02 7.570000e+01
    endloop
  endfacet
  facet normal 0.000000e+00 -1.000000e+00 -0.000000e+00
    outer loop
      vertex   1.050000e+02 1.725000e+02 7.570000e+01
      vertex   1.046697e+02 1.725000e+02 7.376366e+01
      vertex   1.053303e+02 1.725000e+02 7.376366e+01
    endloop
  endfacet
  facet normal 0.000000e+00 -1.000000e+00 0.000000e+00
    outer loop
      vertex   1.050000e+02 1.725000e+02 7.570000e+01
      vertex   1.053303e+02 1.725000e+02 7.376366e+01
      vertex   1.053560e+02 1.725000e+02 7.573114e+01
    endloop
  endfacet
  facet normal 0.000000e+00 -1.000000e+00 -0.000000e+00
    outer loop
      vertex   1.053560e+02 1.725000e+02 7.573114e+01
      vertex   1.053303e+02 1.725000e+02 7.376366e+01
      vertex   1.059819e+02 1.725000e+02 7.387240e+01
    endloop
  endfacet
  facet normal 0.000000e+00 -1.000000e+00 0.000000e+00
    outer loop
      vertex   1.053560e+02 1.725000e+02 7.573114e+01
      vertex   1.059819e+02 1.725000e+02 7.387240e+01
      vertex   1.057011e+02 1.725000e+02 7.582363e+01
    endloop
  endfacet
  facet normal 0.000000e+00 -1.000000e+00 0.000000e+00
    outer loop
      vertex   1.057011e+02 1.725000e+02 7.582363e+01
      vertex   1.059819e+02 1.725000e+02 7.387240e+01
      vertex   1.066068e+02 1.725000e+02 7.408691e+01
    endloop
  endfacet
  facet normal 0.000000e+00 -1.000000e+00 0.000000e+00
    outer loop
      vertex   1.057011e+02 1.725000e+02 7.582363e+01
      vertex   1.066068e+02 1.725000e+02 7.408691e+01
      vertex   1.060250e+02 1.725000e+02 7.597465e+01
    endloop
  endfacet
  facet normal 0.000000e+00 -1.000000e+00 0.000000e+00
    outer loop
      vertex   1.060250e+02 1.725000e+02 7.597465e+01
      vertex   1.066068e+02 1.725000e+02 7.408691e+01
      vertex   1.071878e+02 1.725000e+02 7.440133e+01
    endloop
  endfacet
  facet normal 0.000000e+00 -1.000000e+00 0.000000e+00
    outer loop
      vertex   1.060250e+02 1.725000e+02 7.597465e+01
      vertex   1.071878e+02 1.725000e+02 7.440133e+01
      vertex   1.063177e+02 1.725000e+02 7.617961e+01
    endloop
  endfacet
  facet normal 0.000000e+00 -1.000000e+00 0.000000e+00
    outer loop
      vertex   1.063177e+02 1.725000e+02 7.617961e+01
      vertex   1.071878e+02 1.725000e+02 7.440133e+01
      vertex   1.077091e+02 1.725000e+02 7.480710e+01
    endloop
  endfacet
  facet normal 0.000000e+00 -1.000000e+00 0.000000e+00
    outer loop
      vertex   1.063177e+02 1.725000e+02 7.617961e+01
      vertex   1.077091e+02 1.725000e+02 7.480710e+01
      vertex   1.065704e+02 1.725000e+02 7.643229e+01
    endloop
  endfacet
  facet normal 0.000000e+00 -1.000000e+00 0.000000e+00
    outer loop
      vertex   1.065704e+02 1.725000e+02 7.643229e+01
      vertex   1.077091e+02 1.725000e+02 7.480710e+01
      vertex   1.081566e+02 1.725000e+02 7.529315e+01
    endloop
  endfacet
  facet normal 0.000000e+00 -1.000000e+00 0.000000e+00
    outer loop
      vertex   1.065704e+02 1.725000e+02 7.643229e+01
      vertex   1.081566e+02 1.725000e+02 7.529315e+01
      vertex   1.067754e+02 1.725000e+02 7.672500e+01
    endloop
  endfacet
  facet normal 0.000000e+00 -1.000000e+00 0.000000e+00
    outer loop
      vertex   1.067754e+02 1.725000e+02 7.672500e+01
      vertex   1.081566e+02 1.725000e+02 7.529315e+01
      vertex   1.085179e+02 1.725000e+02 7.584621e+01
    endloop
  endfacet
  facet normal 0.000000e+00 -1.000000e+00 0.000000e+00
    outer loop
      vertex   1.067754e+02 1.725000e+02 7.672500e+01
      vertex   1.085179e+02 1.725000e+02 7.584621e+01
      vertex   1.069264e+02 1.725000e+02 7.704886e+01
    endloop
  endfacet
  facet normal 0.000000e+00 -1.000000e+00 0.000000e+00
    outer loop
      vertex   1.069264e+02 1.725000e+02 7.704886e+01
      vertex   1.085179e+02 1.725000e+02 7.584621e+01
      vertex   1.087833e+02 1.725000e+02 7.645120e+01
    endloop
  endfacet
  facet normal 0.000000e+00 -1.000000e+00 0.000000e+00
    outer loop
      vertex   1.069264e+02 1.725000e+02 7.704886e+01
      vertex   1.087833e+02 1.725000e+02 7.645120e+01
      vertex   1.070189e+02 1.725000e+02 7.739402e+01
    endloop
  endfacet
  facet normal 0.000000e+00 -1.000000e+00 0.000000e+00
    outer loop
      vertex   1.070189e+02 1.725000e+02 7.739402e+01
      vertex   1.087833e+02 1.725000e+02 7.645120e+01
      vertex   1.089454e+02 1.725000e+02 7.709162e+01
    endloop
  endfacet
  facet normal 0.000000e+00 -1.000000e+00 0.000000e+00
    outer loop
      vertex   1.070189e+02 1.725000e+02 7.739402e+01
      vertex   1.089454e+02 1.725000e+02 7.709162e+01
      vertex   1.070500e+02 1.725000e+02 7.775000e+01
    endloop
  endfacet
  facet normal 0.000000e+00 -1.000000e+00 0.000000e+00
    outer loop
      vertex   1.070500e+02 1.725000e+02 7.775000e+01
      vertex   1.089454e+02 1.725000e+02 7.709162e+01
      vertex   1.090000e+02 1.725000e+02 7.775000e+01
    endloop
  endfacet
  facet normal 0.000000e+00 -1.000000e+00 0.000000e+00
    outer loop
      vertex   1.070500e+02 1.725000e+02 7.775000e+01
      vertex   1.090000e+02 1.725000e+02 7.775000e+01
      vertex   1.070189e+02 1.725000e+02 7.810598e+01
    endloop
  endfacet
  facet normal 0.000000e+00 -1.000000e+00 0.000000e+00
    outer loop
      vertex   1.070189e+02 1.725000e+02 7.810598e+01
      vertex   1.090000e+02 1.725000e+02 7.775000e+01
      vertex   1.069264e+02 1.725000e+02 7.845114e+01
    endloop
  endfacet
  facet normal 0.000000e+00 -1.000000e+00 0.000000e+00
    outer loop
      vertex   1.069264e+02 1.725000e+02 7.845114e+01
      vertex   1.090000e+02 1.725000e+02 7.775000e+01
      vertex   1.067754e+02 1.725000e+02 7.877500e+01
    endloop
  endfacet
  facet normal 0.000000e+00 -1.000000e+00 0.000000e+00
    outer loop
      vertex   1.067754e+02 1.725000e+02 7.877500e+01
      vertex   1.090000e+02 1.725000e+02 7.775000e+01
      vertex   1.090000e+02 1.725000e+02 8.200000e+01
    endloop
  endfacet
  facet normal 0.000000e+00 -1.000000e+00 0.000000e+00
    outer loop
      vertex   1.067754e+02 1.725000e+02 7.877500e+01
      vertex   1.090000e+02 1.725000e+02 8.200000e+01
      vertex   1.065704e+02 1.725000e+02 7.906771e+01
    endloop
  endfacet
  facet normal 0.000000e+00 -1.000000e+00 0.000000e+00
    outer loop
      vertex   1.065704e+02 1.725000e+02 7.906771e+01
      vertex   1.090000e+02 1.725000e+02 8.200000e+01
      vertex   1.063177e+02 1.725000e+02 7.932039e+01
    endloop
  endfacet
  facet normal 0.000000e+00 -1.000000e+00 0.000000e+00
    outer loop
      vertex   1.063177e+02 1.725000e+02 7.932039e+01
      vertex   1.090000e+02 1.725000e+02 8.200000e+01
      vertex   1.060250e+02 1.725000e+02 7.952535e+01
    endloop
  endfacet
  facet normal 0.000000e+00 -1.000000e+00 0.000000e+00
    outer loop
      vertex   1.060250e+02 1.725000e+02 7.952535e+01
      vertex   1.090000e+02 1.725000e+02 8.200000e+01
      vertex   1.057011e+02 1.725000e+02 7.967637e+01
    endloop
  endfacet
  facet normal 0.000000e+00 -1.000000e+00 0.000000e+00
    outer loop
      vertex   1.057011e+02 1.725000e+02 7.967637e+01
      vertex   1.090000e+02 1.725000e+02 8.200000e+01
      vertex   1.053560e+02 1.725000e+02 7.976886e+01
    endloop
  endfacet
  facet normal 0.000000e+00 -1.000000e+00 0.000000e+00
    outer loop
      vertex   1.053560e+02 1.725000e+02 7.976886e+01
      vertex   1.090000e+02 1.725000e+02 8.200000e+01
      vertex   1.050000e+02 1.725000e+02 7.980000e+01
    endloop
  endfacet
  facet normal 0.000000e+00 -1.000000e+00 0.000000e+00
    outer loop
      vertex   1.050000e+02 1.725000e+02 7.980000e+01
      vertex   1.090000e+02 1.725000e+02 8.200000e+01
      vertex   1.010000e+02 1.725000e+02 8.200000e+01
    endloop
  endfacet
  facet normal -0.000000e+00 -1.000000e+00 0.000000e+00
    outer loop
      vertex   1.050000e+02 1.725000e+02 7.980000e+01
      vertex   1.010000e+02 1.725000e+02 8.200000e+01
      vertex   1.046440e+02 1.725000e+02 7.976886e+01
    endloop
  endfacet
  facet normal -0.000000e+00 -1.000000e+00 0.000000e+00
    outer loop
      vertex   1.046440e+02 1.725000e+02 7.976886e+01
      vertex   1.010000e+02 1.725000e+02 8.200000e+01
      vertex   1.042989e+02 1.725000e+02 7.967637e+01
    endloop
  endfacet
  facet normal -0.000000e+00 -1.000000e+00 0.000000e+00
    outer loop
      vertex   1.042989e+02 1.725000e+02 7.967637e+01
      vertex   1.010000e+02 1.725000e+02 8.200000e+01
      vertex   1.039750e+02 1.725000e+02 7.952535e+01
    endloop
  endfacet
  facet normal -0.000000e+00 -1.000000e+00 0.000000e+00
    outer loop
      vertex   1.039750e+02 1.725000e+02 7.952535e+01
      vertex   1.010000e+02 1.725000e+02 8.200000e+01
      vertex   1.036823e+02 1.725000e+02 7.932039e+01
    endloop
  endfacet
  facet normal -0.000000e+00 -1.000000e+00 0.000000e+00
    outer loop
      vertex   1.036823e+02 1.725000e+02 7.932039e+01
      vertex   1.010000e+02 1.725000e+02 8.200000e+01
      vertex   1.034296e+02 1.725000e+02 7.906771e+01
    endloop
  endfacet
  facet normal -0.000000e+00 -1.000000e+00 0.000000e+00
    outer loop
      vertex   1.034296e+02 1.725000e+02 7.906771e+01
      vertex   1.010000e+02 1.725000e+02 8.200000e+01
      vertex   1.032246e+02 1.725000e+02 7.877500e+01
    endloop
  endfacet
  facet normal -0.000000e+00 -1.000000e+00 0.000000e+00
    outer loop
      vertex   1.032246e+02 1.725000e+02 7.877500e+01
      vertex   1.010000e+02 1.725000e+02 8.200000e+01
      vertex   1.010000e+02 1.725000e+02 7.775000e+01
    endloop
  endfacet
  facet normal 0.000000e+00 -1.000000e+00 0.000000e+00
    outer loop
      vertex   1.032246e+02 1.725000e+02 7.877500e+01
      vertex   1.010000e+02 1.725000e+02 7.775000e+01
      vertex   1.030736e+02 1.725000e+02 7.845114e+01
    endloop
  endfacet
  facet normal 0.000000e+00 -1.000000e+00 0.000000e+00
    outer loop
      vertex   1.030736e+02 1.725000e+02 7.845114e+01
      vertex   1.010000e+02 1.725000e+02 7.775000e+01
      vertex   1.029811e+02 1.725000e+02 7.810598e+01
    endloop
  endfacet
  facet normal 9.961947e-01 1.029992e-14 -8.715574e-02
    outer loop
      vertex   2.009811e+02 1.775000e+02 7.735598e+01
      vertex   2.009811e+02 1.725000e+02 7.735598e+01
      vertex   2.009500e+02 1.775000e+02 7.700000e+01
    endloop
  endfacet
  facet normal 9.961947e-01 -1.025500e-15 -8.715574e-02
    outer loop
      vertex   2.009500e+02 1.775000e+02 7.700000e+01
      vertex   2.009811e+02 1.725000e+02 7.735598e+01
      vertex   2.009500e+02 1.725000e+02 7.700000e+01
    endloop
  endfacet
  facet normal 9.961947e-01 1.235092e-14 8.715574e-02
    outer loop
      vertex   2.009500e+02 1.775000e+02 7.700000e+01
      vertex   2.009500e+02 1.725000e+02 7.700000e+01
      vertex   2.009811e+02 1.775000e+02 7.664402e+01
    endloop
  endfacet
  facet normal 9.961947e-01 -4.637211e-15 8.715574e-02
    outer loop
      vertex   2.009811e+02 1.775000e+02 7.664402e+01
      vertex   2.009500e+02 1.725000e+02 7.700000e+01
      vertex   2.009811e+02 1.725000e+02 7.664402e+01
    endloop
  endfacet
  facet normal 9.659258e-01 8.880110e-15 2.588190e-01
    outer loop
      vertex   2.009811e+02 1.775000e+02 7.664402e+01
      vertex   2.009811e+02 1.725000e+02 7.664402e+01
      vertex   2.010736e+02 1.775000e+02 7.629886e+01
    endloop
  endfacet
  facet normal 9.659258e-01 -9.063064e-15 2.588190e-01
    outer loop
      vertex   2.010736e+02 1.775000e+02 7.629886e+01
      vertex   2.009811e+02 1.725000e+02 7.664402e+01
      vertex   2.010736e+02 1.725000e+02 7.629886e+01
    endloop
  endfacet
  facet normal 9.063078e-01 4.270017e-15 4.226183e-01
    outer loop
      vertex   2.010736e+02 1.775000e+02 7.629886e+01
      vertex   2.010736e+02 1.725000e+02 7.629886e+01
      vertex   2.012246e+02 1.775000e+02 7.597500e+01
    endloop
  endfacet
  facet normal 9.063078e-01 -2.082900e-15 4.226183e-01
    outer loop
      vertex   2.012246e+02 1.775000e+02 7.597500e+01
      vertex   2.010736e+02 1.725000e+02 7.629886e+01
      vertex   2.012246e+02 1.725000e+02 7.597500e+01
    endloop
  endfacet
  facet normal 8.191520e-01 1.118681e-14 5.735764e-01
    outer loop
      vertex   2.012246e+02 1.775000e+02 7.597500e+01
      vertex   2.012246e+02 1.725000e+02 7.597500e+01
      vertex   2.014296e+02 1.775000e+02 7.568229e+01
    endloop
  endfacet
  facet normal 8.191520e-01 -9.303017e-15 5.735764e-01
    outer loop
      vertex   2.014296e+02 1.775000e+02 7.568229e+01
      vertex   2.012246e+02 1.725000e+02 7.597500e+01
      vertex   2.014296e+02 1.725000e+02 7.568229e+01
    endloop
  endfacet
  facet normal 7.071068e-01 4.019437e-15 7.071068e-01
    outer loop
      vertex   2.014296e+02 1.775000e+02 7.568229e+01
      vertex   2.014296e+02 1.725000e+02 7.568229e+01
      vertex   2.016823e+02 1.775000e+02 7.542961e+01
    endloop
  endfacet
  facet normal 7.071068e-01 -6.029155e-15 7.071068e-01
    outer loop
      vertex   2.016823e+02 1.775000e+02 7.542961e+01
      vertex   2.014296e+02 1.725000e+02 7.568229e+01
      vertex   2.016823e+02 1.725000e+02 7.542961e+01
    endloop
  endfacet
  facet normal 5.735764e-01 6.974847e-15 8.191520e-01
    outer loop
      vertex   2.016823e+02 1.775000e+02 7.542961e+01
      vertex   2.016823e+02 1.725000e+02 7.542961e+01
      vertex   2.019750e+02 1.775000e+02 7.522465e+01
    endloop
  endfacet
  facet normal 5.735764e-01 -8.858643e-15 8.191520e-01
    outer loop
      vertex   2.019750e+02 1.775000e+02 7.522465e+01
      vertex   2.016823e+02 1.725000e+02 7.542961e+01
      vertex   2.019750e+02 1.725000e+02 7.522465e+01
    endloop
  endfacet
  facet normal 4.226183e-01 4.658781e-15 9.063078e-01
    outer loop
      vertex   2.019750e+02 1.775000e+02 7.522465e+01
      vertex   2.019750e+02 1.725000e+02 7.522465e+01
      vertex   2.022989e+02 1.775000e+02 7.507363e+01
    endloop
  endfacet
  facet normal 4.226183e-01 -8.047052e-15 9.063078e-01
    outer loop
      vertex   2.022989e+02 1.775000e+02 7.507363e+01
      vertex   2.019750e+02 1.725000e+02 7.522465e+01
      vertex   2.022989e+02 1.725000e+02 7.507363e+01
    endloop
  endfacet
  facet normal 2.588190e-01 5.582130e-15 9.659258e-01
    outer loop
      vertex   2.022989e+02 1.775000e+02 7.507363e+01
      vertex   2.022989e+02 1.725000e+02 7.507363e+01
      vertex   2.026440e+02 1.775000e+02 7.498114e+01
    endloop
  endfacet
  facet normal 2.588190e-01 -8.144502e-15 9.659258e-01
    outer loop
      vertex   2.026440e+02 1.775000e+02 7.498114e+01
      vertex   2.022989e+02 1.725000e+02 7.507363e+01
      vertex   2.026440e+02 1.725000e+02 7.498114e+01
    endloop
  endfacet
  facet normal 8.715574e-02 4.884923e-15 9.961947e-01
    outer loop
      vertex   2.026440e+02 1.775000e+02 7.498114e+01
      vertex   2.026440e+02 1.725000e+02 7.498114e+01
      vertex   2.030000e+02 1.775000e+02 7.495000e+01
    endloop
  endfacet
  facet normal 8.715574e-02 -6.935923e-15 9.961947e-01
    outer loop
      vertex   2.030000e+02 1.775000e+02 7.495000e+01
      vertex   2.026440e+02 1.725000e+02 7.498114e+01
      vertex   2.030000e+02 1.725000e+02 7.495000e+01
    endloop
  endfacet
  facet normal -8.715574e-02 6.935923e-15 9.961947e-01
    outer loop
      vertex   2.030000e+02 1.775000e+02 7.495000e+01
      vertex   2.030000e+02 1.725000e+02 7.495000e+01
      vertex   2.033560e+02 1.775000e+02 7.498114e+01
    endloop
  endfacet
  facet normal -8.715574e-02 -7.716279e-15 9.961947e-01
    outer loop
      vertex   2.033560e+02 1.775000e+02 7.498114e+01
      vertex   2.030000e+02 1.725000e+02 7.495000e+01
      vertex   2.033560e+02 1.725000e+02 7.498114e+01
    endloop
  endfacet
  facet normal -2.588190e-01 5.399176e-15 9.659258e-01
    outer loop
      vertex   2.033560e+02 1.775000e+02 7.498114e+01
      vertex   2.033560e+02 1.725000e+02 7.498114e+01
      vertex   2.037011e+02 1.775000e+02 7.507363e+01
    endloop
  endfacet
  facet normal -2.588190e-01 -4.110914e-15 9.659258e-01
    outer loop
      vertex   2.037011e+02 1.775000e+02 7.507363e+01
      vertex   2.033560e+02 1.725000e+02 7.498114e+01
      vertex   2.037011e+02 1.725000e+02 7.507363e+01
    endloop
  endfacet
  facet normal -4.226183e-01 1.044936e-14 9.063078e-01
    outer loop
      vertex   2.037011e+02 1.775000e+02 7.507363e+01
      vertex   2.037011e+02 1.725000e+02 7.507363e+01
      vertex   2.040250e+02 1.775000e+02 7.522465e+01
    endloop
  endfacet
  facet normal -4.226183e-01 -4.832356e-15 9.063078e-01
    outer loop
      vertex   2.040250e+02 1.775000e+02 7.522465e+01
      vertex   2.037011e+02 1.725000e+02 7.507363e+01
      vertex   2.040250e+02 1.725000e+02 7.522465e+01
    endloop
  endfacet
  facet normal -5.735764e-01 9.790877e-15 8.191520e-01
    outer loop
      vertex   2.040250e+02 1.775000e+02 7.522465e+01
      vertex   2.040250e+02 1.725000e+02 7.522465e+01
      vertex   2.043177e+02 1.775000e+02 7.542961e+01
    endloop
  endfacet
  facet normal -5.735764e-01 -6.042612e-15 8.191520e-01
    outer loop
      vertex   2.043177e+02 1.775000e+02 7.542961e+01
      vertex   2.040250e+02 1.725000e+02 7.522465e+01
      vertex   2.043177e+02 1.725000e+02 7.542961e+01
    endloop
  endfacet
  facet normal -7.071068e-01 8.038873e-15 7.071068e-01
    outer loop
      vertex   2.043177e+02 1.775000e+02 7.542961e+01
      vertex   2.043177e+02 1.725000e+02 7.542961e+01
      vertex   2.045704e+02 1.775000e+02 7.568229e+01
    endloop
  endfacet
  facet normal -7.071068e-01 -1.205831e-14 7.071068e-01
    outer loop
      vertex   2.045704e+02 1.775000e+02 7.568229e+01
      vertex   2.043177e+02 1.725000e+02 7.542961e+01
      vertex   2.045704e+02 1.725000e+02 7.568229e+01
    endloop
  endfacet
  facet normal -8.191520e-01 1.386272e-15 5.735764e-01
    outer loop
      vertex   2.045704e+02 1.775000e+02 7.568229e+01
      vertex   2.045704e+02 1.725000e+02 7.568229e+01
      vertex   2.047754e+02 1.775000e+02 7.597500e+01
    endloop
  endfacet
  facet normal -8.191520e-01 -2.439303e-16 5.735764e-01
    outer loop
      vertex   2.047754e+02 1.775000e+02 7.597500e+01
      vertex   2.045704e+02 1.725000e+02 7.568229e+01
      vertex   2.047754e+02 1.725000e+02 7.597500e+01
    endloop
  endfacet
  facet normal -9.063078e-01 1.358758e-14 4.226183e-01
    outer loop
      vertex   2.047754e+02 1.775000e+02 7.597500e+01
      vertex   2.047754e+02 1.725000e+02 7.597500e+01
      vertex   2.049264e+02 1.775000e+02 7.629886e+01
    endloop
  endfacet
  facet normal -9.063078e-01 -5.471170e-15 4.226183e-01
    outer loop
      vertex   2.049264e+02 1.775000e+02 7.629886e+01
      vertex   2.047754e+02 1.725000e+02 7.597500e+01
      vertex   2.049264e+02 1.725000e+02 7.629886e+01
    endloop
  endfacet
  facet normal -9.659258e-01 8.327456e-15 2.588190e-01
    outer loop
      vertex   2.049264e+02 1.775000e+02 7.629886e+01
      vertex   2.049264e+02 1.725000e+02 7.629886e+01
      vertex   2.050189e+02 1.775000e+02 7.664402e+01
    endloop
  endfacet
  facet normal -9.659258e-01 -3.389457e-15 2.588190e-01
    outer loop
      vertex   2.050189e+02 1.775000e+02 7.664402e+01
      vertex   2.049264e+02 1.725000e+02 7.629886e+01
      vertex   2.050189e+02 1.725000e+02 7.664402e+01
    endloop
  endfacet
  facet normal -9.961947e-01 1.029992e-14 8.715574e-02
    outer loop
      vertex   2.050189e+02 1.775000e+02 7.664402e+01
      vertex   2.050189e+02 1.725000e+02 7.664402e+01
      vertex   2.050500e+02 1.775000e+02 7.700000e+01
    endloop
  endfacet
  facet normal -9.961947e-01 -6.935923e-15 8.715574e-02
    outer loop
      vertex   2.050500e+02 1.775000e+02 7.700000e+01
      vertex   2.050189e+02 1.725000e+02 7.664402e+01
      vertex   2.050500e+02 1.725000e+02 7.700000e+01
    endloop
  endfacet
  facet normal -9.961947e-01 6.935923e-15 -8.715574e-02
    outer loop
      vertex   2.050500e+02 1.775000e+02 7.700000e+01
      vertex   2.050500e+02 1.725000e+02 7.700000e+01
      vertex   2.050189e+02 1.775000e+02 7.735598e+01
    endloop
  endfacet
  facet normal -9.961947e-01 -4.637211e-15 -8.715574e-02
    outer loop
      vertex   2.050189e+02 1.775000e+02 7.735598e+01
      vertex   2.050500e+02 1.725000e+02 7.700000e+01
      vertex   2.050189e+02 1.725000e+02 7.735598e+01
    endloop
  endfacet
  facet normal -9.659258e-01 8.880110e-15 -2.588190e-01
    outer loop
      vertex   2.050189e+02 1.775000e+02 7.735598e+01
      vertex   2.050189e+02 1.725000e+02 7.735598e+01
      vertex   2.049264e+02 1.775000e+02 7.770114e+01
    endloop
  endfacet
  facet normal -9.659258e-01 -9.063064e-15 -2.588190e-01
    outer loop
      vertex   2.049264e+02 1.775000e+02 7.770114e+01
      vertex   2.050189e+02 1.725000e+02 7.735598e+01
      vertex   2.049264e+02 1.725000e+02 7.770114e+01
    endloop
  endfacet
  facet normal -9.063078e-01 4.270017e-15 -4.226183e-01
    outer loop
      vertex   2.049264e+02 1.775000e+02 7.770114e+01
      vertex   2.049264e+02 1.725000e+02 7.770114e+01
      vertex   2.047754e+02 1.775000e+02 7.802500e+01
    endloop
  endfacet
  facet normal -9.063078e-01 -3.284053e-15 -4.226183e-01
    outer loop
      vertex   2.047754e+02 1.775000e+02 7.802500e+01
      vertex   2.049264e+02 1.725000e+02 7.770114e+01
      vertex   2.047754e+02 1.725000e+02 7.802500e+01
    endloop
  endfacet
  facet normal -8.191520e-01 9.556611e-15 -5.735764e-01
    outer loop
      vertex   2.047754e+02 1.775000e+02 7.802500e+01
      vertex   2.047754e+02 1.725000e+02 7.802500e+01
      vertex   2.045704e+02 1.775000e+02 7.831771e+01
    endloop
  endfacet
  facet normal -8.191520e-01 -9.303017e-15 -5.735764e-01
    outer loop
      vertex   2.045704e+02 1.775000e+02 7.831771e+01
      vertex   2.047754e+02 1.725000e+02 7.802500e+01
      vertex   2.045704e+02 1.725000e+02 7.831771e+01
    endloop
  endfacet
  facet normal -7.071068e-01 4.019437e-15 -7.071068e-01
    outer loop
      vertex   2.045704e+02 1.775000e+02 7.831771e+01
      vertex   2.045704e+02 1.725000e+02 7.831771e+01
      vertex   2.043177e+02 1.775000e+02 7.857039e+01
    endloop
  endfacet
  facet normal -7.071068e-01 -6.029155e-15 -7.071068e-01
    outer loop
      vertex   2.043177e+02 1.775000e+02 7.857039e+01
      vertex   2.045704e+02 1.725000e+02 7.831771e+01
      vertex   2.043177e+02 1.725000e+02 7.857039e+01
    endloop
  endfacet
  facet normal -5.735764e-01 6.974847e-15 -8.191520e-01
    outer loop
      vertex   2.043177e+02 1.775000e+02 7.857039e+01
      vertex   2.043177e+02 1.725000e+02 7.857039e+01
      vertex   2.040250e+02 1.775000e+02 7.877535e+01
    endloop
  endfacet
  facet normal -5.735764e-01 -8.858643e-15 -8.191520e-01
    outer loop
      vertex   2.040250e+02 1.775000e+02 7.877535e+01
      vertex   2.043177e+02 1.725000e+02 7.857039e+01
      vertex   2.040250e+02 1.725000e+02 7.877535e+01
    endloop
  endfacet
  facet normal -4.226183e-01 4.658781e-15 -9.063078e-01
    outer loop
      vertex   2.040250e+02 1.775000e+02 7.877535e+01
      vertex   2.040250e+02 1.725000e+02 7.877535e+01
      vertex   2.037011e+02 1.775000e+02 7.892637e+01
    endloop
  endfacet
  facet normal -4.226183e-01 -8.047052e-15 -9.063078e-01
    outer loop
      vertex   2.037011e+02 1.775000e+02 7.892637e+01
      vertex   2.040250e+02 1.725000e+02 7.877535e+01
      vertex   2.037011e+02 1.725000e+02 7.892637e+01
    endloop
  endfacet
  facet normal -2.588190e-01 5.582130e-15 -9.659258e-01
    outer loop
      vertex   2.037011e+02 1.775000e+02 7.892637e+01
      vertex   2.037011e+02 1.725000e+02 7.892637e+01
      vertex   2.033560e+02 1.775000e+02 7.901886e+01
    endloop
  endfacet
  facet normal -2.588190e-01 -8.144502e-15 -9.659258e-01
    outer loop
      vertex   2.033560e+02 1.775000e+02 7.901886e+01
      vertex   2.037011e+02 1.725000e+02 7.892637e+01
      vertex   2.033560e+02 1.725000e+02 7.901886e+01
    endloop
  endfacet
  facet normal -8.715574e-02 4.884923e-15 -9.961947e-01
    outer loop
      vertex   2.033560e+02 1.775000e+02 7.901886e+01
      vertex   2.033560e+02 1.725000e+02 7.901886e+01
      vertex   2.030000e+02 1.775000e+02 7.905000e+01
    endloop
  endfacet
  facet normal -8.715574e-02 -6.935923e-15 -9.961947e-01
    outer loop
      vertex   2.030000e+02 1.775000e+02 7.905000e+01
      vertex   2.033560e+02 1.725000e+02 7.901886e+01
      vertex   2.030000e+02 1.725000e+02 7.905000e+01
    endloop
  endfacet
  facet normal 8.715574e-02 6.935923e-15 -9.961947e-01
    outer loop
      vertex   2.030000e+02 1.775000e+02 7.905000e+01
      vertex   2.030000e+02 1.725000e+02 7.905000e+01
      vertex   2.026440e+02 1.775000e+02 7.901886e+01
    endloop
  endfacet
  facet normal 8.715574e-02 -7.716279e-15 -9.961947e-01
    outer loop
      vertex   2.026440e+02 1.775000e+02 7.901886e+01
      vertex   2.030000e+02 1.725000e+02 7.905000e+01
      vertex   2.026440e+02 1.725000e+02 7.901886e+01
    endloop
  endfacet
  facet normal 2.588190e-01 5.399176e-15 -9.659258e-01
    outer loop
      vertex   2.026440e+02 1.775000e+02 7.901886e+01
      vertex   2.026440e+02 1.725000e+02 7.901886e+01
      vertex   2.022989e+02 1.775000e+02 7.892637e+01
    endloop
  endfacet
  facet normal 2.588190e-01 -6.856240e-15 -9.659258e-01
    outer loop
      vertex   2.022989e+02 1.775000e+02 7.892637e+01
      vertex   2.026440e+02 1.725000e+02 7.901886e+01
      vertex   2.022989e+02 1.725000e+02 7.892637e+01
    endloop
  endfacet
  facet normal 4.226183e-01 7.873477e-15 -9.063078e-01
    outer loop
      vertex   2.022989e+02 1.775000e+02 7.892637e+01
      vertex   2.022989e+02 1.725000e+02 7.892637e+01
      vertex   2.019750e+02 1.775000e+02 7.877535e+01
    endloop
  endfacet
  facet normal 4.226183e-01 -4.832356e-15 -9.063078e-01
    outer loop
      vertex   2.019750e+02 1.775000e+02 7.877535e+01
      vertex   2.022989e+02 1.725000e+02 7.892637e+01
      vertex   2.019750e+02 1.725000e+02 7.877535e+01
    endloop
  endfacet
  facet normal 5.735764e-01 9.790877e-15 -8.191520e-01
    outer loop
      vertex   2.019750e+02 1.775000e+02 7.877535e+01
      vertex   2.019750e+02 1.725000e+02 7.877535e+01
      vertex   2.016823e+02 1.775000e+02 7.857039e+01
    endloop
  endfacet
  facet normal 5.735764e-01 -6.042612e-15 -8.191520e-01
    outer loop
      vertex   2.016823e+02 1.775000e+02 7.857039e+01
      vertex   2.019750e+02 1.725000e+02 7.877535e+01
      vertex   2.016823e+02 1.725000e+02 7.857039e+01
    endloop
  endfacet
  facet normal 7.071068e-01 8.038873e-15 -7.071068e-01
    outer loop
      vertex   2.016823e+02 1.775000e+02 7.857039e+01
      vertex   2.016823e+02 1.725000e+02 7.857039e+01
      vertex   2.014296e+02 1.775000e+02 7.831771e+01
    endloop
  endfacet
  facet normal 7.071068e-01 -1.205831e-14 -7.071068e-01
    outer loop
      vertex   2.014296e+02 1.775000e+02 7.831771e+01
      vertex   2.016823e+02 1.725000e+02 7.857039e+01
      vertex   2.014296e+02 1.725000e+02 7.831771e+01
    endloop
  endfacet
  facet normal 8.191520e-01 1.386272e-15 -5.735764e-01
    outer loop
      vertex   2.014296e+02 1.775000e+02 7.831771e+01
      vertex   2.014296e+02 1.725000e+02 7.831771e+01
      vertex   2.012246e+02 1.775000e+02 7.802500e+01
    endloop
  endfacet
  facet normal 8.191520e-01 -1.874133e-15 -5.735764e-01
    outer loop
      vertex   2.012246e+02 1.775000e+02 7.802500e+01
      vertex   2.014296e+02 1.725000e+02 7.831771e+01
      vertex   2.012246e+02 1.725000e+02 7.802500e+01
    endloop
  endfacet
  facet normal 9.063078e-01 1.238643e-14 -4.226183e-01
    outer loop
      vertex   2.012246e+02 1.775000e+02 7.802500e+01
      vertex   2.012246e+02 1.725000e+02 7.802500e+01
      vertex   2.010736e+02 1.775000e+02 7.770114e+01
    endloop
  endfacet
  facet normal 9.063078e-01 -5.471170e-15 -4.226183e-01
    outer loop
      vertex   2.010736e+02 1.775000e+02 7.770114e+01
      vertex   2.012246e+02 1.725000e+02 7.802500e+01
      vertex   2.010736e+02 1.725000e+02 7.770114e+01
    endloop
  endfacet
  facet normal 9.659258e-01 8.327456e-15 -2.588190e-01
    outer loop
      vertex   2.010736e+02 1.775000e+02 7.770114e+01
      vertex   2.010736e+02 1.725000e+02 7.770114e+01
      vertex   2.009811e+02 1.775000e+02 7.735598e+01
    endloop
  endfacet
  facet normal 9.659258e-01 -3.389457e-15 -2.588190e-01
    outer loop
      vertex   2.009811e+02 1.775000e+02 7.735598e+01
      vertex   2.010736e+02 1.725000e+02 7.770114e+01
      vertex   2.009811e+02 1.725000e+02 7.735598e+01
    endloop
  endfacet
  facet normal -5.728543e-01 5.638676e-14 8.196573e-01
    outer loop
      vertex   2.031716e+02 1.775000e+02 8.200000e+01
      vertex   2.007086e+02 1.775000e+02 8.027863e+01
      vertex   2.031716e+02 1.725000e+02 8.200000e+01
    endloop
  endfacet
  facet normal -5.728543e-01 5.964733e-14 8.196573e-01
    outer loop
      vertex   2.031716e+02 1.725000e+02 8.200000e+01
      vertex   2.007086e+02 1.775000e+02 8.027863e+01
      vertex   2.007086e+02 1.725000e+02 8.027863e+01
    endloop
  endfacet
  facet normal -0.000000e+00 -1.000000e+00 0.000000e+00
    outer loop
      vertex   2.009811e+02 1.725000e+02 7.735598e+01
      vertex   1.990334e+02 1.725000e+02 7.751569e+01
      vertex   2.009500e+02 1.725000e+02 7.700000e+01
    endloop
  endfacet
  facet normal -4.551996e-14 -1.000000e+00 -1.691783e-13
    outer loop
      vertex   2.009500e+02 1.725000e+02 7.700000e+01
      vertex   1.990334e+02 1.725000e+02 7.751569e+01
      vertex   1.990027e+02 1.725000e+02 7.685195e+01
    endloop
  endfacet
  facet normal -5.799721e-14 -1.000000e+00 -5.074098e-15
    outer loop
      vertex   2.009500e+02 1.725000e+02 7.700000e+01
      vertex   1.990027e+02 1.725000e+02 7.685195e+01
      vertex   2.009811e+02 1.725000e+02 7.664402e+01
    endloop
  endfacet
  facet normal -6.737522e-14 -1.000000e+00 -9.430623e-14
    outer loop
      vertex   2.009811e+02 1.725000e+02 7.664402e+01
      vertex   1.990027e+02 1.725000e+02 7.685195e+01
      vertex   1.990824e+02 1.725000e+02 7.619228e+01
    endloop
  endfacet
  facet normal -8.442980e-14 -1.000000e+00 -2.262290e-14
    outer loop
      vertex   2.009811e+02 1.725000e+02 7.664402e+01
      vertex   1.990824e+02 1.725000e+02 7.619228e+01
      vertex   2.010736e+02 1.725000e+02 7.629886e+01
    endloop
  endfacet
  facet normal -7.256296e-14 -1.000000e+00 -2.443345e-13
    outer loop
      vertex   2.010736e+02 1.725000e+02 7.629886e+01
      vertex   1.990824e+02 1.725000e+02 7.619228e+01
      vertex   1.992702e+02 1.725000e+02 7.555490e+01
    endloop
  endfacet
  facet normal -1.453877e-13 -1.000000e+00 -6.779538e-14
    outer loop
      vertex   2.010736e+02 1.725000e+02 7.629886e+01
      vertex   1.992702e+02 1.725000e+02 7.555490e+01
      vertex   2.012246e+02 1.725000e+02 7.597500e+01
    endloop
  endfacet
  facet normal -1.170477e-13 -1.000000e+00 -1.996463e-13
    outer loop
      vertex   2.012246e+02 1.725000e+02 7.597500e+01
      vertex   1.992702e+02 1.725000e+02 7.555490e+01
      vertex   1.995608e+02 1.725000e+02 7.495740e+01
    endloop
  endfacet
  facet normal -1.674445e-13 -1.000000e+00 -1.172459e-13
    outer loop
      vertex   2.012246e+02 1.725000e+02 7.597500e+01
      vertex   1.995608e+02 1.725000e+02 7.495740e+01
      vertex   2.014296e+02 1.725000e+02 7.568229e+01
    endloop
  endfacet
  facet normal -1.348941e-13 -1.000000e+00 -2.011618e-13
    outer loop
      vertex   2.014296e+02 1.725000e+02 7.568229e+01
      vertex   1.995608e+02 1.725000e+02 7.495740e+01
      vertex   1.999464e+02 1.725000e+02 7.441627e+01
    endloop
  endfacet
  facet normal -1.654106e-13 -1.000000e+00 -1.654106e-13
    outer loop
      vertex   2.014296e+02 1.725000e+02 7.568229e+01
      vertex   1.999464e+02 1.725000e+02 7.441627e+01
      vertex   2.016823e+02 1.725000e+02 7.542961e+01
    endloop
  endfacet
  facet normal -9.851940e-14 -1.000000e+00 -2.799956e-13
    outer loop
      vertex   2.016823e+02 1.725000e+02 7.542961e+01
      vertex   1.999464e+02 1.725000e+02 7.441627e+01
      vertex   2.004163e+02 1.725000e+02 7.394642e+01
    endloop
  endfacet
  facet normal -9.599748e-14 -1.000000e+00 -2.821483e-13
    outer loop
      vertex   2.016823e+02 1.725000e+02 7.542961e+01
      vertex   2.004163e+02 1.725000e+02 7.394642e+01
      vertex   2.009574e+02 1.725000e+02 7.356084e+01
    endloop
  endfacet
  facet normal -1.410317e-14 -1.000000e+00 -1.719902e-13
    outer loop
      vertex   1.990334e+02 1.725000e+02 7.751569e+01
      vertex   2.009811e+02 1.725000e+02 7.735598e+01
      vertex   1.991735e+02 1.725000e+02 7.816521e+01
    endloop
  endfacet
  facet normal 5.615549e-14 -1.000000e+00 -1.504682e-14
    outer loop
      vertex   1.991735e+02 1.725000e+02 7.816521e+01
      vertex   2.009811e+02 1.725000e+02 7.735598e+01
      vertex   2.010736e+02 1.725000e+02 7.770114e+01
    endloop
  endfacet
  facet normal 2.378762e-14 -1.000000e+00 -1.475773e-13
    outer loop
      vertex   1.991735e+02 1.725000e+02 7.816521e+01
      vertex   2.010736e+02 1.725000e+02 7.770114e+01
      vertex   1.994192e+02 1.725000e+02 7.878258e+01
    endloop
  endfacet
  facet normal 9.216063e-14 -1.000000e+00 -4.297521e-14
    outer loop
      vertex   1.994192e+02 1.725000e+02 7.878258e+01
      vertex   2.010736e+02 1.725000e+02 7.770114e+01
      vertex   2.012246e+02 1.725000e+02 7.802500e+01
    endloop
  endfacet
  facet normal 3.764700e-14 -1.000000e+00 -1.728933e-13
    outer loop
      vertex   1.994192e+02 1.725000e+02 7.878258e+01
      vertex   2.012246e+02 1.725000e+02 7.802500e+01
      vertex   1.997637e+02 1.725000e+02 7.935076e+01
    endloop
  endfacet
  facet normal 1.189541e-13 -1.000000e+00 -8.329258e-14
    outer loop
      vertex   1.997637e+02 1.725000e+02 7.935076e+01
      vertex   2.012246e+02 1.725000e+02 7.802500e+01
      vertex   2.014296e+02 1.725000e+02 7.831771e+01
    endloop
  endfacet
  facet normal 1.990176e-14 -1.000000e+00 -2.430306e-13
    outer loop
      vertex   1.997637e+02 1.725000e+02 7.935076e+01
      vertex   2.014296e+02 1.725000e+02 7.831771e+01
      vertex   2.001975e+02 1.725000e+02 7.985407e+01
    endloop
  endfacet
  facet normal 1.437247e-13 -1.000000e+00 -1.437247e-13
    outer loop
      vertex   2.001975e+02 1.725000e+02 7.985407e+01
      vertex   2.014296e+02 1.725000e+02 7.831771e+01
      vertex   2.016823e+02 1.725000e+02 7.857039e+01
    endloop
  endfacet
  facet normal 8.119230e-13 -1.000000e+00 6.291796e-13
    outer loop
      vertex   2.001975e+02 1.725000e+02 7.985407e+01
      vertex   2.016823e+02 1.725000e+02 7.857039e+01
      vertex   2.007086e+02 1.725000e+02 8.027863e+01
    endloop
  endfacet
  facet normal -8.326708e-14 -1.000000e+00 1.189177e-13
    outer loop
      vertex   2.007086e+02 1.725000e+02 8.027863e+01
      vertex   2.016823e+02 1.725000e+02 7.857039e+01
      vertex   2.019750e+02 1.725000e+02 7.877535e+01
    endloop
  endfacet
  facet normal -6.329713e-14 -1.000000e+00 1.357411e-13
    outer loop
      vertex   2.007086e+02 1.725000e+02 8.027863e+01
      vertex   2.019750e+02 1.725000e+02 7.877535e+01
      vertex   2.022989e+02 1.725000e+02 7.892637e+01
    endloop
  endfacet
  facet normal -4.282329e-14 -1.000000e+00 1.598187e-13
    outer loop
      vertex   2.022989e+02 1.725000e+02 7.892637e+01
      vertex   2.026440e+02 1.725000e+02 7.901886e+01
      vertex   2.007086e+02 1.725000e+02 8.027863e+01
    endloop
  endfacet
  facet normal -1.038583e-13 -1.000000e+00 6.604819e-14
    outer loop
      vertex   2.007086e+02 1.725000e+02 8.027863e+01
      vertex   2.026440e+02 1.725000e+02 7.901886e+01
      vertex   2.031716e+02 1.725000e+02 8.200000e+01
    endloop
  endfacet
  facet normal -4.236093e-15 -1.000000e+00 4.841876e-14
    outer loop
      vertex   2.031716e+02 1.725000e+02 8.200000e+01
      vertex   2.026440e+02 1.725000e+02 7.901886e+01
      vertex   2.030000e+02 1.725000e+02 7.905000e+01
    endloop
  endfacet
  facet normal 4.193201e-15 -1.000000e+00 4.792851e-14
    outer loop
      vertex   2.031716e+02 1.725000e+02 8.200000e+01
      vertex   2.030000e+02 1.725000e+02 7.905000e+01
      vertex   2.033560e+02 1.725000e+02 7.901886e+01
    endloop
  endfacet
  facet normal 1.298818e-14 -1.000000e+00 4.847255e-14
    outer loop
      vertex   2.033560e+02 1.725000e+02 7.901886e+01
      vertex   2.037011e+02 1.725000e+02 7.892637e+01
      vertex   2.031716e+02 1.725000e+02 8.200000e+01
    endloop
  endfacet
  facet normal 2.344309e-14 -1.000000e+00 5.027387e-14
    outer loop
      vertex   2.031716e+02 1.725000e+02 8.200000e+01
      vertex   2.037011e+02 1.725000e+02 7.892637e+01
      vertex   2.040250e+02 1.725000e+02 7.877535e+01
    endloop
  endfacet
  facet normal 3.787695e-14 -1.000000e+00 5.409390e-14
    outer loop
      vertex   2.031716e+02 1.725000e+02 8.200000e+01
      vertex   2.040250e+02 1.725000e+02 7.877535e+01
      vertex   2.043177e+02 1.725000e+02 7.857039e+01
    endloop
  endfacet
  facet normal 6.223367e-14 -1.000000e+00 6.223367e-14
    outer loop
      vertex   2.043177e+02 1.725000e+02 7.857039e+01
      vertex   2.045704e+02 1.725000e+02 7.831771e+01
      vertex   2.031716e+02 1.725000e+02 8.200000e+01
    endloop
  endfacet
  facet normal 6.223367e-14 -1.000000e+00 6.223367e-14
    outer loop
      vertex   2.031716e+02 1.725000e+02 8.200000e+01
      vertex   2.045704e+02 1.725000e+02 7.831771e+01
      vertex   2.080000e+02 1.725000e+02 7.717157e+01
    endloop
  endfacet
  facet normal 5.409390e-14 -1.000000e+00 3.787695e-14
    outer loop
      vertex   2.080000e+02 1.725000e+02 7.717157e+01
      vertex   2.045704e+02 1.725000e+02 7.831771e+01
      vertex   2.047754e+02 1.725000e+02 7.802500e+01
    endloop
  endfacet
  facet normal 5.027387e-14 -1.000000e+00 2.344309e-14
    outer loop
      vertex   2.080000e+02 1.725000e+02 7.717157e+01
      vertex   2.047754e+02 1.725000e+02 7.802500e+01
      vertex   2.049264e+02 1.725000e+02 7.770114e+01
    endloop
  endfacet
  facet normal 4.847255e-14 -1.000000e+00 1.298818e-14
    outer loop
      vertex   2.049264e+02 1.725000e+02 7.770114e+01
      vertex   2.050189e+02 1.725000e+02 7.735598e+01
      vertex   2.080000e+02 1.725000e+02 7.717157e+01
    endloop
  endfacet
  facet normal 4.792851e-14 -1.000000e+00 4.193201e-15
    outer loop
      vertex   2.080000e+02 1.725000e+02 7.717157e+01
      vertex   2.050189e+02 1.725000e+02 7.735598e+01
      vertex   2.050500e+02 1.725000e+02 7.700000e+01
    endloop
  endfacet
  facet normal 4.841876e-14 -1.000000e+00 -4.236093e-15
    outer loop
      vertex   2.080000e+02 1.725000e+02 7.717157e+01
      vertex   2.050500e+02 1.725000e+02 7.700000e+01
      vertex   2.050189e+02 1.725000e+02 7.664402e+01
    endloop
  endfacet
  facet normal 6.604819e-14 -1.000000e+00 -1.038583e-13
    outer loop
      vertex   2.080000e+02 1.725000e+02 7.717157e+01
      vertex   2.050189e+02 1.725000e+02 7.664402e+01
      vertex   2.062786e+02 1.725000e+02 7.470858e+01
    endloop
  endfacet
  facet normal 1.598187e-13 -1.000000e+00 -4.282329e-14
    outer loop
      vertex   2.062786e+02 1.725000e+02 7.470858e+01
      vertex   2.050189e+02 1.725000e+02 7.664402e+01
      vertex   2.049264e+02 1.725000e+02 7.629886e+01
    endloop
  endfacet
  facet normal 1.357411e-13 -1.000000e+00 -6.329713e-14
    outer loop
      vertex   2.062786e+02 1.725000e+02 7.470858e+01
      vertex   2.049264e+02 1.725000e+02 7.629886e+01
      vertex   2.047754e+02 1.725000e+02 7.597500e+01
    endloop
  endfacet
  facet normal 1.189177e-13 -1.000000e+00 -8.326708e-14
    outer loop
      vertex   2.047754e+02 1.725000e+02 7.597500e+01
      vertex   2.045704e+02 1.725000e+02 7.568229e+01
      vertex   2.062786e+02 1.725000e+02 7.470858e+01
    endloop
  endfacet
  facet normal 2.687462e-14 -1.000000e+00 -2.447451e-13
    outer loop
      vertex   2.062786e+02 1.725000e+02 7.470858e+01
      vertex   2.045704e+02 1.725000e+02 7.568229e+01
      vertex   2.058541e+02 1.725000e+02 7.419745e+01
    endloop
  endfacet
  facet normal 1.437247e-13 -1.000000e+00 -1.437247e-13
    outer loop
      vertex   2.058541e+02 1.725000e+02 7.419745e+01
      vertex   2.045704e+02 1.725000e+02 7.568229e+01
      vertex   2.043177e+02 1.725000e+02 7.542961e+01
    endloop
  endfacet
  facet normal 7.971981e-14 -1.000000e+00 -2.235315e-13
    outer loop
      vertex   2.058541e+02 1.725000e+02 7.419745e+01
      vertex   2.043177e+02 1.725000e+02 7.542961e+01
      vertex   2.053508e+02 1.725000e+02 7.376366e+01
    endloop
  endfacet
  facet normal 1.332681e-13 -1.000000e+00 -1.903266e-13
    outer loop
      vertex   2.053508e+02 1.725000e+02 7.376366e+01
      vertex   2.043177e+02 1.725000e+02 7.542961e+01
      vertex   2.040250e+02 1.725000e+02 7.522465e+01
    endloop
  endfacet
  facet normal 8.947143e-14 -1.000000e+00 -2.300694e-13
    outer loop
      vertex   2.053508e+02 1.725000e+02 7.376366e+01
      vertex   2.040250e+02 1.725000e+02 7.522465e+01
      vertex   2.047826e+02 1.725000e+02 7.341916e+01
    endloop
  endfacet
  facet normal 1.043684e-13 -1.000000e+00 -2.238187e-13
    outer loop
      vertex   2.047826e+02 1.725000e+02 7.341916e+01
      vertex   2.040250e+02 1.725000e+02 7.522465e+01
      vertex   2.037011e+02 1.725000e+02 7.507363e+01
    endloop
  endfacet
  facet normal -1.737338e-14 -1.000000e+00 -3.033949e-13
    outer loop
      vertex   2.047826e+02 1.725000e+02 7.341916e+01
      vertex   2.037011e+02 1.725000e+02 7.507363e+01
      vertex   2.041652e+02 1.725000e+02 7.317348e+01
    endloop
  endfacet
  facet normal 7.523409e-14 -1.000000e+00 -2.807775e-13
    outer loop
      vertex   2.041652e+02 1.725000e+02 7.317348e+01
      vertex   2.037011e+02 1.725000e+02 7.507363e+01
      vertex   2.033560e+02 1.725000e+02 7.498114e+01
    endloop
  endfacet
  facet normal 2.194830e-14 -1.000000e+00 -3.046319e-13
    outer loop
      vertex   2.041652e+02 1.725000e+02 7.317348e+01
      vertex   2.033560e+02 1.725000e+02 7.498114e+01
      vertex   2.035157e+02 1.725000e+02 7.303338e+01
    endloop
  endfacet
  facet normal 2.661833e-14 -1.000000e+00 -3.042489e-13
    outer loop
      vertex   2.035157e+02 1.725000e+02 7.303338e+01
      vertex   2.033560e+02 1.725000e+02 7.498114e+01
      vertex   2.030000e+02 1.725000e+02 7.495000e+01
    endloop
  endfacet
  facet normal 1.419943e-14 -1.000000e+00 -3.075904e-13
    outer loop
      vertex   2.035157e+02 1.725000e+02 7.303338e+01
      vertex   2.030000e+02 1.725000e+02 7.495000e+01
      vertex   2.028519e+02 1.725000e+02 7.300274e+01
    endloop
  endfacet
  facet normal -2.663902e-14 -1.000000e+00 -3.044854e-13
    outer loop
      vertex   2.028519e+02 1.725000e+02 7.300274e+01
      vertex   2.030000e+02 1.725000e+02 7.495000e+01
      vertex   2.026440e+02 1.725000e+02 7.498114e+01
    endloop
  endfacet
  facet normal -3.689894e-14 -1.000000e+00 -3.055636e-13
    outer loop
      vertex   2.028519e+02 1.725000e+02 7.300274e+01
      vertex   2.026440e+02 1.725000e+02 7.498114e+01
      vertex   2.021923e+02 1.725000e+02 7.308240e+01
    endloop
  endfacet
  facet normal -7.918014e-14 -1.000000e+00 -2.955043e-13
    outer loop
      vertex   2.021923e+02 1.725000e+02 7.308240e+01
      vertex   2.026440e+02 1.725000e+02 7.498114e+01
      vertex   2.022989e+02 1.725000e+02 7.507363e+01
    endloop
  endfacet
  facet normal -8.692874e-14 -1.000000e+00 -2.950896e-13
    outer loop
      vertex   2.021923e+02 1.725000e+02 7.308240e+01
      vertex   2.022989e+02 1.725000e+02 7.507363e+01
      vertex   2.015549e+02 1.725000e+02 7.327016e+01
    endloop
  endfacet
  facet normal -1.294275e-13 -1.000000e+00 -2.775582e-13
    outer loop
      vertex   2.015549e+02 1.725000e+02 7.327016e+01
      vertex   2.022989e+02 1.725000e+02 7.507363e+01
      vertex   2.019750e+02 1.725000e+02 7.522465e+01
    endloop
  endfacet
  facet normal -1.345007e-13 -1.000000e+00 -2.764678e-13
    outer loop
      vertex   2.015549e+02 1.725000e+02 7.327016e+01
      vertex   2.019750e+02 1.725000e+02 7.522465e+01
      vertex   2.009574e+02 1.725000e+02 7.356084e+01
    endloop
  endfacet
  facet normal -1.758688e-13 -1.000000e+00 -2.511667e-13
    outer loop
      vertex   2.009574e+02 1.725000e+02 7.356084e+01
      vertex   2.019750e+02 1.725000e+02 7.522465e+01
      vertex   2.016823e+02 1.725000e+02 7.542961e+01
    endloop
  endfacet
  facet normal 9.961947e-01 6.760728e-15 -8.715574e-02
    outer loop
      vertex   4.981144e+00 1.775000e+02 7.735598e+01
      vertex   4.981144e+00 1.725000e+02 7.735598e+01
      vertex   4.950000e+00 1.775000e+02 7.700000e+01
    endloop
  endfacet
  facet normal 9.961947e-01 3.575453e-15 -8.715574e-02
    outer loop
      vertex   4.950000e+00 1.775000e+02 7.700000e+01
      vertex   4.981144e+00 1.725000e+02 7.735598e+01
      vertex   4.950000e+00 1.725000e+02 7.700000e+01
    endloop
  endfacet
  facet normal 9.961947e-01 1.695188e-14 8.715574e-02
    outer loop
      vertex   4.950000e+00 1.775000e+02 7.700000e+01
      vertex   4.950000e+00 1.725000e+02 7.700000e+01
      vertex   4.981144e+00 1.775000e+02 7.664402e+01
    endloop
  endfacet
  facet normal 9.961947e-01 -6.760728e-15 8.715574e-02
    outer loop
      vertex   4.981144e+00 1.775000e+02 7.664402e+01
      vertex   4.950000e+00 1.725000e+02 7.700000e+01
      vertex   4.981144e+00 1.725000e+02 7.664402e+01
    endloop
  endfacet
  facet normal 9.659258e-01 6.821115e-15 2.588190e-01
    outer loop
      vertex   4.981144e+00 1.775000e+02 7.664402e+01
      vertex   4.981144e+00 1.725000e+02 7.664402e+01
      vertex   5.073630e+00 1.775000e+02 7.629886e+01
    endloop
  endfacet
  facet normal 9.659258e-01 -6.954793e-15 2.588190e-01
    outer loop
      vertex   5.073630e+00 1.775000e+02 7.629886e+01
      vertex   4.981144e+00 1.725000e+02 7.664402e+01
      vertex   5.073630e+00 1.725000e+02 7.629886e+01
    endloop
  endfacet
  facet normal 9.063078e-01 6.759111e-15 4.226183e-01
    outer loop
      vertex   5.073630e+00 1.775000e+02 7.629886e+01
      vertex   5.073630e+00 1.725000e+02 7.629886e+01
      vertex   5.224648e+00 1.775000e+02 7.597500e+01
    endloop
  endfacet
  facet normal 9.063078e-01 -6.590693e-15 4.226183e-01
    outer loop
      vertex   5.224648e+00 1.775000e+02 7.597500e+01
      vertex   5.073630e+00 1.725000e+02 7.629886e+01
      vertex   5.224648e+00 1.725000e+02 7.597500e+01
    endloop
  endfacet
  facet normal 8.191520e-01 7.112515e-15 5.735764e-01
    outer loop
      vertex   5.224648e+00 1.775000e+02 7.597500e+01
      vertex   5.224648e+00 1.725000e+02 7.597500e+01
      vertex   5.429609e+00 1.775000e+02 7.568229e+01
    endloop
  endfacet
  facet normal 8.191520e-01 -5.169549e-15 5.735764e-01
    outer loop
      vertex   5.429609e+00 1.775000e+02 7.568229e+01
      vertex   5.224648e+00 1.725000e+02 7.597500e+01
      vertex   5.429609e+00 1.725000e+02 7.568229e+01
    endloop
  endfacet
  facet normal 7.071068e-01 8.792518e-15 7.071068e-01
    outer loop
      vertex   5.429609e+00 1.775000e+02 7.568229e+01
      vertex   5.429609e+00 1.725000e+02 7.568229e+01
      vertex   5.682285e+00 1.775000e+02 7.542961e+01
    endloop
  endfacet
  facet normal 7.071068e-01 -6.029155e-15 7.071068e-01
    outer loop
      vertex   5.682285e+00 1.775000e+02 7.542961e+01
      vertex   5.429609e+00 1.725000e+02 7.568229e+01
      vertex   5.682285e+00 1.725000e+02 7.542961e+01
    endloop
  endfacet
  facet normal 5.735764e-01 7.672815e-15 8.191520e-01
    outer loop
      vertex   5.682285e+00 1.775000e+02 7.542961e+01
      vertex   5.682285e+00 1.725000e+02 7.542961e+01
      vertex   5.975000e+00 1.775000e+02 7.522465e+01
    endloop
  endfacet
  facet normal 5.735764e-01 -6.326698e-15 8.191520e-01
    outer loop
      vertex   5.975000e+00 1.775000e+02 7.522465e+01
      vertex   5.682285e+00 1.725000e+02 7.542961e+01
      vertex   5.975000e+00 1.725000e+02 7.522465e+01
    endloop
  endfacet
  facet normal 4.226183e-01 7.384807e-15 9.063078e-01
    outer loop
      vertex   5.975000e+00 1.775000e+02 7.522465e+01
      vertex   5.975000e+00 1.725000e+02 7.522465e+01
      vertex   6.298859e+00 1.775000e+02 7.507363e+01
    endloop
  endfacet
  facet normal 4.226183e-01 -5.245954e-15 9.063078e-01
    outer loop
      vertex   6.298859e+00 1.775000e+02 7.507363e+01
      vertex   5.975000e+00 1.725000e+02 7.522465e+01
      vertex   6.298859e+00 1.725000e+02 7.507363e+01
    endloop
  endfacet
  facet normal 2.588190e-01 8.465382e-15 9.659258e-01
    outer loop
      vertex   6.298859e+00 1.775000e+02 7.507363e+01
      vertex   6.298859e+00 1.725000e+02 7.507363e+01
      vertex   6.644021e+00 1.775000e+02 7.498114e+01
    endloop
  endfacet
  facet normal 2.588190e-01 -8.972061e-15 9.659258e-01
    outer loop
      vertex   6.644021e+00 1.775000e+02 7.498114e+01
      vertex   6.298859e+00 1.725000e+02 7.507363e+01
      vertex   6.644021e+00 1.725000e+02 7.498114e+01
    endloop
  endfacet
  facet normal 8.715574e-02 4.606248e-15 9.961947e-01
    outer loop
      vertex   6.644021e+00 1.775000e+02 7.498114e+01
      vertex   6.644021e+00 1.725000e+02 7.498114e+01
      vertex   7.000000e+00 1.775000e+02 7.495000e+01
    endloop
  endfacet
  facet normal 8.715574e-02 -6.812067e-15 9.961947e-01
    outer loop
      vertex   7.000000e+00 1.775000e+02 7.495000e+01
      vertex   6.644021e+00 1.725000e+02 7.498114e+01
      vertex   7.000000e+00 1.725000e+02 7.495000e+01
    endloop
  endfacet
  facet normal -8.715574e-02 6.812067e-15 9.961947e-01
    outer loop
      vertex   7.000000e+00 1.775000e+02 7.495000e+01
      vertex   7.000000e+00 1.725000e+02 7.495000e+01
      vertex   7.355979e+00 1.775000e+02 7.498114e+01
    endloop
  endfacet
  facet normal -8.715574e-02 -7.453085e-15 9.961947e-01
    outer loop
      vertex   7.355979e+00 1.775000e+02 7.498114e+01
      vertex   7.000000e+00 1.725000e+02 7.495000e+01
      vertex   7.355979e+00 1.725000e+02 7.498114e+01
    endloop
  endfacet
  facet normal -2.588190e-01 6.180759e-15 9.659258e-01
    outer loop
      vertex   7.355979e+00 1.775000e+02 7.498114e+01
      vertex   7.355979e+00 1.725000e+02 7.498114e+01
      vertex   7.701141e+00 1.775000e+02 7.507363e+01
    endloop
  endfacet
  facet normal -2.588190e-01 -5.720056e-15 9.659258e-01
    outer loop
      vertex   7.701141e+00 1.775000e+02 7.507363e+01
      vertex   7.355979e+00 1.725000e+02 7.498114e+01
      vertex   7.701141e+00 1.725000e+02 7.507363e+01
    endloop
  endfacet
  facet normal -4.226183e-01 7.821836e-15 9.063078e-01
    outer loop
      vertex   7.701141e+00 1.775000e+02 7.507363e+01
      vertex   7.701141e+00 1.725000e+02 7.507363e+01
      vertex   8.025000e+00 1.775000e+02 7.522465e+01
    endloop
  endfacet
  facet normal -4.226183e-01 -4.959070e-15 9.063078e-01
    outer loop
      vertex   8.025000e+00 1.775000e+02 7.522465e+01
      vertex   7.701141e+00 1.725000e+02 7.507363e+01
      vertex   8.025000e+00 1.725000e+02 7.522465e+01
    endloop
  endfacet
  facet normal -5.735764e-01 8.451092e-15 8.191520e-01
    outer loop
      vertex   8.025000e+00 1.775000e+02 7.522465e+01
      vertex   8.025000e+00 1.725000e+02 7.522465e+01
      vertex   8.317715e+00 1.775000e+02 7.542961e+01
    endloop
  endfacet
  facet normal -5.735764e-01 -5.344644e-15 8.191520e-01
    outer loop
      vertex   8.317715e+00 1.775000e+02 7.542961e+01
      vertex   8.025000e+00 1.725000e+02 7.522465e+01
      vertex   8.317715e+00 1.725000e+02 7.542961e+01
    endloop
  endfacet
  facet normal -7.071068e-01 8.038873e-15 7.071068e-01
    outer loop
      vertex   8.317715e+00 1.775000e+02 7.542961e+01
      vertex   8.317715e+00 1.725000e+02 7.542961e+01
      vertex   8.570391e+00 1.775000e+02 7.568229e+01
    endloop
  endfacet
  facet normal -7.071068e-01 -6.782799e-15 7.071068e-01
    outer loop
      vertex   8.570391e+00 1.775000e+02 7.568229e+01
      vertex   8.317715e+00 1.725000e+02 7.542961e+01
      vertex   8.570391e+00 1.725000e+02 7.568229e+01
    endloop
  endfacet
  facet normal -8.191520e-01 6.799751e-15 5.735764e-01
    outer loop
      vertex   8.570391e+00 1.775000e+02 7.568229e+01
      vertex   8.570391e+00 1.725000e+02 7.568229e+01
      vertex   8.775352e+00 1.775000e+02 7.597500e+01
    endloop
  endfacet
  facet normal -8.191520e-01 -7.112515e-15 5.735764e-01
    outer loop
      vertex   8.775352e+00 1.775000e+02 7.597500e+01
      vertex   8.570391e+00 1.725000e+02 7.568229e+01
      vertex   8.775352e+00 1.725000e+02 7.597500e+01
    endloop
  endfacet
  facet normal -9.063078e-01 6.590693e-15 4.226183e-01
    outer loop
      vertex   8.775352e+00 1.775000e+02 7.597500e+01
      vertex   8.775352e+00 1.725000e+02 7.597500e+01
      vertex   8.926370e+00 1.775000e+02 7.629886e+01
    endloop
  endfacet
  facet normal -9.063078e-01 -7.081096e-15 4.226183e-01
    outer loop
      vertex   8.926370e+00 1.775000e+02 7.629886e+01
      vertex   8.775352e+00 1.725000e+02 7.597500e+01
      vertex   8.926370e+00 1.725000e+02 7.629886e+01
    endloop
  endfacet
  facet normal -9.659258e-01 6.611627e-15 2.588190e-01
    outer loop
      vertex   8.926370e+00 1.775000e+02 7.629886e+01
      vertex   8.926370e+00 1.725000e+02 7.629886e+01
      vertex   9.018856e+00 1.775000e+02 7.664402e+01
    endloop
  endfacet
  facet normal -9.659258e-01 -6.821115e-15 2.588190e-01
    outer loop
      vertex   9.018856e+00 1.775000e+02 7.664402e+01
      vertex   8.926370e+00 1.725000e+02 7.629886e+01
      vertex   9.018856e+00 1.725000e+02 7.664402e+01
    endloop
  endfacet
  facet normal -9.961947e-01 6.760728e-15 8.715574e-02
    outer loop
      vertex   9.018856e+00 1.775000e+02 7.664402e+01
      vertex   9.018856e+00 1.725000e+02 7.664402e+01
      vertex   9.050000e+00 1.775000e+02 7.700000e+01
    endloop
  endfacet
  facet normal -9.961947e-01 -6.935923e-15 8.715574e-02
    outer loop
      vertex   9.050000e+00 1.775000e+02 7.700000e+01
      vertex   9.018856e+00 1.725000e+02 7.664402e+01
      vertex   9.050000e+00 1.725000e+02 7.700000e+01
    endloop
  endfacet
  facet normal -9.961947e-01 6.935923e-15 -8.715574e-02
    outer loop
      vertex   9.050000e+00 1.775000e+02 7.700000e+01
      vertex   9.050000e+00 1.725000e+02 7.700000e+01
      vertex   9.018856e+00 1.775000e+02 7.735598e+01
    endloop
  endfacet
  facet normal -9.961947e-01 -6.760728e-15 -8.715574e-02
    outer loop
      vertex   9.018856e+00 1.775000e+02 7.735598e+01
      vertex   9.050000e+00 1.725000e+02 7.700000e+01
      vertex   9.018856e+00 1.725000e+02 7.735598e+01
    endloop
  endfacet
  facet normal -9.659258e-01 6.821115e-15 -2.588190e-01
    outer loop
      vertex   9.018856e+00 1.775000e+02 7.735598e+01
      vertex   9.018856e+00 1.725000e+02 7.735598e+01
      vertex   8.926370e+00 1.775000e+02 7.770114e+01
    endloop
  endfacet
  facet normal -9.659258e-01 -6.611627e-15 -2.588190e-01
    outer loop
      vertex   8.926370e+00 1.775000e+02 7.770114e+01
      vertex   9.018856e+00 1.725000e+02 7.735598e+01
      vertex   8.926370e+00 1.725000e+02 7.770114e+01
    endloop
  endfacet
  facet normal -9.063078e-01 7.081096e-15 -4.226183e-01
    outer loop
      vertex   8.926370e+00 1.775000e+02 7.770114e+01
      vertex   8.926370e+00 1.725000e+02 7.770114e+01
      vertex   8.775352e+00 1.775000e+02 7.802500e+01
    endloop
  endfacet
  facet normal -9.063078e-01 -6.590693e-15 -4.226183e-01
    outer loop
      vertex   8.775352e+00 1.775000e+02 7.802500e+01
      vertex   8.926370e+00 1.725000e+02 7.770114e+01
      vertex   8.775352e+00 1.725000e+02 7.802500e+01
    endloop
  endfacet
  facet normal -8.191520e-01 7.112515e-15 -5.735764e-01
    outer loop
      vertex   8.775352e+00 1.775000e+02 7.802500e+01
      vertex   8.775352e+00 1.725000e+02 7.802500e+01
      vertex   8.570391e+00 1.775000e+02 7.831771e+01
    endloop
  endfacet
  facet normal -8.191520e-01 -7.090772e-15 -5.735764e-01
    outer loop
      vertex   8.570391e+00 1.775000e+02 7.831771e+01
      vertex   8.775352e+00 1.725000e+02 7.802500e+01
      vertex   8.570391e+00 1.725000e+02 7.831771e+01
    endloop
  endfacet
  facet normal -7.071068e-01 6.531585e-15 -7.071068e-01
    outer loop
      vertex   8.570391e+00 1.775000e+02 7.831771e+01
      vertex   8.570391e+00 1.725000e+02 7.831771e+01
      vertex   8.317715e+00 1.775000e+02 7.857039e+01
    endloop
  endfacet
  facet normal -7.071068e-01 -6.029155e-15 -7.071068e-01
    outer loop
      vertex   8.317715e+00 1.775000e+02 7.857039e+01
      vertex   8.570391e+00 1.725000e+02 7.831771e+01
      vertex   8.317715e+00 1.725000e+02 7.857039e+01
    endloop
  endfacet
  facet normal -5.735764e-01 7.672815e-15 -8.191520e-01
    outer loop
      vertex   8.317715e+00 1.775000e+02 7.857039e+01
      vertex   8.317715e+00 1.725000e+02 7.857039e+01
      vertex   8.025000e+00 1.775000e+02 7.877535e+01
    endloop
  endfacet
  facet normal -5.735764e-01 -6.326698e-15 -8.191520e-01
    outer loop
      vertex   8.025000e+00 1.775000e+02 7.877535e+01
      vertex   8.317715e+00 1.725000e+02 7.857039e+01
      vertex   8.025000e+00 1.725000e+02 7.877535e+01
    endloop
  endfacet
  facet normal -4.226183e-01 7.384807e-15 -9.063078e-01
    outer loop
      vertex   8.025000e+00 1.775000e+02 7.877535e+01
      vertex   8.025000e+00 1.725000e+02 7.877535e+01
      vertex   7.701141e+00 1.775000e+02 7.892637e+01
    endloop
  endfacet
  facet normal -4.226183e-01 -7.746764e-15 -9.063078e-01
    outer loop
      vertex   7.701141e+00 1.775000e+02 7.892637e+01
      vertex   8.025000e+00 1.725000e+02 7.877535e+01
      vertex   7.701141e+00 1.725000e+02 7.892637e+01
    endloop
  endfacet
  facet normal -2.588190e-01 5.766032e-15 -9.659258e-01
    outer loop
      vertex   7.701141e+00 1.775000e+02 7.892637e+01
      vertex   7.701141e+00 1.725000e+02 7.892637e+01
      vertex   7.355979e+00 1.775000e+02 7.901886e+01
    endloop
  endfacet
  facet normal -2.588190e-01 -8.972061e-15 -9.659258e-01
    outer loop
      vertex   7.355979e+00 1.775000e+02 7.901886e+01
      vertex   7.701141e+00 1.725000e+02 7.892637e+01
      vertex   7.355979e+00 1.725000e+02 7.901886e+01
    endloop
  endfacet
  facet normal -8.715574e-02 4.606248e-15 -9.961947e-01
    outer loop
      vertex   7.355979e+00 1.775000e+02 7.901886e+01
      vertex   7.355979e+00 1.725000e+02 7.901886e+01
      vertex   7.000000e+00 1.775000e+02 7.905000e+01
    endloop
  endfacet
  facet normal -8.715574e-02 -6.812067e-15 -9.961947e-01
    outer loop
      vertex   7.000000e+00 1.775000e+02 7.905000e+01
      vertex   7.355979e+00 1.725000e+02 7.901886e+01
      vertex   7.000000e+00 1.725000e+02 7.905000e+01
    endloop
  endfacet
  facet normal 8.715574e-02 6.812067e-15 -9.961947e-01
    outer loop
      vertex   7.000000e+00 1.775000e+02 7.905000e+01
      vertex   7.000000e+00 1.725000e+02 7.905000e+01
      vertex   6.644021e+00 1.775000e+02 7.901886e+01
    endloop
  endfacet
  facet normal 8.715574e-02 -7.437603e-15 -9.961947e-01
    outer loop
      vertex   6.644021e+00 1.775000e+02 7.901886e+01
      vertex   7.000000e+00 1.725000e+02 7.905000e+01
      vertex   6.644021e+00 1.725000e+02 7.901886e+01
    endloop
  endfacet
  facet normal 2.588190e-01 6.226735e-15 -9.659258e-01
    outer loop
      vertex   6.644021e+00 1.775000e+02 7.901886e+01
      vertex   6.644021e+00 1.725000e+02 7.901886e+01
      vertex   6.298859e+00 1.775000e+02 7.892637e+01
    endloop
  endfacet
  facet normal 2.588190e-01 -5.674081e-15 -9.659258e-01
    outer loop
      vertex   6.298859e+00 1.775000e+02 7.892637e+01
      vertex   6.644021e+00 1.725000e+02 7.901886e+01
      vertex   6.298859e+00 1.725000e+02 7.892637e+01
    endloop
  endfacet
  facet normal 4.226183e-01 7.896908e-15 -9.063078e-01
    outer loop
      vertex   6.298859e+00 1.775000e+02 7.892637e+01
      vertex   6.298859e+00 1.725000e+02 7.892637e+01
      vertex   5.975000e+00 1.775000e+02 7.877535e+01
    endloop
  endfacet
  facet normal 4.226183e-01 -7.459879e-15 -9.063078e-01
    outer loop
      vertex   5.975000e+00 1.775000e+02 7.877535e+01
      vertex   6.298859e+00 1.725000e+02 7.892637e+01
      vertex   5.975000e+00 1.725000e+02 7.877535e+01
    endloop
  endfacet
  facet normal 5.735764e-01 6.224810e-15 -8.191520e-01
    outer loop
      vertex   5.975000e+00 1.775000e+02 7.877535e+01
      vertex   5.975000e+00 1.725000e+02 7.877535e+01
      vertex   5.682285e+00 1.775000e+02 7.857039e+01
    endloop
  endfacet
  facet normal 5.735764e-01 -5.140869e-15 -8.191520e-01
    outer loop
      vertex   5.682285e+00 1.775000e+02 7.857039e+01
      vertex   5.975000e+00 1.725000e+02 7.877535e+01
      vertex   5.682285e+00 1.725000e+02 7.857039e+01
    endloop
  endfacet
  facet normal 7.071068e-01 8.290088e-15 -7.071068e-01
    outer loop
      vertex   5.682285e+00 1.775000e+02 7.857039e+01
      vertex   5.682285e+00 1.725000e+02 7.857039e+01
      vertex   5.429609e+00 1.775000e+02 7.831771e+01
    endloop
  endfacet
  facet normal 7.071068e-01 -6.782799e-15 -7.071068e-01
    outer loop
      vertex   5.429609e+00 1.775000e+02 7.831771e+01
      vertex   5.682285e+00 1.725000e+02 7.857039e+01
      vertex   5.429609e+00 1.725000e+02 7.831771e+01
    endloop
  endfacet
  facet normal 8.191520e-01 6.799751e-15 -5.735764e-01
    outer loop
      vertex   5.429609e+00 1.775000e+02 7.831771e+01
      vertex   5.429609e+00 1.725000e+02 7.831771e+01
      vertex   5.224648e+00 1.775000e+02 7.802500e+01
    endloop
  endfacet
  facet normal 8.191520e-01 -7.112515e-15 -5.735764e-01
    outer loop
      vertex   5.224648e+00 1.775000e+02 7.802500e+01
      vertex   5.429609e+00 1.725000e+02 7.831771e+01
      vertex   5.224648e+00 1.725000e+02 7.802500e+01
    endloop
  endfacet
  facet normal 9.063078e-01 6.590693e-15 -4.226183e-01
    outer loop
      vertex   5.224648e+00 1.775000e+02 7.802500e+01
      vertex   5.224648e+00 1.725000e+02 7.802500e+01
      vertex   5.073630e+00 1.775000e+02 7.770114e+01
    endloop
  endfacet
  facet normal 9.063078e-01 -6.759111e-15 -4.226183e-01
    outer loop
      vertex   5.073630e+00 1.775000e+02 7.770114e+01
      vertex   5.224648e+00 1.725000e+02 7.802500e+01
      vertex   5.073630e+00 1.725000e+02 7.770114e+01
    endloop
  endfacet
  facet normal 9.659258e-01 6.954793e-15 -2.588190e-01
    outer loop
      vertex   5.073630e+00 1.775000e+02 7.770114e+01
      vertex   5.073630e+00 1.725000e+02 7.770114e+01
      vertex   4.981144e+00 1.775000e+02 7.735598e+01
    endloop
  endfacet
  facet normal 9.659258e-01 -6.821115e-15 -2.588190e-01
    outer loop
      vertex   4.981144e+00 1.775000e+02 7.735598e+01
      vertex   5.073630e+00 1.725000e+02 7.770114e+01
      vertex   4.981144e+00 1.725000e+02 7.735598e+01
    endloop
  endfacet
  facet normal -8.196573e-01 -5.414221e-14 -5.728543e-01
    outer loop
      vertex   2.000000e+00 1.775000e+02 7.717157e+01
      vertex   3.721371e+00 1.775000e+02 7.470858e+01
      vertex   2.000000e+00 1.725000e+02 7.717157e+01
    endloop
  endfacet
  facet normal -8.196573e-01 -5.409050e-14 -5.728543e-01
    outer loop
      vertex   2.000000e+00 1.725000e+02 7.717157e+01
      vertex   3.721371e+00 1.775000e+02 7.470858e+01
      vertex   3.721371e+00 1.725000e+02 7.470858e+01
    endloop
  endfacet
  facet normal -7.692456e-01 -5.884216e-14 -6.389533e-01
    outer loop
      vertex   3.721371e+00 1.725000e+02 7.470858e+01
      vertex   3.721371e+00 1.775000e+02 7.470858e+01
      vertex   4.145928e+00 1.725000e+02 7.419745e+01
    endloop
  endfacet
  facet normal -7.692456e-01 3.407990e-15 -6.389533e-01
    outer loop
      vertex   4.145928e+00 1.725000e+02 7.419745e+01
      vertex   3.721371e+00 1.775000e+02 7.470858e+01
      vertex   4.145928e+00 1.775000e+02 7.419745e+01
    endloop
  endfacet
  facet normal -6.528598e-01 -5.670453e-15 -7.574787e-01
    outer loop
      vertex   4.145928e+00 1.725000e+02 7.419745e+01
      vertex   4.145928e+00 1.775000e+02 7.419745e+01
      vertex   4.649240e+00 1.725000e+02 7.376366e+01
    endloop
  endfacet
  facet normal -6.528598e-01 4.332738e-15 -7.574787e-01
    outer loop
      vertex   4.649240e+00 1.725000e+02 7.376366e+01
      vertex   4.145928e+00 1.775000e+02 7.419745e+01
      vertex   4.649240e+00 1.775000e+02 7.376366e+01
    endloop
  endfacet
  facet normal -5.184591e-01 -3.765875e-15 -8.551024e-01
    outer loop
      vertex   4.649240e+00 1.725000e+02 7.376366e+01
      vertex   4.649240e+00 1.775000e+02 7.376366e+01
      vertex   5.217418e+00 1.725000e+02 7.341916e+01
    endloop
  endfacet
  facet normal -5.184591e-01 3.709360e-15 -8.551024e-01
    outer loop
      vertex   5.217418e+00 1.725000e+02 7.341916e+01
      vertex   4.649240e+00 1.775000e+02 7.376366e+01
      vertex   5.217418e+00 1.775000e+02 7.341916e+01
    endloop
  endfacet
  facet normal -3.697521e-01 -3.706968e-15 -9.291304e-01
    outer loop
      vertex   5.217418e+00 1.725000e+02 7.341916e+01
      vertex   5.217418e+00 1.775000e+02 7.341916e+01
      vertex   5.834785e+00 1.725000e+02 7.317348e+01
    endloop
  endfacet
  facet normal -3.697521e-01 1.049077e-15 -9.291304e-01
    outer loop
      vertex   5.834785e+00 1.725000e+02 7.317348e+01
      vertex   5.217418e+00 1.775000e+02 7.341916e+01
      vertex   5.834785e+00 1.775000e+02 7.317348e+01
    endloop
  endfacet
  facet normal -2.108422e-01 -5.764073e-15 -9.775201e-01
    outer loop
      vertex   5.834785e+00 1.725000e+02 7.317348e+01
      vertex   5.834785e+00 1.775000e+02 7.317348e+01
      vertex   6.484305e+00 1.725000e+02 7.303338e+01
    endloop
  endfacet
  facet normal -2.108422e-01 4.599982e-15 -9.775201e-01
    outer loop
      vertex   6.484305e+00 1.725000e+02 7.303338e+01
      vertex   5.834785e+00 1.775000e+02 7.317348e+01
      vertex   6.484305e+00 1.775000e+02 7.303338e+01
    endloop
  endfacet
  facet normal -4.611434e-02 -1.225412e-15 -9.989362e-01
    outer loop
      vertex   6.484305e+00 1.725000e+02 7.303338e+01
      vertex   6.484305e+00 1.775000e+02 7.303338e+01
      vertex   7.148055e+00 1.725000e+02 7.300274e+01
    endloop
  endfacet
  facet normal -4.611434e-02 1.425330e-15 -9.989362e-01
    outer loop
      vertex   7.148055e+00 1.725000e+02 7.300274e+01
      vertex   6.484305e+00 1.775000e+02 7.303338e+01
      vertex   7.148055e+00 1.775000e+02 7.300274e+01
    endloop
  endfacet
  facet normal 1.198860e-01 -3.705510e-15 -9.927877e-01
    outer loop
      vertex   7.148055e+00 1.725000e+02 7.300274e+01
      vertex   7.148055e+00 1.775000e+02 7.300274e+01
      vertex   7.807719e+00 1.725000e+02 7.308240e+01
    endloop
  endfacet
  facet normal 1.198860e-01 2.491531e-15 -9.927877e-01
    outer loop
      vertex   7.807719e+00 1.725000e+02 7.308240e+01
      vertex   7.148055e+00 1.775000e+02 7.300274e+01
      vertex   7.807719e+00 1.775000e+02 7.308240e+01
    endloop
  endfacet
  facet normal 2.825783e-01 -1.976333e-15 -9.592442e-01
    outer loop
      vertex   7.807719e+00 1.725000e+02 7.308240e+01
      vertex   7.807719e+00 1.775000e+02 7.308240e+01
      vertex   8.445096e+00 1.725000e+02 7.327016e+01
    endloop
  endfacet
  facet normal 2.825783e-01 4.982219e-15 -9.592442e-01
    outer loop
      vertex   8.445096e+00 1.725000e+02 7.327016e+01
      vertex   7.807719e+00 1.775000e+02 7.308240e+01
      vertex   8.445096e+00 1.775000e+02 7.327016e+01
    endloop
  endfacet
  facet normal 4.374730e-01 1.053202e-15 -8.992315e-01
    outer loop
      vertex   8.445096e+00 1.725000e+02 7.327016e+01
      vertex   8.445096e+00 1.775000e+02 7.327016e+01
      vertex   9.042596e+00 1.725000e+02 7.356084e+01
    endloop
  endfacet
  facet normal 4.374730e-01 3.695370e-15 -8.992315e-01
    outer loop
      vertex   9.042596e+00 1.725000e+02 7.356084e+01
      vertex   8.445096e+00 1.775000e+02 7.327016e+01
      vertex   9.042596e+00 1.775000e+02 7.356084e+01
    endloop
  endfacet
  facet normal 5.802962e-01 5.998875e-16 -8.144055e-01
    outer loop
      vertex   9.042596e+00 1.725000e+02 7.356084e+01
      vertex   9.042596e+00 1.775000e+02 7.356084e+01
      vertex   9.583733e+00 1.725000e+02 7.394642e+01
    endloop
  endfacet
  facet normal 5.802962e-01 9.653222e-16 -8.144055e-01
    outer loop
      vertex   9.583733e+00 1.725000e+02 7.394642e+01
      vertex   9.042596e+00 1.775000e+02 7.356084e+01
      vertex   9.583733e+00 1.775000e+02 7.394642e+01
    endloop
  endfacet
  facet normal 7.071068e-01 -1.256074e-15 -7.071068e-01
    outer loop
      vertex   9.583733e+00 1.725000e+02 7.394642e+01
      vertex   9.583733e+00 1.775000e+02 7.394642e+01
      vertex   1.005358e+01 1.725000e+02 7.441627e+01
    endloop
  endfacet
  facet normal 7.071068e-01 2.512148e-15 -7.071068e-01
    outer loop
      vertex   1.005358e+01 1.725000e+02 7.441627e+01
      vertex   9.583733e+00 1.775000e+02 7.394642e+01
      vertex   1.005358e+01 1.775000e+02 7.441627e+01
    endloop
  endfacet
  facet normal 8.144055e-01 8.972141e-16 -5.802962e-01
    outer loop
      vertex   1.005358e+01 1.725000e+02 7.441627e+01
      vertex   1.005358e+01 1.775000e+02 7.441627e+01
      vertex   1.043916e+01 1.725000e+02 7.495740e+01
    endloop
  endfacet
  facet normal 8.144055e-01 -3.760435e-16 -5.802962e-01
    outer loop
      vertex   1.043916e+01 1.725000e+02 7.495740e+01
      vertex   1.005358e+01 1.775000e+02 7.441627e+01
      vertex   1.043916e+01 1.775000e+02 7.495740e+01
    endloop
  endfacet
  facet normal 8.992315e-01 -9.929253e-16 -4.374730e-01
    outer loop
      vertex   1.043916e+01 1.725000e+02 7.495740e+01
      vertex   1.043916e+01 1.775000e+02 7.495740e+01
      vertex   1.072984e+01 1.725000e+02 7.555490e+01
    endloop
  endfacet
  facet normal 8.992315e-01 -1.243373e-15 -4.374730e-01
    outer loop
      vertex   1.072984e+01 1.725000e+02 7.555490e+01
      vertex   1.043916e+01 1.775000e+02 7.495740e+01
      vertex   1.072984e+01 1.775000e+02 7.555490e+01
    endloop
  endfacet
  facet normal 9.592442e-01 -8.031357e-16 -2.825783e-01
    outer loop
      vertex   1.072984e+01 1.725000e+02 7.555490e+01
      vertex   1.072984e+01 1.775000e+02 7.555490e+01
      vertex   1.091760e+01 1.725000e+02 7.619228e+01
    endloop
  endfacet
  facet normal 9.592442e-01 2.192403e-16 -2.825783e-01
    outer loop
      vertex   1.091760e+01 1.725000e+02 7.619228e+01
      vertex   1.072984e+01 1.775000e+02 7.555490e+01
      vertex   1.091760e+01 1.775000e+02 7.619228e+01
    endloop
  endfacet
  facet normal 9.927877e-01 7.173905e-16 -1.198860e-01
    outer loop
      vertex   1.091760e+01 1.725000e+02 7.619228e+01
      vertex   1.091760e+01 1.775000e+02 7.619228e+01
      vertex   1.099726e+01 1.725000e+02 7.685195e+01
    endloop
  endfacet
  facet normal 9.927877e-01 -6.695007e-16 -1.198860e-01
    outer loop
      vertex   1.099726e+01 1.725000e+02 7.685195e+01
      vertex   1.091760e+01 1.775000e+02 7.619228e+01
      vertex   1.099726e+01 1.775000e+02 7.685195e+01
    endloop
  endfacet
  facet normal 9.989362e-01 7.480879e-16 4.611434e-02
    outer loop
      vertex   1.099726e+01 1.725000e+02 7.685195e+01
      vertex   1.099726e+01 1.775000e+02 7.685195e+01
      vertex   1.096662e+01 1.725000e+02 7.751569e+01
    endloop
  endfacet
  facet normal 9.989362e-01 -1.119143e-15 4.611434e-02
    outer loop
      vertex   1.096662e+01 1.725000e+02 7.751569e+01
      vertex   1.099726e+01 1.775000e+02 7.685195e+01
      vertex   1.096662e+01 1.775000e+02 7.751569e+01
    endloop
  endfacet
  facet normal 9.775201e-01 1.259824e-15 2.108422e-01
    outer loop
      vertex   1.096662e+01 1.725000e+02 7.751569e+01
      vertex   1.096662e+01 1.775000e+02 7.751569e+01
      vertex   1.082652e+01 1.725000e+02 7.816521e+01
    endloop
  endfacet
  facet normal 9.775201e-01 -1.014526e-15 2.108422e-01
    outer loop
      vertex   1.082652e+01 1.725000e+02 7.816521e+01
      vertex   1.096662e+01 1.775000e+02 7.751569e+01
      vertex   1.082652e+01 1.775000e+02 7.816521e+01
    endloop
  endfacet
  facet normal 9.291304e-01 2.404890e-15 3.697521e-01
    outer loop
      vertex   1.082652e+01 1.725000e+02 7.816521e+01
      vertex   1.082652e+01 1.775000e+02 7.816521e+01
      vertex   1.058084e+01 1.725000e+02 7.878258e+01
    endloop
  endfacet
  facet normal 9.291304e-01 -1.886325e-15 3.697521e-01
    outer loop
      vertex   1.058084e+01 1.725000e+02 7.878258e+01
      vertex   1.082652e+01 1.775000e+02 7.816521e+01
      vertex   1.058084e+01 1.775000e+02 7.878258e+01
    endloop
  endfacet
  facet normal 8.551024e-01 1.808631e-15 5.184591e-01
    outer loop
      vertex   1.058084e+01 1.725000e+02 7.878258e+01
      vertex   1.058084e+01 1.775000e+02 7.878258e+01
      vertex   1.023634e+01 1.725000e+02 7.935076e+01
    endloop
  endfacet
  facet normal 8.551024e-01 -1.882307e-15 5.184591e-01
    outer loop
      vertex   1.023634e+01 1.725000e+02 7.935076e+01
      vertex   1.058084e+01 1.775000e+02 7.878258e+01
      vertex   1.023634e+01 1.775000e+02 7.935076e+01
    endloop
  endfacet
  facet normal 7.574787e-01 2.734341e-15 6.528598e-01
    outer loop
      vertex   1.023634e+01 1.725000e+02 7.935076e+01
      vertex   1.023634e+01 1.775000e+02 7.935076e+01
      vertex   9.802547e+00 1.725000e+02 7.985407e+01
    endloop
  endfacet
  facet normal 7.574787e-01 -2.378759e-15 6.528598e-01
    outer loop
      vertex   9.802547e+00 1.725000e+02 7.985407e+01
      vertex   1.023634e+01 1.775000e+02 7.935076e+01
      vertex   9.802547e+00 1.775000e+02 7.985407e+01
    endloop
  endfacet
  facet normal 6.389533e-01 2.962504e-15 7.692456e-01
    outer loop
      vertex   9.802547e+00 1.725000e+02 7.985407e+01
      vertex   9.802547e+00 1.775000e+02 7.985407e+01
      vertex   9.291417e+00 1.725000e+02 8.027863e+01
    endloop
  endfacet
  facet normal 6.389533e-01 6.780022e-14 7.692456e-01
    outer loop
      vertex   9.291417e+00 1.725000e+02 8.027863e+01
      vertex   9.802547e+00 1.775000e+02 7.985407e+01
      vertex   9.291417e+00 1.775000e+02 8.027863e+01
    endloop
  endfacet
  facet normal 0.000000e+00 -1.000000e+00 0.000000e+00
    outer loop
      vertex   4.981144e+00 1.725000e+02 7.664402e+01
      vertex   4.950000e+00 1.725000e+02 7.700000e+01
      vertex   2.000000e+00 1.725000e+02 7.717157e+01
    endloop
  endfacet
  facet normal 0.000000e+00 -1.000000e+00 0.000000e+00
    outer loop
      vertex   2.000000e+00 1.725000e+02 7.717157e+01
      vertex   4.950000e+00 1.725000e+02 7.700000e+01
      vertex   4.981144e+00 1.725000e+02 7.735598e+01
    endloop
  endfacet
  facet normal 0.000000e+00 -1.000000e+00 0.000000e+00
    outer loop
      vertex   2.000000e+00 1.725000e+02 7.717157e+01
      vertex   4.981144e+00 1.725000e+02 7.735598e+01
      vertex   5.073630e+00 1.725000e+02 7.770114e+01
    endloop
  endfacet
  facet normal -0.000000e+00 -1.000000e+00 0.000000e+00
    outer loop
      vertex   5.073630e+00 1.725000e+02 7.770114e+01
      vertex   5.224648e+00 1.725000e+02 7.802500e+01
      vertex   2.000000e+00 1.725000e+02 7.717157e+01
    endloop
  endfacet
  facet normal 0.000000e+00 -1.000000e+00 0.000000e+00
    outer loop
      vertex   2.000000e+00 1.725000e+02 7.717157e+01
      vertex   5.224648e+00 1.725000e+02 7.802500e+01
      vertex   5.429609e+00 1.725000e+02 7.831771e+01
    endloop
  endfacet
  facet normal 0.000000e+00 -1.000000e+00 0.000000e+00
    outer loop
      vertex   2.000000e+00 1.725000e+02 7.717157e+01
      vertex   5.429609e+00 1.725000e+02 7.831771e+01
      vertex   6.828427e+00 1.725000e+02 8.200000e+01
    endloop
  endfacet
  facet normal 0.000000e+00 -1.000000e+00 0.000000e+00
    outer loop
      vertex   6.828427e+00 1.725000e+02 8.200000e+01
      vertex   5.429609e+00 1.725000e+02 7.831771e+01
      vertex   5.682285e+00 1.725000e+02 7.857039e+01
    endloop
  endfacet
  facet normal 0.000000e+00 -1.000000e+00 0.000000e+00
    outer loop
      vertex   6.828427e+00 1.725000e+02 8.200000e+01
      vertex   5.682285e+00 1.725000e+02 7.857039e+01
      vertex   5.975000e+00 1.725000e+02 7.877535e+01
    endloop
  endfacet
  facet normal 0.000000e+00 -1.000000e+00 0.000000e+00
    outer loop
      vertex   5.975000e+00 1.725000e+02 7.877535e+01
      vertex   6.298859e+00 1.725000e+02 7.892637e+01
      vertex   6.828427e+00 1.725000e+02 8.200000e+01
    endloop
  endfacet
  facet normal 0.000000e+00 -1.000000e+00 0.000000e+00
    outer loop
      vertex   6.828427e+00 1.725000e+02 8.200000e+01
      vertex   6.298859e+00 1.725000e+02 7.892637e+01
      vertex   6.644021e+00 1.725000e+02 7.901886e+01
    endloop
  endfacet
  facet normal 0.000000e+00 -1.000000e+00 -0.000000e+00
    outer loop
      vertex   6.828427e+00 1.725000e+02 8.200000e+01
      vertex   6.644021e+00 1.725000e+02 7.901886e+01
      vertex   7.000000e+00 1.725000e+02 7.905000e+01
    endloop
  endfacet
  facet normal 0.000000e+00 -1.000000e+00 0.000000e+00
    outer loop
      vertex   7.000000e+00 1.725000e+02 7.905000e+01
      vertex   7.355979e+00 1.725000e+02 7.901886e+01
      vertex   6.828427e+00 1.725000e+02 8.200000e+01
    endloop
  endfacet
  facet normal 0.000000e+00 -1.000000e+00 0.000000e+00
    outer loop
      vertex   6.828427e+00 1.725000e+02 8.200000e+01
      vertex   7.355979e+00 1.725000e+02 7.901886e+01
      vertex   9.291417e+00 1.725000e+02 8.027863e+01
    endloop
  endfacet
  facet normal 0.000000e+00 -1.000000e+00 0.000000e+00
    outer loop
      vertex   9.291417e+00 1.725000e+02 8.027863e+01
      vertex   7.355979e+00 1.725000e+02 7.901886e+01
      vertex   7.701141e+00 1.725000e+02 7.892637e+01
    endloop
  endfacet
  facet normal 0.000000e+00 -1.000000e+00 0.000000e+00
    outer loop
      vertex   9.291417e+00 1.725000e+02 8.027863e+01
      vertex   7.701141e+00 1.725000e+02 7.892637e+01
      vertex   8.025000e+00 1.725000e+02 7.877535e+01
    endloop
  endfacet
  facet normal 0.000000e+00 -1.000000e+00 0.000000e+00
    outer loop
      vertex   8.025000e+00 1.725000e+02 7.877535e+01
      vertex   8.317715e+00 1.725000e+02 7.857039e+01
      vertex   9.291417e+00 1.725000e+02 8.027863e+01
    endloop
  endfacet
  facet normal 0.000000e+00 -1.000000e+00 -0.000000e+00
    outer loop
      vertex   9.291417e+00 1.725000e+02 8.027863e+01
      vertex   8.317715e+00 1.725000e+02 7.857039e+01
      vertex   9.802547e+00 1.725000e+02 7.985407e+01
    endloop
  endfacet
  facet normal 0.000000e+00 -1.000000e+00 0.000000e+00
    outer loop
      vertex   9.802547e+00 1.725000e+02 7.985407e+01
      vertex   8.317715e+00 1.725000e+02 7.857039e+01
      vertex   8.570391e+00 1.725000e+02 7.831771e+01
    endloop
  endfacet
  facet normal 0.000000e+00 -1.000000e+00 -0.000000e+00
    outer loop
      vertex   9.802547e+00 1.725000e+02 7.985407e+01
      vertex   8.570391e+00 1.725000e+02 7.831771e+01
      vertex   1.023634e+01 1.725000e+02 7.935076e+01
    endloop
  endfacet
  facet normal 0.000000e+00 -1.000000e+00 0.000000e+00
    outer loop
      vertex   1.023634e+01 1.725000e+02 7.935076e+01
      vertex   8.570391e+00 1.725000e+02 7.831771e+01
      vertex   8.775352e+00 1.725000e+02 7.802500e+01
    endloop
  endfacet
  facet normal 0.000000e+00 -1.000000e+00 -0.000000e+00
    outer loop
      vertex   1.023634e+01 1.725000e+02 7.935076e+01
      vertex   8.775352e+00 1.725000e+02 7.802500e+01
      vertex   1.058084e+01 1.725000e+02 7.878258e+01
    endloop
  endfacet
  facet normal 0.000000e+00 -1.000000e+00 0.000000e+00
    outer loop
      vertex   1.058084e+01 1.725000e+02 7.878258e+01
      vertex   8.775352e+00 1.725000e+02 7.802500e+01
      vertex   8.926370e+00 1.725000e+02 7.770114e+01
    endloop
  endfacet
  facet normal 0.000000e+00 -1.000000e+00 -0.000000e+00
    outer loop
      vertex   1.058084e+01 1.725000e+02 7.878258e+01
      vertex   8.926370e+00 1.725000e+02 7.770114e+01
      vertex   1.082652e+01 1.725000e+02 7.816521e+01
    endloop
  endfacet
  facet normal 0.000000e+00 -1.000000e+00 0.000000e+00
    outer loop
      vertex   1.082652e+01 1.725000e+02 7.816521e+01
      vertex   8.926370e+00 1.725000e+02 7.770114e+01
      vertex   9.018856e+00 1.725000e+02 7.735598e+01
    endloop
  endfacet
  facet normal 0.000000e+00 -1.000000e+00 -0.000000e+00
    outer loop
      vertex   1.082652e+01 1.725000e+02 7.816521e+01
      vertex   9.018856e+00 1.725000e+02 7.735598e+01
      vertex   1.096662e+01 1.725000e+02 7.751569e+01
    endloop
  endfacet
  facet normal 0.000000e+00 -1.000000e+00 0.000000e+00
    outer loop
      vertex   1.096662e+01 1.725000e+02 7.751569e+01
      vertex   9.018856e+00 1.725000e+02 7.735598e+01
      vertex   9.050000e+00 1.725000e+02 7.700000e+01
    endloop
  endfacet
  facet normal 0.000000e+00 -1.000000e+00 -0.000000e+00
    outer loop
      vertex   1.096662e+01 1.725000e+02 7.751569e+01
      vertex   9.050000e+00 1.725000e+02 7.700000e+01
      vertex   1.099726e+01 1.725000e+02 7.685195e+01
    endloop
  endfacet
  facet normal -0.000000e+00 -1.000000e+00 0.000000e+00
    outer loop
      vertex   1.099726e+01 1.725000e+02 7.685195e+01
      vertex   9.050000e+00 1.725000e+02 7.700000e+01
      vertex   9.018856e+00 1.725000e+02 7.664402e+01
    endloop
  endfacet
  facet normal 0.000000e+00 -1.000000e+00 0.000000e+00
    outer loop
      vertex   1.099726e+01 1.725000e+02 7.685195e+01
      vertex   9.018856e+00 1.725000e+02 7.664402e+01
      vertex   1.091760e+01 1.725000e+02 7.619228e+01
    endloop
  endfacet
  facet normal 0.000000e+00 -1.000000e+00 0.000000e+00
    outer loop
      vertex   1.091760e+01 1.725000e+02 7.619228e+01
      vertex   9.018856e+00 1.725000e+02 7.664402e+01
      vertex   8.926370e+00 1.725000e+02 7.629886e+01
    endloop
  endfacet
  facet normal -0.000000e+00 -1.000000e+00 0.000000e+00
    outer loop
      vertex   1.091760e+01 1.725000e+02 7.619228e+01
      vertex   8.926370e+00 1.725000e+02 7.629886e+01
      vertex   1.072984e+01 1.725000e+02 7.555490e+01
    endloop
  endfacet
  facet normal 0.000000e+00 -1.000000e+00 0.000000e+00
    outer loop
      vertex   1.072984e+01 1.725000e+02 7.555490e+01
      vertex   8.926370e+00 1.725000e+02 7.629886e+01
      vertex   8.775352e+00 1.725000e+02 7.597500e+01
    endloop
  endfacet
  facet normal -0.000000e+00 -1.000000e+00 0.000000e+00
    outer loop
      vertex   1.072984e+01 1.725000e+02 7.555490e+01
      vertex   8.775352e+00 1.725000e+02 7.597500e+01
      vertex   1.043916e+01 1.725000e+02 7.495740e+01
    endloop
  endfacet
  facet normal 0.000000e+00 -1.000000e+00 0.000000e+00
    outer loop
      vertex   1.043916e+01 1.725000e+02 7.495740e+01
      vertex   8.775352e+00 1.725000e+02 7.597500e+01
      vertex   8.570391e+00 1.725000e+02 7.568229e+01
    endloop
  endfacet
  facet normal -0.000000e+00 -1.000000e+00 0.000000e+00
    outer loop
      vertex   1.043916e+01 1.725000e+02 7.495740e+01
      vertex   8.570391e+00 1.725000e+02 7.568229e+01
      vertex   1.005358e+01 1.725000e+02 7.441627e+01
    endloop
  endfacet
  facet normal 0.000000e+00 -1.000000e+00 0.000000e+00
    outer loop
      vertex   1.005358e+01 1.725000e+02 7.441627e+01
      vertex   8.570391e+00 1.725000e+02 7.568229e+01
      vertex   8.317715e+00 1.725000e+02 7.542961e+01
    endloop
  endfacet
  facet normal -0.000000e+00 -1.000000e+00 0.000000e+00
    outer loop
      vertex   1.005358e+01 1.725000e+02 7.441627e+01
      vertex   8.317715e+00 1.725000e+02 7.542961e+01
      vertex   9.583733e+00 1.725000e+02 7.394642e+01
    endloop
  endfacet
  facet normal -0.000000e+00 -1.000000e+00 0.000000e+00
    outer loop
      vertex   9.583733e+00 1.725000e+02 7.394642e+01
      vertex   8.317715e+00 1.725000e+02 7.542961e+01
      vertex   9.042596e+00 1.725000e+02 7.356084e+01
    endloop
  endfacet
  facet normal 0.000000e+00 -1.000000e+00 0.000000e+00
    outer loop
      vertex   9.042596e+00 1.725000e+02 7.356084e+01
      vertex   8.317715e+00 1.725000e+02 7.542961e+01
      vertex   8.025000e+00 1.725000e+02 7.522465e+01
    endloop
  endfacet
  facet normal -0.000000e+00 -1.000000e+00 0.000000e+00
    outer loop
      vertex   9.042596e+00 1.725000e+02 7.356084e+01
      vertex   8.025000e+00 1.725000e+02 7.522465e+01
      vertex   8.445096e+00 1.725000e+02 7.327016e+01
    endloop
  endfacet
  facet normal 0.000000e+00 -1.000000e+00 0.000000e+00
    outer loop
      vertex   8.445096e+00 1.725000e+02 7.327016e+01
      vertex   8.025000e+00 1.725000e+02 7.522465e+01
      vertex   7.701141e+00 1.725000e+02 7.507363e+01
    endloop
  endfacet
  facet normal -0.000000e+00 -1.000000e+00 0.000000e+00
    outer loop
      vertex   8.445096e+00 1.725000e+02 7.327016e+01
      vertex   7.701141e+00 1.725000e+02 7.507363e+01
      vertex   7.807719e+00 1.725000e+02 7.308240e+01
    endloop
  endfacet
  facet normal 0.000000e+00 -1.000000e+00 0.000000e+00
    outer loop
      vertex   7.807719e+00 1.725000e+02 7.308240e+01
      vertex   7.701141e+00 1.725000e+02 7.507363e+01
      vertex   7.355979e+00 1.725000e+02 7.498114e+01
    endloop
  endfacet
  facet normal -0.000000e+00 -1.000000e+00 0.000000e+00
    outer loop
      vertex   7.807719e+00 1.725000e+02 7.308240e+01
      vertex   7.355979e+00 1.725000e+02 7.498114e+01
      vertex   7.148055e+00 1.725000e+02 7.300274e+01
    endloop
  endfacet
  facet normal 0.000000e+00 -1.000000e+00 0.000000e+00
    outer loop
      vertex   7.148055e+00 1.725000e+02 7.300274e+01
      vertex   7.355979e+00 1.725000e+02 7.498114e+01
      vertex   7.000000e+00 1.725000e+02 7.495000e+01
    endloop
  endfacet
  facet normal 0.000000e+00 -1.000000e+00 0.000000e+00
    outer loop
      vertex   7.148055e+00 1.725000e+02 7.300274e+01
      vertex   7.000000e+00 1.725000e+02 7.495000e+01
      vertex   6.484305e+00 1.725000e+02 7.303338e+01
    endloop
  endfacet
  facet normal 0.000000e+00 -1.000000e+00 0.000000e+00
    outer loop
      vertex   6.484305e+00 1.725000e+02 7.303338e+01
      vertex   7.000000e+00 1.725000e+02 7.495000e+01
      vertex   6.644021e+00 1.725000e+02 7.498114e+01
    endloop
  endfacet
  facet normal 0.000000e+00 -1.000000e+00 0.000000e+00
    outer loop
      vertex   6.484305e+00 1.725000e+02 7.303338e+01
      vertex   6.644021e+00 1.725000e+02 7.498114e+01
      vertex   5.834785e+00 1.725000e+02 7.317348e+01
    endloop
  endfacet
  facet normal 0.000000e+00 -1.000000e+00 0.000000e+00
    outer loop
      vertex   5.834785e+00 1.725000e+02 7.317348e+01
      vertex   6.644021e+00 1.725000e+02 7.498114e+01
      vertex   6.298859e+00 1.725000e+02 7.507363e+01
    endloop
  endfacet
  facet normal 0.000000e+00 -1.000000e+00 0.000000e+00
    outer loop
      vertex   5.834785e+00 1.725000e+02 7.317348e+01
      vertex   6.298859e+00 1.725000e+02 7.507363e+01
      vertex   5.217418e+00 1.725000e+02 7.341916e+01
    endloop
  endfacet
  facet normal 0.000000e+00 -1.000000e+00 0.000000e+00
    outer loop
      vertex   5.217418e+00 1.725000e+02 7.341916e+01
      vertex   6.298859e+00 1.725000e+02 7.507363e+01
      vertex   5.975000e+00 1.725000e+02 7.522465e+01
    endloop
  endfacet
  facet normal 0.000000e+00 -1.000000e+00 0.000000e+00
    outer loop
      vertex   5.217418e+00 1.725000e+02 7.341916e+01
      vertex   5.975000e+00 1.725000e+02 7.522465e+01
      vertex   4.649240e+00 1.725000e+02 7.376366e+01
    endloop
  endfacet
  facet normal 0.000000e+00 -1.000000e+00 0.000000e+00
    outer loop
      vertex   4.649240e+00 1.725000e+02 7.376366e+01
      vertex   5.975000e+00 1.725000e+02 7.522465e+01
      vertex   5.682285e+00 1.725000e+02 7.542961e+01
    endloop
  endfacet
  facet normal 0.000000e+00 -1.000000e+00 0.000000e+00
    outer loop
      vertex   4.649240e+00 1.725000e+02 7.376366e+01
      vertex   5.682285e+00 1.725000e+02 7.542961e+01
      vertex   4.145928e+00 1.725000e+02 7.419745e+01
    endloop
  endfacet
  facet normal 0.000000e+00 -1.000000e+00 0.000000e+00
    outer loop
      vertex   4.145928e+00 1.725000e+02 7.419745e+01
      vertex   5.682285e+00 1.725000e+02 7.542961e+01
      vertex   5.429609e+00 1.725000e+02 7.568229e+01
    endloop
  endfacet
  facet normal 0.000000e+00 -1.000000e+00 0.000000e+00
    outer loop
      vertex   4.145928e+00 1.725000e+02 7.419745e+01
      vertex   5.429609e+00 1.725000e+02 7.568229e+01
      vertex   3.721371e+00 1.725000e+02 7.470858e+01
    endloop
  endfacet
  facet normal 0.000000e+00 -1.000000e+00 0.000000e+00
    outer loop
      vertex   3.721371e+00 1.725000e+02 7.470858e+01
      vertex   5.429609e+00 1.725000e+02 7.568229e+01
      vertex   5.224648e+00 1.725000e+02 7.597500e+01
    endloop
  endfacet
  facet normal 0.000000e+00 -1.000000e+00 0.000000e+00
    outer loop
      vertex   3.721371e+00 1.725000e+02 7.470858e+01
      vertex   5.224648e+00 1.725000e+02 7.597500e+01
      vertex   5.073630e+00 1.725000e+02 7.629886e+01
    endloop
  endfacet
  facet normal -0.000000e+00 -1.000000e+00 0.000000e+00
    outer loop
      vertex   5.073630e+00 1.725000e+02 7.629886e+01
      vertex   4.981144e+00 1.725000e+02 7.664402e+01
      vertex   3.721371e+00 1.725000e+02 7.470858e+01
    endloop
  endfacet
  facet normal 0.000000e+00 -1.000000e+00 0.000000e+00
    outer loop
      vertex   3.721371e+00 1.725000e+02 7.470858e+01
      vertex   4.981144e+00 1.725000e+02 7.664402e+01
      vertex   2.000000e+00 1.725000e+02 7.717157e+01
    endloop
  endfacet
  facet normal 0.000000e+00 -1.000000e+00 0.000000e+00
    outer loop
      vertex   1.029811e+02 2.500000e+00 7.810598e+01
      vertex   1.010000e+02 2.500000e+00 7.775000e+01
      vertex   1.029500e+02 2.500000e+00 7.775000e+01
    endloop
  endfacet
  facet normal -0.000000e+00 -1.000000e+00 0.000000e+00
    outer loop
      vertex   1.029500e+02 2.500000e+00 7.775000e+01
      vertex   1.010000e+02 2.500000e+00 7.775000e+01
      vertex   1.010546e+02 2.500000e+00 7.709162e+01
    endloop
  endfacet
  facet normal 0.000000e+00 -1.000000e+00 -0.000000e+00
    outer loop
      vertex   1.029500e+02 2.500000e+00 7.775000e+01
      vertex   1.010546e+02 2.500000e+00 7.709162e+01
      vertex   1.029811e+02 2.500000e+00 7.739402e+01
    endloop
  endfacet
  facet normal 0.000000e+00 -1.000000e+00 0.000000e+00
    outer loop
      vertex   1.029811e+02 2.500000e+00 7.739402e+01
      vertex   1.010546e+02 2.500000e+00 7.709162e+01
      vertex   1.012167e+02 2.500000e+00 7.645120e+01
    endloop
  endfacet
  facet normal 0.000000e+00 -1.000000e+00 -0.000000e+00
    outer loop
      vertex   1.029811e+02 2.500000e+00 7.739402e+01
      vertex   1.012167e+02 2.500000e+00 7.645120e+01
      vertex   1.030736e+02 2.500000e+00 7.704886e+01
    endloop
  endfacet
  facet normal 0.000000e+00 -1.000000e+00 0.000000e+00
    outer loop
      vertex   1.030736e+02 2.500000e+00 7.704886e+01
      vertex   1.012167e+02 2.500000e+00 7.645120e+01
      vertex   1.014821e+02 2.500000e+00 7.584621e+01
    endloop
  endfacet
  facet normal 0.000000e+00 -1.000000e+00 -0.000000e+00
    outer loop
      vertex   1.030736e+02 2.500000e+00 7.704886e+01
      vertex   1.014821e+02 2.500000e+00 7.584621e+01
      vertex   1.032246e+02 2.500000e+00 7.672500e+01
    endloop
  endfacet
  facet normal 0.000000e+00 -1.000000e+00 0.000000e+00
    outer loop
      vertex   1.032246e+02 2.500000e+00 7.672500e+01
      vertex   1.014821e+02 2.500000e+00 7.584621e+01
      vertex   1.018434e+02 2.500000e+00 7.529315e+01
    endloop
  endfacet
  facet normal 0.000000e+00 -1.000000e+00 -0.000000e+00
    outer loop
      vertex   1.032246e+02 2.500000e+00 7.672500e+01
      vertex   1.018434e+02 2.500000e+00 7.529315e+01
      vertex   1.034296e+02 2.500000e+00 7.643229e+01
    endloop
  endfacet
  facet normal 0.000000e+00 -1.000000e+00 0.000000e+00
    outer loop
      vertex   1.034296e+02 2.500000e+00 7.643229e+01
      vertex   1.018434e+02 2.500000e+00 7.529315e+01
      vertex   1.022909e+02 2.500000e+00 7.480710e+01
    endloop
  endfacet
  facet normal 0.000000e+00 -1.000000e+00 -0.000000e+00
    outer loop
      vertex   1.034296e+02 2.500000e+00 7.643229e+01
      vertex   1.022909e+02 2.500000e+00 7.480710e+01
      vertex   1.036823e+02 2.500000e+00 7.617961e+01
    endloop
  endfacet
  facet normal 0.000000e+00 -1.000000e+00 0.000000e+00
    outer loop
      vertex   1.036823e+02 2.500000e+00 7.617961e+01
      vertex   1.022909e+02 2.500000e+00 7.480710e+01
      vertex   1.028122e+02 2.500000e+00 7.440133e+01
    endloop
  endfacet
  facet normal 0.000000e+00 -1.000000e+00 -0.000000e+00
    outer loop
      vertex   1.036823e+02 2.500000e+00 7.617961e+01
      vertex   1.028122e+02 2.500000e+00 7.440133e+01
      vertex   1.039750e+02 2.500000e+00 7.597465e+01
    endloop
  endfacet
  facet normal 0.000000e+00 -1.000000e+00 0.000000e+00
    outer loop
      vertex   1.039750e+02 2.500000e+00 7.597465e+01
      vertex   1.028122e+02 2.500000e+00 7.440133e+01
      vertex   1.033932e+02 2.500000e+00 7.408691e+01
    endloop
  endfacet
  facet normal 0.000000e+00 -1.000000e+00 -0.000000e+00
    outer loop
      vertex   1.039750e+02 2.500000e+00 7.597465e+01
      vertex   1.033932e+02 2.500000e+00 7.408691e+01
      vertex   1.042989e+02 2.500000e+00 7.582363e+01
    endloop
  endfacet
  facet normal 0.000000e+00 -1.000000e+00 0.000000e+00
    outer loop
      vertex   1.042989e+02 2.500000e+00 7.582363e+01
      vertex   1.033932e+02 2.500000e+00 7.408691e+01
      vertex   1.040181e+02 2.500000e+00 7.387240e+01
    endloop
  endfacet
  facet normal 0.000000e+00 -1.000000e+00 -0.000000e+00
    outer loop
      vertex   1.042989e+02 2.500000e+00 7.582363e+01
      vertex   1.040181e+02 2.500000e+00 7.387240e+01
      vertex   1.046440e+02 2.500000e+00 7.573114e+01
    endloop
  endfacet
  facet normal 0.000000e+00 -1.000000e+00 -0.000000e+00
    outer loop
      vertex   1.046440e+02 2.500000e+00 7.573114e+01
      vertex   1.040181e+02 2.500000e+00 7.387240e+01
      vertex   1.046697e+02 2.500000e+00 7.376366e+01
    endloop
  endfacet
  facet normal 0.000000e+00 -1.000000e+00 0.000000e+00
    outer loop
      vertex   1.046440e+02 2.500000e+00 7.573114e+01
      vertex   1.046697e+02 2.500000e+00 7.376366e+01
      vertex   1.050000e+02 2.500000e+00 7.570000e+01
    endloop
  endfacet
  facet normal 0.000000e+00 -1.000000e+00 -0.000000e+00
    outer loop
      vertex   1.050000e+02 2.500000e+00 7.570000e+01
      vertex   1.046697e+02 2.500000e+00 7.376366e+01
      vertex   1.053303e+02 2.500000e+00 7.376366e+01
    endloop
  endfacet
  facet normal 0.000000e+00 -1.000000e+00 0.000000e+00
    outer loop
      vertex   1.050000e+02 2.500000e+00 7.570000e+01
      vertex   1.053303e+02 2.500000e+00 7.376366e+01
      vertex   1.053560e+02 2.500000e+00 7.573114e+01
    endloop
  endfacet
  facet normal 0.000000e+00 -1.000000e+00 -0.000000e+00
    outer loop
      vertex   1.053560e+02 2.500000e+00 7.573114e+01
      vertex   1.053303e+02 2.500000e+00 7.376366e+01
      vertex   1.059819e+02 2.500000e+00 7.387240e+01
    endloop
  endfacet
  facet normal 0.000000e+00 -1.000000e+00 0.000000e+00
    outer loop
      vertex   1.053560e+02 2.500000e+00 7.573114e+01
      vertex   1.059819e+02 2.500000e+00 7.387240e+01
      vertex   1.057011e+02 2.500000e+00 7.582363e+01
    endloop
  endfacet
  facet normal 0.000000e+00 -1.000000e+00 0.000000e+00
    outer loop
      vertex   1.057011e+02 2.500000e+00 7.582363e+01
      vertex   1.059819e+02 2.500000e+00 7.387240e+01
      vertex   1.066068e+02 2.500000e+00 7.408691e+01
    endloop
  endfacet
  facet normal 0.000000e+00 -1.000000e+00 0.000000e+00
    outer loop
      vertex   1.057011e+02 2.500000e+00 7.582363e+01
      vertex   1.066068e+02 2.500000e+00 7.408691e+01
      vertex   1.060250e+02 2.500000e+00 7.597465e+01
    endloop
  endfacet
  facet normal 0.000000e+00 -1.000000e+00 0.000000e+00
    outer loop
      vertex   1.060250e+02 2.500000e+00 7.597465e+01
      vertex   1.066068e+02 2.500000e+00 7.408691e+01
      vertex   1.071878e+02 2.500000e+00 7.440133e+01
    endloop
  endfacet
  facet normal 0.000000e+00 -1.000000e+00 0.000000e+00
    outer loop
      vertex   1.060250e+02 2.500000e+00 7.597465e+01
      vertex   1.071878e+02 2.500000e+00 7.440133e+01
      vertex   1.063177e+02 2.500000e+00 7.617961e+01
    endloop
  endfacet
  facet normal 0.000000e+00 -1.000000e+00 0.000000e+00
    outer loop
      vertex   1.063177e+02 2.500000e+00 7.617961e+01
      vertex   1.071878e+02 2.500000e+00 7.440133e+01
      vertex   1.077091e+02 2.500000e+00 7.480710e+01
    endloop
  endfacet
  facet normal 0.000000e+00 -1.000000e+00 0.000000e+00
    outer loop
      vertex   1.063177e+02 2.500000e+00 7.617961e+01
      vertex   1.077091e+02 2.500000e+00 7.480710e+01
      vertex   1.065704e+02 2.500000e+00 7.643229e+01
    endloop
  endfacet
  facet normal 0.000000e+00 -1.000000e+00 0.000000e+00
    outer loop
      vertex   1.065704e+02 2.500000e+00 7.643229e+01
      vertex   1.077091e+02 2.500000e+00 7.480710e+01
      vertex   1.081566e+02 2.500000e+00 7.529315e+01
    endloop
  endfacet
  facet normal 0.000000e+00 -1.000000e+00 0.000000e+00
    outer loop
      vertex   1.065704e+02 2.500000e+00 7.643229e+01
      vertex   1.081566e+02 2.500000e+00 7.529315e+01
      vertex   1.067754e+02 2.500000e+00 7.672500e+01
    endloop
  endfacet
  facet normal 0.000000e+00 -1.000000e+00 0.000000e+00
    outer loop
      vertex   1.067754e+02 2.500000e+00 7.672500e+01
      vertex   1.081566e+02 2.500000e+00 7.529315e+01
      vertex   1.085179e+02 2.500000e+00 7.584621e+01
    endloop
  endfacet
  facet normal 0.000000e+00 -1.000000e+00 0.000000e+00
    outer loop
      vertex   1.067754e+02 2.500000e+00 7.672500e+01
      vertex   1.085179e+02 2.500000e+00 7.584621e+01
      vertex   1.069264e+02 2.500000e+00 7.704886e+01
    endloop
  endfacet
  facet normal 0.000000e+00 -1.000000e+00 0.000000e+00
    outer loop
      vertex   1.069264e+02 2.500000e+00 7.704886e+01
      vertex   1.085179e+02 2.500000e+00 7.584621e+01
      vertex   1.087833e+02 2.500000e+00 7.645120e+01
    endloop
  endfacet
  facet normal 0.000000e+00 -1.000000e+00 0.000000e+00
    outer loop
      vertex   1.069264e+02 2.500000e+00 7.704886e+01
      vertex   1.087833e+02 2.500000e+00 7.645120e+01
      vertex   1.070189e+02 2.500000e+00 7.739402e+01
    endloop
  endfacet
  facet normal 0.000000e+00 -1.000000e+00 0.000000e+00
    outer loop
      vertex   1.070189e+02 2.500000e+00 7.739402e+01
      vertex   1.087833e+02 2.500000e+00 7.645120e+01
      vertex   1.089454e+02 2.500000e+00 7.709162e+01
    endloop
  endfacet
  facet normal 0.000000e+00 -1.000000e+00 0.000000e+00
    outer loop
      vertex   1.070189e+02 2.500000e+00 7.739402e+01
      vertex   1.089454e+02 2.500000e+00 7.709162e+01
      vertex   1.070500e+02 2.500000e+00 7.775000e+01
    endloop
  endfacet
  facet normal 0.000000e+00 -1.000000e+00 0.000000e+00
    outer loop
      vertex   1.070500e+02 2.500000e+00 7.775000e+01
      vertex   1.089454e+02 2.500000e+00 7.709162e+01
      vertex   1.090000e+02 2.500000e+00 7.775000e+01
    endloop
  endfacet
  facet normal 0.000000e+00 -1.000000e+00 0.000000e+00
    outer loop
      vertex   1.070500e+02 2.500000e+00 7.775000e+01
      vertex   1.090000e+02 2.500000e+00 7.775000e+01
      vertex   1.070189e+02 2.500000e+00 7.810598e+01
    endloop
  endfacet
  facet normal 0.000000e+00 -1.000000e+00 0.000000e+00
    outer loop
      vertex   1.070189e+02 2.500000e+00 7.810598e+01
      vertex   1.090000e+02 2.500000e+00 7.775000e+01
      vertex   1.069264e+02 2.500000e+00 7.845114e+01
    endloop
  endfacet
  facet normal 0.000000e+00 -1.000000e+00 0.000000e+00
    outer loop
      vertex   1.069264e+02 2.500000e+00 7.845114e+01
      vertex   1.090000e+02 2.500000e+00 7.775000e+01
      vertex   1.067754e+02 2.500000e+00 7.877500e+01
    endloop
  endfacet
  facet normal 0.000000e+00 -1.000000e+00 0.000000e+00
    outer loop
      vertex   1.067754e+02 2.500000e+00 7.877500e+01
      vertex   1.090000e+02 2.500000e+00 7.775000e+01
      vertex   1.090000e+02 2.500000e+00 8.200000e+01
    endloop
  endfacet
  facet normal 0.000000e+00 -1.000000e+00 0.000000e+00
    outer loop
      vertex   1.067754e+02 2.500000e+00 7.877500e+01
      vertex   1.090000e+02 2.500000e+00 8.200000e+01
      vertex   1.065704e+02 2.500000e+00 7.906771e+01
    endloop
  endfacet
  facet normal 0.000000e+00 -1.000000e+00 0.000000e+00
    outer loop
      vertex   1.065704e+02 2.500000e+00 7.906771e+01
      vertex   1.090000e+02 2.500000e+00 8.200000e+01
      vertex   1.063177e+02 2.500000e+00 7.932039e+01
    endloop
  endfacet
  facet normal 0.000000e+00 -1.000000e+00 0.000000e+00
    outer loop
      vertex   1.063177e+02 2.500000e+00 7.932039e+01
      vertex   1.090000e+02 2.500000e+00 8.200000e+01
      vertex   1.060250e+02 2.500000e+00 7.952535e+01
    endloop
  endfacet
  facet normal 0.000000e+00 -1.000000e+00 0.000000e+00
    outer loop
      vertex   1.060250e+02 2.500000e+00 7.952535e+01
      vertex   1.090000e+02 2.500000e+00 8.200000e+01
      vertex   1.057011e+02 2.500000e+00 7.967637e+01
    endloop
  endfacet
  facet normal 0.000000e+00 -1.000000e+00 0.000000e+00
    outer loop
      vertex   1.057011e+02 2.500000e+00 7.967637e+01
      vertex   1.090000e+02 2.500000e+00 8.200000e+01
      vertex   1.053560e+02 2.500000e+00 7.976886e+01
    endloop
  endfacet
  facet normal 0.000000e+00 -1.000000e+00 0.000000e+00
    outer loop
      vertex   1.053560e+02 2.500000e+00 7.976886e+01
      vertex   1.090000e+02 2.500000e+00 8.200000e+01
      vertex   1.050000e+02 2.500000e+00 7.980000e+01
    endloop
  endfacet
  facet normal 0.000000e+00 -1.000000e+00 0.000000e+00
    outer loop
      vertex   1.050000e+02 2.500000e+00 7.980000e+01
      vertex   1.090000e+02 2.500000e+00 8.200000e+01
      vertex   1.010000e+02 2.500000e+00 8.200000e+01
    endloop
  endfacet
  facet normal -0.000000e+00 -1.000000e+00 0.000000e+00
    outer loop
      vertex   1.050000e+02 2.500000e+00 7.980000e+01
      vertex   1.010000e+02 2.500000e+00 8.200000e+01
      vertex   1.046440e+02 2.500000e+00 7.976886e+01
    endloop
  endfacet
  facet normal -0.000000e+00 -1.000000e+00 0.000000e+00
    outer loop
      vertex   1.046440e+02 2.500000e+00 7.976886e+01
      vertex   1.010000e+02 2.500000e+00 8.200000e+01
      vertex   1.042989e+02 2.500000e+00 7.967637e+01
    endloop
  endfacet
  facet normal -0.000000e+00 -1.000000e+00 0.000000e+00
    outer loop
      vertex   1.042989e+02 2.500000e+00 7.967637e+01
      vertex   1.010000e+02 2.500000e+00 8.200000e+01
      vertex   1.039750e+02 2.500000e+00 7.952535e+01
    endloop
  endfacet
  facet normal -0.000000e+00 -1.000000e+00 0.000000e+00
    outer loop
      vertex   1.039750e+02 2.500000e+00 7.952535e+01
      vertex   1.010000e+02 2.500000e+00 8.200000e+01
      vertex   1.036823e+02 2.500000e+00 7.932039e+01
    endloop
  endfacet
  facet normal -0.000000e+00 -1.000000e+00 0.000000e+00
    outer loop
      vertex   1.036823e+02 2.500000e+00 7.932039e+01
      vertex   1.010000e+02 2.500000e+00 8.200000e+01
      vertex   1.034296e+02 2.500000e+00 7.906771e+01
    endloop
  endfacet
  facet normal -0.000000e+00 -1.000000e+00 0.000000e+00
    outer loop
      vertex   1.034296e+02 2.500000e+00 7.906771e+01
      vertex   1.010000e+02 2.500000e+00 8.200000e+01
      vertex   1.032246e+02 2.500000e+00 7.877500e+01
    endloop
  endfacet
  facet normal -0.000000e+00 -1.000000e+00 0.000000e+00
    outer loop
      vertex   1.032246e+02 2.500000e+00 7.877500e+01
      vertex   1.010000e+02 2.500000e+00 8.200000e+01
      vertex   1.010000e+02 2.500000e+00 7.775000e+01
    endloop
  endfacet
  facet normal 0.000000e+00 -1.000000e+00 0.000000e+00
    outer loop
      vertex   1.032246e+02 2.500000e+00 7.877500e+01
      vertex   1.010000e+02 2.500000e+00 7.775000e+01
      vertex   1.030736e+02 2.500000e+00 7.845114e+01
    endloop
  endfacet
  facet normal 0.000000e+00 -1.000000e+00 0.000000e+00
    outer loop
      vertex   1.030736e+02 2.500000e+00 7.845114e+01
      vertex   1.010000e+02 2.500000e+00 7.775000e+01
      vertex   1.029811e+02 2.500000e+00 7.810598e+01
    endloop
  endfacet
  facet normal -7.071068e-01 -1.205831e-13 -7.071068e-01
    outer loop
      vertex   2.080000e+02 0.000000e+00 7.717157e+01
      vertex   2.031716e+02 0.000000e+00 8.200000e+01
      vertex   2.080000e+02 2.500000e+00 7.717157e+01
    endloop
  endfacet
  facet normal -7.071068e-01 -1.246598e-13 -7.071068e-01
    outer loop
      vertex   2.080000e+02 2.500000e+00 7.717157e+01
      vertex   2.031716e+02 0.000000e+00 8.200000e+01
      vertex   2.031716e+02 2.500000e+00 8.200000e+01
    endloop
  endfacet
  facet normal 1.915189e-13 -1.000000e+00 3.836969e-13
    outer loop
      vertex   2.009811e+02 2.500000e+00 7.735598e+01
      vertex   1.990334e+02 2.500000e+00 7.751569e+01
      vertex   2.009500e+02 2.500000e+00 7.700000e+01
    endloop
  endfacet
  facet normal 1.183135e-13 -1.000000e+00 1.116239e-13
    outer loop
      vertex   2.009500e+02 2.500000e+00 7.700000e+01
      vertex   1.990334e+02 2.500000e+00 7.751569e+01
      vertex   1.990027e+02 2.500000e+00 7.685195e+01
    endloop
  endfacet
  facet normal 1.329353e-13 -1.000000e+00 -8.068585e-14
    outer loop
      vertex   2.009500e+02 2.500000e+00 7.700000e+01
      vertex   1.990027e+02 2.500000e+00 7.685195e+01
      vertex   2.009811e+02 2.500000e+00 7.664402e+01
    endloop
  endfacet
  facet normal 1.543404e-13 -1.000000e+00 1.229844e-13
    outer loop
      vertex   2.009811e+02 2.500000e+00 7.664402e+01
      vertex   1.990027e+02 2.500000e+00 7.685195e+01
      vertex   1.990824e+02 2.500000e+00 7.619228e+01
    endloop
  endfacet
  facet normal 1.380662e-13 -1.000000e+00 1.913878e-13
    outer loop
      vertex   2.009811e+02 2.500000e+00 7.664402e+01
      vertex   1.990824e+02 2.500000e+00 7.619228e+01
      vertex   2.010736e+02 2.500000e+00 7.629886e+01
    endloop
  endfacet
  facet normal 1.412351e-13 -1.000000e+00 1.321826e-13
    outer loop
      vertex   2.010736e+02 2.500000e+00 7.629886e+01
      vertex   1.990824e+02 2.500000e+00 7.619228e+01
      vertex   1.992702e+02 2.500000e+00 7.555490e+01
    endloop
  endfacet
  facet normal 1.100989e-13 -1.000000e+00 2.076618e-13
    outer loop
      vertex   2.010736e+02 2.500000e+00 7.629886e+01
      vertex   1.992702e+02 2.500000e+00 7.555490e+01
      vertex   2.012246e+02 2.500000e+00 7.597500e+01
    endloop
  endfacet
  facet normal 1.256224e-13 -1.000000e+00 1.354393e-13
    outer loop
      vertex   2.012246e+02 2.500000e+00 7.597500e+01
      vertex   1.992702e+02 2.500000e+00 7.555490e+01
      vertex   1.995608e+02 2.500000e+00 7.495740e+01
    endloop
  endfacet
  facet normal 8.033645e-14 -1.000000e+00 2.094834e-13
    outer loop
      vertex   2.012246e+02 2.500000e+00 7.597500e+01
      vertex   1.995608e+02 2.500000e+00 7.495740e+01
      vertex   2.014296e+02 2.500000e+00 7.568229e+01
    endloop
  endfacet
  facet normal 1.091443e-13 -1.000000e+00 1.352158e-13
    outer loop
      vertex   2.014296e+02 2.500000e+00 7.568229e+01
      vertex   1.995608e+02 2.500000e+00 7.495740e+01
      vertex   1.999464e+02 2.500000e+00 7.441627e+01
    endloop
  endfacet
  facet normal 4.992717e-14 -1.000000e+00 2.045907e-13
    outer loop
      vertex   2.014296e+02 2.500000e+00 7.568229e+01
      vertex   1.999464e+02 2.500000e+00 7.441627e+01
      vertex   2.016823e+02 2.500000e+00 7.542961e+01
    endloop
  endfacet
  facet normal 9.439328e-14 -1.000000e+00 1.284201e-13
    outer loop
      vertex   2.016823e+02 2.500000e+00 7.542961e+01
      vertex   1.999464e+02 2.500000e+00 7.441627e+01
      vertex   2.004163e+02 2.500000e+00 7.394642e+01
    endloop
  endfacet
  facet normal 9.157636e-14 -1.000000e+00 1.308245e-13
    outer loop
      vertex   2.016823e+02 2.500000e+00 7.542961e+01
      vertex   2.004163e+02 2.500000e+00 7.394642e+01
      vertex   2.009574e+02 2.500000e+00 7.356084e+01
    endloop
  endfacet
  facet normal 1.678515e-13 -1.000000e+00 9.507004e-14
    outer loop
      vertex   1.990334e+02 2.500000e+00 7.751569e+01
      vertex   2.009811e+02 2.500000e+00 7.735598e+01
      vertex   1.991735e+02 2.500000e+00 7.816521e+01
    endloop
  endfacet
  facet normal 1.735865e-13 -1.000000e+00 1.078807e-13
    outer loop
      vertex   1.991735e+02 2.500000e+00 7.816521e+01
      vertex   2.009811e+02 2.500000e+00 7.735598e+01
      vertex   2.010736e+02 2.500000e+00 7.770114e+01
    endloop
  endfacet
  facet normal 1.663799e-13 -1.000000e+00 7.837318e-14
    outer loop
      vertex   1.991735e+02 2.500000e+00 7.816521e+01
      vertex   2.010736e+02 2.500000e+00 7.770114e+01
      vertex   1.994192e+02 2.500000e+00 7.878258e+01
    endloop
  endfacet
  facet normal 1.665624e-13 -1.000000e+00 7.865246e-14
    outer loop
      vertex   1.994192e+02 2.500000e+00 7.878258e+01
      vertex   2.010736e+02 2.500000e+00 7.770114e+01
      vertex   2.012246e+02 2.500000e+00 7.802500e+01
    endloop
  endfacet
  facet normal 1.608531e-13 -1.000000e+00 6.504589e-14
    outer loop
      vertex   1.994192e+02 2.500000e+00 7.878258e+01
      vertex   2.012246e+02 2.500000e+00 7.802500e+01
      vertex   1.997637e+02 2.500000e+00 7.935076e+01
    endloop
  endfacet
  facet normal 1.472891e-13 -1.000000e+00 5.009829e-14
    outer loop
      vertex   1.997637e+02 2.500000e+00 7.935076e+01
      vertex   2.012246e+02 2.500000e+00 7.802500e+01
      vertex   2.014296e+02 2.500000e+00 7.831771e+01
    endloop
  endfacet
  facet normal 1.491950e-13 -1.000000e+00 5.317186e-14
    outer loop
      vertex   1.997637e+02 2.500000e+00 7.935076e+01
      vertex   2.014296e+02 2.500000e+00 7.831771e+01
      vertex   2.001975e+02 2.500000e+00 7.985407e+01
    endloop
  endfacet
  facet normal 1.227225e-13 -1.000000e+00 3.194102e-14
    outer loop
      vertex   2.001975e+02 2.500000e+00 7.985407e+01
      vertex   2.014296e+02 2.500000e+00 7.831771e+01
      vertex   2.016823e+02 2.500000e+00 7.857039e+01
    endloop
  endfacet
  facet normal -4.257497e-13 -1.000000e+00 -6.024764e-13
    outer loop
      vertex   2.001975e+02 2.500000e+00 7.985407e+01
      vertex   2.016823e+02 2.500000e+00 7.857039e+01
      vertex   2.007086e+02 2.500000e+00 8.027863e+01
    endloop
  endfacet
  facet normal 2.581384e-13 -1.000000e+00 -2.126574e-13
    outer loop
      vertex   2.007086e+02 2.500000e+00 8.027863e+01
      vertex   2.016823e+02 2.500000e+00 7.857039e+01
      vertex   2.019750e+02 2.500000e+00 7.877535e+01
    endloop
  endfacet
  facet normal 1.961794e-13 -1.000000e+00 -2.648540e-13
    outer loop
      vertex   2.007086e+02 2.500000e+00 8.027863e+01
      vertex   2.019750e+02 2.500000e+00 7.877535e+01
      vertex   2.022989e+02 2.500000e+00 7.892637e+01
    endloop
  endfacet
  facet normal 1.312974e-13 -1.000000e+00 -3.411562e-13
    outer loop
      vertex   2.022989e+02 2.500000e+00 7.892637e+01
      vertex   2.026440e+02 2.500000e+00 7.901886e+01
      vertex   2.007086e+02 2.500000e+00 8.027863e+01
    endloop
  endfacet
  facet normal 2.107830e-13 -1.000000e+00 -2.190393e-13
    outer loop
      vertex   2.007086e+02 2.500000e+00 8.027863e+01
      vertex   2.026440e+02 2.500000e+00 7.901886e+01
      vertex   2.031716e+02 2.500000e+00 8.200000e+01
    endloop
  endfacet
  facet normal 3.008858e-14 -1.000000e+00 -1.870631e-13
    outer loop
      vertex   2.031716e+02 2.500000e+00 8.200000e+01
      vertex   2.026440e+02 2.500000e+00 7.901886e+01
      vertex   2.030000e+02 2.500000e+00 7.905000e+01
    endloop
  endfacet
  facet normal -2.978393e-14 -1.000000e+00 -1.835809e-13
    outer loop
      vertex   2.031716e+02 2.500000e+00 8.200000e+01
      vertex   2.030000e+02 2.500000e+00 7.905000e+01
      vertex   2.033560e+02 2.500000e+00 7.901886e+01
    endloop
  endfacet
  facet normal -9.007453e-14 -1.000000e+00 -1.873103e-13
    outer loop
      vertex   2.033560e+02 2.500000e+00 7.901886e+01
      vertex   2.037011e+02 2.500000e+00 7.892637e+01
      vertex   2.031716e+02 2.500000e+00 8.200000e+01
    endloop
  endfacet
  facet normal -1.661307e-13 -1.000000e+00 -2.004144e-13
    outer loop
      vertex   2.031716e+02 2.500000e+00 8.200000e+01
      vertex   2.037011e+02 2.500000e+00 7.892637e+01
      vertex   2.040250e+02 2.500000e+00 7.877535e+01
    endloop
  endfacet
  facet normal -2.685446e-13 -1.000000e+00 -2.275190e-13
    outer loop
      vertex   2.031716e+02 2.500000e+00 8.200000e+01
      vertex   2.040250e+02 2.500000e+00 7.877535e+01
      vertex   2.043177e+02 2.500000e+00 7.857039e+01
    endloop
  endfacet
  facet normal -4.392209e-13 -1.000000e+00 -2.845573e-13
    outer loop
      vertex   2.043177e+02 2.500000e+00 7.857039e+01
      vertex   2.045704e+02 2.500000e+00 7.831771e+01
      vertex   2.031716e+02 2.500000e+00 8.200000e+01
    endloop
  endfacet
  facet normal -1.898127e-13 -1.000000e+00 -1.898127e-13
    outer loop
      vertex   2.031716e+02 2.500000e+00 8.200000e+01
      vertex   2.045704e+02 2.500000e+00 7.831771e+01
      vertex   2.080000e+02 2.500000e+00 7.717157e+01
    endloop
  endfacet
  facet normal -9.813451e-14 -1.000000e+00 8.451668e-14
    outer loop
      vertex   2.080000e+02 2.500000e+00 7.717157e+01
      vertex   2.045704e+02 2.500000e+00 7.831771e+01
      vertex   2.047754e+02 2.500000e+00 7.802500e+01
    endloop
  endfacet
  facet normal -9.027129e-14 -1.000000e+00 1.142276e-13
    outer loop
      vertex   2.080000e+02 2.500000e+00 7.717157e+01
      vertex   2.047754e+02 2.500000e+00 7.802500e+01
      vertex   2.049264e+02 2.500000e+00 7.770114e+01
    endloop
  endfacet
  facet normal -8.738525e-14 -1.000000e+00 1.309783e-13
    outer loop
      vertex   2.049264e+02 2.500000e+00 7.770114e+01
      vertex   2.050189e+02 2.500000e+00 7.735598e+01
      vertex   2.080000e+02 2.500000e+00 7.717157e+01
    endloop
  endfacet
  facet normal -8.646347e-14 -1.000000e+00 1.458799e-13
    outer loop
      vertex   2.080000e+02 2.500000e+00 7.717157e+01
      vertex   2.050189e+02 2.500000e+00 7.735598e+01
      vertex   2.050500e+02 2.500000e+00 7.700000e+01
    endloop
  endfacet
  facet normal -8.742082e-14 -1.000000e+00 1.623403e-13
    outer loop
      vertex   2.080000e+02 2.500000e+00 7.717157e+01
      vertex   2.050500e+02 2.500000e+00 7.700000e+01
      vertex   2.050189e+02 2.500000e+00 7.664402e+01
    endloop
  endfacet
  facet normal -7.873669e-14 -1.000000e+00 1.132672e-13
    outer loop
      vertex   2.080000e+02 2.500000e+00 7.717157e+01
      vertex   2.050189e+02 2.500000e+00 7.664402e+01
      vertex   2.062786e+02 2.500000e+00 7.470858e+01
    endloop
  endfacet
  facet normal -1.101777e-14 -1.000000e+00 1.573453e-13
    outer loop
      vertex   2.062786e+02 2.500000e+00 7.470858e+01
      vertex   2.050189e+02 2.500000e+00 7.664402e+01
      vertex   2.049264e+02 2.500000e+00 7.629886e+01
    endloop
  endfacet
  facet normal -7.893014e-15 -1.000000e+00 1.600024e-13
    outer loop
      vertex   2.062786e+02 2.500000e+00 7.470858e+01
      vertex   2.049264e+02 2.500000e+00 7.629886e+01
      vertex   2.047754e+02 2.500000e+00 7.597500e+01
    endloop
  endfacet
  facet normal -8.552392e-15 -1.000000e+00 1.592197e-13
    outer loop
      vertex   2.047754e+02 2.500000e+00 7.597500e+01
      vertex   2.045704e+02 2.500000e+00 7.568229e+01
      vertex   2.062786e+02 2.500000e+00 7.470858e+01
    endloop
  endfacet
  facet normal -2.801542e-13 -1.000000e+00 -3.172715e-13
    outer loop
      vertex   2.062786e+02 2.500000e+00 7.470858e+01
      vertex   2.045704e+02 2.500000e+00 7.568229e+01
      vertex   2.058541e+02 2.500000e+00 7.419745e+01
    endloop
  endfacet
  facet normal 1.232126e-13 -1.000000e+00 3.145092e-14
    outer loop
      vertex   2.058541e+02 2.500000e+00 7.419745e+01
      vertex   2.045704e+02 2.500000e+00 7.568229e+01
      vertex   2.043177e+02 2.500000e+00 7.542961e+01
    endloop
  endfacet
  facet normal 1.362409e-13 -1.000000e+00 4.769569e-14
    outer loop
      vertex   2.058541e+02 2.500000e+00 7.419745e+01
      vertex   2.043177e+02 2.500000e+00 7.542961e+01
      vertex   2.053508e+02 2.500000e+00 7.376366e+01
    endloop
  endfacet
  facet normal 9.412410e-14 -1.000000e+00 2.157935e-14
    outer loop
      vertex   2.053508e+02 2.500000e+00 7.376366e+01
      vertex   2.043177e+02 2.500000e+00 7.542961e+01
      vertex   2.040250e+02 2.500000e+00 7.522465e+01
    endloop
  endfacet
  facet normal 1.207636e-13 -1.000000e+00 4.575307e-14
    outer loop
      vertex   2.053508e+02 2.500000e+00 7.376366e+01
      vertex   2.040250e+02 2.500000e+00 7.522465e+01
      vertex   2.047826e+02 2.500000e+00 7.341916e+01
    endloop
  endfacet
  facet normal 6.155465e-14 -1.000000e+00 2.090899e-14
    outer loop
      vertex   2.047826e+02 2.500000e+00 7.341916e+01
      vertex   2.040250e+02 2.500000e+00 7.522465e+01
      vertex   2.037011e+02 2.500000e+00 7.507363e+01
    endloop
  endfacet
  facet normal 1.048585e-13 -1.000000e+00 4.921451e-14
    outer loop
      vertex   2.047826e+02 2.500000e+00 7.341916e+01
      vertex   2.037011e+02 2.500000e+00 7.507363e+01
      vertex   2.041652e+02 2.500000e+00 7.317348e+01
    endloop
  endfacet
  facet normal 3.391381e-14 -1.000000e+00 3.188771e-14
    outer loop
      vertex   2.041652e+02 2.500000e+00 7.317348e+01
      vertex   2.037011e+02 2.500000e+00 7.507363e+01
      vertex   2.033560e+02 2.500000e+00 7.498114e+01
    endloop
  endfacet
  facet normal 9.148817e-14 -1.000000e+00 5.766195e-14
    outer loop
      vertex   2.041652e+02 2.500000e+00 7.317348e+01
      vertex   2.033560e+02 2.500000e+00 7.498114e+01
      vertex   2.035157e+02 2.500000e+00 7.303338e+01
    endloop
  endfacet
  facet normal 8.029133e-15 -1.000000e+00 5.081832e-14
    outer loop
      vertex   2.035157e+02 2.500000e+00 7.303338e+01
      vertex   2.033560e+02 2.500000e+00 7.498114e+01
      vertex   2.030000e+02 2.500000e+00 7.495000e+01
    endloop
  endfacet
  facet normal 8.170962e-14 -1.000000e+00 7.064317e-14
    outer loop
      vertex   2.035157e+02 2.500000e+00 7.303338e+01
      vertex   2.030000e+02 2.500000e+00 7.495000e+01
      vertex   2.028519e+02 2.500000e+00 7.300274e+01
    endloop
  endfacet
  facet normal -5.713149e-15 -1.000000e+00 7.729014e-14
    outer loop
      vertex   2.028519e+02 2.500000e+00 7.300274e+01
      vertex   2.030000e+02 2.500000e+00 7.495000e+01
      vertex   2.026440e+02 2.500000e+00 7.498114e+01
    endloop
  endfacet
  facet normal 7.634884e-14 -1.000000e+00 8.591459e-14
    outer loop
      vertex   2.028519e+02 2.500000e+00 7.300274e+01
      vertex   2.026440e+02 2.500000e+00 7.498114e+01
      vertex   2.021923e+02 2.500000e+00 7.308240e+01
    endloop
  endfacet
  facet normal -1.369699e-14 -1.000000e+00 1.073379e-13
    outer loop
      vertex   2.021923e+02 2.500000e+00 7.308240e+01
      vertex   2.026440e+02 2.500000e+00 7.498114e+01
      vertex   2.022989e+02 2.500000e+00 7.507363e+01
    endloop
  endfacet
  facet normal 7.550210e-14 -1.000000e+00 1.025636e-13
    outer loop
      vertex   2.021923e+02 2.500000e+00 7.308240e+01
      vertex   2.022989e+02 2.500000e+00 7.507363e+01
      vertex   2.015549e+02 2.500000e+00 7.327016e+01
    endloop
  endfacet
  facet normal -7.510361e-15 -1.000000e+00 1.368073e-13
    outer loop
      vertex   2.015549e+02 2.500000e+00 7.327016e+01
      vertex   2.022989e+02 2.500000e+00 7.507363e+01
      vertex   2.019750e+02 2.500000e+00 7.522465e+01
    endloop
  endfacet
  facet normal 8.174971e-14 -1.000000e+00 1.176219e-13
    outer loop
      vertex   2.015549e+02 2.500000e+00 7.327016e+01
      vertex   2.019750e+02 2.500000e+00 7.522465e+01
      vertex   2.009574e+02 2.500000e+00 7.356084e+01
    endloop
  endfacet
  facet normal 5.695843e-15 -1.000000e+00 1.641370e-13
    outer loop
      vertex   2.009574e+02 2.500000e+00 7.356084e+01
      vertex   2.019750e+02 2.500000e+00 7.522465e+01
      vertex   2.016823e+02 2.500000e+00 7.542961e+01
    endloop
  endfacet
  facet normal 7.071068e-01 -9.370312e-14 -7.071068e-01
    outer loop
      vertex   6.828427e+00 0.000000e+00 8.200000e+01
      vertex   2.000000e+00 0.000000e+00 7.717157e+01
      vertex   6.828427e+00 2.500000e+00 8.200000e+01
    endloop
  endfacet
  facet normal 7.071068e-01 -9.781318e-14 -7.071068e-01
    outer loop
      vertex   6.828427e+00 2.500000e+00 8.200000e+01
      vertex   2.000000e+00 0.000000e+00 7.717157e+01
      vertex   2.000000e+00 2.500000e+00 7.717157e+01
    endloop
  endfacet
  facet normal 0.000000e+00 -1.000000e+00 0.000000e+00
    outer loop
      vertex   4.981144e+00 2.500000e+00 7.664402e+01
      vertex   4.950000e+00 2.500000e+00 7.700000e+01
      vertex   2.000000e+00 2.500000e+00 7.717157e+01
    endloop
  endfacet
  facet normal 0.000000e+00 -1.000000e+00 0.000000e+00
    outer loop
      vertex   2.000000e+00 2.500000e+00 7.717157e+01
      vertex   4.950000e+00 2.500000e+00 7.700000e+01
      vertex   4.981144e+00 2.500000e+00 7.735598e+01
    endloop
  endfacet
  facet normal 0.000000e+00 -1.000000e+00 0.000000e+00
    outer loop
      vertex   2.000000e+00 2.500000e+00 7.717157e+01
      vertex   4.981144e+00 2.500000e+00 7.735598e+01
      vertex   5.073630e+00 2.500000e+00 7.770114e+01
    endloop
  endfacet
  facet normal -0.000000e+00 -1.000000e+00 0.000000e+00
    outer loop
      vertex   5.073630e+00 2.500000e+00 7.770114e+01
      vertex   5.224648e+00 2.500000e+00 7.802500e+01
      vertex   2.000000e+00 2.500000e+00 7.717157e+01
    endloop
  endfacet
  facet normal 0.000000e+00 -1.000000e+00 0.000000e+00
    outer loop
      vertex   2.000000e+00 2.500000e+00 7.717157e+01
      vertex   5.224648e+00 2.500000e+00 7.802500e+01
      vertex   5.429609e+00 2.500000e+00 7.831771e+01
    endloop
  endfacet
  facet normal 0.000000e+00 -1.000000e+00 0.000000e+00
    outer loop
      vertex   2.000000e+00 2.500000e+00 7.717157e+01
      vertex   5.429609e+00 2.500000e+00 7.831771e+01
      vertex   6.828427e+00 2.500000e+00 8.200000e+01
    endloop
  endfacet
  facet normal 0.000000e+00 -1.000000e+00 0.000000e+00
    outer loop
      vertex   6.828427e+00 2.500000e+00 8.200000e+01
      vertex   5.429609e+00 2.500000e+00 7.831771e+01
      vertex   5.682285e+00 2.500000e+00 7.857039e+01
    endloop
  endfacet
  facet normal 0.000000e+00 -1.000000e+00 0.000000e+00
    outer loop
      vertex   6.828427e+00 2.500000e+00 8.200000e+01
      vertex   5.682285e+00 2.500000e+00 7.857039e+01
      vertex   5.975000e+00 2.500000e+00 7.877535e+01
    endloop
  endfacet
  facet normal 0.000000e+00 -1.000000e+00 0.000000e+00
    outer loop
      vertex   5.975000e+00 2.500000e+00 7.877535e+01
      vertex   6.298859e+00 2.500000e+00 7.892637e+01
      vertex   6.828427e+00 2.500000e+00 8.200000e+01
    endloop
  endfacet
  facet normal 0.000000e+00 -1.000000e+00 0.000000e+00
    outer loop
      vertex   6.828427e+00 2.500000e+00 8.200000e+01
      vertex   6.298859e+00 2.500000e+00 7.892637e+01
      vertex   6.644021e+00 2.500000e+00 7.901886e+01
    endloop
  endfacet
  facet normal 0.000000e+00 -1.000000e+00 -0.000000e+00
    outer loop
      vertex   6.828427e+00 2.500000e+00 8.200000e+01
      vertex   6.644021e+00 2.500000e+00 7.901886e+01
      vertex   7.000000e+00 2.500000e+00 7.905000e+01
    endloop
  endfacet
  facet normal 0.000000e+00 -1.000000e+00 0.000000e+00
    outer loop
      vertex   7.000000e+00 2.500000e+00 7.905000e+01
      vertex   7.355979e+00 2.500000e+00 7.901886e+01
      vertex   6.828427e+00 2.500000e+00 8.200000e+01
    endloop
  endfacet
  facet normal 0.000000e+00 -1.000000e+00 0.000000e+00
    outer loop
      vertex   6.828427e+00 2.500000e+00 8.200000e+01
      vertex   7.355979e+00 2.500000e+00 7.901886e+01
      vertex   9.291417e+00 2.500000e+00 8.027863e+01
    endloop
  endfacet
  facet normal 0.000000e+00 -1.000000e+00 0.000000e+00
    outer loop
      vertex   9.291417e+00 2.500000e+00 8.027863e+01
      vertex   7.355979e+00 2.500000e+00 7.901886e+01
      vertex   7.701141e+00 2.500000e+00 7.892637e+01
    endloop
  endfacet
  facet normal 0.000000e+00 -1.000000e+00 0.000000e+00
    outer loop
      vertex   9.291417e+00 2.500000e+00 8.027863e+01
      vertex   7.701141e+00 2.500000e+00 7.892637e+01
      vertex   8.025000e+00 2.500000e+00 7.877535e+01
    endloop
  endfacet
  facet normal 0.000000e+00 -1.000000e+00 0.000000e+00
    outer loop
      vertex   8.025000e+00 2.500000e+00 7.877535e+01
      vertex   8.317715e+00 2.500000e+00 7.857039e+01
      vertex   9.291417e+00 2.500000e+00 8.027863e+01
    endloop
  endfacet
  facet normal 0.000000e+00 -1.000000e+00 -0.000000e+00
    outer loop
      vertex   9.291417e+00 2.500000e+00 8.027863e+01
      vertex   8.317715e+00 2.500000e+00 7.857039e+01
      vertex   9.802547e+00 2.500000e+00 7.985407e+01
    endloop
  endfacet
  facet normal 0.000000e+00 -1.000000e+00 0.000000e+00
    outer loop
      vertex   9.802547e+00 2.500000e+00 7.985407e+01
      vertex   8.317715e+00 2.500000e+00 7.857039e+01
      vertex   8.570391e+00 2.500000e+00 7.831771e+01
    endloop
  endfacet
  facet normal 0.000000e+00 -1.000000e+00 -0.000000e+00
    outer loop
      vertex   9.802547e+00 2.500000e+00 7.985407e+01
      vertex   8.570391e+00 2.500000e+00 7.831771e+01
      vertex   1.023634e+01 2.500000e+00 7.935076e+01
    endloop
  endfacet
  facet normal 0.000000e+00 -1.000000e+00 0.000000e+00
    outer loop
      vertex   1.023634e+01 2.500000e+00 7.935076e+01
      vertex   8.570391e+00 2.500000e+00 7.831771e+01
      vertex   8.775352e+00 2.500000e+00 7.802500e+01
    endloop
  endfacet
  facet normal 0.000000e+00 -1.000000e+00 -0.000000e+00
    outer loop
      vertex   1.023634e+01 2.500000e+00 7.935076e+01
      vertex   8.775352e+00 2.500000e+00 7.802500e+01
      vertex   1.058084e+01 2.500000e+00 7.878258e+01
    endloop
  endfacet
  facet normal 0.000000e+00 -1.000000e+00 0.000000e+00
    outer loop
      vertex   1.058084e+01 2.500000e+00 7.878258e+01
      vertex   8.775352e+00 2.500000e+00 7.802500e+01
      vertex   8.926370e+00 2.500000e+00 7.770114e+01
    endloop
  endfacet
  facet normal 0.000000e+00 -1.000000e+00 -0.000000e+00
    outer loop
      vertex   1.058084e+01 2.500000e+00 7.878258e+01
      vertex   8.926370e+00 2.500000e+00 7.770114e+01
      vertex   1.082652e+01 2.500000e+00 7.816521e+01
    endloop
  endfacet
  facet normal 0.000000e+00 -1.000000e+00 0.000000e+00
    outer loop
      vertex   1.082652e+01 2.500000e+00 7.816521e+01
      vertex   8.926370e+00 2.500000e+00 7.770114e+01
      vertex   9.018856e+00 2.500000e+00 7.735598e+01
    endloop
  endfacet
  facet normal 0.000000e+00 -1.000000e+00 -0.000000e+00
    outer loop
      vertex   1.082652e+01 2.500000e+00 7.816521e+01
      vertex   9.018856e+00 2.500000e+00 7.735598e+01
      vertex   1.096662e+01 2.500000e+00 7.751569e+01
    endloop
  endfacet
  facet normal 0.000000e+00 -1.000000e+00 0.000000e+00
    outer loop
      vertex   1.096662e+01 2.500000e+00 7.751569e+01
      vertex   9.018856e+00 2.500000e+00 7.735598e+01
      vertex   9.050000e+00 2.500000e+00 7.700000e+01
    endloop
  endfacet
  facet normal 0.000000e+00 -1.000000e+00 -0.000000e+00
    outer loop
      vertex   1.096662e+01 2.500000e+00 7.751569e+01
      vertex   9.050000e+00 2.500000e+00 7.700000e+01
      vertex   1.099726e+01 2.500000e+00 7.685195e+01
    endloop
  endfacet
  facet normal -0.000000e+00 -1.000000e+00 0.000000e+00
    outer loop
      vertex   1.099726e+01 2.500000e+00 7.685195e+01
      vertex   9.050000e+00 2.500000e+00 7.700000e+01
      vertex   9.018856e+00 2.500000e+00 7.664402e+01
    endloop
  endfacet
  facet normal 0.000000e+00 -1.000000e+00 0.000000e+00
    outer loop
      vertex   1.099726e+01 2.500000e+00 7.685195e+01
      vertex   9.018856e+00 2.500000e+00 7.664402e+01
      vertex   1.091760e+01 2.500000e+00 7.619228e+01
    endloop
  endfacet
  facet normal 0.000000e+00 -1.000000e+00 0.000000e+00
    outer loop
      vertex   1.091760e+01 2.500000e+00 7.619228e+01
      vertex   9.018856e+00 2.500000e+00 7.664402e+01
      vertex   8.926370e+00 2.500000e+00 7.629886e+01
    endloop
  endfacet
  facet normal -0.000000e+00 -1.000000e+00 0.000000e+00
    outer loop
      vertex   1.091760e+01 2.500000e+00 7.619228e+01
      vertex   8.926370e+00 2.500000e+00 7.629886e+01
      vertex   1.072984e+01 2.500000e+00 7.555490e+01
    endloop
  endfacet
  facet normal 0.000000e+00 -1.000000e+00 0.000000e+00
    outer loop
      vertex   1.072984e+01 2.500000e+00 7.555490e+01
      vertex   8.926370e+00 2.500000e+00 7.629886e+01
      vertex   8.775352e+00 2.500000e+00 7.597500e+01
    endloop
  endfacet
  facet normal -0.000000e+00 -1.000000e+00 0.000000e+00
    outer loop
      vertex   1.072984e+01 2.500000e+00 7.555490e+01
      vertex   8.775352e+00 2.500000e+00 7.597500e+01
      vertex   1.043916e+01 2.500000e+00 7.495740e+01
    endloop
  endfacet
  facet normal 0.000000e+00 -1.000000e+00 0.000000e+00
    outer loop
      vertex   1.043916e+01 2.500000e+00 7.495740e+01
      vertex   8.775352e+00 2.500000e+00 7.597500e+01
      vertex   8.570391e+00 2.500000e+00 7.568229e+01
    endloop
  endfacet
  facet normal -0.000000e+00 -1.000000e+00 0.000000e+00
    outer loop
      vertex   1.043916e+01 2.500000e+00 7.495740e+01
      vertex   8.570391e+00 2.500000e+00 7.568229e+01
      vertex   1.005358e+01 2.500000e+00 7.441627e+01
    endloop
  endfacet
  facet normal 0.000000e+00 -1.000000e+00 0.000000e+00
    outer loop
      vertex   1.005358e+01 2.500000e+00 7.441627e+01
      vertex   8.570391e+00 2.500000e+00 7.568229e+01
      vertex   8.317715e+00 2.500000e+00 7.542961e+01
    endloop
  endfacet
  facet normal -0.000000e+00 -1.000000e+00 0.000000e+00
    outer loop
      vertex   1.005358e+01 2.500000e+00 7.441627e+01
      vertex   8.317715e+00 2.500000e+00 7.542961e+01
      vertex   9.583733e+00 2.500000e+00 7.394642e+01
    endloop
  endfacet
  facet normal -0.000000e+00 -1.000000e+00 0.000000e+00
    outer loop
      vertex   9.583733e+00 2.500000e+00 7.394642e+01
      vertex   8.317715e+00 2.500000e+00 7.542961e+01
      vertex   9.042596e+00 2.500000e+00 7.356084e+01
    endloop
  endfacet
  facet normal 0.000000e+00 -1.000000e+00 0.000000e+00
    outer loop
      vertex   9.042596e+00 2.500000e+00 7.356084e+01
      vertex   8.317715e+00 2.500000e+00 7.542961e+01
      vertex   8.025000e+00 2.500000e+00 7.522465e+01
    endloop
  endfacet
  facet normal -0.000000e+00 -1.000000e+00 0.000000e+00
    outer loop
      vertex   9.042596e+00 2.500000e+00 7.356084e+01
      vertex   8.025000e+00 2.500000e+00 7.522465e+01
      vertex   8.445096e+00 2.500000e+00 7.327016e+01
    endloop
  endfacet
  facet normal 0.000000e+00 -1.000000e+00 0.000000e+00
    outer loop
      vertex   8.445096e+00 2.500000e+00 7.327016e+01
      vertex   8.025000e+00 2.500000e+00 7.522465e+01
      vertex   7.701141e+00 2.500000e+00 7.507363e+01
    endloop
  endfacet
  facet normal -0.000000e+00 -1.000000e+00 0.000000e+00
    outer loop
      vertex   8.445096e+00 2.500000e+00 7.327016e+01
      vertex   7.701141e+00 2.500000e+00 7.507363e+01
      vertex   7.807719e+00 2.500000e+00 7.308240e+01
    endloop
  endfacet
  facet normal 0.000000e+00 -1.000000e+00 0.000000e+00
    outer loop
      vertex   7.807719e+00 2.500000e+00 7.308240e+01
      vertex   7.701141e+00 2.500000e+00 7.507363e+01
      vertex   7.355979e+00 2.500000e+00 7.498114e+01
    endloop
  endfacet
  facet normal -0.000000e+00 -1.000000e+00 0.000000e+00
    outer loop
      vertex   7.807719e+00 2.500000e+00 7.308240e+01
      vertex   7.355979e+00 2.500000e+00 7.498114e+01
      vertex   7.148055e+00 2.500000e+00 7.300274e+01
    endloop
  endfacet
  facet normal 0.000000e+00 -1.000000e+00 0.000000e+00
    outer loop
      vertex   7.148055e+00 2.500000e+00 7.300274e+01
      vertex   7.355979e+00 2.500000e+00 7.498114e+01
      vertex   7.000000e+00 2.500000e+00 7.495000e+01
    endloop
  endfacet
  facet normal 0.000000e+00 -1.000000e+00 0.000000e+00
    outer loop
      vertex   7.148055e+00 2.500000e+00 7.300274e+01
      vertex   7.000000e+00 2.500000e+00 7.495000e+01
      vertex   6.484305e+00 2.500000e+00 7.303338e+01
    endloop
  endfacet
  facet normal 0.000000e+00 -1.000000e+00 0.000000e+00
    outer loop
      vertex   6.484305e+00 2.500000e+00 7.303338e+01
      vertex   7.000000e+00 2.500000e+00 7.495000e+01
      vertex   6.644021e+00 2.500000e+00 7.498114e+01
    endloop
  endfacet
  facet normal 0.000000e+00 -1.000000e+00 0.000000e+00
    outer loop
      vertex   6.484305e+00 2.500000e+00 7.303338e+01
      vertex   6.644021e+00 2.500000e+00 7.498114e+01
      vertex   5.834785e+00 2.500000e+00 7.317348e+01
    endloop
  endfacet
  facet normal 0.000000e+00 -1.000000e+00 0.000000e+00
    outer loop
      vertex   5.834785e+00 2.500000e+00 7.317348e+01
      vertex   6.644021e+00 2.500000e+00 7.498114e+01
      vertex   6.298859e+00 2.500000e+00 7.507363e+01
    endloop
  endfacet
  facet normal 0.000000e+00 -1.000000e+00 0.000000e+00
    outer loop
      vertex   5.834785e+00 2.500000e+00 7.317348e+01
      vertex   6.298859e+00 2.500000e+00 7.507363e+01
      vertex   5.217418e+00 2.500000e+00 7.341916e+01
    endloop
  endfacet
  facet normal 0.000000e+00 -1.000000e+00 0.000000e+00
    outer loop
      vertex   5.217418e+00 2.500000e+00 7.341916e+01
      vertex   6.298859e+00 2.500000e+00 7.507363e+01
      vertex   5.975000e+00 2.500000e+00 7.522465e+01
    endloop
  endfacet
  facet normal 0.000000e+00 -1.000000e+00 0.000000e+00
    outer loop
      vertex   5.217418e+00 2.500000e+00 7.341916e+01
      vertex   5.975000e+00 2.500000e+00 7.522465e+01
      vertex   4.649240e+00 2.500000e+00 7.376366e+01
    endloop
  endfacet
  facet normal 0.000000e+00 -1.000000e+00 0.000000e+00
    outer loop
      vertex   4.649240e+00 2.500000e+00 7.376366e+01
      vertex   5.975000e+00 2.500000e+00 7.522465e+01
      vertex   5.682285e+00 2.500000e+00 7.542961e+01
    endloop
  endfacet
  facet normal 0.000000e+00 -1.000000e+00 0.000000e+00
    outer loop
      vertex   4.649240e+00 2.500000e+00 7.376366e+01
      vertex   5.682285e+00 2.500000e+00 7.542961e+01
      vertex   4.145928e+00 2.500000e+00 7.419745e+01
    endloop
  endfacet
  facet normal 0.000000e+00 -1.000000e+00 0.000000e+00
    outer loop
      vertex   4.145928e+00 2.500000e+00 7.419745e+01
      vertex   5.682285e+00 2.500000e+00 7.542961e+01
      vertex   5.429609e+00 2.500000e+00 7.568229e+01
    endloop
  endfacet
  facet normal 0.000000e+00 -1.000000e+00 0.000000e+00
    outer loop
      vertex   4.145928e+00 2.500000e+00 7.419745e+01
      vertex   5.429609e+00 2.500000e+00 7.568229e+01
      vertex   3.721371e+00 2.500000e+00 7.470858e+01
    endloop
  endfacet
  facet normal 0.000000e+00 -1.000000e+00 0.000000e+00
    outer loop
      vertex   3.721371e+00 2.500000e+00 7.470858e+01
      vertex   5.429609e+00 2.500000e+00 7.568229e+01
      vertex   5.224648e+00 2.500000e+00 7.597500e+01
    endloop
  endfacet
  facet normal 0.000000e+00 -1.000000e+00 0.000000e+00
    outer loop
      vertex   3.721371e+00 2.500000e+00 7.470858e+01
      vertex   5.224648e+00 2.500000e+00 7.597500e+01
      vertex   5.073630e+00 2.500000e+00 7.629886e+01
    endloop
  endfacet
  facet normal -0.000000e+00 -1.000000e+00 0.000000e+00
    outer loop
      vertex   5.073630e+00 2.500000e+00 7.629886e+01
      vertex   4.981144e+00 2.500000e+00 7.664402e+01
      vertex   3.721371e+00 2.500000e+00 7.470858e+01
    endloop
  endfacet
  facet normal 0.000000e+00 -1.000000e+00 0.000000e+00
    outer loop
      vertex   3.721371e+00 2.500000e+00 7.470858e+01
      vertex   4.981144e+00 2.500000e+00 7.664402e+01
      vertex   2.000000e+00 2.500000e+00 7.717157e+01
    endloop
  endfacet
  facet normal 8.196573e-01 4.092898e-14 -5.728543e-01
    outer loop
      vertex   2.080000e+02 2.500000e+00 7.717157e+01
      vertex   2.062786e+02 2.500000e+00 7.470858e+01
      vertex   2.080000e+02 7.500000e+00 7.717157e+01
    endloop
  endfacet
  facet normal 8.196573e-01 3.931167e-14 -5.728543e-01
    outer loop
      vertex   2.080000e+02 7.500000e+00 7.717157e+01
      vertex   2.062786e+02 2.500000e+00 7.470858e+01
      vertex   2.062786e+02 7.500000e+00 7.470858e+01
    endloop
  endfacet
  facet normal 7.692456e-01 4.465973e-14 -6.389533e-01
    outer loop
      vertex   2.062786e+02 7.500000e+00 7.470858e+01
      vertex   2.062786e+02 2.500000e+00 7.470858e+01
      vertex   2.058541e+02 7.500000e+00 7.419745e+01
    endloop
  endfacet
  facet normal 7.692456e-01 -4.108993e-15 -6.389533e-01
    outer loop
      vertex   2.058541e+02 7.500000e+00 7.419745e+01
      vertex   2.062786e+02 2.500000e+00 7.470858e+01
      vertex   2.058541e+02 2.500000e+00 7.419745e+01
    endloop
  endfacet
  facet normal 6.528598e-01 6.910401e-15 -7.574787e-01
    outer loop
      vertex   2.058541e+02 7.500000e+00 7.419745e+01
      vertex   2.058541e+02 2.500000e+00 7.419745e+01
      vertex   2.053508e+02 7.500000e+00 7.376366e+01
    endloop
  endfacet
  facet normal 6.528598e-01 -7.565098e-15 -7.574787e-01
    outer loop
      vertex   2.053508e+02 7.500000e+00 7.376366e+01
      vertex   2.058541e+02 2.500000e+00 7.419745e+01
      vertex   2.053508e+02 2.500000e+00 7.376366e+01
    endloop
  endfacet
  facet normal 5.184591e-01 2.640275e-15 -8.551024e-01
    outer loop
      vertex   2.053508e+02 7.500000e+00 7.376366e+01
      vertex   2.053508e+02 2.500000e+00 7.376366e+01
      vertex   2.047826e+02 7.500000e+00 7.341916e+01
    endloop
  endfacet
  facet normal 5.184591e-01 -7.081114e-15 -8.551024e-01
    outer loop
      vertex   2.047826e+02 7.500000e+00 7.341916e+01
      vertex   2.053508e+02 2.500000e+00 7.376366e+01
      vertex   2.047826e+02 2.500000e+00 7.341916e+01
    endloop
  endfacet
  facet normal 3.697521e-01 2.209802e-15 -9.291304e-01
    outer loop
      vertex   2.047826e+02 7.500000e+00 7.341916e+01
      vertex   2.047826e+02 2.500000e+00 7.341916e+01
      vertex   2.041652e+02 7.500000e+00 7.317348e+01
    endloop
  endfacet
  facet normal 3.697521e-01 -3.610643e-15 -9.291304e-01
    outer loop
      vertex   2.041652e+02 7.500000e+00 7.317348e+01
      vertex   2.047826e+02 2.500000e+00 7.341916e+01
      vertex   2.041652e+02 2.500000e+00 7.317348e+01
    endloop
  endfacet
  facet normal 2.108422e-01 4.303402e-15 -9.775201e-01
    outer loop
      vertex   2.041652e+02 7.500000e+00 7.317348e+01
      vertex   2.041652e+02 2.500000e+00 7.317348e+01
      vertex   2.035157e+02 7.500000e+00 7.303338e+01
    endloop
  endfacet
  facet normal 2.108422e-01 -5.611216e-15 -9.775201e-01
    outer loop
      vertex   2.035157e+02 7.500000e+00 7.303338e+01
      vertex   2.041652e+02 2.500000e+00 7.317348e+01
      vertex   2.035157e+02 2.500000e+00 7.303338e+01
    endloop
  endfacet
  facet normal 4.611434e-02 1.004240e-15 -9.989362e-01
    outer loop
      vertex   2.035157e+02 7.500000e+00 7.303338e+01
      vertex   2.035157e+02 2.500000e+00 7.303338e+01
      vertex   2.028519e+02 7.500000e+00 7.300274e+01
    endloop
  endfacet
  facet normal 4.611434e-02 -4.411925e-15 -9.989362e-01
    outer loop
      vertex   2.028519e+02 7.500000e+00 7.300274e+01
      vertex   2.035157e+02 2.500000e+00 7.303338e+01
      vertex   2.028519e+02 2.500000e+00 7.300274e+01
    endloop
  endfacet
  facet normal -1.198860e-01 1.267167e-15 -9.927877e-01
    outer loop
      vertex   2.028519e+02 7.500000e+00 7.300274e+01
      vertex   2.028519e+02 2.500000e+00 7.300274e+01
      vertex   2.021923e+02 7.500000e+00 7.308240e+01
    endloop
  endfacet
  facet normal -1.198860e-01 -2.235979e-15 -9.927877e-01
    outer loop
      vertex   2.021923e+02 7.500000e+00 7.308240e+01
      vertex   2.028519e+02 2.500000e+00 7.300274e+01
      vertex   2.021923e+02 2.500000e+00 7.308240e+01
    endloop
  endfacet
  facet normal -2.825783e-01 2.578685e-15 -9.592442e-01
    outer loop
      vertex   2.021923e+02 7.500000e+00 7.308240e+01
      vertex   2.021923e+02 2.500000e+00 7.308240e+01
      vertex   2.015549e+02 7.500000e+00 7.327016e+01
    endloop
  endfacet
  facet normal -2.825783e-01 1.458620e-15 -9.592442e-01
    outer loop
      vertex   2.015549e+02 7.500000e+00 7.327016e+01
      vertex   2.021923e+02 2.500000e+00 7.308240e+01
      vertex   2.015549e+02 2.500000e+00 7.327016e+01
    endloop
  endfacet
  facet normal -4.374730e-01 7.253169e-15 -8.992315e-01
    outer loop
      vertex   2.015549e+02 7.500000e+00 7.327016e+01
      vertex   2.015549e+02 2.500000e+00 7.327016e+01
      vertex   2.009574e+02 7.500000e+00 7.356084e+01
    endloop
  endfacet
  facet normal -4.374730e-01 -2.070701e-16 -8.992315e-01
    outer loop
      vertex   2.009574e+02 7.500000e+00 7.356084e+01
      vertex   2.015549e+02 2.500000e+00 7.327016e+01
      vertex   2.009574e+02 2.500000e+00 7.356084e+01
    endloop
  endfacet
  facet normal -5.802962e-01 2.951768e-15 -8.144055e-01
    outer loop
      vertex   2.009574e+02 7.500000e+00 7.356084e+01
      vertex   2.009574e+02 2.500000e+00 7.356084e+01
      vertex   2.004163e+02 7.500000e+00 7.394642e+01
    endloop
  endfacet
  facet normal -5.802962e-01 -3.468343e-16 -8.144055e-01
    outer loop
      vertex   2.004163e+02 7.500000e+00 7.394642e+01
      vertex   2.009574e+02 2.500000e+00 7.356084e+01
      vertex   2.004163e+02 2.500000e+00 7.394642e+01
    endloop
  endfacet
  facet normal -7.071068e-01 2.009718e-15 -7.071068e-01
    outer loop
      vertex   2.004163e+02 7.500000e+00 7.394642e+01
      vertex   2.004163e+02 2.500000e+00 7.394642e+01
      vertex   1.999464e+02 7.500000e+00 7.441627e+01
    endloop
  endfacet
  facet normal -7.071068e-01 1.215720e-28 -7.071068e-01
    outer loop
      vertex   1.999464e+02 7.500000e+00 7.441627e+01
      vertex   2.004163e+02 2.500000e+00 7.394642e+01
      vertex   1.999464e+02 2.500000e+00 7.441627e+01
    endloop
  endfacet
  facet normal -8.144055e-01 1.330757e-15 -5.802962e-01
    outer loop
      vertex   1.999464e+02 7.500000e+00 7.441627e+01
      vertex   1.999464e+02 2.500000e+00 7.441627e+01
      vertex   1.995608e+02 7.500000e+00 7.495740e+01
    endloop
  endfacet
  facet normal -8.144055e-01 4.629359e-15 -5.802962e-01
    outer loop
      vertex   1.995608e+02 7.500000e+00 7.495740e+01
      vertex   1.999464e+02 2.500000e+00 7.441627e+01
      vertex   1.995608e+02 2.500000e+00 7.495740e+01
    endloop
  endfacet
  facet normal -8.992315e-01 5.111539e-15 -4.374730e-01
    outer loop
      vertex   1.995608e+02 7.500000e+00 7.495740e+01
      vertex   1.995608e+02 2.500000e+00 7.495740e+01
      vertex   1.992702e+02 7.500000e+00 7.555490e+01
    endloop
  endfacet
  facet normal -8.992315e-01 -3.868166e-15 -4.374730e-01
    outer loop
      vertex   1.992702e+02 7.500000e+00 7.555490e+01
      vertex   1.995608e+02 2.500000e+00 7.495740e+01
      vertex   1.992702e+02 2.500000e+00 7.555490e+01
    endloop
  endfacet
  facet normal -9.592442e-01 -4.649537e-15 -2.825783e-01
    outer loop
      vertex   1.992702e+02 7.500000e+00 7.555490e+01
      vertex   1.992702e+02 2.500000e+00 7.555490e+01
      vertex   1.990824e+02 7.500000e+00 7.619228e+01
    endloop
  endfacet
  facet normal -9.592442e-01 -8.495937e-15 -2.825783e-01
    outer loop
      vertex   1.990824e+02 7.500000e+00 7.619228e+01
      vertex   1.992702e+02 2.500000e+00 7.555490e+01
      vertex   1.990824e+02 2.500000e+00 7.619228e+01
    endloop
  endfacet
  facet normal -9.927877e-01 -1.026448e-14 -1.198860e-01
    outer loop
      vertex   1.990824e+02 7.500000e+00 7.619228e+01
      vertex   1.990824e+02 2.500000e+00 7.619228e+01
      vertex   1.990027e+02 7.500000e+00 7.685195e+01
    endloop
  endfacet
  facet normal -9.927877e-01 -3.939662e-15 -1.198860e-01
    outer loop
      vertex   1.990027e+02 7.500000e+00 7.685195e+01
      vertex   1.990824e+02 2.500000e+00 7.619228e+01
      vertex   1.990027e+02 2.500000e+00 7.685195e+01
    endloop
  endfacet
  facet normal -9.989362e-01 -6.333619e-15 4.611434e-02
    outer loop
      vertex   1.990027e+02 7.500000e+00 7.685195e+01
      vertex   1.990027e+02 2.500000e+00 7.685195e+01
      vertex   1.990334e+02 7.500000e+00 7.751569e+01
    endloop
  endfacet
  facet normal -9.989362e-01 4.760841e-15 4.611434e-02
    outer loop
      vertex   1.990334e+02 7.500000e+00 7.751569e+01
      vertex   1.990027e+02 2.500000e+00 7.685195e+01
      vertex   1.990334e+02 2.500000e+00 7.751569e+01
    endloop
  endfacet
  facet normal -9.775201e-01 1.361811e-15 2.108422e-01
    outer loop
      vertex   1.990334e+02 7.500000e+00 7.751569e+01
      vertex   1.990334e+02 2.500000e+00 7.751569e+01
      vertex   1.991735e+02 7.500000e+00 7.816521e+01
    endloop
  endfacet
  facet normal -9.775201e-01 1.633118e-16 2.108422e-01
    outer loop
      vertex   1.991735e+02 7.500000e+00 7.816521e+01
      vertex   1.990334e+02 2.500000e+00 7.751569e+01
      vertex   1.991735e+02 2.500000e+00 7.816521e+01
    endloop
  endfacet
  facet normal -9.291304e-01 -4.176594e-15 3.697521e-01
    outer loop
      vertex   1.991735e+02 7.500000e+00 7.816521e+01
      vertex   1.991735e+02 2.500000e+00 7.816521e+01
      vertex   1.994192e+02 7.500000e+00 7.878258e+01
    endloop
  endfacet
  facet normal -9.291304e-01 5.400216e-17 3.697521e-01
    outer loop
      vertex   1.994192e+02 7.500000e+00 7.878258e+01
      vertex   1.991735e+02 2.500000e+00 7.816521e+01
      vertex   1.994192e+02 2.500000e+00 7.878258e+01
    endloop
  endfacet
  facet normal -8.551024e-01 -5.014106e-15 5.184591e-01
    outer loop
      vertex   1.994192e+02 7.500000e+00 7.878258e+01
      vertex   1.994192e+02 2.500000e+00 7.878258e+01
      vertex   1.997637e+02 7.500000e+00 7.935076e+01
    endloop
  endfacet
  facet normal -8.551024e-01 4.707282e-15 5.184591e-01
    outer loop
      vertex   1.997637e+02 7.500000e+00 7.935076e+01
      vertex   1.994192e+02 2.500000e+00 7.878258e+01
      vertex   1.997637e+02 2.500000e+00 7.935076e+01
    endloop
  endfacet
  facet normal -7.574787e-01 -1.332320e-15 6.528598e-01
    outer loop
      vertex   1.997637e+02 7.500000e+00 7.935076e+01
      vertex   1.997637e+02 2.500000e+00 7.935076e+01
      vertex   2.001975e+02 7.500000e+00 7.985407e+01
    endloop
  endfacet
  facet normal -7.574787e-01 7.279216e-15 6.528598e-01
    outer loop
      vertex   2.001975e+02 7.500000e+00 7.985407e+01
      vertex   1.997637e+02 2.500000e+00 7.935076e+01
      vertex   2.001975e+02 2.500000e+00 7.985407e+01
    endloop
  endfacet
  facet normal -6.389533e-01 -7.110065e-17 7.692456e-01
    outer loop
      vertex   2.001975e+02 7.500000e+00 7.985407e+01
      vertex   2.001975e+02 2.500000e+00 7.985407e+01
      vertex   2.007086e+02 7.500000e+00 8.027863e+01
    endloop
  endfacet
  facet normal -6.389533e-01 -5.539881e-14 7.692456e-01
    outer loop
      vertex   2.007086e+02 7.500000e+00 8.027863e+01
      vertex   2.001975e+02 2.500000e+00 7.985407e+01
      vertex   2.007086e+02 2.500000e+00 8.027863e+01
    endloop
  endfacet
  facet normal 0.000000e+00 -1.000000e+00 0.000000e+00
    outer loop
      vertex   2.031716e+02 0.000000e+00 8.200000e+01
      vertex   6.000000e+00 0.000000e+00 8.400000e+01
      vertex   6.828427e+00 0.000000e+00 8.200000e+01
    endloop
  endfacet
  facet normal -0.000000e+00 -1.000000e+00 0.000000e+00
    outer loop
      vertex   6.828427e+00 0.000000e+00 8.200000e+01
      vertex   6.000000e+00 0.000000e+00 8.400000e+01
      vertex   -3.325730e-11 0.000000e+00 7.800000e+01
    endloop
  endfacet
  facet normal 0.000000e+00 -1.000000e+00 0.000000e+00
    outer loop
      vertex   6.828427e+00 0.000000e+00 8.200000e+01
      vertex   -3.325730e-11 0.000000e+00 7.800000e+01
      vertex   2.000000e+00 0.000000e+00 7.717157e+01
    endloop
  endfacet
  facet normal -0.000000e+00 -1.000000e+00 0.000000e+00
    outer loop
      vertex   2.000000e+00 0.000000e+00 7.717157e+01
      vertex   -3.325730e-11 0.000000e+00 7.800000e+01
      vertex   -2.988369e-11 0.000000e+00 4.600000e+01
    endloop
  endfacet
  facet normal 0.000000e+00 -1.000000e+00 0.000000e+00
    outer loop
      vertex   2.000000e+00 0.000000e+00 7.717157e+01
      vertex   -2.988369e-11 0.000000e+00 4.600000e+01
      vertex   1.000000e+00 0.000000e+00 4.600000e+01
    endloop
  endfacet
  facet normal 0.000000e+00 -1.000000e+00 0.000000e+00
    outer loop
      vertex   2.080000e+02 0.000000e+00 7.717157e+01
      vertex   2.100000e+02 0.000000e+00 7.800000e+01
      vertex   2.031716e+02 0.000000e+00 8.200000e+01
    endloop
  endfacet
  facet normal 0.000000e+00 -1.000000e+00 0.000000e+00
    outer loop
      vertex   2.031716e+02 0.000000e+00 8.200000e+01
      vertex   2.100000e+02 0.000000e+00 7.800000e+01
      vertex   2.040000e+02 0.000000e+00 8.400000e+01
    endloop
  endfacet
  facet normal 0.000000e+00 -1.000000e+00 0.000000e+00
    outer loop
      vertex   2.031716e+02 0.000000e+00 8.200000e+01
      vertex   2.040000e+02 0.000000e+00 8.400000e+01
      vertex   6.000000e+00 0.000000e+00 8.400000e+01
    endloop
  endfacet
  facet normal 0.000000e+00 -1.000000e+00 0.000000e+00
    outer loop
      vertex   2.080000e+02 0.000000e+00 4.286603e+01
      vertex   2.090000e+02 0.000000e+00 4.600000e+01
      vertex   2.080000e+02 0.000000e+00 7.717157e+01
    endloop
  endfacet
  facet normal 0.000000e+00 -1.000000e+00 0.000000e+00
    outer loop
      vertex   2.080000e+02 0.000000e+00 7.717157e+01
      vertex   2.090000e+02 0.000000e+00 4.600000e+01
      vertex   2.100000e+02 0.000000e+00 4.600000e+01
    endloop
  endfacet
  facet normal 0.000000e+00 -1.000000e+00 0.000000e+00
    outer loop
      vertex   2.080000e+02 0.000000e+00 7.717157e+01
      vertex   2.100000e+02 0.000000e+00 4.600000e+01
      vertex   2.100000e+02 0.000000e+00 7.800000e+01
    endloop
  endfacet
  facet normal 0.000000e+00 -1.000000e+00 0.000000e+00
    outer loop
      vertex   2.085000e+02 0.000000e+00 4.200000e+01
      vertex   2.090000e+02 0.000000e+00 4.200000e+01
      vertex   2.080000e+02 0.000000e+00 4.286603e+01
    endloop
  endfacet
  facet normal 0.000000e+00 -1.000000e+00 0.000000e+00
    outer loop
      vertex   2.080000e+02 0.000000e+00 4.286603e+01
      vertex   2.090000e+02 0.000000e+00 4.200000e+01
      vertex   2.090000e+02 0.000000e+00 4.600000e+01
    endloop
  endfacet
  facet normal 0.000000e+00 -1.000000e+00 -0.000000e+00
    outer loop
      vertex   2.000000e+00 0.000000e+00 7.717157e+01
      vertex   1.000000e+00 0.000000e+00 4.600000e+01
      vertex   2.000000e+00 0.000000e+00 4.286603e+01
    endloop
  endfacet
  facet normal -0.000000e+00 -1.000000e+00 0.000000e+00
    outer loop
      vertex   2.000000e+00 0.000000e+00 4.286603e+01
      vertex   1.000000e+00 0.000000e+00 4.600000e+01
      vertex   1.000000e+00 0.000000e+00 4.200000e+01
    endloop
  endfacet
  facet normal 0.000000e+00 -1.000000e+00 0.000000e+00
    outer loop
      vertex   2.000000e+00 0.000000e+00 4.286603e+01
      vertex   1.000000e+00 0.000000e+00 4.200000e+01
      vertex   1.500000e+00 0.000000e+00 4.200000e+01
    endloop
  endfacet
  facet normal 5.728543e-01 -6.890316e-14 8.196573e-01
    outer loop
      vertex   6.828427e+00 2.500000e+00 8.200000e+01
      vertex   9.291417e+00 2.500000e+00 8.027863e+01
      vertex   6.828427e+00 7.500000e+00 8.200000e+01
    endloop
  endfacet
  facet normal 5.728543e-01 -7.111570e-14 8.196573e-01
    outer loop
      vertex   6.828427e+00 7.500000e+00 8.200000e+01
      vertex   9.291417e+00 2.500000e+00 8.027863e+01
      vertex   9.291417e+00 7.500000e+00 8.027863e+01
    endloop
  endfacet
  facet normal 9.961947e-01 1.029992e-14 8.715574e-02
    outer loop
      vertex   1.029811e+02 2.500000e+00 7.739402e+01
      vertex   1.029811e+02 7.500000e+00 7.739402e+01
      vertex   1.029500e+02 2.500000e+00 7.775000e+01
    endloop
  endfacet
  facet normal 9.961947e-01 -1.826135e-14 8.715574e-02
    outer loop
      vertex   1.029500e+02 2.500000e+00 7.775000e+01
      vertex   1.029811e+02 7.500000e+00 7.739402e+01
      vertex   1.029500e+02 7.500000e+00 7.775000e+01
    endloop
  endfacet
  facet normal 9.961947e-01 -4.389500e-15 -8.715574e-02
    outer loop
      vertex   1.029500e+02 2.500000e+00 7.775000e+01
      vertex   1.029500e+02 7.500000e+00 7.775000e+01
      vertex   1.029811e+02 2.500000e+00 7.810598e+01
    endloop
  endfacet
  facet normal 9.961947e-01 -4.389500e-15 -8.715574e-02
    outer loop
      vertex   1.029811e+02 2.500000e+00 7.810598e+01
      vertex   1.029500e+02 7.500000e+00 7.775000e+01
      vertex   1.029811e+02 7.500000e+00 7.810598e+01
    endloop
  endfacet
  facet normal 9.659258e-01 9.615718e-15 -2.588190e-01
    outer loop
      vertex   1.029811e+02 2.500000e+00 7.810598e+01
      vertex   1.029811e+02 7.500000e+00 7.810598e+01
      vertex   1.030736e+02 2.500000e+00 7.845114e+01
    endloop
  endfacet
  facet normal 9.659258e-01 -7.591848e-15 -2.588190e-01
    outer loop
      vertex   1.030736e+02 2.500000e+00 7.845114e+01
      vertex   1.029811e+02 7.500000e+00 7.810598e+01
      vertex   1.030736e+02 7.500000e+00 7.845114e+01
    endloop
  endfacet
  facet normal 9.063078e-01 6.672324e-15 -4.226183e-01
    outer loop
      vertex   1.030736e+02 2.500000e+00 7.845114e+01
      vertex   1.030736e+02 7.500000e+00 7.845114e+01
      vertex   1.032246e+02 2.500000e+00 7.877500e+01
    endloop
  endfacet
  facet normal 9.063078e-01 -7.234663e-15 -4.226183e-01
    outer loop
      vertex   1.032246e+02 2.500000e+00 7.877500e+01
      vertex   1.030736e+02 7.500000e+00 7.845114e+01
      vertex   1.032246e+02 7.500000e+00 7.877500e+01
    endloop
  endfacet
  facet normal 8.191520e-01 6.530473e-15 -5.735764e-01
    outer loop
      vertex   1.032246e+02 2.500000e+00 7.877500e+01
      vertex   1.032246e+02 7.500000e+00 7.877500e+01
      vertex   1.034296e+02 2.500000e+00 7.906771e+01
    endloop
  endfacet
  facet normal 8.191520e-01 -5.344644e-15 -5.735764e-01
    outer loop
      vertex   1.034296e+02 2.500000e+00 7.906771e+01
      vertex   1.032246e+02 7.500000e+00 7.877500e+01
      vertex   1.034296e+02 7.500000e+00 7.906771e+01
    endloop
  endfacet
  facet normal 7.071068e-01 8.038873e-15 -7.071068e-01
    outer loop
      vertex   1.034296e+02 2.500000e+00 7.906771e+01
      vertex   1.034296e+02 7.500000e+00 7.906771e+01
      vertex   1.036823e+02 2.500000e+00 7.932039e+01
    endloop
  endfacet
  facet normal 7.071068e-01 -6.029155e-15 -7.071068e-01
    outer loop
      vertex   1.036823e+02 2.500000e+00 7.932039e+01
      vertex   1.034296e+02 7.500000e+00 7.906771e+01
      vertex   1.036823e+02 7.500000e+00 7.932039e+01
    endloop
  endfacet
  facet normal 5.735764e-01 7.672815e-15 -8.191520e-01
    outer loop
      vertex   1.036823e+02 2.500000e+00 7.932039e+01
      vertex   1.036823e+02 7.500000e+00 7.932039e+01
      vertex   1.039750e+02 2.500000e+00 7.952535e+01
    endloop
  endfacet
  facet normal 5.735764e-01 -6.530473e-15 -8.191520e-01
    outer loop
      vertex   1.039750e+02 2.500000e+00 7.952535e+01
      vertex   1.036823e+02 7.500000e+00 7.932039e+01
      vertex   1.039750e+02 7.500000e+00 7.952535e+01
    endloop
  endfacet
  facet normal 4.226183e-01 7.234663e-15 -9.063078e-01
    outer loop
      vertex   1.039750e+02 2.500000e+00 7.952535e+01
      vertex   1.039750e+02 7.500000e+00 7.952535e+01
      vertex   1.042989e+02 2.500000e+00 7.967637e+01
    endloop
  endfacet
  facet normal 4.226183e-01 -4.270017e-15 -9.063078e-01
    outer loop
      vertex   1.042989e+02 2.500000e+00 7.967637e+01
      vertex   1.039750e+02 7.500000e+00 7.952535e+01
      vertex   1.042989e+02 7.500000e+00 7.967637e+01
    endloop
  endfacet
  facet normal 2.588190e-01 9.063064e-15 -9.659258e-01
    outer loop
      vertex   1.042989e+02 2.500000e+00 7.967637e+01
      vertex   1.042989e+02 7.500000e+00 7.967637e+01
      vertex   1.046440e+02 2.500000e+00 7.976886e+01
    endloop
  endfacet
  facet normal 2.588190e-01 -4.125065e-15 -9.659258e-01
    outer loop
      vertex   1.046440e+02 2.500000e+00 7.976886e+01
      vertex   1.042989e+02 7.500000e+00 7.967637e+01
      vertex   1.046440e+02 7.500000e+00 7.976886e+01
    endloop
  endfacet
  facet normal 8.715574e-02 1.005221e-14 -9.961947e-01
    outer loop
      vertex   1.046440e+02 2.500000e+00 7.976886e+01
      vertex   1.046440e+02 7.500000e+00 7.976886e+01
      vertex   1.050000e+02 2.500000e+00 7.980000e+01
    endloop
  endfacet
  facet normal 8.715574e-02 -6.935923e-15 -9.961947e-01
    outer loop
      vertex   1.050000e+02 2.500000e+00 7.980000e+01
      vertex   1.046440e+02 7.500000e+00 7.976886e+01
      vertex   1.050000e+02 7.500000e+00 7.980000e+01
    endloop
  endfacet
  facet normal -8.715574e-02 6.935923e-15 -9.961947e-01
    outer loop
      vertex   1.050000e+02 2.500000e+00 7.980000e+01
      vertex   1.050000e+02 7.500000e+00 7.980000e+01
      vertex   1.053560e+02 2.500000e+00 7.976886e+01
    endloop
  endfacet
  facet normal -8.715574e-02 -4.884923e-15 -9.961947e-01
    outer loop
      vertex   1.053560e+02 2.500000e+00 7.976886e+01
      vertex   1.050000e+02 7.500000e+00 7.980000e+01
      vertex   1.053560e+02 7.500000e+00 7.976886e+01
    endloop
  endfacet
  facet normal -2.588190e-01 8.144502e-15 -9.659258e-01
    outer loop
      vertex   1.053560e+02 2.500000e+00 7.976886e+01
      vertex   1.053560e+02 7.500000e+00 7.976886e+01
      vertex   1.057011e+02 2.500000e+00 7.967637e+01
    endloop
  endfacet
  facet normal -2.588190e-01 -4.846522e-15 -9.659258e-01
    outer loop
      vertex   1.057011e+02 2.500000e+00 7.967637e+01
      vertex   1.053560e+02 7.500000e+00 7.976886e+01
      vertex   1.057011e+02 7.500000e+00 7.967637e+01
    endloop
  endfacet
  facet normal -4.226183e-01 9.248205e-15 -9.063078e-01
    outer loop
      vertex   1.057011e+02 2.500000e+00 7.967637e+01
      vertex   1.057011e+02 7.500000e+00 7.967637e+01
      vertex   1.060250e+02 2.500000e+00 7.952535e+01
    endloop
  endfacet
  facet normal -4.226183e-01 -6.033510e-15 -9.063078e-01
    outer loop
      vertex   1.060250e+02 2.500000e+00 7.952535e+01
      vertex   1.057011e+02 7.500000e+00 7.967637e+01
      vertex   1.060250e+02 7.500000e+00 7.952535e+01
    endloop
  endfacet
  facet normal -5.735764e-01 8.160675e-15 -8.191520e-01
    outer loop
      vertex   1.060250e+02 2.500000e+00 7.952535e+01
      vertex   1.060250e+02 7.500000e+00 7.952535e+01
      vertex   1.063177e+02 2.500000e+00 7.932039e+01
    endloop
  endfacet
  facet normal -5.735764e-01 -7.672815e-15 -8.191520e-01
    outer loop
      vertex   1.063177e+02 2.500000e+00 7.932039e+01
      vertex   1.060250e+02 7.500000e+00 7.952535e+01
      vertex   1.063177e+02 7.500000e+00 7.932039e+01
    endloop
  endfacet
  facet normal -7.071068e-01 6.029155e-15 -7.071068e-01
    outer loop
      vertex   1.063177e+02 2.500000e+00 7.932039e+01
      vertex   1.063177e+02 7.500000e+00 7.932039e+01
      vertex   1.065704e+02 2.500000e+00 7.906771e+01
    endloop
  endfacet
  facet normal -7.071068e-01 -6.029155e-15 -7.071068e-01
    outer loop
      vertex   1.065704e+02 2.500000e+00 7.906771e+01
      vertex   1.063177e+02 7.500000e+00 7.932039e+01
      vertex   1.065704e+02 7.500000e+00 7.906771e+01
    endloop
  endfacet
  facet normal -8.191520e-01 7.672815e-15 -5.735764e-01
    outer loop
      vertex   1.065704e+02 2.500000e+00 7.906771e+01
      vertex   1.065704e+02 7.500000e+00 7.906771e+01
      vertex   1.067754e+02 2.500000e+00 7.877500e+01
    endloop
  endfacet
  facet normal -8.191520e-01 -4.900271e-15 -5.735764e-01
    outer loop
      vertex   1.067754e+02 2.500000e+00 7.877500e+01
      vertex   1.065704e+02 7.500000e+00 7.906771e+01
      vertex   1.067754e+02 7.500000e+00 7.877500e+01
    endloop
  endfacet
  facet normal -9.063078e-01 8.435816e-15 -4.226183e-01
    outer loop
      vertex   1.067754e+02 2.500000e+00 7.877500e+01
      vertex   1.067754e+02 7.500000e+00 7.877500e+01
      vertex   1.069264e+02 2.500000e+00 7.845114e+01
    endloop
  endfacet
  facet normal -9.063078e-01 -6.845899e-15 -4.226183e-01
    outer loop
      vertex   1.069264e+02 2.500000e+00 7.845114e+01
      vertex   1.067754e+02 7.500000e+00 7.877500e+01
      vertex   1.069264e+02 7.500000e+00 7.845114e+01
    endloop
  endfacet
  facet normal -9.659258e-01 6.317738e-15 -2.588190e-01
    outer loop
      vertex   1.069264e+02 2.500000e+00 7.845114e+01
      vertex   1.069264e+02 7.500000e+00 7.845114e+01
      vertex   1.070189e+02 2.500000e+00 7.810598e+01
    endloop
  endfacet
  facet normal -9.659258e-01 -3.389457e-15 -2.588190e-01
    outer loop
      vertex   1.070189e+02 2.500000e+00 7.810598e+01
      vertex   1.069264e+02 7.500000e+00 7.845114e+01
      vertex   1.070189e+02 7.500000e+00 7.810598e+01
    endloop
  endfacet
  facet normal -9.961947e-01 1.029992e-14 -8.715574e-02
    outer loop
      vertex   1.070189e+02 2.500000e+00 7.810598e+01
      vertex   1.070189e+02 7.500000e+00 7.810598e+01
      vertex   1.070500e+02 2.500000e+00 7.775000e+01
    endloop
  endfacet
  facet normal -9.961947e-01 -6.935923e-15 -8.715574e-02
    outer loop
      vertex   1.070500e+02 2.500000e+00 7.775000e+01
      vertex   1.070189e+02 7.500000e+00 7.810598e+01
      vertex   1.070500e+02 7.500000e+00 7.775000e+01
    endloop
  endfacet
  facet normal -9.961947e-01 6.935923e-15 8.715574e-02
    outer loop
      vertex   1.070500e+02 2.500000e+00 7.775000e+01
      vertex   1.070500e+02 7.500000e+00 7.775000e+01
      vertex   1.070189e+02 2.500000e+00 7.739402e+01
    endloop
  endfacet
  facet normal -9.961947e-01 -4.389500e-15 8.715574e-02
    outer loop
      vertex   1.070189e+02 2.500000e+00 7.739402e+01
      vertex   1.070500e+02 7.500000e+00 7.775000e+01
      vertex   1.070189e+02 7.500000e+00 7.739402e+01
    endloop
  endfacet
  facet normal -9.659258e-01 9.615718e-15 2.588190e-01
    outer loop
      vertex   1.070189e+02 2.500000e+00 7.739402e+01
      vertex   1.070189e+02 7.500000e+00 7.739402e+01
      vertex   1.069264e+02 2.500000e+00 7.704886e+01
    endloop
  endfacet
  facet normal -9.659258e-01 -7.591848e-15 2.588190e-01
    outer loop
      vertex   1.069264e+02 2.500000e+00 7.704886e+01
      vertex   1.070189e+02 7.500000e+00 7.739402e+01
      vertex   1.069264e+02 7.500000e+00 7.704886e+01
    endloop
  endfacet
  facet normal -9.063078e-01 6.672324e-15 4.226183e-01
    outer loop
      vertex   1.069264e+02 2.500000e+00 7.704886e+01
      vertex   1.069264e+02 7.500000e+00 7.704886e+01
      vertex   1.067754e+02 2.500000e+00 7.672500e+01
    endloop
  endfacet
  facet normal -9.063078e-01 -7.234663e-15 4.226183e-01
    outer loop
      vertex   1.067754e+02 2.500000e+00 7.672500e+01
      vertex   1.069264e+02 7.500000e+00 7.704886e+01
      vertex   1.067754e+02 7.500000e+00 7.672500e+01
    endloop
  endfacet
  facet normal -8.191520e-01 6.530473e-15 5.735764e-01
    outer loop
      vertex   1.067754e+02 2.500000e+00 7.672500e+01
      vertex   1.067754e+02 7.500000e+00 7.672500e+01
      vertex   1.065704e+02 2.500000e+00 7.643229e+01
    endloop
  endfacet
  facet normal -8.191520e-01 -5.344644e-15 5.735764e-01
    outer loop
      vertex   1.065704e+02 2.500000e+00 7.643229e+01
      vertex   1.067754e+02 7.500000e+00 7.672500e+01
      vertex   1.065704e+02 7.500000e+00 7.643229e+01
    endloop
  endfacet
  facet normal -7.071068e-01 8.038873e-15 7.071068e-01
    outer loop
      vertex   1.065704e+02 2.500000e+00 7.643229e+01
      vertex   1.065704e+02 7.500000e+00 7.643229e+01
      vertex   1.063177e+02 2.500000e+00 7.617961e+01
    endloop
  endfacet
  facet normal -7.071068e-01 -6.029155e-15 7.071068e-01
    outer loop
      vertex   1.063177e+02 2.500000e+00 7.617961e+01
      vertex   1.065704e+02 7.500000e+00 7.643229e+01
      vertex   1.063177e+02 7.500000e+00 7.617961e+01
    endloop
  endfacet
  facet normal -5.735764e-01 7.672815e-15 8.191520e-01
    outer loop
      vertex   1.063177e+02 2.500000e+00 7.617961e+01
      vertex   1.063177e+02 7.500000e+00 7.617961e+01
      vertex   1.060250e+02 2.500000e+00 7.597465e+01
    endloop
  endfacet
  facet normal -5.735764e-01 -8.160675e-15 8.191520e-01
    outer loop
      vertex   1.060250e+02 2.500000e+00 7.597465e+01
      vertex   1.063177e+02 7.500000e+00 7.617961e+01
      vertex   1.060250e+02 7.500000e+00 7.597465e+01
    endloop
  endfacet
  facet normal -4.226183e-01 6.033510e-15 9.063078e-01
    outer loop
      vertex   1.060250e+02 2.500000e+00 7.597465e+01
      vertex   1.060250e+02 7.500000e+00 7.597465e+01
      vertex   1.057011e+02 2.500000e+00 7.582363e+01
    endloop
  endfacet
  facet normal -4.226183e-01 -5.471170e-15 9.063078e-01
    outer loop
      vertex   1.057011e+02 2.500000e+00 7.582363e+01
      vertex   1.060250e+02 7.500000e+00 7.597465e+01
      vertex   1.057011e+02 7.500000e+00 7.582363e+01
    endloop
  endfacet
  facet normal -2.588190e-01 8.327456e-15 9.659258e-01
    outer loop
      vertex   1.057011e+02 2.500000e+00 7.582363e+01
      vertex   1.057011e+02 7.500000e+00 7.582363e+01
      vertex   1.053560e+02 2.500000e+00 7.573114e+01
    endloop
  endfacet
  facet normal -2.588190e-01 -4.125065e-15 9.659258e-01
    outer loop
      vertex   1.053560e+02 2.500000e+00 7.573114e+01
      vertex   1.057011e+02 7.500000e+00 7.582363e+01
      vertex   1.053560e+02 7.500000e+00 7.573114e+01
    endloop
  endfacet
  facet normal -8.715574e-02 1.005221e-14 9.961947e-01
    outer loop
      vertex   1.053560e+02 2.500000e+00 7.573114e+01
      vertex   1.053560e+02 7.500000e+00 7.573114e+01
      vertex   1.050000e+02 2.500000e+00 7.570000e+01
    endloop
  endfacet
  facet normal -8.715574e-02 -6.935923e-15 9.961947e-01
    outer loop
      vertex   1.050000e+02 2.500000e+00 7.570000e+01
      vertex   1.053560e+02 7.500000e+00 7.573114e+01
      vertex   1.050000e+02 7.500000e+00 7.570000e+01
    endloop
  endfacet
  facet normal 8.715574e-02 6.935923e-15 9.961947e-01
    outer loop
      vertex   1.050000e+02 2.500000e+00 7.570000e+01
      vertex   1.050000e+02 7.500000e+00 7.570000e+01
      vertex   1.046440e+02 2.500000e+00 7.573114e+01
    endloop
  endfacet
  facet normal 8.715574e-02 -4.884923e-15 9.961947e-01
    outer loop
      vertex   1.046440e+02 2.500000e+00 7.573114e+01
      vertex   1.050000e+02 7.500000e+00 7.570000e+01
      vertex   1.046440e+02 7.500000e+00 7.573114e+01
    endloop
  endfacet
  facet normal 2.588190e-01 8.144502e-15 9.659258e-01
    outer loop
      vertex   1.046440e+02 2.500000e+00 7.573114e+01
      vertex   1.046440e+02 7.500000e+00 7.573114e+01
      vertex   1.042989e+02 2.500000e+00 7.582363e+01
    endloop
  endfacet
  facet normal 2.588190e-01 -4.846522e-15 9.659258e-01
    outer loop
      vertex   1.042989e+02 2.500000e+00 7.582363e+01
      vertex   1.046440e+02 7.500000e+00 7.573114e+01
      vertex   1.042989e+02 7.500000e+00 7.582363e+01
    endloop
  endfacet
  facet normal 4.226183e-01 9.248205e-15 9.063078e-01
    outer loop
      vertex   1.042989e+02 2.500000e+00 7.582363e+01
      vertex   1.042989e+02 7.500000e+00 7.582363e+01
      vertex   1.039750e+02 2.500000e+00 7.597465e+01
    endloop
  endfacet
  facet normal 4.226183e-01 -6.033510e-15 9.063078e-01
    outer loop
      vertex   1.039750e+02 2.500000e+00 7.597465e+01
      vertex   1.042989e+02 7.500000e+00 7.582363e+01
      vertex   1.039750e+02 7.500000e+00 7.597465e+01
    endloop
  endfacet
  facet normal 5.735764e-01 8.160675e-15 8.191520e-01
    outer loop
      vertex   1.039750e+02 2.500000e+00 7.597465e+01
      vertex   1.039750e+02 7.500000e+00 7.597465e+01
      vertex   1.036823e+02 2.500000e+00 7.617961e+01
    endloop
  endfacet
  facet normal 5.735764e-01 -7.672815e-15 8.191520e-01
    outer loop
      vertex   1.036823e+02 2.500000e+00 7.617961e+01
      vertex   1.039750e+02 7.500000e+00 7.597465e+01
      vertex   1.036823e+02 7.500000e+00 7.617961e+01
    endloop
  endfacet
  facet normal 7.071068e-01 6.029155e-15 7.071068e-01
    outer loop
      vertex   1.036823e+02 2.500000e+00 7.617961e+01
      vertex   1.036823e+02 7.500000e+00 7.617961e+01
      vertex   1.034296e+02 2.500000e+00 7.643229e+01
    endloop
  endfacet
  facet normal 7.071068e-01 -6.029155e-15 7.071068e-01
    outer loop
      vertex   1.034296e+02 2.500000e+00 7.643229e+01
      vertex   1.036823e+02 7.500000e+00 7.617961e+01
      vertex   1.034296e+02 7.500000e+00 7.643229e+01
    endloop
  endfacet
  facet normal 8.191520e-01 7.672815e-15 5.735764e-01
    outer loop
      vertex   1.034296e+02 2.500000e+00 7.643229e+01
      vertex   1.034296e+02 7.500000e+00 7.643229e+01
      vertex   1.032246e+02 2.500000e+00 7.672500e+01
    endloop
  endfacet
  facet normal 8.191520e-01 -4.900271e-15 5.735764e-01
    outer loop
      vertex   1.032246e+02 2.500000e+00 7.672500e+01
      vertex   1.034296e+02 7.500000e+00 7.643229e+01
      vertex   1.032246e+02 7.500000e+00 7.672500e+01
    endloop
  endfacet
  facet normal 9.063078e-01 8.435816e-15 4.226183e-01
    outer loop
      vertex   1.032246e+02 2.500000e+00 7.672500e+01
      vertex   1.032246e+02 7.500000e+00 7.672500e+01
      vertex   1.030736e+02 2.500000e+00 7.704886e+01
    endloop
  endfacet
  facet normal 9.063078e-01 -6.845899e-15 4.226183e-01
    outer loop
      vertex   1.030736e+02 2.500000e+00 7.704886e+01
      vertex   1.032246e+02 7.500000e+00 7.672500e+01
      vertex   1.030736e+02 7.500000e+00 7.704886e+01
    endloop
  endfacet
  facet normal 9.659258e-01 6.317738e-15 2.588190e-01
    outer loop
      vertex   1.030736e+02 2.500000e+00 7.704886e+01
      vertex   1.030736e+02 7.500000e+00 7.704886e+01
      vertex   1.029811e+02 2.500000e+00 7.739402e+01
    endloop
  endfacet
  facet normal 9.659258e-01 -3.389457e-15 2.588190e-01
    outer loop
      vertex   1.029811e+02 2.500000e+00 7.739402e+01
      vertex   1.030736e+02 7.500000e+00 7.704886e+01
      vertex   1.029811e+02 7.500000e+00 7.739402e+01
    endloop
  endfacet
  facet normal -1.000000e+00 1.136868e-14 -6.687461e-15
    outer loop
      vertex   1.010000e+02 2.500000e+00 7.775000e+01
      vertex   1.010000e+02 2.500000e+00 8.200000e+01
      vertex   1.010000e+02 7.500000e+00 7.775000e+01
    endloop
  endfacet
  facet normal -1.000000e+00 1.136868e-14 -6.687461e-15
    outer loop
      vertex   1.010000e+02 7.500000e+00 7.775000e+01
      vertex   1.010000e+02 2.500000e+00 8.200000e+01
      vertex   1.010000e+02 7.500000e+00 8.200000e+01
    endloop
  endfacet
  facet normal 9.965845e-01 -4.758125e-15 -8.257935e-02
    outer loop
      vertex   1.090000e+02 7.500000e+00 7.775000e+01
      vertex   1.090000e+02 2.500000e+00 7.775000e+01
      vertex   1.089454e+02 7.500000e+00 7.709162e+01
    endloop
  endfacet
  facet normal 9.965845e-01 -5.696943e-15 -8.257935e-02
    outer loop
      vertex   1.089454e+02 7.500000e+00 7.709162e+01
      vertex   1.090000e+02 2.500000e+00 7.775000e+01
      vertex   1.089454e+02 2.500000e+00 7.709162e+01
    endloop
  endfacet
  facet normal 9.694003e-01 5.724276e-15 -2.454855e-01
    outer loop
      vertex   1.089454e+02 7.500000e+00 7.709162e+01
      vertex   1.089454e+02 2.500000e+00 7.709162e+01
      vertex   1.087833e+02 7.500000e+00 7.645120e+01
    endloop
  endfacet
  facet normal 9.694003e-01 -5.332175e-15 -2.454855e-01
    outer loop
      vertex   1.087833e+02 7.500000e+00 7.645120e+01
      vertex   1.089454e+02 2.500000e+00 7.709162e+01
      vertex   1.087833e+02 2.500000e+00 7.645120e+01
    endloop
  endfacet
  facet normal 9.157733e-01 4.614251e-15 -4.016954e-01
    outer loop
      vertex   1.087833e+02 7.500000e+00 7.645120e+01
      vertex   1.087833e+02 2.500000e+00 7.645120e+01
      vertex   1.085179e+02 7.500000e+00 7.584621e+01
    endloop
  endfacet
  facet normal 9.157733e-01 -4.016379e-15 -4.016954e-01
    outer loop
      vertex   1.085179e+02 7.500000e+00 7.584621e+01
      vertex   1.087833e+02 2.500000e+00 7.645120e+01
      vertex   1.085179e+02 2.500000e+00 7.584621e+01
    endloop
  endfacet
  facet normal 8.371665e-01 5.012511e-15 -5.469482e-01
    outer loop
      vertex   1.085179e+02 7.500000e+00 7.584621e+01
      vertex   1.085179e+02 2.500000e+00 7.584621e+01
      vertex   1.081566e+02 7.500000e+00 7.529315e+01
    endloop
  endfacet
  facet normal 8.371665e-01 -3.584940e-15 -5.469482e-01
    outer loop
      vertex   1.081566e+02 7.500000e+00 7.529315e+01
      vertex   1.085179e+02 2.500000e+00 7.584621e+01
      vertex   1.081566e+02 2.500000e+00 7.529315e+01
    endloop
  endfacet
  facet normal 7.357239e-01 4.113819e-15 -6.772816e-01
    outer loop
      vertex   1.081566e+02 7.500000e+00 7.529315e+01
      vertex   1.081566e+02 2.500000e+00 7.529315e+01
      vertex   1.077091e+02 7.500000e+00 7.480710e+01
    endloop
  endfacet
  facet normal 7.357239e-01 -5.510931e-15 -6.772816e-01
    outer loop
      vertex   1.077091e+02 7.500000e+00 7.480710e+01
      vertex   1.081566e+02 2.500000e+00 7.529315e+01
      vertex   1.077091e+02 2.500000e+00 7.480710e+01
    endloop
  endfacet
  facet normal 6.142127e-01 4.860026e-16 -7.891405e-01
    outer loop
      vertex   1.077091e+02 7.500000e+00 7.480710e+01
      vertex   1.077091e+02 2.500000e+00 7.480710e+01
      vertex   1.071878e+02 7.500000e+00 7.440133e+01
    endloop
  endfacet
  facet normal 6.142127e-01 -2.751219e-15 -7.891405e-01
    outer loop
      vertex   1.071878e+02 7.500000e+00 7.440133e+01
      vertex   1.077091e+02 2.500000e+00 7.480710e+01
      vertex   1.071878e+02 2.500000e+00 7.440133e+01
    endloop
  endfacet
  facet normal 4.759474e-01 1.676283e-15 -8.794738e-01
    outer loop
      vertex   1.071878e+02 7.500000e+00 7.440133e+01
      vertex   1.071878e+02 2.500000e+00 7.440133e+01
      vertex   1.066068e+02 7.500000e+00 7.408691e+01
    endloop
  endfacet
  facet normal 4.759474e-01 -1.970223e-15 -8.794738e-01
    outer loop
      vertex   1.066068e+02 7.500000e+00 7.408691e+01
      vertex   1.071878e+02 2.500000e+00 7.440133e+01
      vertex   1.066068e+02 2.500000e+00 7.408691e+01
    endloop
  endfacet
  facet normal 3.246995e-01 1.604563e-15 -9.458172e-01
    outer loop
      vertex   1.066068e+02 7.500000e+00 7.408691e+01
      vertex   1.066068e+02 2.500000e+00 7.408691e+01
      vertex   1.059819e+02 7.500000e+00 7.387240e+01
    endloop
  endfacet
  facet normal 3.246995e-01 -1.926083e-15 -9.458172e-01
    outer loop
      vertex   1.059819e+02 7.500000e+00 7.387240e+01
      vertex   1.066068e+02 2.500000e+00 7.408691e+01
      vertex   1.059819e+02 2.500000e+00 7.387240e+01
    endloop
  endfacet
  facet normal 1.645946e-01 4.643776e-16 -9.863613e-01
    outer loop
      vertex   1.059819e+02 7.500000e+00 7.387240e+01
      vertex   1.059819e+02 2.500000e+00 7.387240e+01
      vertex   1.053303e+02 7.500000e+00 7.376366e+01
    endloop
  endfacet
  facet normal 1.645946e-01 -4.678060e-16 -9.863613e-01
    outer loop
      vertex   1.053303e+02 7.500000e+00 7.376366e+01
      vertex   1.059819e+02 2.500000e+00 7.387240e+01
      vertex   1.053303e+02 2.500000e+00 7.376366e+01
    endloop
  endfacet
  facet normal -0.000000e+00 0.000000e+00 -1.000000e+00
    outer loop
      vertex   1.053303e+02 7.500000e+00 7.376366e+01
      vertex   1.053303e+02 2.500000e+00 7.376366e+01
      vertex   1.046697e+02 7.500000e+00 7.376366e+01
    endloop
  endfacet
  facet normal 0.000000e+00 0.000000e+00 -1.000000e+00
    outer loop
      vertex   1.046697e+02 7.500000e+00 7.376366e+01
      vertex   1.053303e+02 2.500000e+00 7.376366e+01
      vertex   1.046697e+02 2.500000e+00 7.376366e+01
    endloop
  endfacet
  facet normal -1.645946e-01 -4.678060e-16 -9.863613e-01
    outer loop
      vertex   1.046697e+02 7.500000e+00 7.376366e+01
      vertex   1.046697e+02 2.500000e+00 7.376366e+01
      vertex   1.040181e+02 7.500000e+00 7.387240e+01
    endloop
  endfacet
  facet normal -1.645946e-01 9.321836e-16 -9.863613e-01
    outer loop
      vertex   1.040181e+02 7.500000e+00 7.387240e+01
      vertex   1.046697e+02 2.500000e+00 7.376366e+01
      vertex   1.040181e+02 2.500000e+00 7.387240e+01
    endloop
  endfacet
  facet normal -3.246995e-01 -1.003231e-15 -9.458172e-01
    outer loop
      vertex   1.040181e+02 7.500000e+00 7.387240e+01
      vertex   1.040181e+02 2.500000e+00 7.387240e+01
      vertex   1.033932e+02 7.500000e+00 7.408691e+01
    endloop
  endfacet
  facet normal -3.246995e-01 1.604563e-15 -9.458172e-01
    outer loop
      vertex   1.033932e+02 7.500000e+00 7.408691e+01
      vertex   1.040181e+02 2.500000e+00 7.387240e+01
      vertex   1.033932e+02 2.500000e+00 7.408691e+01
    endloop
  endfacet
  facet normal -4.759474e-01 -1.970223e-15 -8.794738e-01
    outer loop
      vertex   1.033932e+02 7.500000e+00 7.408691e+01
      vertex   1.033932e+02 2.500000e+00 7.408691e+01
      vertex   1.028122e+02 7.500000e+00 7.440133e+01
    endloop
  endfacet
  facet normal -4.759474e-01 1.676283e-15 -8.794738e-01
    outer loop
      vertex   1.028122e+02 7.500000e+00 7.440133e+01
      vertex   1.033932e+02 2.500000e+00 7.408691e+01
      vertex   1.028122e+02 2.500000e+00 7.440133e+01
    endloop
  endfacet
  facet normal -6.142127e-01 -2.751219e-15 -7.891405e-01
    outer loop
      vertex   1.028122e+02 7.500000e+00 7.440133e+01
      vertex   1.028122e+02 2.500000e+00 7.440133e+01
      vertex   1.022909e+02 7.500000e+00 7.480710e+01
    endloop
  endfacet
  facet normal -6.142127e-01 4.860026e-16 -7.891405e-01
    outer loop
      vertex   1.022909e+02 7.500000e+00 7.480710e+01
      vertex   1.028122e+02 2.500000e+00 7.440133e+01
      vertex   1.022909e+02 2.500000e+00 7.480710e+01
    endloop
  endfacet
  facet normal -7.357239e-01 -5.510931e-15 -6.772816e-01
    outer loop
      vertex   1.022909e+02 7.500000e+00 7.480710e+01
      vertex   1.022909e+02 2.500000e+00 7.480710e+01
      vertex   1.018434e+02 7.500000e+00 7.529315e+01
    endloop
  endfacet
  facet normal -7.357239e-01 4.113819e-15 -6.772816e-01
    outer loop
      vertex   1.018434e+02 7.500000e+00 7.529315e+01
      vertex   1.022909e+02 2.500000e+00 7.480710e+01
      vertex   1.018434e+02 2.500000e+00 7.529315e+01
    endloop
  endfacet
  facet normal -8.371665e-01 -3.584940e-15 -5.469482e-01
    outer loop
      vertex   1.018434e+02 7.500000e+00 7.529315e+01
      vertex   1.018434e+02 2.500000e+00 7.529315e+01
      vertex   1.014821e+02 7.500000e+00 7.584621e+01
    endloop
  endfacet
  facet normal -8.371665e-01 5.012511e-15 -5.469482e-01
    outer loop
      vertex   1.014821e+02 7.500000e+00 7.584621e+01
      vertex   1.018434e+02 2.500000e+00 7.529315e+01
      vertex   1.014821e+02 2.500000e+00 7.584621e+01
    endloop
  endfacet
  facet normal -9.157733e-01 -4.016379e-15 -4.016954e-01
    outer loop
      vertex   1.014821e+02 7.500000e+00 7.584621e+01
      vertex   1.014821e+02 2.500000e+00 7.584621e+01
      vertex   1.012167e+02 7.500000e+00 7.645120e+01
    endloop
  endfacet
  facet normal -9.157733e-01 4.614251e-15 -4.016954e-01
    outer loop
      vertex   1.012167e+02 7.500000e+00 7.645120e+01
      vertex   1.014821e+02 2.500000e+00 7.584621e+01
      vertex   1.012167e+02 2.500000e+00 7.645120e+01
    endloop
  endfacet
  facet normal -9.694003e-01 -5.332175e-15 -2.454855e-01
    outer loop
      vertex   1.012167e+02 7.500000e+00 7.645120e+01
      vertex   1.012167e+02 2.500000e+00 7.645120e+01
      vertex   1.010546e+02 7.500000e+00 7.709162e+01
    endloop
  endfacet
  facet normal -9.694003e-01 5.724276e-15 -2.454855e-01
    outer loop
      vertex   1.010546e+02 7.500000e+00 7.709162e+01
      vertex   1.012167e+02 2.500000e+00 7.645120e+01
      vertex   1.010546e+02 2.500000e+00 7.709162e+01
    endloop
  endfacet
  facet normal -9.965845e-01 -5.696943e-15 -8.257935e-02
    outer loop
      vertex   1.010546e+02 7.500000e+00 7.709162e+01
      vertex   1.010546e+02 2.500000e+00 7.709162e+01
      vertex   1.010000e+02 7.500000e+00 7.775000e+01
    endloop
  endfacet
  facet normal -9.965845e-01 1.790158e-14 -8.257935e-02
    outer loop
      vertex   1.010000e+02 7.500000e+00 7.775000e+01
      vertex   1.010546e+02 2.500000e+00 7.709162e+01
      vertex   1.010000e+02 2.500000e+00 7.775000e+01
    endloop
  endfacet
  facet normal 1.000000e+00 -8.526513e-15 3.343731e-15
    outer loop
      vertex   1.090000e+02 2.500000e+00 8.200000e+01
      vertex   1.090000e+02 2.500000e+00 7.775000e+01
      vertex   1.090000e+02 7.500000e+00 8.200000e+01
    endloop
  endfacet
  facet normal 1.000000e+00 -1.136868e-14 6.687461e-15
    outer loop
      vertex   1.090000e+02 7.500000e+00 8.200000e+01
      vertex   1.090000e+02 2.500000e+00 7.775000e+01
      vertex   1.090000e+02 7.500000e+00 7.775000e+01
    endloop
  endfacet
  facet normal 0.000000e+00 1.000000e+00 0.000000e+00
    outer loop
      vertex   1.029811e+02 7.500000e+00 7.739402e+01
      vertex   1.010546e+02 7.500000e+00 7.709162e+01
      vertex   1.029500e+02 7.500000e+00 7.775000e+01
    endloop
  endfacet
  facet normal 0.000000e+00 1.000000e+00 0.000000e+00
    outer loop
      vertex   1.029500e+02 7.500000e+00 7.775000e+01
      vertex   1.010546e+02 7.500000e+00 7.709162e+01
      vertex   1.010000e+02 7.500000e+00 7.775000e+01
    endloop
  endfacet
  facet normal 0.000000e+00 1.000000e+00 -0.000000e+00
    outer loop
      vertex   1.029500e+02 7.500000e+00 7.775000e+01
      vertex   1.010000e+02 7.500000e+00 7.775000e+01
      vertex   1.029811e+02 7.500000e+00 7.810598e+01
    endloop
  endfacet
  facet normal 0.000000e+00 1.000000e+00 -0.000000e+00
    outer loop
      vertex   1.029811e+02 7.500000e+00 7.810598e+01
      vertex   1.010000e+02 7.500000e+00 7.775000e+01
      vertex   1.030736e+02 7.500000e+00 7.845114e+01
    endloop
  endfacet
  facet normal 0.000000e+00 1.000000e+00 -0.000000e+00
    outer loop
      vertex   1.030736e+02 7.500000e+00 7.845114e+01
      vertex   1.010000e+02 7.500000e+00 7.775000e+01
      vertex   1.032246e+02 7.500000e+00 7.877500e+01
    endloop
  endfacet
  facet normal 0.000000e+00 1.000000e+00 0.000000e+00
    outer loop
      vertex   1.032246e+02 7.500000e+00 7.877500e+01
      vertex   1.010000e+02 7.500000e+00 7.775000e+01
      vertex   1.010000e+02 7.500000e+00 8.200000e+01
    endloop
  endfacet
  facet normal 0.000000e+00 1.000000e+00 -0.000000e+00
    outer loop
      vertex   1.032246e+02 7.500000e+00 7.877500e+01
      vertex   1.010000e+02 7.500000e+00 8.200000e+01
      vertex   1.034296e+02 7.500000e+00 7.906771e+01
    endloop
  endfacet
  facet normal 0.000000e+00 1.000000e+00 -0.000000e+00
    outer loop
      vertex   1.034296e+02 7.500000e+00 7.906771e+01
      vertex   1.010000e+02 7.500000e+00 8.200000e+01
      vertex   1.036823e+02 7.500000e+00 7.932039e+01
    endloop
  endfacet
  facet normal 0.000000e+00 1.000000e+00 -0.000000e+00
    outer loop
      vertex   1.036823e+02 7.500000e+00 7.932039e+01
      vertex   1.010000e+02 7.500000e+00 8.200000e+01
      vertex   1.039750e+02 7.500000e+00 7.952535e+01
    endloop
  endfacet
  facet normal 0.000000e+00 1.000000e+00 -0.000000e+00
    outer loop
      vertex   1.039750e+02 7.500000e+00 7.952535e+01
      vertex   1.010000e+02 7.500000e+00 8.200000e+01
      vertex   1.042989e+02 7.500000e+00 7.967637e+01
    endloop
  endfacet
  facet normal 0.000000e+00 1.000000e+00 -0.000000e+00
    outer loop
      vertex   1.042989e+02 7.500000e+00 7.967637e+01
      vertex   1.010000e+02 7.500000e+00 8.200000e+01
      vertex   1.046440e+02 7.500000e+00 7.976886e+01
    endloop
  endfacet
  facet normal 0.000000e+00 1.000000e+00 -0.000000e+00
    outer loop
      vertex   1.046440e+02 7.500000e+00 7.976886e+01
      vertex   1.010000e+02 7.500000e+00 8.200000e+01
      vertex   1.050000e+02 7.500000e+00 7.980000e+01
    endloop
  endfacet
  facet normal 0.000000e+00 1.000000e+00 -0.000000e+00
    outer loop
      vertex   1.050000e+02 7.500000e+00 7.980000e+01
      vertex   1.010000e+02 7.500000e+00 8.200000e+01
      vertex   1.090000e+02 7.500000e+00 8.200000e+01
    endloop
  endfacet
  facet normal -0.000000e+00 1.000000e+00 0.000000e+00
    outer loop
      vertex   1.050000e+02 7.500000e+00 7.980000e+01
      vertex   1.090000e+02 7.500000e+00 8.200000e+01
      vertex   1.053560e+02 7.500000e+00 7.976886e+01
    endloop
  endfacet
  facet normal -0.000000e+00 1.000000e+00 0.000000e+00
    outer loop
      vertex   1.053560e+02 7.500000e+00 7.976886e+01
      vertex   1.090000e+02 7.500000e+00 8.200000e+01
      vertex   1.057011e+02 7.500000e+00 7.967637e+01
    endloop
  endfacet
  facet normal -0.000000e+00 1.000000e+00 0.000000e+00
    outer loop
      vertex   1.057011e+02 7.500000e+00 7.967637e+01
      vertex   1.090000e+02 7.500000e+00 8.200000e+01
      vertex   1.060250e+02 7.500000e+00 7.952535e+01
    endloop
  endfacet
  facet normal -0.000000e+00 1.000000e+00 0.000000e+00
    outer loop
      vertex   1.060250e+02 7.500000e+00 7.952535e+01
      vertex   1.090000e+02 7.500000e+00 8.200000e+01
      vertex   1.063177e+02 7.500000e+00 7.932039e+01
    endloop
  endfacet
  facet normal -0.000000e+00 1.000000e+00 0.000000e+00
    outer loop
      vertex   1.063177e+02 7.500000e+00 7.932039e+01
      vertex   1.090000e+02 7.500000e+00 8.200000e+01
      vertex   1.065704e+02 7.500000e+00 7.906771e+01
    endloop
  endfacet
  facet normal -0.000000e+00 1.000000e+00 0.000000e+00
    outer loop
      vertex   1.065704e+02 7.500000e+00 7.906771e+01
      vertex   1.090000e+02 7.500000e+00 8.200000e+01
      vertex   1.067754e+02 7.500000e+00 7.877500e+01
    endloop
  endfacet
  facet normal -0.000000e+00 1.000000e+00 0.000000e+00
    outer loop
      vertex   1.067754e+02 7.500000e+00 7.877500e+01
      vertex   1.090000e+02 7.500000e+00 8.200000e+01
      vertex   1.090000e+02 7.500000e+00 7.775000e+01
    endloop
  endfacet
  facet normal 0.000000e+00 1.000000e+00 0.000000e+00
    outer loop
      vertex   1.067754e+02 7.500000e+00 7.877500e+01
      vertex   1.090000e+02 7.500000e+00 7.775000e+01
      vertex   1.069264e+02 7.500000e+00 7.845114e+01
    endloop
  endfacet
  facet normal 0.000000e+00 1.000000e+00 0.000000e+00
    outer loop
      vertex   1.069264e+02 7.500000e+00 7.845114e+01
      vertex   1.090000e+02 7.500000e+00 7.775000e+01
      vertex   1.070189e+02 7.500000e+00 7.810598e+01
    endloop
  endfacet
  facet normal 0.000000e+00 1.000000e+00 0.000000e+00
    outer loop
      vertex   1.070189e+02 7.500000e+00 7.810598e+01
      vertex   1.090000e+02 7.500000e+00 7.775000e+01
      vertex   1.070500e+02 7.500000e+00 7.775000e+01
    endloop
  endfacet
  facet normal -0.000000e+00 1.000000e+00 0.000000e+00
    outer loop
      vertex   1.070500e+02 7.500000e+00 7.775000e+01
      vertex   1.090000e+02 7.500000e+00 7.775000e+01
      vertex   1.089454e+02 7.500000e+00 7.709162e+01
    endloop
  endfacet
  facet normal 0.000000e+00 1.000000e+00 0.000000e+00
    outer loop
      vertex   1.070500e+02 7.500000e+00 7.775000e+01
      vertex   1.089454e+02 7.500000e+00 7.709162e+01
      vertex   1.070189e+02 7.500000e+00 7.739402e+01
    endloop
  endfacet
  facet normal 0.000000e+00 1.000000e+00 0.000000e+00
    outer loop
      vertex   1.070189e+02 7.500000e+00 7.739402e+01
      vertex   1.089454e+02 7.500000e+00 7.709162e+01
      vertex   1.087833e+02 7.500000e+00 7.645120e+01
    endloop
  endfacet
  facet normal 0.000000e+00 1.000000e+00 0.000000e+00
    outer loop
      vertex   1.070189e+02 7.500000e+00 7.739402e+01
      vertex   1.087833e+02 7.500000e+00 7.645120e+01
      vertex   1.069264e+02 7.500000e+00 7.704886e+01
    endloop
  endfacet
  facet normal 0.000000e+00 1.000000e+00 0.000000e+00
    outer loop
      vertex   1.069264e+02 7.500000e+00 7.704886e+01
      vertex   1.087833e+02 7.500000e+00 7.645120e+01
      vertex   1.085179e+02 7.500000e+00 7.584621e+01
    endloop
  endfacet
  facet normal 0.000000e+00 1.000000e+00 0.000000e+00
    outer loop
      vertex   1.069264e+02 7.500000e+00 7.704886e+01
      vertex   1.085179e+02 7.500000e+00 7.584621e+01
      vertex   1.067754e+02 7.500000e+00 7.672500e+01
    endloop
  endfacet
  facet normal 0.000000e+00 1.000000e+00 0.000000e+00
    outer loop
      vertex   1.067754e+02 7.500000e+00 7.672500e+01
      vertex   1.085179e+02 7.500000e+00 7.584621e+01
      vertex   1.081566e+02 7.500000e+00 7.529315e+01
    endloop
  endfacet
  facet normal 0.000000e+00 1.000000e+00 0.000000e+00
    outer loop
      vertex   1.067754e+02 7.500000e+00 7.672500e+01
      vertex   1.081566e+02 7.500000e+00 7.529315e+01
      vertex   1.065704e+02 7.500000e+00 7.643229e+01
    endloop
  endfacet
  facet normal 0.000000e+00 1.000000e+00 0.000000e+00
    outer loop
      vertex   1.065704e+02 7.500000e+00 7.643229e+01
      vertex   1.081566e+02 7.500000e+00 7.529315e+01
      vertex   1.077091e+02 7.500000e+00 7.480710e+01
    endloop
  endfacet
  facet normal 0.000000e+00 1.000000e+00 0.000000e+00
    outer loop
      vertex   1.065704e+02 7.500000e+00 7.643229e+01
      vertex   1.077091e+02 7.500000e+00 7.480710e+01
      vertex   1.063177e+02 7.500000e+00 7.617961e+01
    endloop
  endfacet
  facet normal 0.000000e+00 1.000000e+00 0.000000e+00
    outer loop
      vertex   1.063177e+02 7.500000e+00 7.617961e+01
      vertex   1.077091e+02 7.500000e+00 7.480710e+01
      vertex   1.071878e+02 7.500000e+00 7.440133e+01
    endloop
  endfacet
  facet normal 0.000000e+00 1.000000e+00 0.000000e+00
    outer loop
      vertex   1.063177e+02 7.500000e+00 7.617961e+01
      vertex   1.071878e+02 7.500000e+00 7.440133e+01
      vertex   1.060250e+02 7.500000e+00 7.597465e+01
    endloop
  endfacet
  facet normal 0.000000e+00 1.000000e+00 0.000000e+00
    outer loop
      vertex   1.060250e+02 7.500000e+00 7.597465e+01
      vertex   1.071878e+02 7.500000e+00 7.440133e+01
      vertex   1.066068e+02 7.500000e+00 7.408691e+01
    endloop
  endfacet
  facet normal 0.000000e+00 1.000000e+00 0.000000e+00
    outer loop
      vertex   1.060250e+02 7.500000e+00 7.597465e+01
      vertex   1.066068e+02 7.500000e+00 7.408691e+01
      vertex   1.057011e+02 7.500000e+00 7.582363e+01
    endloop
  endfacet
  facet normal 0.000000e+00 1.000000e+00 0.000000e+00
    outer loop
      vertex   1.057011e+02 7.500000e+00 7.582363e+01
      vertex   1.066068e+02 7.500000e+00 7.408691e+01
      vertex   1.059819e+02 7.500000e+00 7.387240e+01
    endloop
  endfacet
  facet normal 0.000000e+00 1.000000e+00 0.000000e+00
    outer loop
      vertex   1.057011e+02 7.500000e+00 7.582363e+01
      vertex   1.059819e+02 7.500000e+00 7.387240e+01
      vertex   1.053560e+02 7.500000e+00 7.573114e+01
    endloop
  endfacet
  facet normal 0.000000e+00 1.000000e+00 0.000000e+00
    outer loop
      vertex   1.053560e+02 7.500000e+00 7.573114e+01
      vertex   1.059819e+02 7.500000e+00 7.387240e+01
      vertex   1.053303e+02 7.500000e+00 7.376366e+01
    endloop
  endfacet
  facet normal 0.000000e+00 1.000000e+00 0.000000e+00
    outer loop
      vertex   1.053560e+02 7.500000e+00 7.573114e+01
      vertex   1.053303e+02 7.500000e+00 7.376366e+01
      vertex   1.050000e+02 7.500000e+00 7.570000e+01
    endloop
  endfacet
  facet normal 0.000000e+00 1.000000e+00 0.000000e+00
    outer loop
      vertex   1.050000e+02 7.500000e+00 7.570000e+01
      vertex   1.053303e+02 7.500000e+00 7.376366e+01
      vertex   1.046697e+02 7.500000e+00 7.376366e+01
    endloop
  endfacet
  facet normal 0.000000e+00 1.000000e+00 0.000000e+00
    outer loop
      vertex   1.050000e+02 7.500000e+00 7.570000e+01
      vertex   1.046697e+02 7.500000e+00 7.376366e+01
      vertex   1.046440e+02 7.500000e+00 7.573114e+01
    endloop
  endfacet
  facet normal 0.000000e+00 1.000000e+00 0.000000e+00
    outer loop
      vertex   1.046440e+02 7.500000e+00 7.573114e+01
      vertex   1.046697e+02 7.500000e+00 7.376366e+01
      vertex   1.040181e+02 7.500000e+00 7.387240e+01
    endloop
  endfacet
  facet normal 0.000000e+00 1.000000e+00 0.000000e+00
    outer loop
      vertex   1.046440e+02 7.500000e+00 7.573114e+01
      vertex   1.040181e+02 7.500000e+00 7.387240e+01
      vertex   1.042989e+02 7.500000e+00 7.582363e+01
    endloop
  endfacet
  facet normal 0.000000e+00 1.000000e+00 0.000000e+00
    outer loop
      vertex   1.042989e+02 7.500000e+00 7.582363e+01
      vertex   1.040181e+02 7.500000e+00 7.387240e+01
      vertex   1.033932e+02 7.500000e+00 7.408691e+01
    endloop
  endfacet
  facet normal 0.000000e+00 1.000000e+00 0.000000e+00
    outer loop
      vertex   1.042989e+02 7.500000e+00 7.582363e+01
      vertex   1.033932e+02 7.500000e+00 7.408691e+01
      vertex   1.039750e+02 7.500000e+00 7.597465e+01
    endloop
  endfacet
  facet normal 0.000000e+00 1.000000e+00 0.000000e+00
    outer loop
      vertex   1.039750e+02 7.500000e+00 7.597465e+01
      vertex   1.033932e+02 7.500000e+00 7.408691e+01
      vertex   1.028122e+02 7.500000e+00 7.440133e+01
    endloop
  endfacet
  facet normal 0.000000e+00 1.000000e+00 0.000000e+00
    outer loop
      vertex   1.039750e+02 7.500000e+00 7.597465e+01
      vertex   1.028122e+02 7.500000e+00 7.440133e+01
      vertex   1.036823e+02 7.500000e+00 7.617961e+01
    endloop
  endfacet
  facet normal 0.000000e+00 1.000000e+00 0.000000e+00
    outer loop
      vertex   1.036823e+02 7.500000e+00 7.617961e+01
      vertex   1.028122e+02 7.500000e+00 7.440133e+01
      vertex   1.022909e+02 7.500000e+00 7.480710e+01
    endloop
  endfacet
  facet normal 0.000000e+00 1.000000e+00 0.000000e+00
    outer loop
      vertex   1.036823e+02 7.500000e+00 7.617961e+01
      vertex   1.022909e+02 7.500000e+00 7.480710e+01
      vertex   1.034296e+02 7.500000e+00 7.643229e+01
    endloop
  endfacet
  facet normal 0.000000e+00 1.000000e+00 0.000000e+00
    outer loop
      vertex   1.034296e+02 7.500000e+00 7.643229e+01
      vertex   1.022909e+02 7.500000e+00 7.480710e+01
      vertex   1.018434e+02 7.500000e+00 7.529315e+01
    endloop
  endfacet
  facet normal 0.000000e+00 1.000000e+00 0.000000e+00
    outer loop
      vertex   1.034296e+02 7.500000e+00 7.643229e+01
      vertex   1.018434e+02 7.500000e+00 7.529315e+01
      vertex   1.032246e+02 7.500000e+00 7.672500e+01
    endloop
  endfacet
  facet normal 0.000000e+00 1.000000e+00 0.000000e+00
    outer loop
      vertex   1.032246e+02 7.500000e+00 7.672500e+01
      vertex   1.018434e+02 7.500000e+00 7.529315e+01
      vertex   1.014821e+02 7.500000e+00 7.584621e+01
    endloop
  endfacet
  facet normal 0.000000e+00 1.000000e+00 0.000000e+00
    outer loop
      vertex   1.032246e+02 7.500000e+00 7.672500e+01
      vertex   1.014821e+02 7.500000e+00 7.584621e+01
      vertex   1.030736e+02 7.500000e+00 7.704886e+01
    endloop
  endfacet
  facet normal 0.000000e+00 1.000000e+00 0.000000e+00
    outer loop
      vertex   1.030736e+02 7.500000e+00 7.704886e+01
      vertex   1.014821e+02 7.500000e+00 7.584621e+01
      vertex   1.012167e+02 7.500000e+00 7.645120e+01
    endloop
  endfacet
  facet normal 0.000000e+00 1.000000e+00 0.000000e+00
    outer loop
      vertex   1.030736e+02 7.500000e+00 7.704886e+01
      vertex   1.012167e+02 7.500000e+00 7.645120e+01
      vertex   1.029811e+02 7.500000e+00 7.739402e+01
    endloop
  endfacet
  facet normal 0.000000e+00 1.000000e+00 0.000000e+00
    outer loop
      vertex   1.029811e+02 7.500000e+00 7.739402e+01
      vertex   1.012167e+02 7.500000e+00 7.645120e+01
      vertex   1.010546e+02 7.500000e+00 7.709162e+01
    endloop
  endfacet
  facet normal 9.961947e-01 4.637211e-15 8.715574e-02
    outer loop
      vertex   2.009811e+02 2.500000e+00 7.664402e+01
      vertex   2.009811e+02 7.500000e+00 7.664402e+01
      vertex   2.009500e+02 2.500000e+00 7.700000e+01
    endloop
  endfacet
  facet normal 9.961947e-01 -1.235092e-14 8.715574e-02
    outer loop
      vertex   2.009500e+02 2.500000e+00 7.700000e+01
      vertex   2.009811e+02 7.500000e+00 7.664402e+01
      vertex   2.009500e+02 7.500000e+00 7.700000e+01
    endloop
  endfacet
  facet normal 9.961947e-01 1.025500e-15 -8.715574e-02
    outer loop
      vertex   2.009500e+02 2.500000e+00 7.700000e+01
      vertex   2.009500e+02 7.500000e+00 7.700000e+01
      vertex   2.009811e+02 2.500000e+00 7.735598e+01
    endloop
  endfacet
  facet normal 9.961947e-01 -1.029992e-14 -8.715574e-02
    outer loop
      vertex   2.009811e+02 2.500000e+00 7.735598e+01
      vertex   2.009500e+02 7.500000e+00 7.700000e+01
      vertex   2.009811e+02 7.500000e+00 7.735598e+01
    endloop
  endfacet
  facet normal 9.659258e-01 3.389457e-15 -2.588190e-01
    outer loop
      vertex   2.009811e+02 2.500000e+00 7.735598e+01
      vertex   2.009811e+02 7.500000e+00 7.735598e+01
      vertex   2.010736e+02 2.500000e+00 7.770114e+01
    endloop
  endfacet
  facet normal 9.659258e-01 -8.327456e-15 -2.588190e-01
    outer loop
      vertex   2.010736e+02 2.500000e+00 7.770114e+01
      vertex   2.009811e+02 7.500000e+00 7.735598e+01
      vertex   2.010736e+02 7.500000e+00 7.770114e+01
    endloop
  endfacet
  facet normal 9.063078e-01 5.471170e-15 -4.226183e-01
    outer loop
      vertex   2.010736e+02 2.500000e+00 7.770114e+01
      vertex   2.010736e+02 7.500000e+00 7.770114e+01
      vertex   2.012246e+02 2.500000e+00 7.802500e+01
    endloop
  endfacet
  facet normal 9.063078e-01 -1.238643e-14 -4.226183e-01
    outer loop
      vertex   2.012246e+02 2.500000e+00 7.802500e+01
      vertex   2.010736e+02 7.500000e+00 7.770114e+01
      vertex   2.012246e+02 7.500000e+00 7.802500e+01
    endloop
  endfacet
  facet normal 8.191520e-01 1.874133e-15 -5.735764e-01
    outer loop
      vertex   2.012246e+02 2.500000e+00 7.802500e+01
      vertex   2.012246e+02 7.500000e+00 7.802500e+01
      vertex   2.014296e+02 2.500000e+00 7.831771e+01
    endloop
  endfacet
  facet normal 8.191520e-01 -1.386272e-15 -5.735764e-01
    outer loop
      vertex   2.014296e+02 2.500000e+00 7.831771e+01
      vertex   2.012246e+02 7.500000e+00 7.802500e+01
      vertex   2.014296e+02 7.500000e+00 7.831771e+01
    endloop
  endfacet
  facet normal 7.071068e-01 1.205831e-14 -7.071068e-01
    outer loop
      vertex   2.014296e+02 2.500000e+00 7.831771e+01
      vertex   2.014296e+02 7.500000e+00 7.831771e+01
      vertex   2.016823e+02 2.500000e+00 7.857039e+01
    endloop
  endfacet
  facet normal 7.071068e-01 -8.038873e-15 -7.071068e-01
    outer loop
      vertex   2.016823e+02 2.500000e+00 7.857039e+01
      vertex   2.014296e+02 7.500000e+00 7.831771e+01
      vertex   2.016823e+02 7.500000e+00 7.857039e+01
    endloop
  endfacet
  facet normal 5.735764e-01 6.042612e-15 -8.191520e-01
    outer loop
      vertex   2.016823e+02 2.500000e+00 7.857039e+01
      vertex   2.016823e+02 7.500000e+00 7.857039e+01
      vertex   2.019750e+02 2.500000e+00 7.877535e+01
    endloop
  endfacet
  facet normal 5.735764e-01 -9.790877e-15 -8.191520e-01
    outer loop
      vertex   2.019750e+02 2.500000e+00 7.877535e+01
      vertex   2.016823e+02 7.500000e+00 7.857039e+01
      vertex   2.019750e+02 7.500000e+00 7.877535e+01
    endloop
  endfacet
  facet normal 4.226183e-01 4.832356e-15 -9.063078e-01
    outer loop
      vertex   2.019750e+02 2.500000e+00 7.877535e+01
      vertex   2.019750e+02 7.500000e+00 7.877535e+01
      vertex   2.022989e+02 2.500000e+00 7.892637e+01
    endloop
  endfacet
  facet normal 4.226183e-01 -7.873477e-15 -9.063078e-01
    outer loop
      vertex   2.022989e+02 2.500000e+00 7.892637e+01
      vertex   2.019750e+02 7.500000e+00 7.877535e+01
      vertex   2.022989e+02 7.500000e+00 7.892637e+01
    endloop
  endfacet
  facet normal 2.588190e-01 6.856240e-15 -9.659258e-01
    outer loop
      vertex   2.022989e+02 2.500000e+00 7.892637e+01
      vertex   2.022989e+02 7.500000e+00 7.892637e+01
      vertex   2.026440e+02 2.500000e+00 7.901886e+01
    endloop
  endfacet
  facet normal 2.588190e-01 -5.399176e-15 -9.659258e-01
    outer loop
      vertex   2.026440e+02 2.500000e+00 7.901886e+01
      vertex   2.022989e+02 7.500000e+00 7.892637e+01
      vertex   2.026440e+02 7.500000e+00 7.901886e+01
    endloop
  endfacet
  facet normal 8.715574e-02 7.716279e-15 -9.961947e-01
    outer loop
      vertex   2.026440e+02 2.500000e+00 7.901886e+01
      vertex   2.026440e+02 7.500000e+00 7.901886e+01
      vertex   2.030000e+02 2.500000e+00 7.905000e+01
    endloop
  endfacet
  facet normal 8.715574e-02 -6.935923e-15 -9.961947e-01
    outer loop
      vertex   2.030000e+02 2.500000e+00 7.905000e+01
      vertex   2.026440e+02 7.500000e+00 7.901886e+01
      vertex   2.030000e+02 7.500000e+00 7.905000e+01
    endloop
  endfacet
  facet normal -8.715574e-02 6.935923e-15 -9.961947e-01
    outer loop
      vertex   2.030000e+02 2.500000e+00 7.905000e+01
      vertex   2.030000e+02 7.500000e+00 7.905000e+01
      vertex   2.033560e+02 2.500000e+00 7.901886e+01
    endloop
  endfacet
  facet normal -8.715574e-02 -4.884923e-15 -9.961947e-01
    outer loop
      vertex   2.033560e+02 2.500000e+00 7.901886e+01
      vertex   2.030000e+02 7.500000e+00 7.905000e+01
      vertex   2.033560e+02 7.500000e+00 7.901886e+01
    endloop
  endfacet
  facet normal -2.588190e-01 8.144502e-15 -9.659258e-01
    outer loop
      vertex   2.033560e+02 2.500000e+00 7.901886e+01
      vertex   2.033560e+02 7.500000e+00 7.901886e+01
      vertex   2.037011e+02 2.500000e+00 7.892637e+01
    endloop
  endfacet
  facet normal -2.588190e-01 -5.582130e-15 -9.659258e-01
    outer loop
      vertex   2.037011e+02 2.500000e+00 7.892637e+01
      vertex   2.033560e+02 7.500000e+00 7.901886e+01
      vertex   2.037011e+02 7.500000e+00 7.892637e+01
    endloop
  endfacet
  facet normal -4.226183e-01 8.047052e-15 -9.063078e-01
    outer loop
      vertex   2.037011e+02 2.500000e+00 7.892637e+01
      vertex   2.037011e+02 7.500000e+00 7.892637e+01
      vertex   2.040250e+02 2.500000e+00 7.877535e+01
    endloop
  endfacet
  facet normal -4.226183e-01 -4.658781e-15 -9.063078e-01
    outer loop
      vertex   2.040250e+02 2.500000e+00 7.877535e+01
      vertex   2.037011e+02 7.500000e+00 7.892637e+01
      vertex   2.040250e+02 7.500000e+00 7.877535e+01
    endloop
  endfacet
  facet normal -5.735764e-01 8.858643e-15 -8.191520e-01
    outer loop
      vertex   2.040250e+02 2.500000e+00 7.877535e+01
      vertex   2.040250e+02 7.500000e+00 7.877535e+01
      vertex   2.043177e+02 2.500000e+00 7.857039e+01
    endloop
  endfacet
  facet normal -5.735764e-01 -6.974847e-15 -8.191520e-01
    outer loop
      vertex   2.043177e+02 2.500000e+00 7.857039e+01
      vertex   2.040250e+02 7.500000e+00 7.877535e+01
      vertex   2.043177e+02 7.500000e+00 7.857039e+01
    endloop
  endfacet
  facet normal -7.071068e-01 6.029155e-15 -7.071068e-01
    outer loop
      vertex   2.043177e+02 2.500000e+00 7.857039e+01
      vertex   2.043177e+02 7.500000e+00 7.857039e+01
      vertex   2.045704e+02 2.500000e+00 7.831771e+01
    endloop
  endfacet
  facet normal -7.071068e-01 -4.019437e-15 -7.071068e-01
    outer loop
      vertex   2.045704e+02 2.500000e+00 7.831771e+01
      vertex   2.043177e+02 7.500000e+00 7.857039e+01
      vertex   2.045704e+02 7.500000e+00 7.831771e+01
    endloop
  endfacet
  facet normal -8.191520e-01 9.303017e-15 -5.735764e-01
    outer loop
      vertex   2.045704e+02 2.500000e+00 7.831771e+01
      vertex   2.045704e+02 7.500000e+00 7.831771e+01
      vertex   2.047754e+02 2.500000e+00 7.802500e+01
    endloop
  endfacet
  facet normal -8.191520e-01 -9.556611e-15 -5.735764e-01
    outer loop
      vertex   2.047754e+02 2.500000e+00 7.802500e+01
      vertex   2.045704e+02 7.500000e+00 7.831771e+01
      vertex   2.047754e+02 7.500000e+00 7.802500e+01
    endloop
  endfacet
  facet normal -9.063078e-01 3.284053e-15 -4.226183e-01
    outer loop
      vertex   2.047754e+02 2.500000e+00 7.802500e+01
      vertex   2.047754e+02 7.500000e+00 7.802500e+01
      vertex   2.049264e+02 2.500000e+00 7.770114e+01
    endloop
  endfacet
  facet normal -9.063078e-01 -4.270017e-15 -4.226183e-01
    outer loop
      vertex   2.049264e+02 2.500000e+00 7.770114e+01
      vertex   2.047754e+02 7.500000e+00 7.802500e+01
      vertex   2.049264e+02 7.500000e+00 7.770114e+01
    endloop
  endfacet
  facet normal -9.659258e-01 9.063064e-15 -2.588190e-01
    outer loop
      vertex   2.049264e+02 2.500000e+00 7.770114e+01
      vertex   2.049264e+02 7.500000e+00 7.770114e+01
      vertex   2.050189e+02 2.500000e+00 7.735598e+01
    endloop
  endfacet
  facet normal -9.659258e-01 -8.880110e-15 -2.588190e-01
    outer loop
      vertex   2.050189e+02 2.500000e+00 7.735598e+01
      vertex   2.049264e+02 7.500000e+00 7.770114e+01
      vertex   2.050189e+02 7.500000e+00 7.735598e+01
    endloop
  endfacet
  facet normal -9.961947e-01 4.637211e-15 -8.715574e-02
    outer loop
      vertex   2.050189e+02 2.500000e+00 7.735598e+01
      vertex   2.050189e+02 7.500000e+00 7.735598e+01
      vertex   2.050500e+02 2.500000e+00 7.700000e+01
    endloop
  endfacet
  facet normal -9.961947e-01 -6.935923e-15 -8.715574e-02
    outer loop
      vertex   2.050500e+02 2.500000e+00 7.700000e+01
      vertex   2.050189e+02 7.500000e+00 7.735598e+01
      vertex   2.050500e+02 7.500000e+00 7.700000e+01
    endloop
  endfacet
  facet normal -9.961947e-01 6.935923e-15 8.715574e-02
    outer loop
      vertex   2.050500e+02 2.500000e+00 7.700000e+01
      vertex   2.050500e+02 7.500000e+00 7.700000e+01
      vertex   2.050189e+02 2.500000e+00 7.664402e+01
    endloop
  endfacet
  facet normal -9.961947e-01 -1.029992e-14 8.715574e-02
    outer loop
      vertex   2.050189e+02 2.500000e+00 7.664402e+01
      vertex   2.050500e+02 7.500000e+00 7.700000e+01
      vertex   2.050189e+02 7.500000e+00 7.664402e+01
    endloop
  endfacet
  facet normal -9.659258e-01 3.389457e-15 2.588190e-01
    outer loop
      vertex   2.050189e+02 2.500000e+00 7.664402e+01
      vertex   2.050189e+02 7.500000e+00 7.664402e+01
      vertex   2.049264e+02 2.500000e+00 7.629886e+01
    endloop
  endfacet
  facet normal -9.659258e-01 -8.327456e-15 2.588190e-01
    outer loop
      vertex   2.049264e+02 2.500000e+00 7.629886e+01
      vertex   2.050189e+02 7.500000e+00 7.664402e+01
      vertex   2.049264e+02 7.500000e+00 7.629886e+01
    endloop
  endfacet
  facet normal -9.063078e-01 5.471170e-15 4.226183e-01
    outer loop
      vertex   2.049264e+02 2.500000e+00 7.629886e+01
      vertex   2.049264e+02 7.500000e+00 7.629886e+01
      vertex   2.047754e+02 2.500000e+00 7.597500e+01
    endloop
  endfacet
  facet normal -9.063078e-01 -1.358758e-14 4.226183e-01
    outer loop
      vertex   2.047754e+02 2.500000e+00 7.597500e+01
      vertex   2.049264e+02 7.500000e+00 7.629886e+01
      vertex   2.047754e+02 7.500000e+00 7.597500e+01
    endloop
  endfacet
  facet normal -8.191520e-01 2.439303e-16 5.735764e-01
    outer loop
      vertex   2.047754e+02 2.500000e+00 7.597500e+01
      vertex   2.047754e+02 7.500000e+00 7.597500e+01
      vertex   2.045704e+02 2.500000e+00 7.568229e+01
    endloop
  endfacet
  facet normal -8.191520e-01 -1.386272e-15 5.735764e-01
    outer loop
      vertex   2.045704e+02 2.500000e+00 7.568229e+01
      vertex   2.047754e+02 7.500000e+00 7.597500e+01
      vertex   2.045704e+02 7.500000e+00 7.568229e+01
    endloop
  endfacet
  facet normal -7.071068e-01 1.205831e-14 7.071068e-01
    outer loop
      vertex   2.045704e+02 2.500000e+00 7.568229e+01
      vertex   2.045704e+02 7.500000e+00 7.568229e+01
      vertex   2.043177e+02 2.500000e+00 7.542961e+01
    endloop
  endfacet
  facet normal -7.071068e-01 -8.038873e-15 7.071068e-01
    outer loop
      vertex   2.043177e+02 2.500000e+00 7.542961e+01
      vertex   2.045704e+02 7.500000e+00 7.568229e+01
      vertex   2.043177e+02 7.500000e+00 7.542961e+01
    endloop
  endfacet
  facet normal -5.735764e-01 6.042612e-15 8.191520e-01
    outer loop
      vertex   2.043177e+02 2.500000e+00 7.542961e+01
      vertex   2.043177e+02 7.500000e+00 7.542961e+01
      vertex   2.040250e+02 2.500000e+00 7.522465e+01
    endloop
  endfacet
  facet normal -5.735764e-01 -9.790877e-15 8.191520e-01
    outer loop
      vertex   2.040250e+02 2.500000e+00 7.522465e+01
      vertex   2.043177e+02 7.500000e+00 7.542961e+01
      vertex   2.040250e+02 7.500000e+00 7.522465e+01
    endloop
  endfacet
  facet normal -4.226183e-01 4.832356e-15 9.063078e-01
    outer loop
      vertex   2.040250e+02 2.500000e+00 7.522465e+01
      vertex   2.040250e+02 7.500000e+00 7.522465e+01
      vertex   2.037011e+02 2.500000e+00 7.507363e+01
    endloop
  endfacet
  facet normal -4.226183e-01 -1.044936e-14 9.063078e-01
    outer loop
      vertex   2.037011e+02 2.500000e+00 7.507363e+01
      vertex   2.040250e+02 7.500000e+00 7.522465e+01
      vertex   2.037011e+02 7.500000e+00 7.507363e+01
    endloop
  endfacet
  facet normal -2.588190e-01 4.110914e-15 9.659258e-01
    outer loop
      vertex   2.037011e+02 2.500000e+00 7.507363e+01
      vertex   2.037011e+02 7.500000e+00 7.507363e+01
      vertex   2.033560e+02 2.500000e+00 7.498114e+01
    endloop
  endfacet
  facet normal -2.588190e-01 -5.399176e-15 9.659258e-01
    outer loop
      vertex   2.033560e+02 2.500000e+00 7.498114e+01
      vertex   2.037011e+02 7.500000e+00 7.507363e+01
      vertex   2.033560e+02 7.500000e+00 7.498114e+01
    endloop
  endfacet
  facet normal -8.715574e-02 7.716279e-15 9.961947e-01
    outer loop
      vertex   2.033560e+02 2.500000e+00 7.498114e+01
      vertex   2.033560e+02 7.500000e+00 7.498114e+01
      vertex   2.030000e+02 2.500000e+00 7.495000e+01
    endloop
  endfacet
  facet normal -8.715574e-02 -6.935923e-15 9.961947e-01
    outer loop
      vertex   2.030000e+02 2.500000e+00 7.495000e+01
      vertex   2.033560e+02 7.500000e+00 7.498114e+01
      vertex   2.030000e+02 7.500000e+00 7.495000e+01
    endloop
  endfacet
  facet normal 8.715574e-02 6.935923e-15 9.961947e-01
    outer loop
      vertex   2.030000e+02 2.500000e+00 7.495000e+01
      vertex   2.030000e+02 7.500000e+00 7.495000e+01
      vertex   2.026440e+02 2.500000e+00 7.498114e+01
    endloop
  endfacet
  facet normal 8.715574e-02 -4.884923e-15 9.961947e-01
    outer loop
      vertex   2.026440e+02 2.500000e+00 7.498114e+01
      vertex   2.030000e+02 7.500000e+00 7.495000e+01
      vertex   2.026440e+02 7.500000e+00 7.498114e+01
    endloop
  endfacet
  facet normal 2.588190e-01 8.144502e-15 9.659258e-01
    outer loop
      vertex   2.026440e+02 2.500000e+00 7.498114e+01
      vertex   2.026440e+02 7.500000e+00 7.498114e+01
      vertex   2.022989e+02 2.500000e+00 7.507363e+01
    endloop
  endfacet
  facet normal 2.588190e-01 -5.582130e-15 9.659258e-01
    outer loop
      vertex   2.022989e+02 2.500000e+00 7.507363e+01
      vertex   2.026440e+02 7.500000e+00 7.498114e+01
      vertex   2.022989e+02 7.500000e+00 7.507363e+01
    endloop
  endfacet
  facet normal 4.226183e-01 8.047052e-15 9.063078e-01
    outer loop
      vertex   2.022989e+02 2.500000e+00 7.507363e+01
      vertex   2.022989e+02 7.500000e+00 7.507363e+01
      vertex   2.019750e+02 2.500000e+00 7.522465e+01
    endloop
  endfacet
  facet normal 4.226183e-01 -4.658781e-15 9.063078e-01
    outer loop
      vertex   2.019750e+02 2.500000e+00 7.522465e+01
      vertex   2.022989e+02 7.500000e+00 7.507363e+01
      vertex   2.019750e+02 7.500000e+00 7.522465e+01
    endloop
  endfacet
  facet normal 5.735764e-01 8.858643e-15 8.191520e-01
    outer loop
      vertex   2.019750e+02 2.500000e+00 7.522465e+01
      vertex   2.019750e+02 7.500000e+00 7.522465e+01
      vertex   2.016823e+02 2.500000e+00 7.542961e+01
    endloop
  endfacet
  facet normal 5.735764e-01 -6.974847e-15 8.191520e-01
    outer loop
      vertex   2.016823e+02 2.500000e+00 7.542961e+01
      vertex   2.019750e+02 7.500000e+00 7.522465e+01
      vertex   2.016823e+02 7.500000e+00 7.542961e+01
    endloop
  endfacet
  facet normal 7.071068e-01 6.029155e-15 7.071068e-01
    outer loop
      vertex   2.016823e+02 2.500000e+00 7.542961e+01
      vertex   2.016823e+02 7.500000e+00 7.542961e+01
      vertex   2.014296e+02 2.500000e+00 7.568229e+01
    endloop
  endfacet
  facet normal 7.071068e-01 -4.019437e-15 7.071068e-01
    outer loop
      vertex   2.014296e+02 2.500000e+00 7.568229e+01
      vertex   2.016823e+02 7.500000e+00 7.542961e+01
      vertex   2.014296e+02 7.500000e+00 7.568229e+01
    endloop
  endfacet
  facet normal 8.191520e-01 9.303017e-15 5.735764e-01
    outer loop
      vertex   2.014296e+02 2.500000e+00 7.568229e+01
      vertex   2.014296e+02 7.500000e+00 7.568229e+01
      vertex   2.012246e+02 2.500000e+00 7.597500e+01
    endloop
  endfacet
  facet normal 8.191520e-01 -1.118681e-14 5.735764e-01
    outer loop
      vertex   2.012246e+02 2.500000e+00 7.597500e+01
      vertex   2.014296e+02 7.500000e+00 7.568229e+01
      vertex   2.012246e+02 7.500000e+00 7.597500e+01
    endloop
  endfacet
  facet normal 9.063078e-01 2.082900e-15 4.226183e-01
    outer loop
      vertex   2.012246e+02 2.500000e+00 7.597500e+01
      vertex   2.012246e+02 7.500000e+00 7.597500e+01
      vertex   2.010736e+02 2.500000e+00 7.629886e+01
    endloop
  endfacet
  facet normal 9.063078e-01 -4.270017e-15 4.226183e-01
    outer loop
      vertex   2.010736e+02 2.500000e+00 7.629886e+01
      vertex   2.012246e+02 7.500000e+00 7.597500e+01
      vertex   2.010736e+02 7.500000e+00 7.629886e+01
    endloop
  endfacet
  facet normal 9.659258e-01 9.063064e-15 2.588190e-01
    outer loop
      vertex   2.010736e+02 2.500000e+00 7.629886e+01
      vertex   2.010736e+02 7.500000e+00 7.629886e+01
      vertex   2.009811e+02 2.500000e+00 7.664402e+01
    endloop
  endfacet
  facet normal 9.659258e-01 -8.880110e-15 2.588190e-01
    outer loop
      vertex   2.009811e+02 2.500000e+00 7.664402e+01
      vertex   2.010736e+02 7.500000e+00 7.629886e+01
      vertex   2.009811e+02 7.500000e+00 7.664402e+01
    endloop
  endfacet
  facet normal -5.728543e-01 -5.964306e-14 8.196573e-01
    outer loop
      vertex   2.007086e+02 2.500000e+00 8.027863e+01
      vertex   2.031716e+02 2.500000e+00 8.200000e+01
      vertex   2.007086e+02 7.500000e+00 8.027863e+01
    endloop
  endfacet
  facet normal -5.728543e-01 -5.639599e-14 8.196573e-01
    outer loop
      vertex   2.007086e+02 7.500000e+00 8.027863e+01
      vertex   2.031716e+02 2.500000e+00 8.200000e+01
      vertex   2.031716e+02 7.500000e+00 8.200000e+01
    endloop
  endfacet
  facet normal -5.437239e-14 1.000000e+00 -4.756967e-15
    outer loop
      vertex   2.009811e+02 7.500000e+00 7.664402e+01
      vertex   1.990027e+02 7.500000e+00 7.685195e+01
      vertex   2.009500e+02 7.500000e+00 7.700000e+01
    endloop
  endfacet
  facet normal -4.308336e-14 1.000000e+00 -1.532333e-13
    outer loop
      vertex   2.009500e+02 7.500000e+00 7.700000e+01
      vertex   1.990027e+02 7.500000e+00 7.685195e+01
      vertex   1.990334e+02 7.500000e+00 7.751569e+01
    endloop
  endfacet
  facet normal -1.811005e-15 1.000000e+00 1.584424e-16
    outer loop
      vertex   2.009500e+02 7.500000e+00 7.700000e+01
      vertex   1.990334e+02 7.500000e+00 7.751569e+01
      vertex   2.009811e+02 7.500000e+00 7.735598e+01
    endloop
  endfacet
  facet normal -1.457329e-14 1.000000e+00 -1.554795e-13
    outer loop
      vertex   2.009811e+02 7.500000e+00 7.735598e+01
      vertex   1.990334e+02 7.500000e+00 7.751569e+01
      vertex   1.991735e+02 7.500000e+00 7.816521e+01
    endloop
  endfacet
  facet normal 4.913606e-14 1.000000e+00 -1.316597e-14
    outer loop
      vertex   2.009811e+02 7.500000e+00 7.735598e+01
      vertex   1.991735e+02 7.500000e+00 7.816521e+01
      vertex   2.010736e+02 7.500000e+00 7.770114e+01
    endloop
  endfacet
  facet normal 1.152728e-14 1.000000e+00 -1.671554e-13
    outer loop
      vertex   2.010736e+02 7.500000e+00 7.770114e+01
      vertex   1.991735e+02 7.500000e+00 7.816521e+01
      vertex   1.994192e+02 7.500000e+00 7.878258e+01
    endloop
  endfacet
  facet normal 9.257206e-14 1.000000e+00 -4.316706e-14
    outer loop
      vertex   2.010736e+02 7.500000e+00 7.770114e+01
      vertex   1.994192e+02 7.500000e+00 7.878258e+01
      vertex   2.012246e+02 7.500000e+00 7.802500e+01
    endloop
  endfacet
  facet normal 3.228735e-14 1.000000e+00 -1.868389e-13
    outer loop
      vertex   2.012246e+02 7.500000e+00 7.802500e+01
      vertex   1.994192e+02 7.500000e+00 7.878258e+01
      vertex   1.997637e+02 7.500000e+00 7.935076e+01
    endloop
  endfacet
  facet normal 1.234149e-13 1.000000e+00 -8.641605e-14
    outer loop
      vertex   2.012246e+02 7.500000e+00 7.802500e+01
      vertex   1.997637e+02 7.500000e+00 7.935076e+01
      vertex   2.014296e+02 7.500000e+00 7.831771e+01
    endloop
  endfacet
  facet normal 4.475180e-14 1.000000e+00 -2.132731e-13
    outer loop
      vertex   2.014296e+02 7.500000e+00 7.831771e+01
      vertex   1.997637e+02 7.500000e+00 7.935076e+01
      vertex   2.001975e+02 7.500000e+00 7.985407e+01
    endloop
  endfacet
  facet normal 1.382709e-13 1.000000e+00 -1.382709e-13
    outer loop
      vertex   2.014296e+02 7.500000e+00 7.831771e+01
      vertex   2.001975e+02 7.500000e+00 7.985407e+01
      vertex   2.016823e+02 7.500000e+00 7.857039e+01
    endloop
  endfacet
  facet normal 7.918746e-13 1.000000e+00 6.177520e-13
    outer loop
      vertex   2.016823e+02 7.500000e+00 7.857039e+01
      vertex   2.001975e+02 7.500000e+00 7.985407e+01
      vertex   2.007086e+02 7.500000e+00 8.027863e+01
    endloop
  endfacet
  facet normal -8.326708e-14 1.000000e+00 1.189177e-13
    outer loop
      vertex   2.016823e+02 7.500000e+00 7.857039e+01
      vertex   2.007086e+02 7.500000e+00 8.027863e+01
      vertex   2.019750e+02 7.500000e+00 7.877535e+01
    endloop
  endfacet
  facet normal -6.329713e-14 1.000000e+00 1.357411e-13
    outer loop
      vertex   2.019750e+02 7.500000e+00 7.877535e+01
      vertex   2.007086e+02 7.500000e+00 8.027863e+01
      vertex   2.022989e+02 7.500000e+00 7.892637e+01
    endloop
  endfacet
  facet normal -4.282329e-14 1.000000e+00 1.598187e-13
    outer loop
      vertex   2.022989e+02 7.500000e+00 7.892637e+01
      vertex   2.007086e+02 7.500000e+00 8.027863e+01
      vertex   2.026440e+02 7.500000e+00 7.901886e+01
    endloop
  endfacet
  facet normal -1.038583e-13 1.000000e+00 6.604819e-14
    outer loop
      vertex   2.026440e+02 7.500000e+00 7.901886e+01
      vertex   2.007086e+02 7.500000e+00 8.027863e+01
      vertex   2.031716e+02 7.500000e+00 8.200000e+01
    endloop
  endfacet
  facet normal -4.236093e-15 1.000000e+00 4.841876e-14
    outer loop
      vertex   2.026440e+02 7.500000e+00 7.901886e+01
      vertex   2.031716e+02 7.500000e+00 8.200000e+01
      vertex   2.030000e+02 7.500000e+00 7.905000e+01
    endloop
  endfacet
  facet normal 4.193201e-15 1.000000e+00 4.792851e-14
    outer loop
      vertex   2.030000e+02 7.500000e+00 7.905000e+01
      vertex   2.031716e+02 7.500000e+00 8.200000e+01
      vertex   2.033560e+02 7.500000e+00 7.901886e+01
    endloop
  endfacet
  facet normal 1.298818e-14 1.000000e+00 4.847255e-14
    outer loop
      vertex   2.033560e+02 7.500000e+00 7.901886e+01
      vertex   2.031716e+02 7.500000e+00 8.200000e+01
      vertex   2.037011e+02 7.500000e+00 7.892637e+01
    endloop
  endfacet
  facet normal 2.344309e-14 1.000000e+00 5.027387e-14
    outer loop
      vertex   2.037011e+02 7.500000e+00 7.892637e+01
      vertex   2.031716e+02 7.500000e+00 8.200000e+01
      vertex   2.040250e+02 7.500000e+00 7.877535e+01
    endloop
  endfacet
  facet normal 3.787695e-14 1.000000e+00 5.409390e-14
    outer loop
      vertex   2.040250e+02 7.500000e+00 7.877535e+01
      vertex   2.031716e+02 7.500000e+00 8.200000e+01
      vertex   2.043177e+02 7.500000e+00 7.857039e+01
    endloop
  endfacet
  facet normal 6.223367e-14 1.000000e+00 6.223367e-14
    outer loop
      vertex   2.043177e+02 7.500000e+00 7.857039e+01
      vertex   2.031716e+02 7.500000e+00 8.200000e+01
      vertex   2.045704e+02 7.500000e+00 7.831771e+01
    endloop
  endfacet
  facet normal 6.223367e-14 1.000000e+00 6.223367e-14
    outer loop
      vertex   2.045704e+02 7.500000e+00 7.831771e+01
      vertex   2.031716e+02 7.500000e+00 8.200000e+01
      vertex   2.080000e+02 7.500000e+00 7.717157e+01
    endloop
  endfacet
  facet normal 5.409390e-14 1.000000e+00 3.787695e-14
    outer loop
      vertex   2.045704e+02 7.500000e+00 7.831771e+01
      vertex   2.080000e+02 7.500000e+00 7.717157e+01
      vertex   2.047754e+02 7.500000e+00 7.802500e+01
    endloop
  endfacet
  facet normal 5.027387e-14 1.000000e+00 2.344309e-14
    outer loop
      vertex   2.047754e+02 7.500000e+00 7.802500e+01
      vertex   2.080000e+02 7.500000e+00 7.717157e+01
      vertex   2.049264e+02 7.500000e+00 7.770114e+01
    endloop
  endfacet
  facet normal 4.847255e-14 1.000000e+00 1.298818e-14
    outer loop
      vertex   2.049264e+02 7.500000e+00 7.770114e+01
      vertex   2.080000e+02 7.500000e+00 7.717157e+01
      vertex   2.050189e+02 7.500000e+00 7.735598e+01
    endloop
  endfacet
  facet normal 4.792851e-14 1.000000e+00 4.193201e-15
    outer loop
      vertex   2.050189e+02 7.500000e+00 7.735598e+01
      vertex   2.080000e+02 7.500000e+00 7.717157e+01
      vertex   2.050500e+02 7.500000e+00 7.700000e+01
    endloop
  endfacet
  facet normal 4.841876e-14 1.000000e+00 -4.236093e-15
    outer loop
      vertex   2.050500e+02 7.500000e+00 7.700000e+01
      vertex   2.080000e+02 7.500000e+00 7.717157e+01
      vertex   2.050189e+02 7.500000e+00 7.664402e+01
    endloop
  endfacet
  facet normal 6.612101e-14 1.000000e+00 -1.042698e-13
    outer loop
      vertex   2.050189e+02 7.500000e+00 7.664402e+01
      vertex   2.080000e+02 7.500000e+00 7.717157e+01
      vertex   2.062786e+02 7.500000e+00 7.470858e+01
    endloop
  endfacet
  facet normal 1.603181e-13 1.000000e+00 -4.295711e-14
    outer loop
      vertex   2.050189e+02 7.500000e+00 7.664402e+01
      vertex   2.062786e+02 7.500000e+00 7.470858e+01
      vertex   2.049264e+02 7.500000e+00 7.629886e+01
    endloop
  endfacet
  facet normal 1.361653e-13 1.000000e+00 -6.349494e-14
    outer loop
      vertex   2.049264e+02 7.500000e+00 7.629886e+01
      vertex   2.062786e+02 7.500000e+00 7.470858e+01
      vertex   2.047754e+02 7.500000e+00 7.597500e+01
    endloop
  endfacet
  facet normal 1.192893e-13 1.000000e+00 -8.352729e-14
    outer loop
      vertex   2.047754e+02 7.500000e+00 7.597500e+01
      vertex   2.062786e+02 7.500000e+00 7.470858e+01
      vertex   2.045704e+02 7.500000e+00 7.568229e+01
    endloop
  endfacet
  facet normal 4.604952e-14 1.000000e+00 -2.120173e-13
    outer loop
      vertex   2.045704e+02 7.500000e+00 7.568229e+01
      vertex   2.062786e+02 7.500000e+00 7.470858e+01
      vertex   2.058541e+02 7.500000e+00 7.419745e+01
    endloop
  endfacet
  facet normal 1.350628e-13 1.000000e+00 -1.350628e-13
    outer loop
      vertex   2.045704e+02 7.500000e+00 7.568229e+01
      vertex   2.058541e+02 7.500000e+00 7.419745e+01
      vertex   2.043177e+02 7.500000e+00 7.542961e+01
    endloop
  endfacet
  facet normal 5.207120e-14 1.000000e+00 -2.385437e-13
    outer loop
      vertex   2.043177e+02 7.500000e+00 7.542961e+01
      vertex   2.058541e+02 7.500000e+00 7.419745e+01
      vertex   2.053508e+02 7.500000e+00 7.376366e+01
    endloop
  endfacet
  facet normal 1.322270e-13 1.000000e+00 -1.888397e-13
    outer loop
      vertex   2.043177e+02 7.500000e+00 7.542961e+01
      vertex   2.053508e+02 7.500000e+00 7.376366e+01
      vertex   2.040250e+02 7.500000e+00 7.522465e+01
    endloop
  endfacet
  facet normal 4.717619e-14 1.000000e+00 -2.660180e-13
    outer loop
      vertex   2.040250e+02 7.500000e+00 7.522465e+01
      vertex   2.053508e+02 7.500000e+00 7.376366e+01
      vertex   2.047826e+02 7.500000e+00 7.341916e+01
    endloop
  endfacet
  facet normal 1.114669e-13 1.000000e+00 -2.390416e-13
    outer loop
      vertex   2.040250e+02 7.500000e+00 7.522465e+01
      vertex   2.047826e+02 7.500000e+00 7.341916e+01
      vertex   2.037011e+02 7.500000e+00 7.507363e+01
    endloop
  endfacet
  facet normal 3.228327e-14 1.000000e+00 -2.907999e-13
    outer loop
      vertex   2.037011e+02 7.500000e+00 7.507363e+01
      vertex   2.047826e+02 7.500000e+00 7.341916e+01
      vertex   2.041652e+02 7.500000e+00 7.317348e+01
    endloop
  endfacet
  facet normal 7.511654e-14 1.000000e+00 -2.803387e-13
    outer loop
      vertex   2.037011e+02 7.500000e+00 7.507363e+01
      vertex   2.041652e+02 7.500000e+00 7.317348e+01
      vertex   2.033560e+02 7.500000e+00 7.498114e+01
    endloop
  endfacet
  facet normal 1.312246e-14 1.000000e+00 -3.080916e-13
    outer loop
      vertex   2.033560e+02 7.500000e+00 7.498114e+01
      vertex   2.041652e+02 7.500000e+00 7.317348e+01
      vertex   2.035157e+02 7.500000e+00 7.303338e+01
    endloop
  endfacet
  facet normal 2.685599e-14 1.000000e+00 -3.069654e-13
    outer loop
      vertex   2.033560e+02 7.500000e+00 7.498114e+01
      vertex   2.035157e+02 7.500000e+00 7.303338e+01
      vertex   2.030000e+02 7.500000e+00 7.495000e+01
    endloop
  endfacet
  facet normal -1.342960e-14 1.000000e+00 -3.178049e-13
    outer loop
      vertex   2.030000e+02 7.500000e+00 7.495000e+01
      vertex   2.035157e+02 7.500000e+00 7.303338e+01
      vertex   2.028519e+02 7.500000e+00 7.300274e+01
    endloop
  endfacet
  facet normal -2.770933e-14 1.000000e+00 -3.167191e-13
    outer loop
      vertex   2.030000e+02 7.500000e+00 7.495000e+01
      vertex   2.028519e+02 7.500000e+00 7.300274e+01
      vertex   2.026440e+02 7.500000e+00 7.498114e+01
    endloop
  endfacet
  facet normal -4.110892e-14 1.000000e+00 -3.181274e-13
    outer loop
      vertex   2.026440e+02 7.500000e+00 7.498114e+01
      vertex   2.028519e+02 7.500000e+00 7.300274e+01
      vertex   2.021923e+02 7.500000e+00 7.308240e+01
    endloop
  endfacet
  facet normal -8.259714e-14 1.000000e+00 -3.082567e-13
    outer loop
      vertex   2.026440e+02 7.500000e+00 7.498114e+01
      vertex   2.021923e+02 7.500000e+00 7.308240e+01
      vertex   2.022989e+02 7.500000e+00 7.507363e+01
    endloop
  endfacet
  facet normal -6.735849e-14 1.000000e+00 -3.090723e-13
    outer loop
      vertex   2.022989e+02 7.500000e+00 7.507363e+01
      vertex   2.021923e+02 7.500000e+00 7.308240e+01
      vertex   2.015549e+02 7.500000e+00 7.327016e+01
    endloop
  endfacet
  facet normal -1.317387e-13 1.000000e+00 -2.825146e-13
    outer loop
      vertex   2.022989e+02 7.500000e+00 7.507363e+01
      vertex   2.015549e+02 7.500000e+00 7.327016e+01
      vertex   2.019750e+02 7.500000e+00 7.522465e+01
    endloop
  endfacet
  facet normal -8.845484e-14 1.000000e+00 -2.918181e-13
    outer loop
      vertex   2.019750e+02 7.500000e+00 7.522465e+01
      vertex   2.015549e+02 7.500000e+00 7.327016e+01
      vertex   2.009574e+02 7.500000e+00 7.356084e+01
    endloop
  endfacet
  facet normal -1.695878e-13 1.000000e+00 -2.421965e-13
    outer loop
      vertex   2.019750e+02 7.500000e+00 7.522465e+01
      vertex   2.009574e+02 7.500000e+00 7.356084e+01
      vertex   2.016823e+02 7.500000e+00 7.542961e+01
    endloop
  endfacet
  facet normal -9.991704e-14 1.000000e+00 -2.692213e-13
    outer loop
      vertex   2.016823e+02 7.500000e+00 7.542961e+01
      vertex   2.009574e+02 7.500000e+00 7.356084e+01
      vertex   2.004163e+02 7.500000e+00 7.394642e+01
    endloop
  endfacet
  facet normal -1.188466e-13 1.000000e+00 -2.530634e-13
    outer loop
      vertex   2.016823e+02 7.500000e+00 7.542961e+01
      vertex   2.004163e+02 7.500000e+00 7.394642e+01
      vertex   1.999464e+02 7.500000e+00 7.441627e+01
    endloop
  endfacet
  facet normal -7.061703e-14 1.000000e+00 -1.593253e-13
    outer loop
      vertex   1.990027e+02 7.500000e+00 7.685195e+01
      vertex   2.009811e+02 7.500000e+00 7.664402e+01
      vertex   1.990824e+02 7.500000e+00 7.619228e+01
    endloop
  endfacet
  facet normal -1.020193e-13 1.000000e+00 -2.733600e-14
    outer loop
      vertex   1.990824e+02 7.500000e+00 7.619228e+01
      vertex   2.009811e+02 7.500000e+00 7.664402e+01
      vertex   2.010736e+02 7.500000e+00 7.629886e+01
    endloop
  endfacet
  facet normal -9.394602e-14 1.000000e+00 -1.781721e-13
    outer loop
      vertex   1.990824e+02 7.500000e+00 7.619228e+01
      vertex   2.010736e+02 7.500000e+00 7.629886e+01
      vertex   1.992702e+02 7.500000e+00 7.555490e+01
    endloop
  endfacet
  facet normal -1.404313e-13 1.000000e+00 -6.548417e-14
    outer loop
      vertex   1.992702e+02 7.500000e+00 7.555490e+01
      vertex   2.010736e+02 7.500000e+00 7.629886e+01
      vertex   2.012246e+02 7.500000e+00 7.597500e+01
    endloop
  endfacet
  facet normal -1.115323e-13 1.000000e+00 -1.999361e-13
    outer loop
      vertex   1.992702e+02 7.500000e+00 7.555490e+01
      vertex   2.012246e+02 7.500000e+00 7.597500e+01
      vertex   1.995608e+02 7.500000e+00 7.495740e+01
    endloop
  endfacet
  facet normal -1.637069e-13 1.000000e+00 -1.146288e-13
    outer loop
      vertex   1.995608e+02 7.500000e+00 7.495740e+01
      vertex   2.012246e+02 7.500000e+00 7.597500e+01
      vertex   2.014296e+02 7.500000e+00 7.568229e+01
    endloop
  endfacet
  facet normal -1.216934e-13 1.000000e+00 -2.229408e-13
    outer loop
      vertex   1.995608e+02 7.500000e+00 7.495740e+01
      vertex   2.014296e+02 7.500000e+00 7.568229e+01
      vertex   1.999464e+02 7.500000e+00 7.441627e+01
    endloop
  endfacet
  facet normal -1.683182e-13 1.000000e+00 -1.683182e-13
    outer loop
      vertex   1.999464e+02 7.500000e+00 7.441627e+01
      vertex   2.014296e+02 7.500000e+00 7.568229e+01
      vertex   2.016823e+02 7.500000e+00 7.542961e+01
    endloop
  endfacet
  facet normal -7.071068e-01 0.000000e+00 -7.071068e-01
    outer loop
      vertex   2.080000e+02 7.500000e+00 7.717157e+01
      vertex   2.031716e+02 7.500000e+00 8.200000e+01
      vertex   2.080000e+02 1.725000e+02 7.717157e+01
    endloop
  endfacet
  facet normal -7.071068e-01 0.000000e+00 -7.071068e-01
    outer loop
      vertex   2.080000e+02 1.725000e+02 7.717157e+01
      vertex   2.031716e+02 7.500000e+00 8.200000e+01
      vertex   2.031716e+02 1.725000e+02 8.200000e+01
    endloop
  endfacet
  facet normal 9.961947e-01 6.760728e-15 8.715574e-02
    outer loop
      vertex   4.981144e+00 2.500000e+00 7.664402e+01
      vertex   4.981144e+00 7.500000e+00 7.664402e+01
      vertex   4.950000e+00 2.500000e+00 7.700000e+01
    endloop
  endfacet
  facet normal 9.961947e-01 -1.695188e-14 8.715574e-02
    outer loop
      vertex   4.950000e+00 2.500000e+00 7.700000e+01
      vertex   4.981144e+00 7.500000e+00 7.664402e+01
      vertex   4.950000e+00 7.500000e+00 7.700000e+01
    endloop
  endfacet
  facet normal 9.961947e-01 -3.575453e-15 -8.715574e-02
    outer loop
      vertex   4.950000e+00 2.500000e+00 7.700000e+01
      vertex   4.950000e+00 7.500000e+00 7.700000e+01
      vertex   4.981144e+00 2.500000e+00 7.735598e+01
    endloop
  endfacet
  facet normal 9.961947e-01 -6.760728e-15 -8.715574e-02
    outer loop
      vertex   4.981144e+00 2.500000e+00 7.735598e+01
      vertex   4.950000e+00 7.500000e+00 7.700000e+01
      vertex   4.981144e+00 7.500000e+00 7.735598e+01
    endloop
  endfacet
  facet normal 9.659258e-01 6.821115e-15 -2.588190e-01
    outer loop
      vertex   4.981144e+00 2.500000e+00 7.735598e+01
      vertex   4.981144e+00 7.500000e+00 7.735598e+01
      vertex   5.073630e+00 2.500000e+00 7.770114e+01
    endloop
  endfacet
  facet normal 9.659258e-01 -6.954793e-15 -2.588190e-01
    outer loop
      vertex   5.073630e+00 2.500000e+00 7.770114e+01
      vertex   4.981144e+00 7.500000e+00 7.735598e+01
      vertex   5.073630e+00 7.500000e+00 7.770114e+01
    endloop
  endfacet
  facet normal 9.063078e-01 6.759111e-15 -4.226183e-01
    outer loop
      vertex   5.073630e+00 2.500000e+00 7.770114e+01
      vertex   5.073630e+00 7.500000e+00 7.770114e+01
      vertex   5.224648e+00 2.500000e+00 7.802500e+01
    endloop
  endfacet
  facet normal 9.063078e-01 -6.590693e-15 -4.226183e-01
    outer loop
      vertex   5.224648e+00 2.500000e+00 7.802500e+01
      vertex   5.073630e+00 7.500000e+00 7.770114e+01
      vertex   5.224648e+00 7.500000e+00 7.802500e+01
    endloop
  endfacet
  facet normal 8.191520e-01 7.112515e-15 -5.735764e-01
    outer loop
      vertex   5.224648e+00 2.500000e+00 7.802500e+01
      vertex   5.224648e+00 7.500000e+00 7.802500e+01
      vertex   5.429609e+00 2.500000e+00 7.831771e+01
    endloop
  endfacet
  facet normal 8.191520e-01 -6.799751e-15 -5.735764e-01
    outer loop
      vertex   5.429609e+00 2.500000e+00 7.831771e+01
      vertex   5.224648e+00 7.500000e+00 7.802500e+01
      vertex   5.429609e+00 7.500000e+00 7.831771e+01
    endloop
  endfacet
  facet normal 7.071068e-01 6.782799e-15 -7.071068e-01
    outer loop
      vertex   5.429609e+00 2.500000e+00 7.831771e+01
      vertex   5.429609e+00 7.500000e+00 7.831771e+01
      vertex   5.682285e+00 2.500000e+00 7.857039e+01
    endloop
  endfacet
  facet normal 7.071068e-01 -8.290088e-15 -7.071068e-01
    outer loop
      vertex   5.682285e+00 2.500000e+00 7.857039e+01
      vertex   5.429609e+00 7.500000e+00 7.831771e+01
      vertex   5.682285e+00 7.500000e+00 7.857039e+01
    endloop
  endfacet
  facet normal 5.735764e-01 5.140869e-15 -8.191520e-01
    outer loop
      vertex   5.682285e+00 2.500000e+00 7.857039e+01
      vertex   5.682285e+00 7.500000e+00 7.857039e+01
      vertex   5.975000e+00 2.500000e+00 7.877535e+01
    endloop
  endfacet
  facet normal 5.735764e-01 -6.224810e-15 -8.191520e-01
    outer loop
      vertex   5.975000e+00 2.500000e+00 7.877535e+01
      vertex   5.682285e+00 7.500000e+00 7.857039e+01
      vertex   5.975000e+00 7.500000e+00 7.877535e+01
    endloop
  endfacet
  facet normal 4.226183e-01 7.459879e-15 -9.063078e-01
    outer loop
      vertex   5.975000e+00 2.500000e+00 7.877535e+01
      vertex   5.975000e+00 7.500000e+00 7.877535e+01
      vertex   6.298859e+00 2.500000e+00 7.892637e+01
    endloop
  endfacet
  facet normal 4.226183e-01 -7.896908e-15 -9.063078e-01
    outer loop
      vertex   6.298859e+00 2.500000e+00 7.892637e+01
      vertex   5.975000e+00 7.500000e+00 7.877535e+01
      vertex   6.298859e+00 7.500000e+00 7.892637e+01
    endloop
  endfacet
  facet normal 2.588190e-01 5.674081e-15 -9.659258e-01
    outer loop
      vertex   6.298859e+00 2.500000e+00 7.892637e+01
      vertex   6.298859e+00 7.500000e+00 7.892637e+01
      vertex   6.644021e+00 2.500000e+00 7.901886e+01
    endloop
  endfacet
  facet normal 2.588190e-01 -6.226735e-15 -9.659258e-01
    outer loop
      vertex   6.644021e+00 2.500000e+00 7.901886e+01
      vertex   6.298859e+00 7.500000e+00 7.892637e+01
      vertex   6.644021e+00 7.500000e+00 7.901886e+01
    endloop
  endfacet
  facet normal 8.715574e-02 7.437603e-15 -9.961947e-01
    outer loop
      vertex   6.644021e+00 2.500000e+00 7.901886e+01
      vertex   6.644021e+00 7.500000e+00 7.901886e+01
      vertex   7.000000e+00 2.500000e+00 7.905000e+01
    endloop
  endfacet
  facet normal 8.715574e-02 -6.812067e-15 -9.961947e-01
    outer loop
      vertex   7.000000e+00 2.500000e+00 7.905000e+01
      vertex   6.644021e+00 7.500000e+00 7.901886e+01
      vertex   7.000000e+00 7.500000e+00 7.905000e+01
    endloop
  endfacet
  facet normal -8.715574e-02 6.812067e-15 -9.961947e-01
    outer loop
      vertex   7.000000e+00 2.500000e+00 7.905000e+01
      vertex   7.000000e+00 7.500000e+00 7.905000e+01
      vertex   7.355979e+00 2.500000e+00 7.901886e+01
    endloop
  endfacet
  facet normal -8.715574e-02 -4.606248e-15 -9.961947e-01
    outer loop
      vertex   7.355979e+00 2.500000e+00 7.901886e+01
      vertex   7.000000e+00 7.500000e+00 7.905000e+01
      vertex   7.355979e+00 7.500000e+00 7.901886e+01
    endloop
  endfacet
  facet normal -2.588190e-01 8.972061e-15 -9.659258e-01
    outer loop
      vertex   7.355979e+00 2.500000e+00 7.901886e+01
      vertex   7.355979e+00 7.500000e+00 7.901886e+01
      vertex   7.701141e+00 2.500000e+00 7.892637e+01
    endloop
  endfacet
  facet normal -2.588190e-01 -5.766032e-15 -9.659258e-01
    outer loop
      vertex   7.701141e+00 2.500000e+00 7.892637e+01
      vertex   7.355979e+00 7.500000e+00 7.901886e+01
      vertex   7.701141e+00 7.500000e+00 7.892637e+01
    endloop
  endfacet
  facet normal -4.226183e-01 7.746764e-15 -9.063078e-01
    outer loop
      vertex   7.701141e+00 2.500000e+00 7.892637e+01
      vertex   7.701141e+00 7.500000e+00 7.892637e+01
      vertex   8.025000e+00 2.500000e+00 7.877535e+01
    endloop
  endfacet
  facet normal -4.226183e-01 -7.384807e-15 -9.063078e-01
    outer loop
      vertex   8.025000e+00 2.500000e+00 7.877535e+01
      vertex   7.701141e+00 7.500000e+00 7.892637e+01
      vertex   8.025000e+00 7.500000e+00 7.877535e+01
    endloop
  endfacet
  facet normal -5.735764e-01 6.326698e-15 -8.191520e-01
    outer loop
      vertex   8.025000e+00 2.500000e+00 7.877535e+01
      vertex   8.025000e+00 7.500000e+00 7.877535e+01
      vertex   8.317715e+00 2.500000e+00 7.857039e+01
    endloop
  endfacet
  facet normal -5.735764e-01 -7.672815e-15 -8.191520e-01
    outer loop
      vertex   8.317715e+00 2.500000e+00 7.857039e+01
      vertex   8.025000e+00 7.500000e+00 7.877535e+01
      vertex   8.317715e+00 7.500000e+00 7.857039e+01
    endloop
  endfacet
  facet normal -7.071068e-01 6.029155e-15 -7.071068e-01
    outer loop
      vertex   8.317715e+00 2.500000e+00 7.857039e+01
      vertex   8.317715e+00 7.500000e+00 7.857039e+01
      vertex   8.570391e+00 2.500000e+00 7.831771e+01
    endloop
  endfacet
  facet normal -7.071068e-01 -6.531585e-15 -7.071068e-01
    outer loop
      vertex   8.570391e+00 2.500000e+00 7.831771e+01
      vertex   8.317715e+00 7.500000e+00 7.857039e+01
      vertex   8.570391e+00 7.500000e+00 7.831771e+01
    endloop
  endfacet
  facet normal -8.191520e-01 7.090772e-15 -5.735764e-01
    outer loop
      vertex   8.570391e+00 2.500000e+00 7.831771e+01
      vertex   8.570391e+00 7.500000e+00 7.831771e+01
      vertex   8.775352e+00 2.500000e+00 7.802500e+01
    endloop
  endfacet
  facet normal -8.191520e-01 -7.112515e-15 -5.735764e-01
    outer loop
      vertex   8.775352e+00 2.500000e+00 7.802500e+01
      vertex   8.570391e+00 7.500000e+00 7.831771e+01
      vertex   8.775352e+00 7.500000e+00 7.802500e+01
    endloop
  endfacet
  facet normal -9.063078e-01 6.590693e-15 -4.226183e-01
    outer loop
      vertex   8.775352e+00 2.500000e+00 7.802500e+01
      vertex   8.775352e+00 7.500000e+00 7.802500e+01
      vertex   8.926370e+00 2.500000e+00 7.770114e+01
    endloop
  endfacet
  facet normal -9.063078e-01 -7.081096e-15 -4.226183e-01
    outer loop
      vertex   8.926370e+00 2.500000e+00 7.770114e+01
      vertex   8.775352e+00 7.500000e+00 7.802500e+01
      vertex   8.926370e+00 7.500000e+00 7.770114e+01
    endloop
  endfacet
  facet normal -9.659258e-01 6.611627e-15 -2.588190e-01
    outer loop
      vertex   8.926370e+00 2.500000e+00 7.770114e+01
      vertex   8.926370e+00 7.500000e+00 7.770114e+01
      vertex   9.018856e+00 2.500000e+00 7.735598e+01
    endloop
  endfacet
  facet normal -9.659258e-01 -6.821115e-15 -2.588190e-01
    outer loop
      vertex   9.018856e+00 2.500000e+00 7.735598e+01
      vertex   8.926370e+00 7.500000e+00 7.770114e+01
      vertex   9.018856e+00 7.500000e+00 7.735598e+01
    endloop
  endfacet
  facet normal -9.961947e-01 6.760728e-15 -8.715574e-02
    outer loop
      vertex   9.018856e+00 2.500000e+00 7.735598e+01
      vertex   9.018856e+00 7.500000e+00 7.735598e+01
      vertex   9.050000e+00 2.500000e+00 7.700000e+01
    endloop
  endfacet
  facet normal -9.961947e-01 -6.935923e-15 -8.715574e-02
    outer loop
      vertex   9.050000e+00 2.500000e+00 7.700000e+01
      vertex   9.018856e+00 7.500000e+00 7.735598e+01
      vertex   9.050000e+00 7.500000e+00 7.700000e+01
    endloop
  endfacet
  facet normal -9.961947e-01 6.935923e-15 8.715574e-02
    outer loop
      vertex   9.050000e+00 2.500000e+00 7.700000e+01
      vertex   9.050000e+00 7.500000e+00 7.700000e+01
      vertex   9.018856e+00 2.500000e+00 7.664402e+01
    endloop
  endfacet
  facet normal -9.961947e-01 -6.760728e-15 8.715574e-02
    outer loop
      vertex   9.018856e+00 2.500000e+00 7.664402e+01
      vertex   9.050000e+00 7.500000e+00 7.700000e+01
      vertex   9.018856e+00 7.500000e+00 7.664402e+01
    endloop
  endfacet
  facet normal -9.659258e-01 6.821115e-15 2.588190e-01
    outer loop
      vertex   9.018856e+00 2.500000e+00 7.664402e+01
      vertex   9.018856e+00 7.500000e+00 7.664402e+01
      vertex   8.926370e+00 2.500000e+00 7.629886e+01
    endloop
  endfacet
  facet normal -9.659258e-01 -6.611627e-15 2.588190e-01
    outer loop
      vertex   8.926370e+00 2.500000e+00 7.629886e+01
      vertex   9.018856e+00 7.500000e+00 7.664402e+01
      vertex   8.926370e+00 7.500000e+00 7.629886e+01
    endloop
  endfacet
  facet normal -9.063078e-01 7.081096e-15 4.226183e-01
    outer loop
      vertex   8.926370e+00 2.500000e+00 7.629886e+01
      vertex   8.926370e+00 7.500000e+00 7.629886e+01
      vertex   8.775352e+00 2.500000e+00 7.597500e+01
    endloop
  endfacet
  facet normal -9.063078e-01 -6.590693e-15 4.226183e-01
    outer loop
      vertex   8.775352e+00 2.500000e+00 7.597500e+01
      vertex   8.926370e+00 7.500000e+00 7.629886e+01
      vertex   8.775352e+00 7.500000e+00 7.597500e+01
    endloop
  endfacet
  facet normal -8.191520e-01 7.112515e-15 5.735764e-01
    outer loop
      vertex   8.775352e+00 2.500000e+00 7.597500e+01
      vertex   8.775352e+00 7.500000e+00 7.597500e+01
      vertex   8.570391e+00 2.500000e+00 7.568229e+01
    endloop
  endfacet
  facet normal -8.191520e-01 -6.799751e-15 5.735764e-01
    outer loop
      vertex   8.570391e+00 2.500000e+00 7.568229e+01
      vertex   8.775352e+00 7.500000e+00 7.597500e+01
      vertex   8.570391e+00 7.500000e+00 7.568229e+01
    endloop
  endfacet
  facet normal -7.071068e-01 6.782799e-15 7.071068e-01
    outer loop
      vertex   8.570391e+00 2.500000e+00 7.568229e+01
      vertex   8.570391e+00 7.500000e+00 7.568229e+01
      vertex   8.317715e+00 2.500000e+00 7.542961e+01
    endloop
  endfacet
  facet normal -7.071068e-01 -8.038873e-15 7.071068e-01
    outer loop
      vertex   8.317715e+00 2.500000e+00 7.542961e+01
      vertex   8.570391e+00 7.500000e+00 7.568229e+01
      vertex   8.317715e+00 7.500000e+00 7.542961e+01
    endloop
  endfacet
  facet normal -5.735764e-01 5.344644e-15 8.191520e-01
    outer loop
      vertex   8.317715e+00 2.500000e+00 7.542961e+01
      vertex   8.317715e+00 7.500000e+00 7.542961e+01
      vertex   8.025000e+00 2.500000e+00 7.522465e+01
    endloop
  endfacet
  facet normal -5.735764e-01 -8.451092e-15 8.191520e-01
    outer loop
      vertex   8.025000e+00 2.500000e+00 7.522465e+01
      vertex   8.317715e+00 7.500000e+00 7.542961e+01
      vertex   8.025000e+00 7.500000e+00 7.522465e+01
    endloop
  endfacet
  facet normal -4.226183e-01 4.959070e-15 9.063078e-01
    outer loop
      vertex   8.025000e+00 2.500000e+00 7.522465e+01
      vertex   8.025000e+00 7.500000e+00 7.522465e+01
      vertex   7.701141e+00 2.500000e+00 7.507363e+01
    endloop
  endfacet
  facet normal -4.226183e-01 -7.821836e-15 9.063078e-01
    outer loop
      vertex   7.701141e+00 2.500000e+00 7.507363e+01
      vertex   8.025000e+00 7.500000e+00 7.522465e+01
      vertex   7.701141e+00 7.500000e+00 7.507363e+01
    endloop
  endfacet
  facet normal -2.588190e-01 5.720056e-15 9.659258e-01
    outer loop
      vertex   7.701141e+00 2.500000e+00 7.507363e+01
      vertex   7.701141e+00 7.500000e+00 7.507363e+01
      vertex   7.355979e+00 2.500000e+00 7.498114e+01
    endloop
  endfacet
  facet normal -2.588190e-01 -6.180759e-15 9.659258e-01
    outer loop
      vertex   7.355979e+00 2.500000e+00 7.498114e+01
      vertex   7.701141e+00 7.500000e+00 7.507363e+01
      vertex   7.355979e+00 7.500000e+00 7.498114e+01
    endloop
  endfacet
  facet normal -8.715574e-02 7.453085e-15 9.961947e-01
    outer loop
      vertex   7.355979e+00 2.500000e+00 7.498114e+01
      vertex   7.355979e+00 7.500000e+00 7.498114e+01
      vertex   7.000000e+00 2.500000e+00 7.495000e+01
    endloop
  endfacet
  facet normal -8.715574e-02 -6.812067e-15 9.961947e-01
    outer loop
      vertex   7.000000e+00 2.500000e+00 7.495000e+01
      vertex   7.355979e+00 7.500000e+00 7.498114e+01
      vertex   7.000000e+00 7.500000e+00 7.495000e+01
    endloop
  endfacet
  facet normal 8.715574e-02 6.812067e-15 9.961947e-01
    outer loop
      vertex   7.000000e+00 2.500000e+00 7.495000e+01
      vertex   7.000000e+00 7.500000e+00 7.495000e+01
      vertex   6.644021e+00 2.500000e+00 7.498114e+01
    endloop
  endfacet
  facet normal 8.715574e-02 -4.606248e-15 9.961947e-01
    outer loop
      vertex   6.644021e+00 2.500000e+00 7.498114e+01
      vertex   7.000000e+00 7.500000e+00 7.495000e+01
      vertex   6.644021e+00 7.500000e+00 7.498114e+01
    endloop
  endfacet
  facet normal 2.588190e-01 8.972061e-15 9.659258e-01
    outer loop
      vertex   6.644021e+00 2.500000e+00 7.498114e+01
      vertex   6.644021e+00 7.500000e+00 7.498114e+01
      vertex   6.298859e+00 2.500000e+00 7.507363e+01
    endloop
  endfacet
  facet normal 2.588190e-01 -8.465382e-15 9.659258e-01
    outer loop
      vertex   6.298859e+00 2.500000e+00 7.507363e+01
      vertex   6.644021e+00 7.500000e+00 7.498114e+01
      vertex   6.298859e+00 7.500000e+00 7.507363e+01
    endloop
  endfacet
  facet normal 4.226183e-01 5.245954e-15 9.063078e-01
    outer loop
      vertex   6.298859e+00 2.500000e+00 7.507363e+01
      vertex   6.298859e+00 7.500000e+00 7.507363e+01
      vertex   5.975000e+00 2.500000e+00 7.522465e+01
    endloop
  endfacet
  facet normal 4.226183e-01 -7.384807e-15 9.063078e-01
    outer loop
      vertex   5.975000e+00 2.500000e+00 7.522465e+01
      vertex   6.298859e+00 7.500000e+00 7.507363e+01
      vertex   5.975000e+00 7.500000e+00 7.522465e+01
    endloop
  endfacet
  facet normal 5.735764e-01 6.326698e-15 8.191520e-01
    outer loop
      vertex   5.975000e+00 2.500000e+00 7.522465e+01
      vertex   5.975000e+00 7.500000e+00 7.522465e+01
      vertex   5.682285e+00 2.500000e+00 7.542961e+01
    endloop
  endfacet
  facet normal 5.735764e-01 -7.672815e-15 8.191520e-01
    outer loop
      vertex   5.682285e+00 2.500000e+00 7.542961e+01
      vertex   5.975000e+00 7.500000e+00 7.522465e+01
      vertex   5.682285e+00 7.500000e+00 7.542961e+01
    endloop
  endfacet
  facet normal 7.071068e-01 6.029155e-15 7.071068e-01
    outer loop
      vertex   5.682285e+00 2.500000e+00 7.542961e+01
      vertex   5.682285e+00 7.500000e+00 7.542961e+01
      vertex   5.429609e+00 2.500000e+00 7.568229e+01
    endloop
  endfacet
  facet normal 7.071068e-01 -8.792518e-15 7.071068e-01
    outer loop
      vertex   5.429609e+00 2.500000e+00 7.568229e+01
      vertex   5.682285e+00 7.500000e+00 7.542961e+01
      vertex   5.429609e+00 7.500000e+00 7.568229e+01
    endloop
  endfacet
  facet normal 8.191520e-01 5.169549e-15 5.735764e-01
    outer loop
      vertex   5.429609e+00 2.500000e+00 7.568229e+01
      vertex   5.429609e+00 7.500000e+00 7.568229e+01
      vertex   5.224648e+00 2.500000e+00 7.597500e+01
    endloop
  endfacet
  facet normal 8.191520e-01 -7.112515e-15 5.735764e-01
    outer loop
      vertex   5.224648e+00 2.500000e+00 7.597500e+01
      vertex   5.429609e+00 7.500000e+00 7.568229e+01
      vertex   5.224648e+00 7.500000e+00 7.597500e+01
    endloop
  endfacet
  facet normal 9.063078e-01 6.590693e-15 4.226183e-01
    outer loop
      vertex   5.224648e+00 2.500000e+00 7.597500e+01
      vertex   5.224648e+00 7.500000e+00 7.597500e+01
      vertex   5.073630e+00 2.500000e+00 7.629886e+01
    endloop
  endfacet
  facet normal 9.063078e-01 -6.759111e-15 4.226183e-01
    outer loop
      vertex   5.073630e+00 2.500000e+00 7.629886e+01
      vertex   5.224648e+00 7.500000e+00 7.597500e+01
      vertex   5.073630e+00 7.500000e+00 7.629886e+01
    endloop
  endfacet
  facet normal 9.659258e-01 6.954793e-15 2.588190e-01
    outer loop
      vertex   5.073630e+00 2.500000e+00 7.629886e+01
      vertex   5.073630e+00 7.500000e+00 7.629886e+01
      vertex   4.981144e+00 2.500000e+00 7.664402e+01
    endloop
  endfacet
  facet normal 9.659258e-01 -6.821115e-15 2.588190e-01
    outer loop
      vertex   4.981144e+00 2.500000e+00 7.664402e+01
      vertex   5.073630e+00 7.500000e+00 7.629886e+01
      vertex   4.981144e+00 7.500000e+00 7.664402e+01
    endloop
  endfacet
  facet normal -8.196573e-01 5.410581e-14 -5.728543e-01
    outer loop
      vertex   3.721371e+00 2.500000e+00 7.470858e+01
      vertex   2.000000e+00 2.500000e+00 7.717157e+01
      vertex   3.721371e+00 7.500000e+00 7.470858e+01
    endloop
  endfacet
  facet normal -8.196573e-01 5.414961e-14 -5.728543e-01
    outer loop
      vertex   3.721371e+00 7.500000e+00 7.470858e+01
      vertex   2.000000e+00 2.500000e+00 7.717157e+01
      vertex   2.000000e+00 7.500000e+00 7.717157e+01
    endloop
  endfacet
  facet normal 6.389533e-01 -6.780022e-14 7.692456e-01
    outer loop
      vertex   9.291417e+00 7.500000e+00 8.027863e+01
      vertex   9.291417e+00 2.500000e+00 8.027863e+01
      vertex   9.802547e+00 7.500000e+00 7.985407e+01
    endloop
  endfacet
  facet normal 6.389533e-01 -2.962504e-15 7.692456e-01
    outer loop
      vertex   9.802547e+00 7.500000e+00 7.985407e+01
      vertex   9.291417e+00 2.500000e+00 8.027863e+01
      vertex   9.802547e+00 2.500000e+00 7.985407e+01
    endloop
  endfacet
  facet normal 7.574787e-01 2.378759e-15 6.528598e-01
    outer loop
      vertex   9.802547e+00 7.500000e+00 7.985407e+01
      vertex   9.802547e+00 2.500000e+00 7.985407e+01
      vertex   1.023634e+01 7.500000e+00 7.935076e+01
    endloop
  endfacet
  facet normal 7.574787e-01 -2.734341e-15 6.528598e-01
    outer loop
      vertex   1.023634e+01 7.500000e+00 7.935076e+01
      vertex   9.802547e+00 2.500000e+00 7.985407e+01
      vertex   1.023634e+01 2.500000e+00 7.935076e+01
    endloop
  endfacet
  facet normal 8.551024e-01 1.882307e-15 5.184591e-01
    outer loop
      vertex   1.023634e+01 7.500000e+00 7.935076e+01
      vertex   1.023634e+01 2.500000e+00 7.935076e+01
      vertex   1.058084e+01 7.500000e+00 7.878258e+01
    endloop
  endfacet
  facet normal 8.551024e-01 -1.808631e-15 5.184591e-01
    outer loop
      vertex   1.058084e+01 7.500000e+00 7.878258e+01
      vertex   1.023634e+01 2.500000e+00 7.935076e+01
      vertex   1.058084e+01 2.500000e+00 7.878258e+01
    endloop
  endfacet
  facet normal 9.291304e-01 1.886325e-15 3.697521e-01
    outer loop
      vertex   1.058084e+01 7.500000e+00 7.878258e+01
      vertex   1.058084e+01 2.500000e+00 7.878258e+01
      vertex   1.082652e+01 7.500000e+00 7.816521e+01
    endloop
  endfacet
  facet normal 9.291304e-01 -2.404890e-15 3.697521e-01
    outer loop
      vertex   1.082652e+01 7.500000e+00 7.816521e+01
      vertex   1.058084e+01 2.500000e+00 7.878258e+01
      vertex   1.082652e+01 2.500000e+00 7.816521e+01
    endloop
  endfacet
  facet normal 9.775201e-01 1.014526e-15 2.108422e-01
    outer loop
      vertex   1.082652e+01 7.500000e+00 7.816521e+01
      vertex   1.082652e+01 2.500000e+00 7.816521e+01
      vertex   1.096662e+01 7.500000e+00 7.751569e+01
    endloop
  endfacet
  facet normal 9.775201e-01 -1.259824e-15 2.108422e-01
    outer loop
      vertex   1.096662e+01 7.500000e+00 7.751569e+01
      vertex   1.082652e+01 2.500000e+00 7.816521e+01
      vertex   1.096662e+01 2.500000e+00 7.751569e+01
    endloop
  endfacet
  facet normal 9.989362e-01 1.119143e-15 4.611434e-02
    outer loop
      vertex   1.096662e+01 7.500000e+00 7.751569e+01
      vertex   1.096662e+01 2.500000e+00 7.751569e+01
      vertex   1.099726e+01 7.500000e+00 7.685195e+01
    endloop
  endfacet
  facet normal 9.989362e-01 -7.480879e-16 4.611434e-02
    outer loop
      vertex   1.099726e+01 7.500000e+00 7.685195e+01
      vertex   1.096662e+01 2.500000e+00 7.751569e+01
      vertex   1.099726e+01 2.500000e+00 7.685195e+01
    endloop
  endfacet
  facet normal 9.927877e-01 6.695007e-16 -1.198860e-01
    outer loop
      vertex   1.099726e+01 7.500000e+00 7.685195e+01
      vertex   1.099726e+01 2.500000e+00 7.685195e+01
      vertex   1.091760e+01 7.500000e+00 7.619228e+01
    endloop
  endfacet
  facet normal 9.927877e-01 -7.173905e-16 -1.198860e-01
    outer loop
      vertex   1.091760e+01 7.500000e+00 7.619228e+01
      vertex   1.099726e+01 2.500000e+00 7.685195e+01
      vertex   1.091760e+01 2.500000e+00 7.619228e+01
    endloop
  endfacet
  facet normal 9.592442e-01 -2.192403e-16 -2.825783e-01
    outer loop
      vertex   1.091760e+01 7.500000e+00 7.619228e+01
      vertex   1.091760e+01 2.500000e+00 7.619228e+01
      vertex   1.072984e+01 7.500000e+00 7.555490e+01
    endloop
  endfacet
  facet normal 9.592442e-01 8.031357e-16 -2.825783e-01
    outer loop
      vertex   1.072984e+01 7.500000e+00 7.555490e+01
      vertex   1.091760e+01 2.500000e+00 7.619228e+01
      vertex   1.072984e+01 2.500000e+00 7.555490e+01
    endloop
  endfacet
  facet normal 8.992315e-01 1.243373e-15 -4.374730e-01
    outer loop
      vertex   1.072984e+01 7.500000e+00 7.555490e+01
      vertex   1.072984e+01 2.500000e+00 7.555490e+01
      vertex   1.043916e+01 7.500000e+00 7.495740e+01
    endloop
  endfacet
  facet normal 8.992315e-01 9.929253e-16 -4.374730e-01
    outer loop
      vertex   1.043916e+01 7.500000e+00 7.495740e+01
      vertex   1.072984e+01 2.500000e+00 7.555490e+01
      vertex   1.043916e+01 2.500000e+00 7.495740e+01
    endloop
  endfacet
  facet normal 8.144055e-01 3.760435e-16 -5.802962e-01
    outer loop
      vertex   1.043916e+01 7.500000e+00 7.495740e+01
      vertex   1.043916e+01 2.500000e+00 7.495740e+01
      vertex   1.005358e+01 7.500000e+00 7.441627e+01
    endloop
  endfacet
  facet normal 8.144055e-01 -8.972141e-16 -5.802962e-01
    outer loop
      vertex   1.005358e+01 7.500000e+00 7.441627e+01
      vertex   1.043916e+01 2.500000e+00 7.495740e+01
      vertex   1.005358e+01 2.500000e+00 7.441627e+01
    endloop
  endfacet
  facet normal 7.071068e-01 -2.512148e-15 -7.071068e-01
    outer loop
      vertex   1.005358e+01 7.500000e+00 7.441627e+01
      vertex   1.005358e+01 2.500000e+00 7.441627e+01
      vertex   9.583733e+00 7.500000e+00 7.394642e+01
    endloop
  endfacet
  facet normal 7.071068e-01 1.256074e-15 -7.071068e-01
    outer loop
      vertex   9.583733e+00 7.500000e+00 7.394642e+01
      vertex   1.005358e+01 2.500000e+00 7.441627e+01
      vertex   9.583733e+00 2.500000e+00 7.394642e+01
    endloop
  endfacet
  facet normal 5.802962e-01 -9.653222e-16 -8.144055e-01
    outer loop
      vertex   9.583733e+00 7.500000e+00 7.394642e+01
      vertex   9.583733e+00 2.500000e+00 7.394642e+01
      vertex   9.042596e+00 7.500000e+00 7.356084e+01
    endloop
  endfacet
  facet normal 5.802962e-01 -5.998875e-16 -8.144055e-01
    outer loop
      vertex   9.042596e+00 7.500000e+00 7.356084e+01
      vertex   9.583733e+00 2.500000e+00 7.394642e+01
      vertex   9.042596e+00 2.500000e+00 7.356084e+01
    endloop
  endfacet
  facet normal 4.374730e-01 -3.695370e-15 -8.992315e-01
    outer loop
      vertex   9.042596e+00 7.500000e+00 7.356084e+01
      vertex   9.042596e+00 2.500000e+00 7.356084e+01
      vertex   8.445096e+00 7.500000e+00 7.327016e+01
    endloop
  endfacet
  facet normal 4.374730e-01 -1.053202e-15 -8.992315e-01
    outer loop
      vertex   8.445096e+00 7.500000e+00 7.327016e+01
      vertex   9.042596e+00 2.500000e+00 7.356084e+01
      vertex   8.445096e+00 2.500000e+00 7.327016e+01
    endloop
  endfacet
  facet normal 2.825783e-01 -4.982219e-15 -9.592442e-01
    outer loop
      vertex   8.445096e+00 7.500000e+00 7.327016e+01
      vertex   8.445096e+00 2.500000e+00 7.327016e+01
      vertex   7.807719e+00 7.500000e+00 7.308240e+01
    endloop
  endfacet
  facet normal 2.825783e-01 1.976333e-15 -9.592442e-01
    outer loop
      vertex   7.807719e+00 7.500000e+00 7.308240e+01
      vertex   8.445096e+00 2.500000e+00 7.327016e+01
      vertex   7.807719e+00 2.500000e+00 7.308240e+01
    endloop
  endfacet
  facet normal 1.198860e-01 -2.491531e-15 -9.927877e-01
    outer loop
      vertex   7.807719e+00 7.500000e+00 7.308240e+01
      vertex   7.807719e+00 2.500000e+00 7.308240e+01
      vertex   7.148055e+00 7.500000e+00 7.300274e+01
    endloop
  endfacet
  facet normal 1.198860e-01 3.705510e-15 -9.927877e-01
    outer loop
      vertex   7.148055e+00 7.500000e+00 7.300274e+01
      vertex   7.807719e+00 2.500000e+00 7.308240e+01
      vertex   7.148055e+00 2.500000e+00 7.300274e+01
    endloop
  endfacet
  facet normal -4.611434e-02 -1.425330e-15 -9.989362e-01
    outer loop
      vertex   7.148055e+00 7.500000e+00 7.300274e+01
      vertex   7.148055e+00 2.500000e+00 7.300274e+01
      vertex   6.484305e+00 7.500000e+00 7.303338e+01
    endloop
  endfacet
  facet normal -4.611434e-02 1.225412e-15 -9.989362e-01
    outer loop
      vertex   6.484305e+00 7.500000e+00 7.303338e+01
      vertex   7.148055e+00 2.500000e+00 7.300274e+01
      vertex   6.484305e+00 2.500000e+00 7.303338e+01
    endloop
  endfacet
  facet normal -2.108422e-01 -4.599982e-15 -9.775201e-01
    outer loop
      vertex   6.484305e+00 7.500000e+00 7.303338e+01
      vertex   6.484305e+00 2.500000e+00 7.303338e+01
      vertex   5.834785e+00 7.500000e+00 7.317348e+01
    endloop
  endfacet
  facet normal -2.108422e-01 5.764073e-15 -9.775201e-01
    outer loop
      vertex   5.834785e+00 7.500000e+00 7.317348e+01
      vertex   6.484305e+00 2.500000e+00 7.303338e+01
      vertex   5.834785e+00 2.500000e+00 7.317348e+01
    endloop
  endfacet
  facet normal -3.697521e-01 -1.049077e-15 -9.291304e-01
    outer loop
      vertex   5.834785e+00 7.500000e+00 7.317348e+01
      vertex   5.834785e+00 2.500000e+00 7.317348e+01
      vertex   5.217418e+00 7.500000e+00 7.341916e+01
    endloop
  endfacet
  facet normal -3.697521e-01 3.706968e-15 -9.291304e-01
    outer loop
      vertex   5.217418e+00 7.500000e+00 7.341916e+01
      vertex   5.834785e+00 2.500000e+00 7.317348e+01
      vertex   5.217418e+00 2.500000e+00 7.341916e+01
    endloop
  endfacet
  facet normal -5.184591e-01 -3.709360e-15 -8.551024e-01
    outer loop
      vertex   5.217418e+00 7.500000e+00 7.341916e+01
      vertex   5.217418e+00 2.500000e+00 7.341916e+01
      vertex   4.649240e+00 7.500000e+00 7.376366e+01
    endloop
  endfacet
  facet normal -5.184591e-01 3.765875e-15 -8.551024e-01
    outer loop
      vertex   4.649240e+00 7.500000e+00 7.376366e+01
      vertex   5.217418e+00 2.500000e+00 7.341916e+01
      vertex   4.649240e+00 2.500000e+00 7.376366e+01
    endloop
  endfacet
  facet normal -6.528598e-01 -4.332738e-15 -7.574787e-01
    outer loop
      vertex   4.649240e+00 7.500000e+00 7.376366e+01
      vertex   4.649240e+00 2.500000e+00 7.376366e+01
      vertex   4.145928e+00 7.500000e+00 7.419745e+01
    endloop
  endfacet
  facet normal -6.528598e-01 5.670453e-15 -7.574787e-01
    outer loop
      vertex   4.145928e+00 7.500000e+00 7.419745e+01
      vertex   4.649240e+00 2.500000e+00 7.376366e+01
      vertex   4.145928e+00 2.500000e+00 7.419745e+01
    endloop
  endfacet
  facet normal -7.692456e-01 -3.407990e-15 -6.389533e-01
    outer loop
      vertex   4.145928e+00 7.500000e+00 7.419745e+01
      vertex   4.145928e+00 2.500000e+00 7.419745e+01
      vertex   3.721371e+00 7.500000e+00 7.470858e+01
    endloop
  endfacet
  facet normal -7.692456e-01 5.884216e-14 -6.389533e-01
    outer loop
      vertex   3.721371e+00 7.500000e+00 7.470858e+01
      vertex   4.145928e+00 2.500000e+00 7.419745e+01
      vertex   3.721371e+00 2.500000e+00 7.470858e+01
    endloop
  endfacet
  facet normal 0.000000e+00 1.000000e+00 0.000000e+00
    outer loop
      vertex   4.981144e+00 7.500000e+00 7.735598e+01
      vertex   4.950000e+00 7.500000e+00 7.700000e+01
      vertex   2.000000e+00 7.500000e+00 7.717157e+01
    endloop
  endfacet
  facet normal 0.000000e+00 1.000000e+00 0.000000e+00
    outer loop
      vertex   2.000000e+00 7.500000e+00 7.717157e+01
      vertex   4.950000e+00 7.500000e+00 7.700000e+01
      vertex   4.981144e+00 7.500000e+00 7.664402e+01
    endloop
  endfacet
  facet normal 0.000000e+00 1.000000e+00 0.000000e+00
    outer loop
      vertex   2.000000e+00 7.500000e+00 7.717157e+01
      vertex   4.981144e+00 7.500000e+00 7.664402e+01
      vertex   3.721371e+00 7.500000e+00 7.470858e+01
    endloop
  endfacet
  facet normal 0.000000e+00 1.000000e+00 0.000000e+00
    outer loop
      vertex   3.721371e+00 7.500000e+00 7.470858e+01
      vertex   4.981144e+00 7.500000e+00 7.664402e+01
      vertex   5.073630e+00 7.500000e+00 7.629886e+01
    endloop
  endfacet
  facet normal 0.000000e+00 1.000000e+00 0.000000e+00
    outer loop
      vertex   3.721371e+00 7.500000e+00 7.470858e+01
      vertex   5.073630e+00 7.500000e+00 7.629886e+01
      vertex   5.224648e+00 7.500000e+00 7.597500e+01
    endloop
  endfacet
  facet normal 0.000000e+00 1.000000e+00 0.000000e+00
    outer loop
      vertex   5.224648e+00 7.500000e+00 7.597500e+01
      vertex   5.429609e+00 7.500000e+00 7.568229e+01
      vertex   3.721371e+00 7.500000e+00 7.470858e+01
    endloop
  endfacet
  facet normal -0.000000e+00 1.000000e+00 0.000000e+00
    outer loop
      vertex   3.721371e+00 7.500000e+00 7.470858e+01
      vertex   5.429609e+00 7.500000e+00 7.568229e+01
      vertex   4.145928e+00 7.500000e+00 7.419745e+01
    endloop
  endfacet
  facet normal 0.000000e+00 1.000000e+00 0.000000e+00
    outer loop
      vertex   4.145928e+00 7.500000e+00 7.419745e+01
      vertex   5.429609e+00 7.500000e+00 7.568229e+01
      vertex   5.682285e+00 7.500000e+00 7.542961e+01
    endloop
  endfacet
  facet normal -0.000000e+00 1.000000e+00 0.000000e+00
    outer loop
      vertex   4.145928e+00 7.500000e+00 7.419745e+01
      vertex   5.682285e+00 7.500000e+00 7.542961e+01
      vertex   4.649240e+00 7.500000e+00 7.376366e+01
    endloop
  endfacet
  facet normal 0.000000e+00 1.000000e+00 0.000000e+00
    outer loop
      vertex   4.649240e+00 7.500000e+00 7.376366e+01
      vertex   5.682285e+00 7.500000e+00 7.542961e+01
      vertex   5.975000e+00 7.500000e+00 7.522465e+01
    endloop
  endfacet
  facet normal -0.000000e+00 1.000000e+00 0.000000e+00
    outer loop
      vertex   4.649240e+00 7.500000e+00 7.376366e+01
      vertex   5.975000e+00 7.500000e+00 7.522465e+01
      vertex   5.217418e+00 7.500000e+00 7.341916e+01
    endloop
  endfacet
  facet normal 0.000000e+00 1.000000e+00 0.000000e+00
    outer loop
      vertex   5.217418e+00 7.500000e+00 7.341916e+01
      vertex   5.975000e+00 7.500000e+00 7.522465e+01
      vertex   6.298859e+00 7.500000e+00 7.507363e+01
    endloop
  endfacet
  facet normal -0.000000e+00 1.000000e+00 0.000000e+00
    outer loop
      vertex   5.217418e+00 7.500000e+00 7.341916e+01
      vertex   6.298859e+00 7.500000e+00 7.507363e+01
      vertex   5.834785e+00 7.500000e+00 7.317348e+01
    endloop
  endfacet
  facet normal 0.000000e+00 1.000000e+00 0.000000e+00
    outer loop
      vertex   5.834785e+00 7.500000e+00 7.317348e+01
      vertex   6.298859e+00 7.500000e+00 7.507363e+01
      vertex   6.644021e+00 7.500000e+00 7.498114e+01
    endloop
  endfacet
  facet normal -0.000000e+00 1.000000e+00 0.000000e+00
    outer loop
      vertex   5.834785e+00 7.500000e+00 7.317348e+01
      vertex   6.644021e+00 7.500000e+00 7.498114e+01
      vertex   6.484305e+00 7.500000e+00 7.303338e+01
    endloop
  endfacet
  facet normal 0.000000e+00 1.000000e+00 0.000000e+00
    outer loop
      vertex   6.484305e+00 7.500000e+00 7.303338e+01
      vertex   6.644021e+00 7.500000e+00 7.498114e+01
      vertex   7.000000e+00 7.500000e+00 7.495000e+01
    endloop
  endfacet
  facet normal -0.000000e+00 1.000000e+00 0.000000e+00
    outer loop
      vertex   6.484305e+00 7.500000e+00 7.303338e+01
      vertex   7.000000e+00 7.500000e+00 7.495000e+01
      vertex   7.148055e+00 7.500000e+00 7.300274e+01
    endloop
  endfacet
  facet normal 0.000000e+00 1.000000e+00 -0.000000e+00
    outer loop
      vertex   7.148055e+00 7.500000e+00 7.300274e+01
      vertex   7.000000e+00 7.500000e+00 7.495000e+01
      vertex   7.355979e+00 7.500000e+00 7.498114e+01
    endloop
  endfacet
  facet normal 0.000000e+00 1.000000e+00 0.000000e+00
    outer loop
      vertex   7.148055e+00 7.500000e+00 7.300274e+01
      vertex   7.355979e+00 7.500000e+00 7.498114e+01
      vertex   7.807719e+00 7.500000e+00 7.308240e+01
    endloop
  endfacet
  facet normal 0.000000e+00 1.000000e+00 0.000000e+00
    outer loop
      vertex   7.807719e+00 7.500000e+00 7.308240e+01
      vertex   7.355979e+00 7.500000e+00 7.498114e+01
      vertex   7.701141e+00 7.500000e+00 7.507363e+01
    endloop
  endfacet
  facet normal 0.000000e+00 1.000000e+00 -0.000000e+00
    outer loop
      vertex   7.807719e+00 7.500000e+00 7.308240e+01
      vertex   7.701141e+00 7.500000e+00 7.507363e+01
      vertex   8.445096e+00 7.500000e+00 7.327016e+01
    endloop
  endfacet
  facet normal 0.000000e+00 1.000000e+00 0.000000e+00
    outer loop
      vertex   8.445096e+00 7.500000e+00 7.327016e+01
      vertex   7.701141e+00 7.500000e+00 7.507363e+01
      vertex   8.025000e+00 7.500000e+00 7.522465e+01
    endloop
  endfacet
  facet normal 0.000000e+00 1.000000e+00 -0.000000e+00
    outer loop
      vertex   8.445096e+00 7.500000e+00 7.327016e+01
      vertex   8.025000e+00 7.500000e+00 7.522465e+01
      vertex   9.042596e+00 7.500000e+00 7.356084e+01
    endloop
  endfacet
  facet normal 0.000000e+00 1.000000e+00 0.000000e+00
    outer loop
      vertex   9.042596e+00 7.500000e+00 7.356084e+01
      vertex   8.025000e+00 7.500000e+00 7.522465e+01
      vertex   8.317715e+00 7.500000e+00 7.542961e+01
    endloop
  endfacet
  facet normal 0.000000e+00 1.000000e+00 -0.000000e+00
    outer loop
      vertex   9.042596e+00 7.500000e+00 7.356084e+01
      vertex   8.317715e+00 7.500000e+00 7.542961e+01
      vertex   9.583733e+00 7.500000e+00 7.394642e+01
    endloop
  endfacet
  facet normal 0.000000e+00 1.000000e+00 -0.000000e+00
    outer loop
      vertex   9.583733e+00 7.500000e+00 7.394642e+01
      vertex   8.317715e+00 7.500000e+00 7.542961e+01
      vertex   1.005358e+01 7.500000e+00 7.441627e+01
    endloop
  endfacet
  facet normal 0.000000e+00 1.000000e+00 0.000000e+00
    outer loop
      vertex   1.005358e+01 7.500000e+00 7.441627e+01
      vertex   8.317715e+00 7.500000e+00 7.542961e+01
      vertex   8.570391e+00 7.500000e+00 7.568229e+01
    endloop
  endfacet
  facet normal 0.000000e+00 1.000000e+00 -0.000000e+00
    outer loop
      vertex   1.005358e+01 7.500000e+00 7.441627e+01
      vertex   8.570391e+00 7.500000e+00 7.568229e+01
      vertex   1.043916e+01 7.500000e+00 7.495740e+01
    endloop
  endfacet
  facet normal 0.000000e+00 1.000000e+00 0.000000e+00
    outer loop
      vertex   1.043916e+01 7.500000e+00 7.495740e+01
      vertex   8.570391e+00 7.500000e+00 7.568229e+01
      vertex   8.775352e+00 7.500000e+00 7.597500e+01
    endloop
  endfacet
  facet normal 0.000000e+00 1.000000e+00 -0.000000e+00
    outer loop
      vertex   1.043916e+01 7.500000e+00 7.495740e+01
      vertex   8.775352e+00 7.500000e+00 7.597500e+01
      vertex   1.072984e+01 7.500000e+00 7.555490e+01
    endloop
  endfacet
  facet normal 0.000000e+00 1.000000e+00 0.000000e+00
    outer loop
      vertex   1.072984e+01 7.500000e+00 7.555490e+01
      vertex   8.775352e+00 7.500000e+00 7.597500e+01
      vertex   8.926370e+00 7.500000e+00 7.629886e+01
    endloop
  endfacet
  facet normal 0.000000e+00 1.000000e+00 -0.000000e+00
    outer loop
      vertex   1.072984e+01 7.500000e+00 7.555490e+01
      vertex   8.926370e+00 7.500000e+00 7.629886e+01
      vertex   1.091760e+01 7.500000e+00 7.619228e+01
    endloop
  endfacet
  facet normal 0.000000e+00 1.000000e+00 0.000000e+00
    outer loop
      vertex   1.091760e+01 7.500000e+00 7.619228e+01
      vertex   8.926370e+00 7.500000e+00 7.629886e+01
      vertex   9.018856e+00 7.500000e+00 7.664402e+01
    endloop
  endfacet
  facet normal 0.000000e+00 1.000000e+00 -0.000000e+00
    outer loop
      vertex   1.091760e+01 7.500000e+00 7.619228e+01
      vertex   9.018856e+00 7.500000e+00 7.664402e+01
      vertex   1.099726e+01 7.500000e+00 7.685195e+01
    endloop
  endfacet
  facet normal 0.000000e+00 1.000000e+00 0.000000e+00
    outer loop
      vertex   1.099726e+01 7.500000e+00 7.685195e+01
      vertex   9.018856e+00 7.500000e+00 7.664402e+01
      vertex   9.050000e+00 7.500000e+00 7.700000e+01
    endloop
  endfacet
  facet normal 0.000000e+00 1.000000e+00 0.000000e+00
    outer loop
      vertex   1.099726e+01 7.500000e+00 7.685195e+01
      vertex   9.050000e+00 7.500000e+00 7.700000e+01
      vertex   1.096662e+01 7.500000e+00 7.751569e+01
    endloop
  endfacet
  facet normal 0.000000e+00 1.000000e+00 0.000000e+00
    outer loop
      vertex   1.096662e+01 7.500000e+00 7.751569e+01
      vertex   9.050000e+00 7.500000e+00 7.700000e+01
      vertex   9.018856e+00 7.500000e+00 7.735598e+01
    endloop
  endfacet
  facet normal 0.000000e+00 1.000000e+00 0.000000e+00
    outer loop
      vertex   1.096662e+01 7.500000e+00 7.751569e+01
      vertex   9.018856e+00 7.500000e+00 7.735598e+01
      vertex   1.082652e+01 7.500000e+00 7.816521e+01
    endloop
  endfacet
  facet normal 0.000000e+00 1.000000e+00 0.000000e+00
    outer loop
      vertex   1.082652e+01 7.500000e+00 7.816521e+01
      vertex   9.018856e+00 7.500000e+00 7.735598e+01
      vertex   8.926370e+00 7.500000e+00 7.770114e+01
    endloop
  endfacet
  facet normal 0.000000e+00 1.000000e+00 0.000000e+00
    outer loop
      vertex   1.082652e+01 7.500000e+00 7.816521e+01
      vertex   8.926370e+00 7.500000e+00 7.770114e+01
      vertex   1.058084e+01 7.500000e+00 7.878258e+01
    endloop
  endfacet
  facet normal 0.000000e+00 1.000000e+00 0.000000e+00
    outer loop
      vertex   1.058084e+01 7.500000e+00 7.878258e+01
      vertex   8.926370e+00 7.500000e+00 7.770114e+01
      vertex   8.775352e+00 7.500000e+00 7.802500e+01
    endloop
  endfacet
  facet normal 0.000000e+00 1.000000e+00 0.000000e+00
    outer loop
      vertex   1.058084e+01 7.500000e+00 7.878258e+01
      vertex   8.775352e+00 7.500000e+00 7.802500e+01
      vertex   1.023634e+01 7.500000e+00 7.935076e+01
    endloop
  endfacet
  facet normal 0.000000e+00 1.000000e+00 0.000000e+00
    outer loop
      vertex   1.023634e+01 7.500000e+00 7.935076e+01
      vertex   8.775352e+00 7.500000e+00 7.802500e+01
      vertex   8.570391e+00 7.500000e+00 7.831771e+01
    endloop
  endfacet
  facet normal 0.000000e+00 1.000000e+00 0.000000e+00
    outer loop
      vertex   1.023634e+01 7.500000e+00 7.935076e+01
      vertex   8.570391e+00 7.500000e+00 7.831771e+01
      vertex   9.802547e+00 7.500000e+00 7.985407e+01
    endloop
  endfacet
  facet normal 0.000000e+00 1.000000e+00 0.000000e+00
    outer loop
      vertex   9.802547e+00 7.500000e+00 7.985407e+01
      vertex   8.570391e+00 7.500000e+00 7.831771e+01
      vertex   8.317715e+00 7.500000e+00 7.857039e+01
    endloop
  endfacet
  facet normal 0.000000e+00 1.000000e+00 0.000000e+00
    outer loop
      vertex   9.802547e+00 7.500000e+00 7.985407e+01
      vertex   8.317715e+00 7.500000e+00 7.857039e+01
      vertex   9.291417e+00 7.500000e+00 8.027863e+01
    endloop
  endfacet
  facet normal 0.000000e+00 1.000000e+00 0.000000e+00
    outer loop
      vertex   9.291417e+00 7.500000e+00 8.027863e+01
      vertex   8.317715e+00 7.500000e+00 7.857039e+01
      vertex   8.025000e+00 7.500000e+00 7.877535e+01
    endloop
  endfacet
  facet normal 0.000000e+00 1.000000e+00 0.000000e+00
    outer loop
      vertex   9.291417e+00 7.500000e+00 8.027863e+01
      vertex   8.025000e+00 7.500000e+00 7.877535e+01
      vertex   7.701141e+00 7.500000e+00 7.892637e+01
    endloop
  endfacet
  facet normal 0.000000e+00 1.000000e+00 -0.000000e+00
    outer loop
      vertex   7.701141e+00 7.500000e+00 7.892637e+01
      vertex   7.355979e+00 7.500000e+00 7.901886e+01
      vertex   9.291417e+00 7.500000e+00 8.027863e+01
    endloop
  endfacet
  facet normal 0.000000e+00 1.000000e+00 0.000000e+00
    outer loop
      vertex   9.291417e+00 7.500000e+00 8.027863e+01
      vertex   7.355979e+00 7.500000e+00 7.901886e+01
      vertex   6.828427e+00 7.500000e+00 8.200000e+01
    endloop
  endfacet
  facet normal 0.000000e+00 1.000000e+00 0.000000e+00
    outer loop
      vertex   6.828427e+00 7.500000e+00 8.200000e+01
      vertex   7.355979e+00 7.500000e+00 7.901886e+01
      vertex   7.000000e+00 7.500000e+00 7.905000e+01
    endloop
  endfacet
  facet normal 0.000000e+00 1.000000e+00 0.000000e+00
    outer loop
      vertex   6.828427e+00 7.500000e+00 8.200000e+01
      vertex   7.000000e+00 7.500000e+00 7.905000e+01
      vertex   6.644021e+00 7.500000e+00 7.901886e+01
    endloop
  endfacet
  facet normal 0.000000e+00 1.000000e+00 -0.000000e+00
    outer loop
      vertex   6.644021e+00 7.500000e+00 7.901886e+01
      vertex   6.298859e+00 7.500000e+00 7.892637e+01
      vertex   6.828427e+00 7.500000e+00 8.200000e+01
    endloop
  endfacet
  facet normal 0.000000e+00 1.000000e+00 0.000000e+00
    outer loop
      vertex   6.828427e+00 7.500000e+00 8.200000e+01
      vertex   6.298859e+00 7.500000e+00 7.892637e+01
      vertex   5.975000e+00 7.500000e+00 7.877535e+01
    endloop
  endfacet
  facet normal 0.000000e+00 1.000000e+00 0.000000e+00
    outer loop
      vertex   6.828427e+00 7.500000e+00 8.200000e+01
      vertex   5.975000e+00 7.500000e+00 7.877535e+01
      vertex   5.682285e+00 7.500000e+00 7.857039e+01
    endloop
  endfacet
  facet normal 0.000000e+00 1.000000e+00 -0.000000e+00
    outer loop
      vertex   5.682285e+00 7.500000e+00 7.857039e+01
      vertex   5.429609e+00 7.500000e+00 7.831771e+01
      vertex   6.828427e+00 7.500000e+00 8.200000e+01
    endloop
  endfacet
  facet normal 0.000000e+00 1.000000e+00 0.000000e+00
    outer loop
      vertex   6.828427e+00 7.500000e+00 8.200000e+01
      vertex   5.429609e+00 7.500000e+00 7.831771e+01
      vertex   2.000000e+00 7.500000e+00 7.717157e+01
    endloop
  endfacet
  facet normal 0.000000e+00 1.000000e+00 0.000000e+00
    outer loop
      vertex   2.000000e+00 7.500000e+00 7.717157e+01
      vertex   5.429609e+00 7.500000e+00 7.831771e+01
      vertex   5.224648e+00 7.500000e+00 7.802500e+01
    endloop
  endfacet
  facet normal 0.000000e+00 1.000000e+00 0.000000e+00
    outer loop
      vertex   2.000000e+00 7.500000e+00 7.717157e+01
      vertex   5.224648e+00 7.500000e+00 7.802500e+01
      vertex   5.073630e+00 7.500000e+00 7.770114e+01
    endloop
  endfacet
  facet normal 0.000000e+00 1.000000e+00 0.000000e+00
    outer loop
      vertex   5.073630e+00 7.500000e+00 7.770114e+01
      vertex   4.981144e+00 7.500000e+00 7.735598e+01
      vertex   2.000000e+00 7.500000e+00 7.717157e+01
    endloop
  endfacet
  facet normal 7.071068e-01 -0.000000e+00 7.071068e-01
    outer loop
      vertex   2.040000e+02 0.000000e+00 8.400000e+01
      vertex   2.100000e+02 0.000000e+00 7.800000e+01
      vertex   2.040000e+02 1.800000e+02 8.400000e+01
    endloop
  endfacet
  facet normal 7.071068e-01 0.000000e+00 7.071068e-01
    outer loop
      vertex   2.040000e+02 1.800000e+02 8.400000e+01
      vertex   2.100000e+02 0.000000e+00 7.800000e+01
      vertex   2.100000e+02 1.800000e+02 7.800000e+01
    endloop
  endfacet
  facet normal -7.177199e-17 0.000000e+00 1.000000e+00
    outer loop
      vertex   6.000000e+00 0.000000e+00 8.400000e+01
      vertex   2.040000e+02 0.000000e+00 8.400000e+01
      vertex   6.000000e+00 1.800000e+02 8.400000e+01
    endloop
  endfacet
  facet normal -7.177199e-17 0.000000e+00 1.000000e+00
    outer loop
      vertex   6.000000e+00 1.800000e+02 8.400000e+01
      vertex   2.040000e+02 0.000000e+00 8.400000e+01
      vertex   2.040000e+02 1.800000e+02 8.400000e+01
    endloop
  endfacet
  facet normal -7.071068e-01 0.000000e+00 7.071068e-01
    outer loop
      vertex   -3.325730e-11 0.000000e+00 7.800000e+01
      vertex   6.000000e+00 0.000000e+00 8.400000e+01
      vertex   -3.325730e-11 1.800000e+02 7.800000e+01
    endloop
  endfacet
  facet normal -7.071068e-01 0.000000e+00 7.071068e-01
    outer loop
      vertex   -3.325730e-11 1.800000e+02 7.800000e+01
      vertex   6.000000e+00 0.000000e+00 8.400000e+01
      vertex   6.000000e+00 1.800000e+02 8.400000e+01
    endloop
  endfacet
  facet normal -1.000000e+00 0.000000e+00 -1.054253e-13
    outer loop
      vertex   -2.988369e-11 0.000000e+00 4.600000e+01
      vertex   -3.325730e-11 0.000000e+00 7.800000e+01
      vertex   -2.988369e-11 1.800000e+02 4.600000e+01
    endloop
  endfacet
  facet normal -1.000000e+00 0.000000e+00 -1.054253e-13
    outer loop
      vertex   -2.988369e-11 1.800000e+02 4.600000e+01
      vertex   -3.325730e-11 0.000000e+00 7.800000e+01
      vertex   -3.325730e-11 1.800000e+02 7.800000e+01
    endloop
  endfacet
  facet normal 0.000000e+00 0.000000e+00 -1.000000e+00
    outer loop
      vertex   1.000000e+00 0.000000e+00 4.600000e+01
      vertex   -2.988369e-11 0.000000e+00 4.600000e+01
      vertex   1.000000e+00 1.800000e+02 4.600000e+01
    endloop
  endfacet
  facet normal -0.000000e+00 0.000000e+00 -1.000000e+00
    outer loop
      vertex   1.000000e+00 1.800000e+02 4.600000e+01
      vertex   -2.988369e-11 0.000000e+00 4.600000e+01
      vertex   -2.988369e-11 1.800000e+02 4.600000e+01
    endloop
  endfacet
  facet normal -1.000000e+00 0.000000e+00 0.000000e+00
    outer loop
      vertex   1.000000e+00 0.000000e+00 4.200000e+01
      vertex   1.000000e+00 0.000000e+00 4.600000e+01
      vertex   1.000000e+00 1.800000e+02 4.200000e+01
    endloop
  endfacet
  facet normal -1.000000e+00 0.000000e+00 0.000000e+00
    outer loop
      vertex   1.000000e+00 1.800000e+02 4.200000e+01
      vertex   1.000000e+00 0.000000e+00 4.600000e+01
      vertex   1.000000e+00 1.800000e+02 4.600000e+01
    endloop
  endfacet
  facet normal 1.705303e-13 0.000000e+00 -1.000000e+00
    outer loop
      vertex   1.500000e+00 0.000000e+00 4.200000e+01
      vertex   1.000000e+00 0.000000e+00 4.200000e+01
      vertex   1.500000e+00 1.800000e+02 4.200000e+01
    endloop
  endfacet
  facet normal 1.705303e-13 0.000000e+00 -1.000000e+00
    outer loop
      vertex   1.500000e+00 1.800000e+02 4.200000e+01
      vertex   1.000000e+00 0.000000e+00 4.200000e+01
      vertex   1.000000e+00 1.800000e+02 4.200000e+01
    endloop
  endfacet
  facet normal 8.660254e-01 0.000000e+00 -5.000000e-01
    outer loop
      vertex   2.000000e+00 0.000000e+00 4.286603e+01
      vertex   1.500000e+00 0.000000e+00 4.200000e+01
      vertex   2.000000e+00 1.800000e+02 4.286603e+01
    endloop
  endfacet
  facet normal 8.660254e-01 0.000000e+00 -5.000000e-01
    outer loop
      vertex   2.000000e+00 1.800000e+02 4.286603e+01
      vertex   1.500000e+00 0.000000e+00 4.200000e+01
      vertex   1.500000e+00 1.800000e+02 4.200000e+01
    endloop
  endfacet
  facet normal 1.000000e+00 2.087219e-14 3.071746e-13
    outer loop
      vertex   2.000000e+00 0.000000e+00 7.717157e+01
      vertex   2.000000e+00 0.000000e+00 4.286603e+01
      vertex   2.000000e+00 2.500000e+00 7.717157e+01
    endloop
  endfacet
  facet normal 1.000000e+00 -1.043610e-14 3.094562e-13
    outer loop
      vertex   2.000000e+00 2.500000e+00 7.717157e+01
      vertex   2.000000e+00 0.000000e+00 4.286603e+01
      vertex   2.000000e+00 7.500000e+00 7.717157e+01
    endloop
  endfacet
  facet normal 1.000000e+00 -0.000000e+00 3.071746e-13
    outer loop
      vertex   2.000000e+00 7.500000e+00 7.717157e+01
      vertex   2.000000e+00 0.000000e+00 4.286603e+01
      vertex   2.000000e+00 1.725000e+02 7.717157e+01
    endloop
  endfacet
  facet normal 1.000000e+00 0.000000e+00 3.071746e-13
    outer loop
      vertex   2.000000e+00 1.725000e+02 7.717157e+01
      vertex   2.000000e+00 0.000000e+00 4.286603e+01
      vertex   2.000000e+00 1.800000e+02 4.286603e+01
    endloop
  endfacet
  facet normal 1.000000e+00 1.043610e-14 3.094562e-13
    outer loop
      vertex   2.000000e+00 1.725000e+02 7.717157e+01
      vertex   2.000000e+00 1.800000e+02 4.286603e+01
      vertex   2.000000e+00 1.775000e+02 7.717157e+01
    endloop
  endfacet
  facet normal 1.000000e+00 -2.087219e-14 3.071746e-13
    outer loop
      vertex   2.000000e+00 1.775000e+02 7.717157e+01
      vertex   2.000000e+00 1.800000e+02 4.286603e+01
      vertex   2.000000e+00 1.800000e+02 7.717157e+01
    endloop
  endfacet
  facet normal 7.071068e-01 0.000000e+00 -7.071068e-01
    outer loop
      vertex   6.828427e+00 7.500000e+00 8.200000e+01
      vertex   2.000000e+00 7.500000e+00 7.717157e+01
      vertex   6.828427e+00 1.725000e+02 8.200000e+01
    endloop
  endfacet
  facet normal 7.071068e-01 0.000000e+00 -7.071068e-01
    outer loop
      vertex   6.828427e+00 1.725000e+02 8.200000e+01
      vertex   2.000000e+00 7.500000e+00 7.717157e+01
      vertex   2.000000e+00 1.725000e+02 7.717157e+01
    endloop
  endfacet
  facet normal 0.000000e+00 1.534772e-13 -1.000000e+00
    outer loop
      vertex   1.010000e+02 1.775000e+02 8.200000e+01
      vertex   2.031716e+02 1.800000e+02 8.200000e+01
      vertex   1.090000e+02 1.775000e+02 8.200000e+01
    endloop
  endfacet
  facet normal 0.000000e+00 1.534772e-13 -1.000000e+00
    outer loop
      vertex   1.090000e+02 1.775000e+02 8.200000e+01
      vertex   2.031716e+02 1.800000e+02 8.200000e+01
      vertex   2.031716e+02 1.775000e+02 8.200000e+01
    endloop
  endfacet
  facet normal 0.000000e+00 -7.673862e-14 -1.000000e+00
    outer loop
      vertex   1.090000e+02 1.775000e+02 8.200000e+01
      vertex   2.031716e+02 1.775000e+02 8.200000e+01
      vertex   1.090000e+02 1.725000e+02 8.200000e+01
    endloop
  endfacet
  facet normal 0.000000e+00 -7.673862e-14 -1.000000e+00
    outer loop
      vertex   1.090000e+02 1.725000e+02 8.200000e+01
      vertex   2.031716e+02 1.775000e+02 8.200000e+01
      vertex   2.031716e+02 1.725000e+02 8.200000e+01
    endloop
  endfacet
  facet normal 0.000000e+00 0.000000e+00 -1.000000e+00
    outer loop
      vertex   1.090000e+02 1.725000e+02 8.200000e+01
      vertex   2.031716e+02 1.725000e+02 8.200000e+01
      vertex   1.090000e+02 7.500000e+00 8.200000e+01
    endloop
  endfacet
  facet normal 0.000000e+00 0.000000e+00 -1.000000e+00
    outer loop
      vertex   1.090000e+02 7.500000e+00 8.200000e+01
      vertex   2.031716e+02 1.725000e+02 8.200000e+01
      vertex   2.031716e+02 7.500000e+00 8.200000e+01
    endloop
  endfacet
  facet normal 0.000000e+00 7.673862e-14 -1.000000e+00
    outer loop
      vertex   1.090000e+02 7.500000e+00 8.200000e+01
      vertex   2.031716e+02 7.500000e+00 8.200000e+01
      vertex   1.090000e+02 2.500000e+00 8.200000e+01
    endloop
  endfacet
  facet normal 0.000000e+00 7.673862e-14 -1.000000e+00
    outer loop
      vertex   1.090000e+02 2.500000e+00 8.200000e+01
      vertex   2.031716e+02 7.500000e+00 8.200000e+01
      vertex   2.031716e+02 2.500000e+00 8.200000e+01
    endloop
  endfacet
  facet normal 0.000000e+00 -1.534772e-13 -1.000000e+00
    outer loop
      vertex   1.090000e+02 2.500000e+00 8.200000e+01
      vertex   2.031716e+02 2.500000e+00 8.200000e+01
      vertex   2.031716e+02 0.000000e+00 8.200000e+01
    endloop
  endfacet
  facet normal -0.000000e+00 -7.673862e-14 -1.000000e+00
    outer loop
      vertex   1.010000e+02 1.725000e+02 8.200000e+01
      vertex   6.828427e+00 1.725000e+02 8.200000e+01
      vertex   1.010000e+02 1.775000e+02 8.200000e+01
    endloop
  endfacet
  facet normal -0.000000e+00 -7.673862e-14 -1.000000e+00
    outer loop
      vertex   1.010000e+02 1.775000e+02 8.200000e+01
      vertex   6.828427e+00 1.725000e+02 8.200000e+01
      vertex   6.828427e+00 1.775000e+02 8.200000e+01
    endloop
  endfacet
  facet normal 0.000000e+00 1.534772e-13 -1.000000e+00
    outer loop
      vertex   1.010000e+02 1.775000e+02 8.200000e+01
      vertex   6.828427e+00 1.775000e+02 8.200000e+01
      vertex   6.828427e+00 1.800000e+02 8.200000e+01
    endloop
  endfacet
  facet normal -0.000000e+00 0.000000e+00 -1.000000e+00
    outer loop
      vertex   1.090000e+02 1.725000e+02 8.200000e+01
      vertex   1.010000e+02 7.500000e+00 8.200000e+01
      vertex   1.010000e+02 1.725000e+02 8.200000e+01
    endloop
  endfacet
  facet normal 0.000000e+00 -0.000000e+00 -1.000000e+00
    outer loop
      vertex   1.010000e+02 1.725000e+02 8.200000e+01
      vertex   1.010000e+02 7.500000e+00 8.200000e+01
      vertex   6.828427e+00 7.500000e+00 8.200000e+01
    endloop
  endfacet
  facet normal -0.000000e+00 0.000000e+00 -1.000000e+00
    outer loop
      vertex   1.010000e+02 1.725000e+02 8.200000e+01
      vertex   6.828427e+00 7.500000e+00 8.200000e+01
      vertex   6.828427e+00 1.725000e+02 8.200000e+01
    endloop
  endfacet
  facet normal -0.000000e+00 -1.534772e-13 -1.000000e+00
    outer loop
      vertex   2.031716e+02 0.000000e+00 8.200000e+01
      vertex   6.828427e+00 0.000000e+00 8.200000e+01
      vertex   1.090000e+02 2.500000e+00 8.200000e+01
    endloop
  endfacet
  facet normal -0.000000e+00 -1.534772e-13 -1.000000e+00
    outer loop
      vertex   1.090000e+02 2.500000e+00 8.200000e+01
      vertex   6.828427e+00 0.000000e+00 8.200000e+01
      vertex   1.010000e+02 2.500000e+00 8.200000e+01
    endloop
  endfacet
  facet normal -0.000000e+00 -1.534772e-13 -1.000000e+00
    outer loop
      vertex   1.010000e+02 2.500000e+00 8.200000e+01
      vertex   6.828427e+00 0.000000e+00 8.200000e+01
      vertex   6.828427e+00 2.500000e+00 8.200000e+01
    endloop
  endfacet
  facet normal 0.000000e+00 7.673862e-14 -1.000000e+00
    outer loop
      vertex   1.010000e+02 2.500000e+00 8.200000e+01
      vertex   6.828427e+00 2.500000e+00 8.200000e+01
      vertex   1.010000e+02 7.500000e+00 8.200000e+01
    endloop
  endfacet
  facet normal 0.000000e+00 7.673862e-14 -1.000000e+00
    outer loop
      vertex   1.010000e+02 7.500000e+00 8.200000e+01
      vertex   6.828427e+00 2.500000e+00 8.200000e+01
      vertex   6.828427e+00 7.500000e+00 8.200000e+01
    endloop
  endfacet
  facet normal 0.000000e+00 1.534772e-13 -1.000000e+00
    outer loop
      vertex   6.828427e+00 1.800000e+02 8.200000e+01
      vertex   2.031716e+02 1.800000e+02 8.200000e+01
      vertex   1.010000e+02 1.775000e+02 8.200000e+01
    endloop
  endfacet
  facet normal 0.000000e+00 0.000000e+00 -1.000000e+00
    outer loop
      vertex   1.090000e+02 7.500000e+00 8.200000e+01
      vertex   1.010000e+02 7.500000e+00 8.200000e+01
      vertex   1.090000e+02 1.725000e+02 8.200000e+01
    endloop
  endfacet
  facet normal -1.000000e+00 0.000000e+00 -1.968924e-14
    outer loop
      vertex   2.080000e+02 1.089803e+02 4.286603e+01
      vertex   2.080000e+02 1.088591e+02 4.430954e+01
      vertex   2.080000e+02 1.800000e+02 4.286603e+01
    endloop
  endfacet
  facet normal -1.000000e+00 -4.083508e-16 -3.981404e-14
    outer loop
      vertex   2.080000e+02 1.800000e+02 4.286603e+01
      vertex   2.080000e+02 1.088591e+02 4.430954e+01
      vertex   2.080000e+02 1.086283e+02 4.573963e+01
    endloop
  endfacet
  facet normal -1.000000e+00 1.206357e-15 2.904203e-16
    outer loop
      vertex   2.080000e+02 1.800000e+02 4.286603e+01
      vertex   2.080000e+02 1.086283e+02 4.573963e+01
      vertex   2.080000e+02 1.082893e+02 4.714798e+01
    endloop
  endfacet
  facet normal -1.000000e+00 -4.300216e-17 -2.063282e-14
    outer loop
      vertex   2.080000e+02 1.082893e+02 4.714798e+01
      vertex   2.080000e+02 1.078439e+02 4.852641e+01
      vertex   2.080000e+02 1.800000e+02 4.286603e+01
    endloop
  endfacet
  facet normal -1.000000e+00 1.627877e-15 6.668000e-16
    outer loop
      vertex   2.080000e+02 1.800000e+02 4.286603e+01
      vertex   2.080000e+02 1.078439e+02 4.852641e+01
      vertex   2.080000e+02 1.072949e+02 4.986690e+01
    endloop
  endfacet
  facet normal -1.000000e+00 -5.779714e-16 -2.224126e-14
    outer loop
      vertex   2.080000e+02 1.800000e+02 4.286603e+01
      vertex   2.080000e+02 1.072949e+02 4.986690e+01
      vertex   2.080000e+02 1.066452e+02 5.116167e+01
    endloop
  endfacet
  facet normal -1.000000e+00 -3.476993e-15 -4.787606e-14
    outer loop
      vertex   2.080000e+02 1.066452e+02 5.116167e+01
      vertex   2.080000e+02 1.058989e+02 5.240317e+01
      vertex   2.080000e+02 1.800000e+02 4.286603e+01
    endloop
  endfacet
  facet normal -1.000000e+00 9.077748e-15 4.967098e-14
    outer loop
      vertex   2.080000e+02 1.800000e+02 4.286603e+01
      vertex   2.080000e+02 1.058989e+02 5.240317e+01
      vertex   2.080000e+02 1.070285e+02 5.677433e+01
    endloop
  endfacet
  facet normal -1.000000e+00 -2.339856e-14 -1.207198e-13
    outer loop
      vertex   2.080000e+02 1.800000e+02 4.286603e+01
      vertex   2.080000e+02 1.070285e+02 5.677433e+01
      vertex   2.080000e+02 1.072257e+02 5.697154e+01
    endloop
  endfacet
  facet normal -1.000000e+00 -4.446918e-14 6.350857e-14
    outer loop
      vertex   2.080000e+02 1.070285e+02 5.677433e+01
      vertex   2.080000e+02 1.058989e+02 5.240317e+01
      vertex   2.080000e+02 1.068000e+02 5.661436e+01
    endloop
  endfacet
  facet normal -1.000000e+00 5.842133e-14 4.149147e-14
    outer loop
      vertex   2.080000e+02 1.068000e+02 5.661436e+01
      vertex   2.080000e+02 1.058989e+02 5.240317e+01
      vertex   2.080000e+02 1.050601e+02 5.358421e+01
    endloop
  endfacet
  facet normal -1.000000e+00 -4.778511e-14 1.024755e-13
    outer loop
      vertex   2.080000e+02 1.068000e+02 5.661436e+01
      vertex   2.080000e+02 1.050601e+02 5.358421e+01
      vertex   2.080000e+02 1.065472e+02 5.649649e+01
    endloop
  endfacet
  facet normal -1.000000e+00 7.717066e-14 3.866704e-14
    outer loop
      vertex   2.080000e+02 1.065472e+02 5.649649e+01
      vertex   2.080000e+02 1.050601e+02 5.358421e+01
      vertex   2.080000e+02 1.041338e+02 5.469791e+01
    endloop
  endfacet
  facet normal -1.000000e+00 -5.950236e-14 2.220658e-13
    outer loop
      vertex   2.080000e+02 1.065472e+02 5.649649e+01
      vertex   2.080000e+02 1.041338e+02 5.469791e+01
      vertex   2.080000e+02 1.062778e+02 5.642431e+01
    endloop
  endfacet
  facet normal -1.000000e+00 6.699134e-14 6.496799e-14
    outer loop
      vertex   2.080000e+02 1.062778e+02 5.642431e+01
      vertex   2.080000e+02 1.041338e+02 5.469791e+01
      vertex   2.080000e+02 1.031253e+02 5.573780e+01
    endloop
  endfacet
  facet normal -1.000000e+00 -5.449163e-14 6.228422e-13
    outer loop
      vertex   2.080000e+02 1.062778e+02 5.642431e+01
      vertex   2.080000e+02 1.031253e+02 5.573780e+01
      vertex   2.080000e+02 1.060000e+02 5.640000e+01
    endloop
  endfacet
  facet normal -1.000000e+00 2.449286e-14 2.799547e-13
    outer loop
      vertex   2.080000e+02 1.060000e+02 5.640000e+01
      vertex   2.080000e+02 1.031253e+02 5.573780e+01
      vertex   2.080000e+02 1.057222e+02 5.642431e+01
    endloop
  endfacet
  facet normal -1.000000e+00 4.958274e-14 1.850453e-13
    outer loop
      vertex   2.080000e+02 1.057222e+02 5.642431e+01
      vertex   2.080000e+02 1.031253e+02 5.573780e+01
      vertex   2.080000e+02 1.054528e+02 5.649649e+01
    endloop
  endfacet
  facet normal -1.000000e+00 8.031849e-14 9.075455e-14
    outer loop
      vertex   2.080000e+02 1.054528e+02 5.649649e+01
      vertex   2.080000e+02 1.031253e+02 5.573780e+01
      vertex   2.080000e+02 1.020405e+02 5.669784e+01
    endloop
  endfacet
  facet normal -1.000000e+00 8.582351e-14 1.840491e-13
    outer loop
      vertex   2.080000e+02 1.054528e+02 5.649649e+01
      vertex   2.080000e+02 1.020405e+02 5.669784e+01
      vertex   2.080000e+02 1.052000e+02 5.661436e+01
    endloop
  endfacet
  facet normal -1.000000e+00 8.413538e-14 1.201578e-13
    outer loop
      vertex   2.080000e+02 1.052000e+02 5.661436e+01
      vertex   2.080000e+02 1.020405e+02 5.669784e+01
      vertex   2.080000e+02 1.049715e+02 5.677433e+01
    endloop
  endfacet
  facet normal -1.000000e+00 8.871682e-14 -5.540150e-14
    outer loop
      vertex   2.080000e+02 1.049715e+02 5.677433e+01
      vertex   2.080000e+02 1.020405e+02 5.669784e+01
      vertex   2.080000e+02 1.047743e+02 5.697154e+01
    endloop
  endfacet
  facet normal -1.000000e+00 7.772180e-14 5.442139e-14
    outer loop
      vertex   2.080000e+02 1.047743e+02 5.697154e+01
      vertex   2.080000e+02 1.020405e+02 5.669784e+01
      vertex   2.080000e+02 1.046144e+02 5.720000e+01
    endloop
  endfacet
  facet normal -1.000000e+00 7.528606e-14 6.690600e-14
    outer loop
      vertex   2.080000e+02 1.046144e+02 5.720000e+01
      vertex   2.080000e+02 1.020405e+02 5.669784e+01
      vertex   2.080000e+02 1.008857e+02 5.757244e+01
    endloop
  endfacet
  facet normal -1.000000e+00 7.195454e-14 3.355295e-14
    outer loop
      vertex   2.080000e+02 1.046144e+02 5.720000e+01
      vertex   2.080000e+02 1.008857e+02 5.757244e+01
      vertex   2.080000e+02 1.044965e+02 5.745277e+01
    endloop
  endfacet
  facet normal -1.000000e+00 7.147725e-14 1.915227e-14
    outer loop
      vertex   2.080000e+02 1.044965e+02 5.745277e+01
      vertex   2.080000e+02 1.008857e+02 5.757244e+01
      vertex   2.080000e+02 1.044243e+02 5.772216e+01
    endloop
  endfacet
  facet normal -1.000000e+00 7.202101e-14 6.301021e-15
    outer loop
      vertex   2.080000e+02 1.044243e+02 5.772216e+01
      vertex   2.080000e+02 1.008857e+02 5.757244e+01
      vertex   2.080000e+02 1.044000e+02 5.800000e+01
    endloop
  endfacet
  facet normal -1.000000e+00 6.121750e-14 9.509909e-14
    outer loop
      vertex   2.080000e+02 1.044000e+02 5.800000e+01
      vertex   2.080000e+02 1.008857e+02 5.757244e+01
      vertex   2.080000e+02 9.966769e+01 5.835652e+01
    endloop
  endfacet
  facet normal -1.000000e+00 5.369899e-14 -4.698053e-15
    outer loop
      vertex   2.080000e+02 1.044000e+02 5.800000e+01
      vertex   2.080000e+02 9.966769e+01 5.835652e+01
      vertex   2.080000e+02 1.044243e+02 5.827784e+01
    endloop
  endfacet
  facet normal -1.000000e+00 5.353939e-14 -1.434584e-14
    outer loop
      vertex   2.080000e+02 1.044243e+02 5.827784e+01
      vertex   2.080000e+02 9.966769e+01 5.835652e+01
      vertex   2.080000e+02 1.044965e+02 5.854723e+01
    endloop
  endfacet
  facet normal -1.000000e+00 5.396669e-14 -2.516508e-14
    outer loop
      vertex   2.080000e+02 1.044965e+02 5.854723e+01
      vertex   2.080000e+02 9.966769e+01 5.835652e+01
      vertex   2.080000e+02 1.046144e+02 5.880000e+01
    endloop
  endfacet
  facet normal -1.000000e+00 4.435629e-14 8.203200e-14
    outer loop
      vertex   2.080000e+02 1.046144e+02 5.880000e+01
      vertex   2.080000e+02 9.966769e+01 5.835652e+01
      vertex   2.080000e+02 9.839345e+01 5.904553e+01
    endloop
  endfacet
  facet normal -1.000000e+00 4.001285e-14 -2.801730e-14
    outer loop
      vertex   2.080000e+02 1.046144e+02 5.880000e+01
      vertex   2.080000e+02 9.839345e+01 5.904553e+01
      vertex   2.080000e+02 1.047743e+02 5.902846e+01
    endloop
  endfacet
  facet normal -1.000000e+00 3.959640e-14 -1.837147e-13
    outer loop
      vertex   2.080000e+02 1.047743e+02 5.902846e+01
      vertex   2.080000e+02 9.839345e+01 5.904553e+01
      vertex   2.080000e+02 1.049715e+02 5.922567e+01
    endloop
  endfacet
  facet normal -1.000000e+00 3.597219e-14 -5.137361e-14
    outer loop
      vertex   2.080000e+02 1.049715e+02 5.922567e+01
      vertex   2.080000e+02 9.839345e+01 5.904553e+01
      vertex   2.080000e+02 1.052000e+02 5.938564e+01
    endloop
  endfacet
  facet normal -1.000000e+00 3.220364e-14 2.404479e-14
    outer loop
      vertex   2.080000e+02 1.052000e+02 5.938564e+01
      vertex   2.080000e+02 9.839345e+01 5.904553e+01
      vertex   2.080000e+02 9.707042e+01 5.963545e+01
    endloop
  endfacet
  facet normal -1.000000e+00 2.951951e-14 -6.330480e-14
    outer loop
      vertex   2.080000e+02 1.052000e+02 5.938564e+01
      vertex   2.080000e+02 9.707042e+01 5.963545e+01
      vertex   2.080000e+02 1.054528e+02 5.950351e+01
    endloop
  endfacet
  facet normal -1.000000e+00 2.882278e-14 -1.075681e-13
    outer loop
      vertex   2.080000e+02 1.054528e+02 5.950351e+01
      vertex   2.080000e+02 9.707042e+01 5.963545e+01
      vertex   2.080000e+02 1.057222e+02 5.957569e+01
    endloop
  endfacet
  facet normal -1.000000e+00 3.014857e-14 8.437708e-14
    outer loop
      vertex   2.080000e+02 1.057222e+02 5.957569e+01
      vertex   2.080000e+02 9.707042e+01 5.963545e+01
      vertex   2.080000e+02 9.570630e+01 6.012286e+01
    endloop
  endfacet
  facet normal -1.000000e+00 1.572184e-14 -1.797015e-13
    outer loop
      vertex   2.080000e+02 1.057222e+02 5.957569e+01
      vertex   2.080000e+02 9.570630e+01 6.012286e+01
      vertex   2.080000e+02 1.060000e+02 5.960000e+01
    endloop
  endfacet
  facet normal -1.000000e+00 3.051906e-14 1.116139e-13
    outer loop
      vertex   2.080000e+02 1.060000e+02 5.960000e+01
      vertex   2.080000e+02 9.570630e+01 6.012286e+01
      vertex   2.080000e+02 9.430900e+01 6.050493e+01
    endloop
  endfacet
  facet normal -1.000000e+00 3.653131e-14 1.892873e-13
    outer loop
      vertex   2.080000e+02 1.060000e+02 5.960000e+01
      vertex   2.080000e+02 9.430900e+01 6.050493e+01
      vertex   2.080000e+02 9.288666e+01 6.077944e+01
    endloop
  endfacet
  facet normal -1.000000e+00 1.259926e-14 -7.679686e-14
    outer loop
      vertex   2.080000e+02 1.060000e+02 5.960000e+01
      vertex   2.080000e+02 9.288666e+01 6.077944e+01
      vertex   2.080000e+02 1.725000e+02 7.717157e+01
    endloop
  endfacet
  facet normal -1.000000e+00 -1.150738e-15 -1.001586e-14
    outer loop
      vertex   2.080000e+02 1.725000e+02 7.717157e+01
      vertex   2.080000e+02 9.288666e+01 6.077944e+01
      vertex   2.080000e+02 9.144754e+01 6.094478e+01
    endloop
  endfacet
  facet normal -1.000000e+00 -5.051140e-16 -1.324073e-14
    outer loop
      vertex   2.080000e+02 1.725000e+02 7.717157e+01
      vertex   2.080000e+02 9.144754e+01 6.094478e+01
      vertex   2.080000e+02 9.000000e+01 6.100000e+01
    endloop
  endfacet
  facet normal -1.000000e+00 -0.000000e+00 -1.581759e-14
    outer loop
      vertex   2.080000e+02 1.725000e+02 7.717157e+01
      vertex   2.080000e+02 9.000000e+01 6.100000e+01
      vertex   2.080000e+02 7.500000e+00 7.717157e+01
    endloop
  endfacet
  facet normal -1.000000e+00 5.051140e-16 -1.324073e-14
    outer loop
      vertex   2.080000e+02 7.500000e+00 7.717157e+01
      vertex   2.080000e+02 9.000000e+01 6.100000e+01
      vertex   2.080000e+02 8.855246e+01 6.094478e+01
    endloop
  endfacet
  facet normal -1.000000e+00 1.150738e-15 -1.001586e-14
    outer loop
      vertex   2.080000e+02 7.500000e+00 7.717157e+01
      vertex   2.080000e+02 8.855246e+01 6.094478e+01
      vertex   2.080000e+02 8.711334e+01 6.077944e+01
    endloop
  endfacet
  facet normal -1.000000e+00 -1.259926e-14 -7.679686e-14
    outer loop
      vertex   2.080000e+02 7.500000e+00 7.717157e+01
      vertex   2.080000e+02 8.711334e+01 6.077944e+01
      vertex   2.080000e+02 7.400000e+01 5.960000e+01
    endloop
  endfacet
  facet normal -1.000000e+00 -3.653131e-14 1.892873e-13
    outer loop
      vertex   2.080000e+02 7.400000e+01 5.960000e+01
      vertex   2.080000e+02 8.711334e+01 6.077944e+01
      vertex   2.080000e+02 8.569100e+01 6.050493e+01
    endloop
  endfacet
  facet normal -1.000000e+00 -3.051906e-14 1.116139e-13
    outer loop
      vertex   2.080000e+02 7.400000e+01 5.960000e+01
      vertex   2.080000e+02 8.569100e+01 6.050493e+01
      vertex   2.080000e+02 8.429370e+01 6.012286e+01
    endloop
  endfacet
  facet normal -1.000000e+00 -1.572184e-14 -1.797015e-13
    outer loop
      vertex   2.080000e+02 7.400000e+01 5.960000e+01
      vertex   2.080000e+02 8.429370e+01 6.012286e+01
      vertex   2.080000e+02 7.427784e+01 5.957569e+01
    endloop
  endfacet
  facet normal -1.000000e+00 -3.014857e-14 8.437708e-14
    outer loop
      vertex   2.080000e+02 7.427784e+01 5.957569e+01
      vertex   2.080000e+02 8.429370e+01 6.012286e+01
      vertex   2.080000e+02 8.292958e+01 5.963545e+01
    endloop
  endfacet
  facet normal -1.000000e+00 -2.882278e-14 -1.075681e-13
    outer loop
      vertex   2.080000e+02 7.427784e+01 5.957569e+01
      vertex   2.080000e+02 8.292958e+01 5.963545e+01
      vertex   2.080000e+02 7.454723e+01 5.950351e+01
    endloop
  endfacet
  facet normal -1.000000e+00 -2.951951e-14 -6.330480e-14
    outer loop
      vertex   2.080000e+02 7.454723e+01 5.950351e+01
      vertex   2.080000e+02 8.292958e+01 5.963545e+01
      vertex   2.080000e+02 7.480000e+01 5.938564e+01
    endloop
  endfacet
  facet normal -1.000000e+00 -3.220364e-14 2.404479e-14
    outer loop
      vertex   2.080000e+02 7.480000e+01 5.938564e+01
      vertex   2.080000e+02 8.292958e+01 5.963545e+01
      vertex   2.080000e+02 8.160655e+01 5.904553e+01
    endloop
  endfacet
  facet normal -1.000000e+00 -3.597219e-14 -5.137361e-14
    outer loop
      vertex   2.080000e+02 7.480000e+01 5.938564e+01
      vertex   2.080000e+02 8.160655e+01 5.904553e+01
      vertex   2.080000e+02 7.502846e+01 5.922567e+01
    endloop
  endfacet
  facet normal -1.000000e+00 -3.959640e-14 -1.837147e-13
    outer loop
      vertex   2.080000e+02 7.502846e+01 5.922567e+01
      vertex   2.080000e+02 8.160655e+01 5.904553e+01
      vertex   2.080000e+02 7.522567e+01 5.902846e+01
    endloop
  endfacet
  facet normal -1.000000e+00 -4.001285e-14 -2.801730e-14
    outer loop
      vertex   2.080000e+02 7.522567e+01 5.902846e+01
      vertex   2.080000e+02 8.160655e+01 5.904553e+01
      vertex   2.080000e+02 7.538564e+01 5.880000e+01
    endloop
  endfacet
  facet normal -1.000000e+00 -4.435629e-14 8.203200e-14
    outer loop
      vertex   2.080000e+02 7.538564e+01 5.880000e+01
      vertex   2.080000e+02 8.160655e+01 5.904553e+01
      vertex   2.080000e+02 8.033231e+01 5.835652e+01
    endloop
  endfacet
  facet normal -1.000000e+00 -5.396669e-14 -2.516508e-14
    outer loop
      vertex   2.080000e+02 7.538564e+01 5.880000e+01
      vertex   2.080000e+02 8.033231e+01 5.835652e+01
      vertex   2.080000e+02 7.550351e+01 5.854723e+01
    endloop
  endfacet
  facet normal -1.000000e+00 -5.353939e-14 -1.434584e-14
    outer loop
      vertex   2.080000e+02 7.550351e+01 5.854723e+01
      vertex   2.080000e+02 8.033231e+01 5.835652e+01
      vertex   2.080000e+02 7.557569e+01 5.827784e+01
    endloop
  endfacet
  facet normal -1.000000e+00 -5.369899e-14 -4.698053e-15
    outer loop
      vertex   2.080000e+02 7.557569e+01 5.827784e+01
      vertex   2.080000e+02 8.033231e+01 5.835652e+01
      vertex   2.080000e+02 7.560000e+01 5.800000e+01
    endloop
  endfacet
  facet normal -1.000000e+00 -6.121750e-14 9.509909e-14
    outer loop
      vertex   2.080000e+02 7.560000e+01 5.800000e+01
      vertex   2.080000e+02 8.033231e+01 5.835652e+01
      vertex   2.080000e+02 7.911427e+01 5.757244e+01
    endloop
  endfacet
  facet normal -1.000000e+00 -7.202101e-14 6.301021e-15
    outer loop
      vertex   2.080000e+02 7.560000e+01 5.800000e+01
      vertex   2.080000e+02 7.911427e+01 5.757244e+01
      vertex   2.080000e+02 7.557569e+01 5.772216e+01
    endloop
  endfacet
  facet normal -1.000000e+00 -7.147725e-14 1.915227e-14
    outer loop
      vertex   2.080000e+02 7.557569e+01 5.772216e+01
      vertex   2.080000e+02 7.911427e+01 5.757244e+01
      vertex   2.080000e+02 7.550351e+01 5.745277e+01
    endloop
  endfacet
  facet normal -1.000000e+00 -7.195454e-14 3.355295e-14
    outer loop
      vertex   2.080000e+02 7.550351e+01 5.745277e+01
      vertex   2.080000e+02 7.911427e+01 5.757244e+01
      vertex   2.080000e+02 7.538564e+01 5.720000e+01
    endloop
  endfacet
  facet normal -1.000000e+00 -7.528606e-14 6.690600e-14
    outer loop
      vertex   2.080000e+02 7.538564e+01 5.720000e+01
      vertex   2.080000e+02 7.911427e+01 5.757244e+01
      vertex   2.080000e+02 7.795951e+01 5.669784e+01
    endloop
  endfacet
  facet normal -1.000000e+00 -7.772180e-14 5.442139e-14
    outer loop
      vertex   2.080000e+02 7.538564e+01 5.720000e+01
      vertex   2.080000e+02 7.795951e+01 5.669784e+01
      vertex   2.080000e+02 7.522567e+01 5.697154e+01
    endloop
  endfacet
  facet normal -1.000000e+00 -8.871682e-14 -5.540150e-14
    outer loop
      vertex   2.080000e+02 7.522567e+01 5.697154e+01
      vertex   2.080000e+02 7.795951e+01 5.669784e+01
      vertex   2.080000e+02 7.502846e+01 5.677433e+01
    endloop
  endfacet
  facet normal -1.000000e+00 -8.413538e-14 1.201578e-13
    outer loop
      vertex   2.080000e+02 7.502846e+01 5.677433e+01
      vertex   2.080000e+02 7.795951e+01 5.669784e+01
      vertex   2.080000e+02 7.480000e+01 5.661436e+01
    endloop
  endfacet
  facet normal -1.000000e+00 -8.582351e-14 1.840491e-13
    outer loop
      vertex   2.080000e+02 7.480000e+01 5.661436e+01
      vertex   2.080000e+02 7.795951e+01 5.669784e+01
      vertex   2.080000e+02 7.454723e+01 5.649649e+01
    endloop
  endfacet
  facet normal -1.000000e+00 -8.031849e-14 9.075455e-14
    outer loop
      vertex   2.080000e+02 7.454723e+01 5.649649e+01
      vertex   2.080000e+02 7.795951e+01 5.669784e+01
      vertex   2.080000e+02 7.687473e+01 5.573780e+01
    endloop
  endfacet
  facet normal -1.000000e+00 -4.958274e-14 1.850453e-13
    outer loop
      vertex   2.080000e+02 7.454723e+01 5.649649e+01
      vertex   2.080000e+02 7.687473e+01 5.573780e+01
      vertex   2.080000e+02 7.427784e+01 5.642431e+01
    endloop
  endfacet
  facet normal -1.000000e+00 -2.449286e-14 2.799547e-13
    outer loop
      vertex   2.080000e+02 7.427784e+01 5.642431e+01
      vertex   2.080000e+02 7.687473e+01 5.573780e+01
      vertex   2.080000e+02 7.400000e+01 5.640000e+01
    endloop
  endfacet
  facet normal -1.000000e+00 5.449163e-14 6.228422e-13
    outer loop
      vertex   2.080000e+02 7.400000e+01 5.640000e+01
      vertex   2.080000e+02 7.687473e+01 5.573780e+01
      vertex   2.080000e+02 7.372216e+01 5.642431e+01
    endloop
  endfacet
  facet normal -1.000000e+00 -6.699134e-14 6.496799e-14
    outer loop
      vertex   2.080000e+02 7.372216e+01 5.642431e+01
      vertex   2.080000e+02 7.687473e+01 5.573780e+01
      vertex   2.080000e+02 7.586625e+01 5.469791e+01
    endloop
  endfacet
  facet normal -1.000000e+00 5.950236e-14 2.220658e-13
    outer loop
      vertex   2.080000e+02 7.372216e+01 5.642431e+01
      vertex   2.080000e+02 7.586625e+01 5.469791e+01
      vertex   2.080000e+02 7.345277e+01 5.649649e+01
    endloop
  endfacet
  facet normal -1.000000e+00 -7.717066e-14 3.866704e-14
    outer loop
      vertex   2.080000e+02 7.345277e+01 5.649649e+01
      vertex   2.080000e+02 7.586625e+01 5.469791e+01
      vertex   2.080000e+02 7.493992e+01 5.358421e+01
    endloop
  endfacet
  facet normal -1.000000e+00 4.778511e-14 1.024755e-13
    outer loop
      vertex   2.080000e+02 7.345277e+01 5.649649e+01
      vertex   2.080000e+02 7.493992e+01 5.358421e+01
      vertex   2.080000e+02 7.320000e+01 5.661436e+01
    endloop
  endfacet
  facet normal -1.000000e+00 -5.842133e-14 4.149147e-14
    outer loop
      vertex   2.080000e+02 7.320000e+01 5.661436e+01
      vertex   2.080000e+02 7.493992e+01 5.358421e+01
      vertex   2.080000e+02 7.410113e+01 5.240317e+01
    endloop
  endfacet
  facet normal -1.000000e+00 4.446918e-14 6.350857e-14
    outer loop
      vertex   2.080000e+02 7.320000e+01 5.661436e+01
      vertex   2.080000e+02 7.410113e+01 5.240317e+01
      vertex   2.080000e+02 7.297154e+01 5.677433e+01
    endloop
  endfacet
  facet normal -1.000000e+00 -9.077748e-15 4.967098e-14
    outer loop
      vertex   2.080000e+02 7.297154e+01 5.677433e+01
      vertex   2.080000e+02 7.410113e+01 5.240317e+01
      vertex   2.080000e+02 0.000000e+00 4.286603e+01
    endloop
  endfacet
  facet normal -1.000000e+00 2.339856e-14 -1.207198e-13
    outer loop
      vertex   2.080000e+02 7.297154e+01 5.677433e+01
      vertex   2.080000e+02 0.000000e+00 4.286603e+01
      vertex   2.080000e+02 7.277433e+01 5.697154e+01
    endloop
  endfacet
  facet normal -1.000000e+00 -0.000000e+00 0.000000e+00
    outer loop
      vertex   2.080000e+02 7.277433e+01 5.697154e+01
      vertex   2.080000e+02 0.000000e+00 4.286603e+01
      vertex   2.080000e+02 7.261436e+01 5.720000e+01
    endloop
  endfacet
  facet normal -1.000000e+00 -0.000000e+00 0.000000e+00
    outer loop
      vertex   2.080000e+02 7.261436e+01 5.720000e+01
      vertex   2.080000e+02 0.000000e+00 4.286603e+01
      vertex   2.080000e+02 7.249649e+01 5.745277e+01
    endloop
  endfacet
  facet normal -1.000000e+00 -0.000000e+00 0.000000e+00
    outer loop
      vertex   2.080000e+02 7.249649e+01 5.745277e+01
      vertex   2.080000e+02 0.000000e+00 4.286603e+01
      vertex   2.080000e+02 7.242431e+01 5.772216e+01
    endloop
  endfacet
  facet normal -1.000000e+00 -0.000000e+00 0.000000e+00
    outer loop
      vertex   2.080000e+02 7.242431e+01 5.772216e+01
      vertex   2.080000e+02 0.000000e+00 4.286603e+01
      vertex   2.080000e+02 7.240000e+01 5.800000e+01
    endloop
  endfacet
  facet normal -1.000000e+00 -0.000000e+00 0.000000e+00
    outer loop
      vertex   2.080000e+02 7.240000e+01 5.800000e+01
      vertex   2.080000e+02 0.000000e+00 4.286603e+01
      vertex   2.080000e+02 7.242431e+01 5.827784e+01
    endloop
  endfacet
  facet normal -1.000000e+00 -0.000000e+00 0.000000e+00
    outer loop
      vertex   2.080000e+02 7.242431e+01 5.827784e+01
      vertex   2.080000e+02 0.000000e+00 4.286603e+01
      vertex   2.080000e+02 7.249649e+01 5.854723e+01
    endloop
  endfacet
  facet normal -1.000000e+00 3.404881e-15 -1.574126e-14
    outer loop
      vertex   2.080000e+02 7.249649e+01 5.854723e+01
      vertex   2.080000e+02 0.000000e+00 4.286603e+01
      vertex   2.080000e+02 0.000000e+00 7.717157e+01
    endloop
  endfacet
  facet normal -1.000000e+00 6.651943e-15 -3.101852e-15
    outer loop
      vertex   2.080000e+02 7.249649e+01 5.854723e+01
      vertex   2.080000e+02 0.000000e+00 7.717157e+01
      vertex   2.080000e+02 7.261436e+01 5.880000e+01
    endloop
  endfacet
  facet normal -1.000000e+00 6.317541e-15 -4.423590e-15
    outer loop
      vertex   2.080000e+02 7.261436e+01 5.880000e+01
      vertex   2.080000e+02 0.000000e+00 7.717157e+01
      vertex   2.080000e+02 7.277433e+01 5.902846e+01
    endloop
  endfacet
  facet normal -1.000000e+00 -2.282007e-14 -1.212983e-13
    outer loop
      vertex   2.080000e+02 7.277433e+01 5.902846e+01
      vertex   2.080000e+02 0.000000e+00 7.717157e+01
      vertex   2.080000e+02 7.297154e+01 5.922567e+01
    endloop
  endfacet
  facet normal -1.000000e+00 -1.136868e-14 -7.473467e-14
    outer loop
      vertex   2.080000e+02 7.297154e+01 5.922567e+01
      vertex   2.080000e+02 0.000000e+00 7.717157e+01
      vertex   2.080000e+02 2.500000e+00 7.717157e+01
    endloop
  endfacet
  facet normal -1.000000e+00 5.619221e-15 -8.025080e-15
    outer loop
      vertex   2.080000e+02 7.297154e+01 5.922567e+01
      vertex   2.080000e+02 2.500000e+00 7.717157e+01
      vertex   2.080000e+02 7.320000e+01 5.938564e+01
    endloop
  endfacet
  facet normal -1.000000e+00 5.684342e-15 -7.766223e-15
    outer loop
      vertex   2.080000e+02 7.320000e+01 5.938564e+01
      vertex   2.080000e+02 2.500000e+00 7.717157e+01
      vertex   2.080000e+02 7.500000e+00 7.717157e+01
    endloop
  endfacet
  facet normal -1.000000e+00 4.926624e-15 -1.056518e-14
    outer loop
      vertex   2.080000e+02 7.320000e+01 5.938564e+01
      vertex   2.080000e+02 7.500000e+00 7.717157e+01
      vertex   2.080000e+02 7.345277e+01 5.950351e+01
    endloop
  endfacet
  facet normal -1.000000e+00 3.878894e-15 -1.447623e-14
    outer loop
      vertex   2.080000e+02 7.345277e+01 5.950351e+01
      vertex   2.080000e+02 7.500000e+00 7.717157e+01
      vertex   2.080000e+02 7.372216e+01 5.957569e+01
    endloop
  endfacet
  facet normal -1.000000e+00 1.913605e-15 -2.187260e-14
    outer loop
      vertex   2.080000e+02 7.372216e+01 5.957569e+01
      vertex   2.080000e+02 7.500000e+00 7.717157e+01
      vertex   2.080000e+02 7.400000e+01 5.960000e+01
    endloop
  endfacet
  facet normal -1.000000e+00 3.476993e-15 -4.787606e-14
    outer loop
      vertex   2.080000e+02 7.410113e+01 5.240317e+01
      vertex   2.080000e+02 7.335476e+01 5.116167e+01
      vertex   2.080000e+02 0.000000e+00 4.286603e+01
    endloop
  endfacet
  facet normal -1.000000e+00 5.779714e-16 -2.224126e-14
    outer loop
      vertex   2.080000e+02 0.000000e+00 4.286603e+01
      vertex   2.080000e+02 7.335476e+01 5.116167e+01
      vertex   2.080000e+02 7.270515e+01 4.986690e+01
    endloop
  endfacet
  facet normal -1.000000e+00 -1.627877e-15 6.668000e-16
    outer loop
      vertex   2.080000e+02 0.000000e+00 4.286603e+01
      vertex   2.080000e+02 7.270515e+01 4.986690e+01
      vertex   2.080000e+02 7.215607e+01 4.852641e+01
    endloop
  endfacet
  facet normal -1.000000e+00 4.300216e-17 -2.063282e-14
    outer loop
      vertex   2.080000e+02 7.215607e+01 4.852641e+01
      vertex   2.080000e+02 7.171071e+01 4.714798e+01
      vertex   2.080000e+02 0.000000e+00 4.286603e+01
    endloop
  endfacet
  facet normal -1.000000e+00 -1.206357e-15 2.904203e-16
    outer loop
      vertex   2.080000e+02 0.000000e+00 4.286603e+01
      vertex   2.080000e+02 7.171071e+01 4.714798e+01
      vertex   2.080000e+02 7.137166e+01 4.573963e+01
    endloop
  endfacet
  facet normal -1.000000e+00 4.083508e-16 -3.981404e-14
    outer loop
      vertex   2.080000e+02 0.000000e+00 4.286603e+01
      vertex   2.080000e+02 7.137166e+01 4.573963e+01
      vertex   2.080000e+02 7.114089e+01 4.430954e+01
    endloop
  endfacet
  facet normal -1.000000e+00 0.000000e+00 -1.968924e-14
    outer loop
      vertex   2.080000e+02 7.114089e+01 4.430954e+01
      vertex   2.080000e+02 7.101975e+01 4.286603e+01
      vertex   2.080000e+02 0.000000e+00 4.286603e+01
    endloop
  endfacet
  facet normal -1.000000e+00 -5.684342e-15 -7.766223e-15
    outer loop
      vertex   2.080000e+02 1.775000e+02 7.717157e+01
      vertex   2.080000e+02 1.068000e+02 5.938564e+01
      vertex   2.080000e+02 1.725000e+02 7.717157e+01
    endloop
  endfacet
  facet normal -1.000000e+00 -4.926624e-15 -1.056518e-14
    outer loop
      vertex   2.080000e+02 1.725000e+02 7.717157e+01
      vertex   2.080000e+02 1.068000e+02 5.938564e+01
      vertex   2.080000e+02 1.065472e+02 5.950351e+01
    endloop
  endfacet
  facet normal -1.000000e+00 -3.878894e-15 -1.447623e-14
    outer loop
      vertex   2.080000e+02 1.725000e+02 7.717157e+01
      vertex   2.080000e+02 1.065472e+02 5.950351e+01
      vertex   2.080000e+02 1.062778e+02 5.957569e+01
    endloop
  endfacet
  facet normal -1.000000e+00 -5.619221e-15 -8.025080e-15
    outer loop
      vertex   2.080000e+02 1.068000e+02 5.938564e+01
      vertex   2.080000e+02 1.775000e+02 7.717157e+01
      vertex   2.080000e+02 1.070285e+02 5.922567e+01
    endloop
  endfacet
  facet normal -1.000000e+00 1.136868e-14 -7.473467e-14
    outer loop
      vertex   2.080000e+02 1.070285e+02 5.922567e+01
      vertex   2.080000e+02 1.775000e+02 7.717157e+01
      vertex   2.080000e+02 1.800000e+02 7.717157e+01
    endloop
  endfacet
  facet normal -1.000000e+00 2.282007e-14 -1.212983e-13
    outer loop
      vertex   2.080000e+02 1.070285e+02 5.922567e+01
      vertex   2.080000e+02 1.800000e+02 7.717157e+01
      vertex   2.080000e+02 1.072257e+02 5.902846e+01
    endloop
  endfacet
  facet normal -1.000000e+00 -6.317541e-15 -4.423590e-15
    outer loop
      vertex   2.080000e+02 1.072257e+02 5.902846e+01
      vertex   2.080000e+02 1.800000e+02 7.717157e+01
      vertex   2.080000e+02 1.073856e+02 5.880000e+01
    endloop
  endfacet
  facet normal -1.000000e+00 -6.651943e-15 -3.101852e-15
    outer loop
      vertex   2.080000e+02 1.073856e+02 5.880000e+01
      vertex   2.080000e+02 1.800000e+02 7.717157e+01
      vertex   2.080000e+02 1.075035e+02 5.854723e+01
    endloop
  endfacet
  facet normal -1.000000e+00 -3.404881e-15 -1.574126e-14
    outer loop
      vertex   2.080000e+02 1.075035e+02 5.854723e+01
      vertex   2.080000e+02 1.800000e+02 7.717157e+01
      vertex   2.080000e+02 1.800000e+02 4.286603e+01
    endloop
  endfacet
  facet normal -1.000000e+00 0.000000e+00 0.000000e+00
    outer loop
      vertex   2.080000e+02 1.075035e+02 5.854723e+01
      vertex   2.080000e+02 1.800000e+02 4.286603e+01
      vertex   2.080000e+02 1.075757e+02 5.827784e+01
    endloop
  endfacet
  facet normal -1.000000e+00 0.000000e+00 0.000000e+00
    outer loop
      vertex   2.080000e+02 1.075757e+02 5.827784e+01
      vertex   2.080000e+02 1.800000e+02 4.286603e+01
      vertex   2.080000e+02 1.076000e+02 5.800000e+01
    endloop
  endfacet
  facet normal -1.000000e+00 0.000000e+00 -0.000000e+00
    outer loop
      vertex   2.080000e+02 1.076000e+02 5.800000e+01
      vertex   2.080000e+02 1.800000e+02 4.286603e+01
      vertex   2.080000e+02 1.075757e+02 5.772216e+01
    endloop
  endfacet
  facet normal -1.000000e+00 0.000000e+00 -0.000000e+00
    outer loop
      vertex   2.080000e+02 1.075757e+02 5.772216e+01
      vertex   2.080000e+02 1.800000e+02 4.286603e+01
      vertex   2.080000e+02 1.075035e+02 5.745277e+01
    endloop
  endfacet
  facet normal -1.000000e+00 0.000000e+00 -0.000000e+00
    outer loop
      vertex   2.080000e+02 1.075035e+02 5.745277e+01
      vertex   2.080000e+02 1.800000e+02 4.286603e+01
      vertex   2.080000e+02 1.073856e+02 5.720000e+01
    endloop
  endfacet
  facet normal -1.000000e+00 0.000000e+00 -0.000000e+00
    outer loop
      vertex   2.080000e+02 1.073856e+02 5.720000e+01
      vertex   2.080000e+02 1.800000e+02 4.286603e+01
      vertex   2.080000e+02 1.072257e+02 5.697154e+01
    endloop
  endfacet
  facet normal -1.000000e+00 -1.913605e-15 -2.187260e-14
    outer loop
      vertex   2.080000e+02 1.062778e+02 5.957569e+01
      vertex   2.080000e+02 1.060000e+02 5.960000e+01
      vertex   2.080000e+02 1.725000e+02 7.717157e+01
    endloop
  endfacet
  facet normal -8.660254e-01 -0.000000e+00 -5.000000e-01
    outer loop
      vertex   2.080000e+02 7.101975e+01 4.286603e+01
      vertex   2.085000e+02 7.100000e+01 4.200000e+01
      vertex   2.080000e+02 0.000000e+00 4.286603e+01
    endloop
  endfacet
  facet normal -8.660254e-01 0.000000e+00 -5.000000e-01
    outer loop
      vertex   2.080000e+02 0.000000e+00 4.286603e+01
      vertex   2.085000e+02 7.100000e+01 4.200000e+01
      vertex   2.085000e+02 0.000000e+00 4.200000e+01
    endloop
  endfacet
  facet normal 0.000000e+00 0.000000e+00 -1.000000e+00
    outer loop
      vertex   2.085000e+02 7.100000e+01 4.200000e+01
      vertex   2.090000e+02 7.100000e+01 4.200000e+01
      vertex   2.085000e+02 0.000000e+00 4.200000e+01
    endloop
  endfacet
  facet normal 0.000000e+00 0.000000e+00 -1.000000e+00
    outer loop
      vertex   2.085000e+02 0.000000e+00 4.200000e+01
      vertex   2.090000e+02 7.100000e+01 4.200000e+01
      vertex   2.090000e+02 0.000000e+00 4.200000e+01
    endloop
  endfacet
  facet normal 1.000000e+00 0.000000e+00 1.926874e-12
    outer loop
      vertex   2.090000e+02 7.100000e+01 4.200000e+01
      vertex   2.090000e+02 7.104747e+01 4.334227e+01
      vertex   2.090000e+02 0.000000e+00 4.200000e+01
    endloop
  endfacet
  facet normal 1.000000e+00 2.727521e-14 4.831691e-13
    outer loop
      vertex   2.090000e+02 0.000000e+00 4.200000e+01
      vertex   2.090000e+02 7.104747e+01 4.334227e+01
      vertex   2.090000e+02 0.000000e+00 4.600000e+01
    endloop
  endfacet
  facet normal 1.000000e+00 2.740134e-14 4.865408e-13
    outer loop
      vertex   2.090000e+02 0.000000e+00 4.600000e+01
      vertex   2.090000e+02 7.104747e+01 4.334227e+01
      vertex   2.090000e+02 7.118965e+01 4.467782e+01
    endloop
  endfacet
  facet normal 1.000000e+00 0.000000e+00 -9.888229e-13
    outer loop
      vertex   2.090000e+02 0.000000e+00 4.600000e+01
      vertex   2.090000e+02 7.118965e+01 4.467782e+01
      vertex   2.090000e+02 7.142582e+01 4.600000e+01
    endloop
  endfacet
  facet normal 0.000000e+00 0.000000e+00 -1.000000e+00
    outer loop
      vertex   2.090000e+02 7.142582e+01 4.600000e+01
      vertex   2.100000e+02 7.142582e+01 4.600000e+01
      vertex   2.090000e+02 0.000000e+00 4.600000e+01
    endloop
  endfacet
  facet normal 0.000000e+00 0.000000e+00 -1.000000e+00
    outer loop
      vertex   2.090000e+02 0.000000e+00 4.600000e+01
      vertex   2.100000e+02 7.142582e+01 4.600000e+01
      vertex   2.100000e+02 0.000000e+00 4.600000e+01
    endloop
  endfacet
endsolid
